-5.000000 0.000000 -1.570796 0.000000 -0.500000 0.000000 0.000000 0.000000 0.000000 0.000000
-4.999938 -0.025000 -1.565796 0.002500 -0.499994 0.000000 0.000000 0.000000 0.000000 0.000000
-4.999750 -0.049999 -1.560796 0.005000 -0.499975 0.000000 0.000000 0.000000 0.000000 0.000000
-4.999438 -0.074997 -1.555796 0.007500 -0.499944 0.000000 0.000000 0.000000 0.000000 0.000000
-4.999000 -0.099993 -1.550796 0.009999 -0.499900 0.000000 0.000000 0.000000 0.000000 0.000000
-4.998438 -0.124987 -1.545796 0.012499 -0.499844 0.000000 0.000000 0.000000 0.000000 0.000000
-4.997750 -0.149978 -1.540796 0.014998 -0.499775 0.000000 0.000000 0.000000 0.000000 0.000000
-4.996938 -0.174964 -1.535796 0.017496 -0.499694 0.000000 0.000000 0.000000 0.000000 0.000000
-4.996001 -0.199947 -1.530796 0.019995 -0.499600 0.000000 0.000000 0.000000 0.000000 0.000000
-4.994938 -0.224924 -1.525796 0.022492 -0.499494 0.000000 0.000000 0.000000 0.000000 0.000000
-4.993751 -0.249896 -1.520796 0.024990 -0.499375 0.000000 0.000000 0.000000 0.000000 0.000000
-4.992439 -0.274861 -1.515796 0.027486 -0.499244 0.000000 0.000000 0.000000 0.000000 0.000000
-4.991003 -0.299820 -1.510796 0.029982 -0.499100 0.000000 0.000000 0.000000 0.000000 0.000000
-4.989441 -0.324771 -1.505796 0.032477 -0.498944 0.000000 0.000000 0.000000 0.000000 0.000000
-4.987755 -0.349714 -1.500796 0.034971 -0.498776 0.000000 0.000000 0.000000 0.000000 0.000000
-4.985944 -0.374649 -1.495796 0.037465 -0.498594 0.000000 0.000000 0.000000 0.000000 0.000000
-4.984009 -0.399573 -1.490796 0.039957 -0.498401 0.000000 0.000000 0.000000 0.000000 0.000000
-4.981948 -0.424488 -1.485796 0.042449 -0.498195 0.000000 0.000000 0.000000 0.000000 0.000000
-4.979764 -0.449393 -1.480796 0.044939 -0.497976 0.000000 0.000000 0.000000 0.000000 0.000000
-4.977454 -0.474286 -1.475796 0.047429 -0.497745 0.000000 0.000000 0.000000 0.000000 0.000000
-4.975021 -0.499167 -1.470796 0.049917 -0.497502 0.000000 0.000000 0.000000 0.000000 0.000000
-4.972463 -0.524036 -1.465796 0.052404 -0.497246 0.000000 0.000000 0.000000 0.000000 0.000000
-4.969780 -0.548892 -1.460796 0.054889 -0.496978 0.000000 0.000000 0.000000 0.000000 0.000000
-4.966974 -0.573733 -1.455796 0.057373 -0.496697 0.000000 0.000000 0.000000 0.000000 0.000000
-4.964043 -0.598561 -1.450796 0.059856 -0.496404 0.000000 0.000000 0.000000 0.000000 0.000000
-4.960988 -0.623374 -1.445796 0.062337 -0.496099 0.000000 0.000000 0.000000 0.000000 0.000000
-4.957809 -0.648171 -1.440796 0.064817 -0.495781 0.000000 0.000000 0.000000 0.000000 0.000000
-4.954507 -0.672952 -1.435796 0.067295 -0.495451 0.000000 0.000000 0.000000 0.000000 0.000000
-4.951080 -0.697716 -1.430796 0.069772 -0.495108 0.000000 0.000000 0.000000 0.000000 0.000000
-4.947530 -0.722462 -1.425796 0.072246 -0.494753 0.000000 0.000000 0.000000 0.000000 0.000000
-4.943855 -0.747191 -1.420796 0.074719 -0.494386 0.000000 0.000000 0.000000 0.000000 0.000000
-4.940058 -0.771900 -1.415796 0.077190 -0.494006 0.000000 0.000000 0.000000 0.000000 0.000000
-4.936136 -0.796591 -1.410796 0.079659 -0.493614 0.000000 0.000000 0.000000 0.000000 0.000000
-4.932092 -0.821262 -1.405796 0.082126 -0.493209 0.000000 0.000000 0.000000 0.000000 0.000000
-4.927924 -0.845912 -1.400796 0.084591 -0.492792 0.000000 0.000000 0.000000 0.000000 0.000000
-4.923633 -0.870541 -1.395796 0.087054 -0.492363 0.000000 0.000000 0.000000 0.000000 0.000000
-4.919218 -0.895148 -1.390796 0.089515 -0.491922 0.000000 0.000000 0.000000 0.000000 0.000000
-4.914681 -0.919733 -1.385796 0.091973 -0.491468 0.000000 0.000000 0.000000 0.000000 0.000000
-4.910021 -0.944294 -1.380796 0.094429 -0.491002 0.000000 0.000000 0.000000 0.000000 0.000000
-4.905238 -0.968833 -1.375796 0.096883 -0.490524 0.000000 0.000000 0.000000 0.000000 0.000000
-4.900333 -0.993347 -1.370796 0.099335 -0.490033 0.000000 0.000000 0.000000 0.000000 0.000000
-4.895305 -1.017836 -1.365796 0.101784 -0.489530 0.000000 0.000000 0.000000 0.000000 0.000000
-4.890155 -1.042299 -1.360796 0.104230 -0.489015 0.000000 0.000000 0.000000 0.000000 0.000000
-4.884882 -1.066737 -1.355796 0.106674 -0.488488 0.000000 0.000000 0.000000 0.000000 0.000000
-4.879487 -1.091148 -1.350796 0.109115 -0.487949 0.000000 0.000000 0.000000 0.000000 0.000000
-4.873971 -1.115532 -1.345796 0.111553 -0.487397 0.000000 0.000000 0.000000 0.000000 0.000000
-4.868332 -1.139888 -1.340796 0.113989 -0.486833 0.000000 0.000000 0.000000 0.000000 0.000000
-4.862572 -1.164215 -1.335796 0.116421 -0.486257 0.000000 0.000000 0.000000 0.000000 0.000000
-4.856690 -1.188513 -1.330796 0.118851 -0.485669 0.000000 0.000000 0.000000 0.000000 0.000000
-4.850687 -1.212782 -1.325796 0.121278 -0.485069 0.000000 0.000000 0.000000 0.000000 0.000000
-4.844562 -1.237020 -1.320796 0.123702 -0.484456 0.000000 0.000000 0.000000 0.000000 0.000000
-4.838316 -1.261227 -1.315796 0.126123 -0.483832 0.000000 0.000000 0.000000 0.000000 0.000000
-4.831950 -1.285403 -1.310796 0.128540 -0.483195 0.000000 0.000000 0.000000 0.000000 0.000000
-4.825463 -1.309546 -1.305796 0.130955 -0.482546 0.000000 0.000000 0.000000 0.000000 0.000000
-4.818854 -1.333657 -1.300796 0.133366 -0.481885 0.000000 0.000000 0.000000 0.000000 0.000000
-4.812126 -1.357735 -1.295796 0.135773 -0.481213 0.000000 0.000000 0.000000 0.000000 0.000000
-4.805277 -1.381778 -1.290796 0.138178 -0.480528 0.000000 0.000000 0.000000 0.000000 0.000000
-4.798308 -1.405787 -1.285796 0.140579 -0.479831 0.000000 0.000000 0.000000 0.000000 0.000000
-4.791219 -1.429761 -1.280796 0.142976 -0.479122 0.000000 0.000000 0.000000 0.000000 0.000000
-4.784011 -1.453699 -1.275796 0.145370 -0.478401 0.000000 0.000000 0.000000 0.000000 0.000000
-4.776682 -1.477601 -1.270796 0.147760 -0.477668 0.000000 0.000000 0.000000 0.000000 0.000000
-4.769235 -1.501466 -1.265796 0.150147 -0.476923 0.000000 0.000000 0.000000 0.000000 0.000000
-4.761668 -1.525293 -1.260796 0.152529 -0.476167 0.000000 0.000000 0.000000 0.000000 0.000000
-4.753982 -1.549082 -1.255796 0.154908 -0.475398 0.000000 0.000000 0.000000 0.000000 0.000000
-4.746177 -1.572833 -1.250796 0.157283 -0.474618 0.000000 0.000000 0.000000 0.000000 0.000000
-4.738254 -1.596544 -1.245796 0.159654 -0.473825 0.000000 0.000000 0.000000 0.000000 0.000000
-4.730212 -1.620215 -1.240796 0.162022 -0.473021 0.000000 0.000000 0.000000 0.000000 0.000000
-4.722052 -1.643846 -1.235796 0.164385 -0.472205 0.000000 0.000000 0.000000 0.000000 0.000000
-4.713773 -1.667435 -1.230796 0.166744 -0.471377 0.000000 0.000000 0.000000 0.000000 0.000000
-4.705377 -1.690983 -1.225796 0.169098 -0.470538 0.000000 0.000000 0.000000 0.000000 0.000000
-4.696864 -1.714489 -1.220796 0.171449 -0.469686 0.000000 0.000000 0.000000 0.000000 0.000000
-4.688232 -1.737952 -1.215796 0.173795 -0.468823 0.000000 0.000000 0.000000 0.000000 0.000000
-4.679484 -1.761371 -1.210796 0.176137 -0.467948 0.000000 0.000000 0.000000 0.000000 0.000000
-4.670619 -1.784746 -1.205796 0.178475 -0.467062 0.000000 0.000000 0.000000 0.000000 0.000000
-4.661637 -1.808077 -1.200796 0.180808 -0.466164 0.000000 0.000000 0.000000 0.000000 0.000000
-4.652538 -1.831363 -1.195796 0.183136 -0.465254 0.000000 0.000000 0.000000 0.000000 0.000000
-4.643323 -1.854602 -1.190796 0.185460 -0.464332 0.000000 0.000000 0.000000 0.000000 0.000000
-4.633992 -1.877796 -1.185796 0.187780 -0.463399 0.000000 0.000000 0.000000 0.000000 0.000000
-4.624545 -1.900942 -1.180796 0.190094 -0.462455 0.000000 0.000000 0.000000 0.000000 0.000000
-4.614983 -1.924041 -1.175796 0.192404 -0.461498 0.000000 0.000000 0.000000 0.000000 0.000000
-4.605305 -1.947092 -1.170796 0.194709 -0.460530 0.000000 0.000000 0.000000 0.000000 0.000000
-4.595512 -1.970094 -1.165796 0.197009 -0.459551 0.000000 0.000000 0.000000 0.000000 0.000000
-4.585604 -1.993047 -1.160796 0.199305 -0.458560 0.000000 0.000000 0.000000 0.000000 0.000000
-4.575582 -2.015950 -1.155796 0.201595 -0.457558 0.000000 0.000000 0.000000 0.000000 0.000000
-4.565445 -2.038802 -1.150796 0.203880 -0.456544 0.000000 0.000000 0.000000 0.000000 0.000000
-4.555194 -2.061604 -1.145796 0.206160 -0.455519 0.000000 0.000000 0.000000 0.000000 0.000000
-4.544829 -2.084354 -1.140796 0.208435 -0.454483 0.000000 0.000000 0.000000 0.000000 0.000000
-4.534350 -2.107052 -1.135796 0.210705 -0.453435 0.000000 0.000000 0.000000 0.000000 0.000000
-4.523758 -2.129697 -1.130796 0.212970 -0.452376 0.000000 0.000000 0.000000 0.000000 0.000000
-4.513053 -2.152289 -1.125796 0.215229 -0.451305 0.000000 0.000000 0.000000 0.000000 0.000000
-4.502236 -2.174828 -1.120796 0.217483 -0.450224 0.000000 0.000000 0.000000 0.000000 0.000000
-4.491305 -2.197312 -1.115796 0.219731 -0.449131 0.000000 0.000000 0.000000 0.000000 0.000000
-4.480262 -2.219741 -1.110796 0.221974 -0.448026 0.000000 0.000000 0.000000 0.000000 0.000000
-4.469108 -2.242114 -1.105796 0.224211 -0.446911 0.000000 0.000000 0.000000 0.000000 0.000000
-4.457841 -2.264431 -1.100796 0.226443 -0.445784 0.000000 0.000000 0.000000 0.000000 0.000000
-4.446464 -2.286692 -1.095796 0.228669 -0.444646 0.000000 0.000000 0.000000 0.000000 0.000000
-4.434975 -2.308896 -1.090796 0.230890 -0.443497 0.000000 0.000000 0.000000 0.000000 0.000000
-4.423375 -2.331042 -1.085796 0.233104 -0.442337 0.000000 0.000000 0.000000 0.000000 0.000000
-4.411664 -2.353129 -1.080796 0.235313 -0.441166 0.000000 0.000000 0.000000 0.000000 0.000000
-4.399844 -2.375158 -1.075796 0.237516 -0.439984 0.000000 0.000000 0.000000 0.000000 0.000000
-4.387913 -2.397128 -1.070796 0.239713 -0.438791 0.000000 0.000000 0.000000 0.000000 0.000000
-4.375872 -2.419037 -1.065796 0.241904 -0.437587 0.000000 0.000000 0.000000 0.000000 0.000000
-4.363723 -2.440886 -1.060796 0.244089 -0.436372 0.000000 0.000000 0.000000 0.000000 0.000000
-4.351464 -2.462674 -1.055796 0.246267 -0.435146 0.000000 0.000000 0.000000 0.000000 0.000000
-4.339096 -2.484401 -1.050796 0.248440 -0.433910 0.000000 0.000000 0.000000 0.000000 0.000000
-4.326620 -2.506065 -1.045796 0.250607 -0.432662 0.000000 0.000000 0.000000 0.000000 0.000000
-4.314035 -2.527667 -1.040796 0.252767 -0.431404 0.000000 0.000000 0.000000 0.000000 0.000000
-4.301343 -2.549205 -1.035796 0.254921 -0.430134 0.000000 0.000000 0.000000 0.000000 0.000000
-4.288543 -2.570680 -1.030796 0.257068 -0.428854 0.000000 0.000000 0.000000 0.000000 0.000000
-4.275636 -2.592090 -1.025796 0.259209 -0.427564 0.000000 0.000000 0.000000 0.000000 0.000000
-4.262623 -2.613436 -1.020796 0.261344 -0.426262 0.000000 0.000000 0.000000 0.000000 0.000000
-4.249502 -2.634717 -1.015796 0.263472 -0.424950 0.000000 0.000000 0.000000 0.000000 0.000000
-4.236276 -2.655931 -1.010796 0.265593 -0.423628 0.000000 0.000000 0.000000 0.000000 0.000000
-4.222943 -2.677079 -1.005796 0.267708 -0.422294 0.000000 0.000000 0.000000 0.000000 0.000000
-4.209505 -2.698160 -1.000796 0.269816 -0.420950 0.000000 0.000000 0.000000 0.000000 0.000000
-4.195962 -2.719174 -0.995796 0.271917 -0.419596 0.000000 0.000000 0.000000 0.000000 0.000000
-4.182313 -2.740120 -0.990796 0.274012 -0.418231 0.000000 0.000000 0.000000 0.000000 0.000000
-4.168560 -2.760997 -0.985796 0.276100 -0.416856 0.000000 0.000000 0.000000 0.000000 0.000000
-4.154703 -2.781805 -0.980796 0.278181 -0.415470 0.000000 0.000000 0.000000 0.000000 0.000000
-4.140742 -2.802544 -0.975796 0.280254 -0.414074 0.000000 0.000000 0.000000 0.000000 0.000000
-4.126678 -2.823212 -0.970796 0.282321 -0.412668 0.000000 0.000000 0.000000 0.000000 0.000000
-4.112510 -2.843810 -0.965796 0.284381 -0.411251 0.000000 0.000000 0.000000 0.000000 0.000000
-4.098240 -2.864337 -0.960796 0.286434 -0.409824 0.000000 0.000000 0.000000 0.000000 0.000000
-4.083867 -2.884793 -0.955796 0.288479 -0.408387 0.000000 0.000000 0.000000 0.000000 0.000000
-4.069392 -2.905176 -0.950796 0.290518 -0.406939 0.000000 0.000000 0.000000 0.000000 0.000000
-4.054816 -2.925486 -0.945796 0.292549 -0.405482 0.000000 0.000000 0.000000 0.000000 0.000000
-4.040138 -2.945724 -0.940796 0.294572 -0.404014 0.000000 0.000000 0.000000 0.000000 0.000000
-4.025358 -2.965888 -0.935796 0.296589 -0.402536 0.000000 0.000000 0.000000 0.000000 0.000000
-4.010479 -2.985977 -0.930796 0.298598 -0.401048 0.000000 0.000000 0.000000 0.000000 0.000000
-3.995499 -3.005992 -0.925796 0.300599 -0.399550 0.000000 0.000000 0.000000 0.000000 0.000000
-3.980419 -3.025932 -0.920796 0.302593 -0.398042 0.000000 0.000000 0.000000 0.000000 0.000000
-3.965240 -3.045796 -0.915796 0.304580 -0.396524 0.000000 0.000000 0.000000 0.000000 0.000000
-3.949961 -3.065584 -0.910796 0.306558 -0.394996 0.000000 0.000000 0.000000 0.000000 0.000000
-3.934584 -3.085296 -0.905796 0.308530 -0.393458 0.000000 0.000000 0.000000 0.000000 0.000000
-3.919108 -3.104930 -0.900796 0.310493 -0.391911 0.000000 0.000000 0.000000 0.000000 0.000000
-3.903535 -3.124487 -0.895796 0.312449 -0.390353 0.000000 0.000000 0.000000 0.000000 0.000000
-3.887864 -3.143965 -0.890796 0.314397 -0.388786 0.000000 0.000000 0.000000 0.000000 0.000000
-3.872095 -3.163365 -0.885796 0.316337 -0.387210 0.000000 0.000000 0.000000 0.000000 0.000000
-3.856230 -3.182686 -0.880796 0.318269 -0.385623 0.000000 0.000000 0.000000 0.000000 0.000000
-3.840269 -3.201927 -0.875796 0.320193 -0.384027 0.000000 0.000000 0.000000 0.000000 0.000000
-3.824211 -3.221088 -0.870796 0.322109 -0.382421 0.000000 0.000000 0.000000 0.000000 0.000000
-3.808058 -3.240169 -0.865796 0.324017 -0.380806 0.000000 0.000000 0.000000 0.000000 0.000000
-3.791809 -3.259169 -0.860796 0.325917 -0.379181 0.000000 0.000000 0.000000 0.000000 0.000000
-3.775466 -3.278087 -0.855796 0.327809 -0.377547 0.000000 0.000000 0.000000 0.000000 0.000000
-3.759029 -3.296923 -0.850796 0.329692 -0.375903 0.000000 0.000000 0.000000 0.000000 0.000000
-3.742497 -3.315677 -0.845796 0.331568 -0.374250 0.000000 0.000000 0.000000 0.000000 0.000000
-3.725872 -3.334348 -0.840796 0.333435 -0.372587 0.000000 0.000000 0.000000 0.000000 0.000000
-3.709154 -3.352936 -0.835796 0.335294 -0.370915 0.000000 0.000000 0.000000 0.000000 0.000000
-3.692343 -3.371440 -0.830796 0.337144 -0.369234 0.000000 0.000000 0.000000 0.000000 0.000000
-3.675440 -3.389859 -0.825796 0.338986 -0.367544 0.000000 0.000000 0.000000 0.000000 0.000000
-3.658444 -3.408194 -0.820796 0.340819 -0.365844 0.000000 0.000000 0.000000 0.000000 0.000000
-3.641358 -3.426443 -0.815796 0.342644 -0.364136 0.000000 0.000000 0.000000 0.000000 0.000000
-3.624180 -3.444607 -0.810796 0.344461 -0.362418 0.000000 0.000000 0.000000 0.000000 0.000000
-3.606912 -3.462685 -0.805796 0.346268 -0.360691 0.000000 0.000000 0.000000 0.000000 0.000000
-3.589553 -3.480676 -0.800796 0.348068 -0.358955 0.000000 0.000000 0.000000 0.000000 0.000000
-3.572105 -3.498580 -0.795796 0.349858 -0.357211 0.000000 0.000000 0.000000 0.000000 0.000000
-3.554568 -3.516397 -0.790796 0.351640 -0.355457 0.000000 0.000000 0.000000 0.000000 0.000000
-3.536941 -3.534126 -0.785796 0.353413 -0.353694 0.000000 0.000000 0.000000 0.000000 0.000000
-3.519227 -3.551766 -0.780796 0.355177 -0.351923 0.000000 0.000000 0.000000 0.000000 0.000000
-3.501424 -3.569318 -0.775796 0.356932 -0.350142 0.000000 0.000000 0.000000 0.000000 0.000000
-3.483534 -3.586780 -0.770796 0.358678 -0.348353 0.000000 0.000000 0.000000 0.000000 0.000000
-3.465556 -3.604153 -0.765796 0.360415 -0.346556 0.000000 0.000000 0.000000 0.000000 0.000000
-3.447492 -3.621436 -0.760796 0.362144 -0.344749 0.000000 0.000000 0.000000 0.000000 0.000000
-3.429342 -3.638628 -0.755796 0.363863 -0.342934 0.000000 0.000000 0.000000 0.000000 0.000000
-3.411106 -3.655729 -0.750796 0.365573 -0.341111 0.000000 0.000000 0.000000 0.000000 0.000000
-3.392785 -3.672739 -0.745796 0.367274 -0.339278 0.000000 0.000000 0.000000 0.000000 0.000000
-3.374379 -3.689657 -0.740796 0.368966 -0.337438 0.000000 0.000000 0.000000 0.000000 0.000000
-3.355888 -3.706483 -0.735796 0.370648 -0.335589 0.000000 0.000000 0.000000 0.000000 0.000000
-3.337314 -3.723216 -0.730796 0.372322 -0.333731 0.000000 0.000000 0.000000 0.000000 0.000000
-3.318656 -3.739856 -0.725796 0.373986 -0.331866 0.000000 0.000000 0.000000 0.000000 0.000000
-3.299916 -3.756402 -0.720796 0.375640 -0.329992 0.000000 0.000000 0.000000 0.000000 0.000000
-3.281093 -3.772855 -0.715796 0.377285 -0.328109 0.000000 0.000000 0.000000 0.000000 0.000000
-3.262187 -3.789213 -0.710796 0.378921 -0.326219 0.000000 0.000000 0.000000 0.000000 0.000000
-3.243201 -3.805476 -0.705796 0.380548 -0.324320 0.000000 0.000000 0.000000 0.000000 0.000000
-3.224133 -3.821645 -0.700796 0.382164 -0.322413 0.000000 0.000000 0.000000 0.000000 0.000000
-3.204984 -3.837718 -0.695796 0.383772 -0.320498 0.000000 0.000000 0.000000 0.000000 0.000000
-3.185756 -3.853694 -0.690796 0.385369 -0.318576 0.000000 0.000000 0.000000 0.000000 0.000000
-3.166448 -3.869575 -0.685796 0.386957 -0.316645 0.000000 0.000000 0.000000 0.000000 0.000000
-3.147060 -3.885359 -0.680796 0.388536 -0.314706 0.000000 0.000000 0.000000 0.000000 0.000000
-3.127594 -3.901045 -0.675796 0.390105 -0.312759 0.000000 0.000000 0.000000 0.000000 0.000000
-3.108050 -3.916635 -0.670796 0.391663 -0.310805 0.000000 0.000000 0.000000 0.000000 0.000000
-3.088428 -3.932126 -0.665796 0.393213 -0.308843 0.000000 0.000000 0.000000 0.000000 0.000000
-3.068729 -3.947519 -0.660796 0.394752 -0.306873 0.000000 0.000000 0.000000 0.000000 0.000000
-3.048953 -3.962813 -0.655796 0.396281 -0.304895 0.000000 0.000000 0.000000 0.000000 0.000000
-3.029101 -3.978008 -0.650796 0.397801 -0.302910 0.000000 0.000000 0.000000 0.000000 0.000000
-3.009173 -3.993104 -0.645796 0.399310 -0.300917 0.000000 0.000000 0.000000 0.000000 0.000000
-2.989170 -4.008100 -0.640796 0.400810 -0.298917 0.000000 0.000000 0.000000 0.000000 0.000000
-2.969092 -4.022995 -0.635796 0.402300 -0.296909 0.000000 0.000000 0.000000 0.000000 0.000000
-2.948940 -4.037791 -0.630796 0.403779 -0.294894 0.000000 0.000000 0.000000 0.000000 0.000000
-2.928714 -4.052485 -0.625796 0.405248 -0.292871 0.000000 0.000000 0.000000 0.000000 0.000000
-2.908415 -4.067078 -0.620796 0.406708 -0.290842 0.000000 0.000000 0.000000 0.000000 0.000000
-2.888044 -4.081569 -0.615796 0.408157 -0.288804 0.000000 0.000000 0.000000 0.000000 0.000000
-2.867600 -4.095958 -0.610796 0.409596 -0.286760 0.000000 0.000000 0.000000 0.000000 0.000000
-2.847084 -4.110245 -0.605796 0.411024 -0.284708 0.000000 0.000000 0.000000 0.000000 0.000000
-2.826498 -4.124429 -0.600796 0.412443 -0.282650 0.000000 0.000000 0.000000 0.000000 0.000000
-2.805840 -4.138509 -0.595796 0.413851 -0.280584 0.000000 0.000000 0.000000 0.000000 0.000000
-2.785113 -4.152487 -0.590796 0.415249 -0.278511 0.000000 0.000000 0.000000 0.000000 0.000000
-2.764316 -4.166360 -0.585796 0.416636 -0.276432 0.000000 0.000000 0.000000 0.000000 0.000000
-2.743449 -4.180130 -0.580796 0.418013 -0.274345 0.000000 0.000000 0.000000 0.000000 0.000000
-2.722514 -4.193795 -0.575796 0.419379 -0.272251 0.000000 0.000000 0.000000 0.000000 0.000000
-2.701512 -4.207355 -0.570796 0.420735 -0.270151 0.000000 0.000000 0.000000 0.000000 0.000000
-2.680441 -4.220810 -0.565796 0.422081 -0.268044 0.000000 0.000000 0.000000 0.000000 0.000000
-2.659304 -4.234159 -0.560796 0.423416 -0.265930 0.000000 0.000000 0.000000 0.000000 0.000000
-2.638100 -4.247403 -0.555796 0.424740 -0.263810 0.000000 0.000000 0.000000 0.000000 0.000000
-2.616830 -4.260540 -0.550796 0.426054 -0.261683 0.000000 0.000000 0.000000 0.000000 0.000000
-2.595494 -4.273571 -0.545796 0.427357 -0.259549 0.000000 0.000000 0.000000 0.000000 0.000000
-2.574094 -4.286495 -0.540796 0.428649 -0.257409 0.000000 0.000000 0.000000 0.000000 0.000000
-2.552630 -4.299312 -0.535796 0.429931 -0.255263 0.000000 0.000000 0.000000 0.000000 0.000000
-2.531101 -4.312021 -0.530796 0.431202 -0.253110 0.000000 0.000000 0.000000 0.000000 0.000000
-2.509510 -4.324623 -0.525796 0.432462 -0.250951 0.000000 0.000000 0.000000 0.000000 0.000000
-2.487855 -4.337116 -0.520796 0.433712 -0.248786 0.000000 0.000000 0.000000 0.000000 0.000000
-2.466139 -4.349501 -0.515796 0.434950 -0.246614 0.000000 0.000000 0.000000 0.000000 0.000000
-2.444360 -4.361777 -0.510796 0.436178 -0.244436 0.000000 0.000000 0.000000 0.000000 0.000000
-2.422521 -4.373945 -0.505796 0.437394 -0.242252 0.000000 0.000000 0.000000 0.000000 0.000000
-2.400621 -4.386003 -0.500796 0.438600 -0.240062 0.000000 0.000000 0.000000 0.000000 0.000000
-2.378661 -4.397951 -0.495796 0.439795 -0.237866 0.000000 0.000000 0.000000 0.000000 0.000000
-2.356642 -4.409789 -0.490796 0.440979 -0.235664 0.000000 0.000000 0.000000 0.000000 0.000000
-2.334564 -4.421517 -0.485796 0.442152 -0.233456 0.000000 0.000000 0.000000 0.000000 0.000000
-2.312427 -4.433135 -0.480796 0.443313 -0.231243 0.000000 0.000000 0.000000 0.000000 0.000000
-2.290232 -4.444641 -0.475796 0.444464 -0.229023 0.000000 0.000000 0.000000 0.000000 0.000000
-2.267981 -4.456037 -0.470796 0.445604 -0.226798 0.000000 0.000000 0.000000 0.000000 0.000000
-2.245672 -4.467321 -0.465796 0.446732 -0.224567 0.000000 0.000000 0.000000 0.000000 0.000000
-2.223308 -4.478493 -0.460796 0.447849 -0.222331 0.000000 0.000000 0.000000 0.000000 0.000000
-2.200887 -4.489554 -0.455796 0.448955 -0.220089 0.000000 0.000000 0.000000 0.000000 0.000000
-2.178412 -4.500502 -0.450796 0.450050 -0.217841 0.000000 0.000000 0.000000 0.000000 0.000000
-2.155883 -4.511338 -0.445796 0.451134 -0.215588 0.000000 0.000000 0.000000 0.000000 0.000000
-2.133299 -4.522061 -0.440796 0.452206 -0.213330 0.000000 0.000000 0.000000 0.000000 0.000000
-2.110662 -4.532671 -0.435796 0.453267 -0.211066 0.000000 0.000000 0.000000 0.000000 0.000000
-2.087973 -4.543167 -0.430796 0.454317 -0.208797 0.000000 0.000000 0.000000 0.000000 0.000000
-2.065231 -4.553551 -0.425796 0.455355 -0.206523 0.000000 0.000000 0.000000 0.000000 0.000000
-2.042437 -4.563820 -0.420796 0.456382 -0.204244 0.000000 0.000000 0.000000 0.000000 0.000000
-2.019593 -4.573975 -0.415796 0.457397 -0.201959 0.000000 0.000000 0.000000 0.000000 0.000000
-1.996698 -4.584016 -0.410796 0.458402 -0.199670 0.000000 0.000000 0.000000 0.000000 0.000000
-1.973753 -4.593942 -0.405796 0.459394 -0.197375 0.000000 0.000000 0.000000 0.000000 0.000000
-1.950758 -4.603753 -0.400796 0.460375 -0.195076 0.000000 0.000000 0.000000 0.000000 0.000000
-1.927715 -4.613449 -0.395796 0.461345 -0.192772 0.000000 0.000000 0.000000 0.000000 0.000000
-1.904624 -4.623030 -0.390796 0.462303 -0.190462 0.000000 0.000000 0.000000 0.000000 0.000000
-1.881485 -4.632495 -0.385796 0.463250 -0.188149 0.000000 0.000000 0.000000 0.000000 0.000000
-1.858299 -4.641845 -0.380796 0.464184 -0.185830 0.000000 0.000000 0.000000 0.000000 0.000000
-1.835067 -4.651078 -0.375796 0.465108 -0.183507 0.000000 0.000000 0.000000 0.000000 0.000000
-1.811789 -4.660195 -0.370796 0.466020 -0.181179 0.000000 0.000000 0.000000 0.000000 0.000000
-1.788465 -4.669196 -0.365796 0.466920 -0.178847 0.000000 0.000000 0.000000 0.000000 0.000000
-1.765097 -4.678080 -0.360796 0.467808 -0.176510 0.000000 0.000000 0.000000 0.000000 0.000000
-1.741685 -4.686847 -0.355796 0.468685 -0.174168 0.000000 0.000000 0.000000 0.000000 0.000000
-1.718229 -4.695497 -0.350796 0.469550 -0.171823 0.000000 0.000000 0.000000 0.000000 0.000000
-1.694730 -4.704029 -0.345796 0.470403 -0.169473 0.000000 0.000000 0.000000 0.000000 0.000000
-1.671189 -4.712444 -0.340796 0.471244 -0.167119 0.000000 0.000000 0.000000 0.000000 0.000000
-1.647606 -4.720741 -0.335796 0.472074 -0.164761 0.000000 0.000000 0.000000 0.000000 0.000000
-1.623981 -4.728920 -0.330796 0.472892 -0.162398 0.000000 0.000000 0.000000 0.000000 0.000000
-1.600317 -4.736981 -0.325796 0.473698 -0.160032 0.000000 0.000000 0.000000 0.000000 0.000000
-1.576612 -4.744923 -0.320796 0.474492 -0.157661 0.000000 0.000000 0.000000 0.000000 0.000000
-1.552868 -4.752747 -0.315796 0.475275 -0.155287 0.000000 0.000000 0.000000 0.000000 0.000000
-1.529085 -4.760452 -0.310796 0.476045 -0.152908 0.000000 0.000000 0.000000 0.000000 0.000000
-1.505263 -4.768038 -0.305796 0.476804 -0.150526 0.000000 0.000000 0.000000 0.000000 0.000000
-1.481404 -4.775504 -0.300796 0.477550 -0.148140 0.000000 0.000000 0.000000 0.000000 0.000000
-1.457508 -4.782852 -0.295796 0.478285 -0.145751 0.000000 0.000000 0.000000 0.000000 0.000000
-1.433576 -4.790079 -0.290796 0.479008 -0.143358 0.000000 0.000000 0.000000 0.000000 0.000000
-1.409608 -4.797187 -0.285796 0.479719 -0.140961 0.000000 0.000000 0.000000 0.000000 0.000000
-1.385604 -4.804175 -0.280796 0.480418 -0.138560 0.000000 0.000000 0.000000 0.000000 0.000000
-1.361566 -4.811043 -0.275796 0.481104 -0.136157 0.000000 0.000000 0.000000 0.000000 0.000000
-1.337494 -4.817791 -0.270796 0.481779 -0.133749 0.000000 0.000000 0.000000 0.000000 0.000000
-1.313389 -4.824418 -0.265796 0.482442 -0.131339 0.000000 0.000000 0.000000 0.000000 0.000000
-1.289250 -4.830925 -0.260796 0.483092 -0.128925 0.000000 0.000000 0.000000 0.000000 0.000000
-1.265080 -4.837311 -0.255796 0.483731 -0.126508 0.000000 0.000000 0.000000 0.000000 0.000000
-1.240877 -4.843576 -0.250796 0.484358 -0.124088 0.000000 0.000000 0.000000 0.000000 0.000000
-1.216644 -4.849719 -0.245796 0.484972 -0.121664 0.000000 0.000000 0.000000 0.000000 0.000000
-1.192380 -4.855742 -0.240796 0.485574 -0.119238 0.000000 0.000000 0.000000 0.000000 0.000000
-1.168087 -4.861643 -0.235796 0.486164 -0.116809 0.000000 0.000000 0.000000 0.000000 0.000000
-1.143764 -4.867423 -0.230796 0.486742 -0.114376 0.000000 0.000000 0.000000 0.000000 0.000000
-1.119413 -4.873081 -0.225796 0.487308 -0.111941 0.000000 0.000000 0.000000 0.000000 0.000000
-1.095033 -4.878617 -0.220796 0.487862 -0.109503 0.000000 0.000000 0.000000 0.000000 0.000000
-1.070627 -4.884031 -0.215796 0.488403 -0.107063 0.000000 0.000000 0.000000 0.000000 0.000000
-1.046193 -4.889323 -0.210796 0.488932 -0.104619 0.000000 0.000000 0.000000 0.000000 0.000000
-1.021734 -4.894493 -0.205796 0.489449 -0.102173 0.000000 0.000000 0.000000 0.000000 0.000000
-0.997249 -4.899540 -0.200796 0.489954 -0.099725 0.000000 0.000000 0.000000 0.000000 0.000000
-0.972739 -4.904465 -0.195796 0.490447 -0.097274 0.000000 0.000000 0.000000 0.000000 0.000000
-0.948204 -4.909268 -0.190796 0.490927 -0.094820 0.000000 0.000000 0.000000 0.000000 0.000000
-0.923646 -4.913947 -0.185796 0.491395 -0.092365 0.000000 0.000000 0.000000 0.000000 0.000000
-0.899065 -4.918504 -0.180796 0.491850 -0.089906 0.000000 0.000000 0.000000 0.000000 0.000000
-0.874461 -4.922938 -0.175796 0.492294 -0.087446 0.000000 0.000000 0.000000 0.000000 0.000000
-0.849836 -4.927249 -0.170796 0.492725 -0.084984 0.000000 0.000000 0.000000 0.000000 0.000000
-0.825189 -4.931436 -0.165796 0.493144 -0.082519 0.000000 0.000000 0.000000 0.000000 0.000000
-0.800522 -4.935501 -0.160796 0.493550 -0.080052 0.000000 0.000000 0.000000 0.000000 0.000000
-0.775834 -4.939441 -0.155796 0.493944 -0.077583 0.000000 0.000000 0.000000 0.000000 0.000000
-0.751127 -4.943259 -0.150796 0.494326 -0.075113 0.000000 0.000000 0.000000 0.000000 0.000000
-0.726402 -4.946953 -0.145796 0.494695 -0.072640 0.000000 0.000000 0.000000 0.000000 0.000000
-0.701658 -4.950523 -0.140796 0.495052 -0.070166 0.000000 0.000000 0.000000 0.000000 0.000000
-0.676897 -4.953969 -0.135796 0.495397 -0.067690 0.000000 0.000000 0.000000 0.000000 0.000000
-0.652119 -4.957292 -0.130796 0.495729 -0.065212 0.000000 0.000000 0.000000 0.000000 0.000000
-0.627324 -4.960490 -0.125796 0.496049 -0.062732 0.000000 0.000000 0.000000 0.000000 0.000000
-0.602514 -4.963565 -0.120796 0.496356 -0.060251 0.000000 0.000000 0.000000 0.000000 0.000000
-0.577689 -4.966515 -0.115796 0.496652 -0.057769 0.000000 0.000000 0.000000 0.000000 0.000000
-0.552849 -4.969342 -0.110796 0.496934 -0.055285 0.000000 0.000000 0.000000 0.000000 0.000000
-0.527995 -4.972044 -0.105796 0.497204 -0.052800 0.000000 0.000000 0.000000 0.000000 0.000000
-0.503129 -4.974622 -0.100796 0.497462 -0.050313 0.000000 0.000000 0.000000 0.000000 0.000000
-0.478249 -4.977075 -0.095796 0.497708 -0.047825 0.000000 0.000000 0.000000 0.000000 0.000000
-0.453358 -4.979404 -0.090796 0.497940 -0.045336 0.000000 0.000000 0.000000 0.000000 0.000000
-0.428456 -4.981609 -0.085796 0.498161 -0.042846 0.000000 0.000000 0.000000 0.000000 0.000000
-0.403542 -4.983689 -0.080796 0.498369 -0.040354 0.000000 0.000000 0.000000 0.000000 0.000000
-0.378619 -4.985644 -0.075796 0.498564 -0.037862 0.000000 0.000000 0.000000 0.000000 0.000000
-0.353686 -4.987475 -0.070796 0.498747 -0.035369 0.000000 0.000000 0.000000 0.000000 0.000000
-0.328744 -4.989181 -0.065796 0.498918 -0.032874 0.000000 0.000000 0.000000 0.000000 0.000000
-0.303794 -4.990762 -0.060796 0.499076 -0.030379 0.000000 0.000000 0.000000 0.000000 0.000000
-0.278837 -4.992219 -0.055796 0.499222 -0.027884 0.000000 0.000000 0.000000 0.000000 0.000000
-0.253872 -4.993551 -0.050796 0.499355 -0.025387 0.000000 0.000000 0.000000 0.000000 0.000000
-0.228902 -4.994758 -0.045796 0.499476 -0.022890 0.000000 0.000000 0.000000 0.000000 0.000000
-0.203925 -4.995840 -0.040796 0.499584 -0.020393 0.000000 0.000000 0.000000 0.000000 0.000000
-0.178943 -4.996797 -0.035796 0.499680 -0.017894 0.000000 0.000000 0.000000 0.000000 0.000000
-0.153957 -4.997629 -0.030796 0.499763 -0.015396 0.000000 0.000000 0.000000 0.000000 0.000000
-0.128967 -4.998336 -0.025796 0.499834 -0.012897 0.000000 0.000000 0.000000 0.000000 0.000000
-0.103974 -4.998919 -0.020796 0.499892 -0.010397 0.000000 0.000000 0.000000 0.000000 0.000000
-0.078978 -4.999376 -0.015796 0.499938 -0.007898 0.000000 0.000000 0.000000 0.000000 0.000000
-0.053981 -4.999709 -0.010796 0.499971 -0.005398 0.000000 0.000000 0.000000 0.000000 0.000000
-0.028981 -4.999916 -0.005796 0.499992 -0.002898 0.000000 0.000000 0.000000 0.000000 0.000000
-0.003982 -4.999998 -0.000796 0.500000 -0.000398 0.000000 0.000000 0.000000 0.000000 0.000000
0.021018 -4.999956 0.004204 0.499996 0.002102 0.000000 0.000000 0.000000 0.000000 0.000000
0.046018 -4.999788 0.009204 0.499979 0.004602 0.000000 0.000000 0.000000 0.000000 0.000000
0.071016 -4.999496 0.014204 0.499950 0.007102 0.000000 0.000000 0.000000 0.000000 0.000000
0.096012 -4.999078 0.019204 0.499908 0.009601 0.000000 0.000000 0.000000 0.000000 0.000000
0.121007 -4.998536 0.024204 0.499854 0.012101 0.000000 0.000000 0.000000 0.000000 0.000000
0.145998 -4.997868 0.029204 0.499787 0.014600 0.000000 0.000000 0.000000 0.000000 0.000000
0.170985 -4.997076 0.034204 0.499708 0.017099 0.000000 0.000000 0.000000 0.000000 0.000000
0.195968 -4.996158 0.039204 0.499616 0.019597 0.000000 0.000000 0.000000 0.000000 0.000000
0.220946 -4.995116 0.044204 0.499512 0.022095 0.000000 0.000000 0.000000 0.000000 0.000000
0.245919 -4.993949 0.049204 0.499395 0.024592 0.000000 0.000000 0.000000 0.000000 0.000000
0.270886 -4.992657 0.054204 0.499266 0.027089 0.000000 0.000000 0.000000 0.000000 0.000000
0.295845 -4.991240 0.059204 0.499124 0.029585 0.000000 0.000000 0.000000 0.000000 0.000000
0.320798 -4.989698 0.064204 0.498970 0.032080 0.000000 0.000000 0.000000 0.000000 0.000000
0.345742 -4.988032 0.069204 0.498803 0.034574 0.000000 0.000000 0.000000 0.000000 0.000000
0.370678 -4.986241 0.074204 0.498624 0.037068 0.000000 0.000000 0.000000 0.000000 0.000000
0.395604 -4.984325 0.079204 0.498433 0.039560 0.000000 0.000000 0.000000 0.000000 0.000000
0.420521 -4.982285 0.084204 0.498228 0.042052 0.000000 0.000000 0.000000 0.000000 0.000000
0.445427 -4.980120 0.089204 0.498012 0.044543 0.000000 0.000000 0.000000 0.000000 0.000000
0.470322 -4.977831 0.094204 0.497783 0.047032 0.000000 0.000000 0.000000 0.000000 0.000000
0.495205 -4.975417 0.099204 0.497542 0.049521 0.000000 0.000000 0.000000 0.000000 0.000000
0.520076 -4.972879 0.104204 0.497288 0.052008 0.000000 0.000000 0.000000 0.000000 0.000000
0.544934 -4.970216 0.109204 0.497022 0.054493 0.000000 0.000000 0.000000 0.000000 0.000000
0.569778 -4.967429 0.114204 0.496743 0.056978 0.000000 0.000000 0.000000 0.000000 0.000000
0.594608 -4.964518 0.119204 0.496452 0.059461 0.000000 0.000000 0.000000 0.000000 0.000000
0.619423 -4.961483 0.124204 0.496148 0.061942 0.000000 0.000000 0.000000 0.000000 0.000000
0.644222 -4.958324 0.129204 0.495832 0.064422 0.000000 0.000000 0.000000 0.000000 0.000000
0.669006 -4.955041 0.134204 0.495504 0.066901 0.000000 0.000000 0.000000 0.000000 0.000000
0.693773 -4.951634 0.139204 0.495163 0.069377 0.000000 0.000000 0.000000 0.000000 0.000000
0.718522 -4.948103 0.144204 0.494810 0.071852 0.000000 0.000000 0.000000 0.000000 0.000000
0.743254 -4.944449 0.149204 0.494445 0.074325 0.000000 0.000000 0.000000 0.000000 0.000000
0.767966 -4.940671 0.154204 0.494067 0.076797 0.000000 0.000000 0.000000 0.000000 0.000000
0.792660 -4.936769 0.159204 0.493677 0.079266 0.000000 0.000000 0.000000 0.000000 0.000000
0.817334 -4.932744 0.164204 0.493274 0.081733 0.000000 0.000000 0.000000 0.000000 0.000000
0.841987 -4.928596 0.169204 0.492860 0.084199 0.000000 0.000000 0.000000 0.000000 0.000000
0.866620 -4.924324 0.174204 0.492432 0.086662 0.000000 0.000000 0.000000 0.000000 0.000000
0.891230 -4.919930 0.179204 0.491993 0.089123 0.000000 0.000000 0.000000 0.000000 0.000000
0.915819 -4.915412 0.184204 0.491541 0.091582 0.000000 0.000000 0.000000 0.000000 0.000000
0.940384 -4.910772 0.189204 0.491077 0.094038 0.000000 0.000000 0.000000 0.000000 0.000000
0.964926 -4.906008 0.194204 0.490601 0.096493 0.000000 0.000000 0.000000 0.000000 0.000000
0.989444 -4.901122 0.199204 0.490112 0.098944 0.000000 0.000000 0.000000 0.000000 0.000000
1.013937 -4.896114 0.204204 0.489611 0.101394 0.000000 0.000000 0.000000 0.000000 0.000000
1.038405 -4.890983 0.209204 0.489098 0.103841 0.000000 0.000000 0.000000 0.000000 0.000000
1.062847 -4.885730 0.214204 0.488573 0.106285 0.000000 0.000000 0.000000 0.000000 0.000000
1.087262 -4.880355 0.219204 0.488035 0.108726 0.000000 0.000000 0.000000 0.000000 0.000000
1.111650 -4.874857 0.224204 0.487486 0.111165 0.000000 0.000000 0.000000 0.000000 0.000000
1.136010 -4.869238 0.229204 0.486924 0.113601 0.000000 0.000000 0.000000 0.000000 0.000000
1.160342 -4.863497 0.234204 0.486350 0.116034 0.000000 0.000000 0.000000 0.000000 0.000000
1.184645 -4.857635 0.239204 0.485763 0.118465 0.000000 0.000000 0.000000 0.000000 0.000000
1.208919 -4.851651 0.244204 0.485165 0.120892 0.000000 0.000000 0.000000 0.000000 0.000000
1.233162 -4.845546 0.249204 0.484555 0.123316 0.000000 0.000000 0.000000 0.000000 0.000000
1.257374 -4.839319 0.254204 0.483932 0.125737 0.000000 0.000000 0.000000 0.000000 0.000000
1.281555 -4.832972 0.259204 0.483297 0.128155 0.000000 0.000000 0.000000 0.000000 0.000000
1.305703 -4.826504 0.264204 0.482650 0.130570 0.000000 0.000000 0.000000 0.000000 0.000000
1.329819 -4.819915 0.269204 0.481991 0.132982 0.000000 0.000000 0.000000 0.000000 0.000000
1.353902 -4.813206 0.274204 0.481321 0.135390 0.000000 0.000000 0.000000 0.000000 0.000000
1.377951 -4.806376 0.279204 0.480638 0.137795 0.000000 0.000000 0.000000 0.000000 0.000000
1.401966 -4.799426 0.284204 0.479943 0.140197 0.000000 0.000000 0.000000 0.000000 0.000000
1.425945 -4.792356 0.289204 0.479236 0.142595 0.000000 0.000000 0.000000 0.000000 0.000000
1.449889 -4.785167 0.294204 0.478517 0.144989 0.000000 0.000000 0.000000 0.000000 0.000000
1.473797 -4.777858 0.299204 0.477786 0.147380 0.000000 0.000000 0.000000 0.000000 0.000000
1.497668 -4.770429 0.304204 0.477043 0.149767 0.000000 0.000000 0.000000 0.000000 0.000000
1.521501 -4.762881 0.309204 0.476288 0.152150 0.000000 0.000000 0.000000 0.000000 0.000000
1.545296 -4.755214 0.314204 0.475521 0.154530 0.000000 0.000000 0.000000 0.000000 0.000000
1.569053 -4.747428 0.319204 0.474743 0.156905 0.000000 0.000000 0.000000 0.000000 0.000000
1.592770 -4.739524 0.324204 0.473952 0.159277 0.000000 0.000000 0.000000 0.000000 0.000000
1.616448 -4.731500 0.329204 0.473150 0.161645 0.000000 0.000000 0.000000 0.000000 0.000000
1.640085 -4.723359 0.334204 0.472336 0.164009 0.000000 0.000000 0.000000 0.000000 0.000000
1.663681 -4.715100 0.339204 0.471510 0.166368 0.000000 0.000000 0.000000 0.000000 0.000000
1.687236 -4.706722 0.344204 0.470672 0.168724 0.000000 0.000000 0.000000 0.000000 0.000000
1.710748 -4.698227 0.349204 0.469823 0.171075 0.000000 0.000000 0.000000 0.000000 0.000000
1.734218 -4.689615 0.354204 0.468961 0.173422 0.000000 0.000000 0.000000 0.000000 0.000000
1.757644 -4.680885 0.359204 0.468089 0.175764 0.000000 0.000000 0.000000 0.000000 0.000000
1.781027 -4.672039 0.364204 0.467204 0.178103 0.000000 0.000000 0.000000 0.000000 0.000000
1.804364 -4.663075 0.369204 0.466308 0.180436 0.000000 0.000000 0.000000 0.000000 0.000000
1.827657 -4.653995 0.374204 0.465399 0.182766 0.000000 0.000000 0.000000 0.000000 0.000000
1.850904 -4.644799 0.379204 0.464480 0.185090 0.000000 0.000000 0.000000 0.000000 0.000000
1.874105 -4.635486 0.384204 0.463549 0.187410 0.000000 0.000000 0.000000 0.000000 0.000000
1.897259 -4.626058 0.389204 0.462606 0.189726 0.000000 0.000000 0.000000 0.000000 0.000000
1.920365 -4.616514 0.394204 0.461651 0.192037 0.000000 0.000000 0.000000 0.000000 0.000000
1.943424 -4.606854 0.399204 0.460685 0.194342 0.000000 0.000000 0.000000 0.000000 0.000000
1.966434 -4.597079 0.404204 0.459708 0.196643 0.000000 0.000000 0.000000 0.000000 0.000000
1.989394 -4.587190 0.409204 0.458719 0.198939 0.000000 0.000000 0.000000 0.000000 0.000000
2.012305 -4.577186 0.414204 0.457719 0.201231 0.000000 0.000000 0.000000 0.000000 0.000000
2.035166 -4.567067 0.419204 0.456707 0.203517 0.000000 0.000000 0.000000 0.000000 0.000000
2.057976 -4.556834 0.424204 0.455683 0.205798 0.000000 0.000000 0.000000 0.000000 0.000000
2.080734 -4.546487 0.429204 0.454649 0.208073 0.000000 0.000000 0.000000 0.000000 0.000000
2.103441 -4.536027 0.434204 0.453603 0.210344 0.000000 0.000000 0.000000 0.000000 0.000000
2.126094 -4.525453 0.439204 0.452545 0.212609 0.000000 0.000000 0.000000 0.000000 0.000000
2.148695 -4.514766 0.444204 0.451477 0.214869 0.000000 0.000000 0.000000 0.000000 0.000000
2.171242 -4.503966 0.449204 0.450397 0.217124 0.000000 0.000000 0.000000 0.000000 0.000000
2.193734 -4.493053 0.454204 0.449305 0.219373 0.000000 0.000000 0.000000 0.000000 0.000000
2.216172 -4.482029 0.459204 0.448203 0.221617 0.000000 0.000000 0.000000 0.000000 0.000000
2.238554 -4.470892 0.464204 0.447089 0.223855 0.000000 0.000000 0.000000 0.000000 0.000000
2.260881 -4.459643 0.469204 0.445964 0.226088 0.000000 0.000000 0.000000 0.000000 0.000000
2.283151 -4.448283 0.474204 0.444828 0.228315 0.000000 0.000000 0.000000 0.000000 0.000000
2.305363 -4.436812 0.479204 0.443681 0.230536 0.000000 0.000000 0.000000 0.000000 0.000000
2.327519 -4.425230 0.484204 0.442523 0.232752 0.000000 0.000000 0.000000 0.000000 0.000000
2.349616 -4.413537 0.489204 0.441354 0.234962 0.000000 0.000000 0.000000 0.000000 0.000000
2.371654 -4.401734 0.494204 0.440173 0.237165 0.000000 0.000000 0.000000 0.000000 0.000000
2.393633 -4.389820 0.499204 0.438982 0.239363 0.000000 0.000000 0.000000 0.000000 0.000000
2.415552 -4.377797 0.504204 0.437780 0.241555 0.000000 0.000000 0.000000 0.000000 0.000000
2.437411 -4.365665 0.509204 0.436566 0.243741 0.000000 0.000000 0.000000 0.000000 0.000000
2.459208 -4.353423 0.514204 0.435342 0.245921 0.000000 0.000000 0.000000 0.000000 0.000000
2.480945 -4.341073 0.519204 0.434107 0.248094 0.000000 0.000000 0.000000 0.000000 0.000000
2.502619 -4.328614 0.524204 0.432861 0.250262 0.000000 0.000000 0.000000 0.000000 0.000000
2.524231 -4.316047 0.529204 0.431605 0.252423 0.000000 0.000000 0.000000 0.000000 0.000000
2.545779 -4.303372 0.534204 0.430337 0.254578 0.000000 0.000000 0.000000 0.000000 0.000000
2.567264 -4.290589 0.539204 0.429059 0.256726 0.000000 0.000000 0.000000 0.000000 0.000000
2.588685 -4.277699 0.544204 0.427770 0.258868 0.000000 0.000000 0.000000 0.000000 0.000000
2.610041 -4.264702 0.549204 0.426470 0.261004 0.000000 0.000000 0.000000 0.000000 0.000000
2.631332 -4.251599 0.554204 0.425160 0.263133 0.000000 0.000000 0.000000 0.000000 0.000000
2.652557 -4.238389 0.559204 0.423839 0.265256 0.000000 0.000000 0.000000 0.000000 0.000000
2.673715 -4.225073 0.564204 0.422507 0.267372 0.000000 0.000000 0.000000 0.000000 0.000000
2.694807 -4.211652 0.569204 0.421165 0.269481 0.000000 0.000000 0.000000 0.000000 0.000000
2.715832 -4.198126 0.574204 0.419813 0.271583 0.000000 0.000000 0.000000 0.000000 0.000000
2.736788 -4.184494 0.579204 0.418449 0.273679 0.000000 0.000000 0.000000 0.000000 0.000000
2.757677 -4.170758 0.584204 0.417076 0.275768 0.000000 0.000000 0.000000 0.000000 0.000000
2.778496 -4.156917 0.589204 0.415692 0.277850 0.000000 0.000000 0.000000 0.000000 0.000000
2.799246 -4.142973 0.594204 0.414297 0.279925 0.000000 0.000000 0.000000 0.000000 0.000000
2.819925 -4.128925 0.599204 0.412892 0.281993 0.000000 0.000000 0.000000 0.000000 0.000000
2.840535 -4.114774 0.604204 0.411477 0.284053 0.000000 0.000000 0.000000 0.000000 0.000000
2.861073 -4.100520 0.609204 0.410052 0.286107 0.000000 0.000000 0.000000 0.000000 0.000000
2.881540 -4.086163 0.614204 0.408616 0.288154 0.000000 0.000000 0.000000 0.000000 0.000000
2.901934 -4.071704 0.619204 0.407170 0.290193 0.000000 0.000000 0.000000 0.000000 0.000000
2.922256 -4.057144 0.624204 0.405714 0.292226 0.000000 0.000000 0.000000 0.000000 0.000000
2.942506 -4.042482 0.629204 0.404248 0.294251 0.000000 0.000000 0.000000 0.000000 0.000000
2.962681 -4.027719 0.634204 0.402772 0.296268 0.000000 0.000000 0.000000 0.000000 0.000000
2.982783 -4.012855 0.639204 0.401286 0.298278 0.000000 0.000000 0.000000 0.000000 0.000000
3.002810 -3.997891 0.644204 0.399789 0.300281 0.000000 0.000000 0.000000 0.000000 0.000000
3.022761 -3.982827 0.649204 0.398283 0.302276 0.000000 0.000000 0.000000 0.000000 0.000000
3.042638 -3.967664 0.654204 0.396766 0.304264 0.000000 0.000000 0.000000 0.000000 0.000000
3.062438 -3.952401 0.659204 0.395240 0.306244 0.000000 0.000000 0.000000 0.000000 0.000000
3.082161 -3.937040 0.664204 0.393704 0.308216 0.000000 0.000000 0.000000 0.000000 0.000000
3.101808 -3.921580 0.669204 0.392158 0.310181 0.000000 0.000000 0.000000 0.000000 0.000000
3.121377 -3.906022 0.674204 0.390602 0.312138 0.000000 0.000000 0.000000 0.000000 0.000000
3.140868 -3.890366 0.679204 0.389037 0.314087 0.000000 0.000000 0.000000 0.000000 0.000000
3.160281 -3.874613 0.684204 0.387461 0.316028 0.000000 0.000000 0.000000 0.000000 0.000000
3.179614 -3.858763 0.689204 0.385876 0.317961 0.000000 0.000000 0.000000 0.000000 0.000000
3.198868 -3.842817 0.694204 0.384282 0.319887 0.000000 0.000000 0.000000 0.000000 0.000000
3.218042 -3.826775 0.699204 0.382677 0.321804 0.000000 0.000000 0.000000 0.000000 0.000000
3.237136 -3.810637 0.704204 0.381064 0.323714 0.000000 0.000000 0.000000 0.000000 0.000000
3.256148 -3.794404 0.709204 0.379440 0.325615 0.000000 0.000000 0.000000 0.000000 0.000000
3.275080 -3.778075 0.714204 0.377808 0.327508 0.000000 0.000000 0.000000 0.000000 0.000000
3.293929 -3.761653 0.719204 0.376165 0.329393 0.000000 0.000000 0.000000 0.000000 0.000000
3.312696 -3.745136 0.724204 0.374514 0.331270 0.000000 0.000000 0.000000 0.000000 0.000000
3.331380 -3.728526 0.729204 0.372853 0.333138 0.000000 0.000000 0.000000 0.000000 0.000000
3.349981 -3.711823 0.734204 0.371182 0.334998 0.000000 0.000000 0.000000 0.000000 0.000000
3.368498 -3.695026 0.739204 0.369503 0.336850 0.000000 0.000000 0.000000 0.000000 0.000000
3.386931 -3.678138 0.744204 0.367814 0.338693 0.000000 0.000000 0.000000 0.000000 0.000000
3.405279 -3.661157 0.749204 0.366116 0.340528 0.000000 0.000000 0.000000 0.000000 0.000000
3.423543 -3.644085 0.754204 0.364409 0.342354 0.000000 0.000000 0.000000 0.000000 0.000000
3.441720 -3.626922 0.759204 0.362692 0.344172 0.000000 0.000000 0.000000 0.000000 0.000000
3.459812 -3.609668 0.764204 0.360967 0.345981 0.000000 0.000000 0.000000 0.000000 0.000000
3.477817 -3.592324 0.769204 0.359232 0.347782 0.000000 0.000000 0.000000 0.000000 0.000000
3.495735 -3.574890 0.774204 0.357489 0.349573 0.000000 0.000000 0.000000 0.000000 0.000000
3.513565 -3.557367 0.779204 0.355737 0.351357 0.000000 0.000000 0.000000 0.000000 0.000000
3.531308 -3.539755 0.784204 0.353975 0.353131 0.000000 0.000000 0.000000 0.000000 0.000000
3.548963 -3.522054 0.789204 0.352205 0.354896 0.000000 0.000000 0.000000 0.000000 0.000000
3.566529 -3.504265 0.794204 0.350427 0.356653 0.000000 0.000000 0.000000 0.000000 0.000000
3.584005 -3.486389 0.799204 0.348639 0.358401 0.000000 0.000000 0.000000 0.000000 0.000000
3.601392 -3.468425 0.804204 0.346843 0.360139 0.000000 0.000000 0.000000 0.000000 0.000000
3.618689 -3.450375 0.809204 0.345037 0.361869 0.000000 0.000000 0.000000 0.000000 0.000000
3.635896 -3.432238 0.814204 0.343224 0.363590 0.000000 0.000000 0.000000 0.000000 0.000000
3.653012 -3.414016 0.819204 0.341402 0.365301 0.000000 0.000000 0.000000 0.000000 0.000000
3.670036 -3.395708 0.824204 0.339571 0.367004 0.000000 0.000000 0.000000 0.000000 0.000000
3.686969 -3.377316 0.829204 0.337732 0.368697 0.000000 0.000000 0.000000 0.000000 0.000000
3.703809 -3.358839 0.834204 0.335884 0.370381 0.000000 0.000000 0.000000 0.000000 0.000000
3.720557 -3.340278 0.839204 0.334028 0.372056 0.000000 0.000000 0.000000 0.000000 0.000000
3.737212 -3.321634 0.844204 0.332163 0.373721 0.000000 0.000000 0.000000 0.000000 0.000000
3.753773 -3.302906 0.849204 0.330291 0.375377 0.000000 0.000000 0.000000 0.000000 0.000000
3.770241 -3.284096 0.854204 0.328410 0.377024 0.000000 0.000000 0.000000 0.000000 0.000000
3.786614 -3.265204 0.859204 0.326520 0.378661 0.000000 0.000000 0.000000 0.000000 0.000000
3.802892 -3.246230 0.864204 0.324623 0.380289 0.000000 0.000000 0.000000 0.000000 0.000000
3.819076 -3.227175 0.869204 0.322717 0.381908 0.000000 0.000000 0.000000 0.000000 0.000000
3.835164 -3.208039 0.874204 0.320804 0.383516 0.000000 0.000000 0.000000 0.000000 0.000000
3.851156 -3.188824 0.879204 0.318882 0.385116 0.000000 0.000000 0.000000 0.000000 0.000000
3.867052 -3.169528 0.884204 0.316953 0.386705 0.000000 0.000000 0.000000 0.000000 0.000000
3.882851 -3.150153 0.889204 0.315015 0.388285 0.000000 0.000000 0.000000 0.000000 0.000000
3.898554 -3.130700 0.894204 0.313070 0.389855 0.000000 0.000000 0.000000 0.000000 0.000000
3.914158 -3.111168 0.899204 0.311117 0.391416 0.000000 0.000000 0.000000 0.000000 0.000000
3.929665 -3.091558 0.904204 0.309156 0.392967 0.000000 0.000000 0.000000 0.000000 0.000000
3.945074 -3.071871 0.909204 0.307187 0.394507 0.000000 0.000000 0.000000 0.000000 0.000000
3.960384 -3.052108 0.914204 0.305211 0.396038 0.000000 0.000000 0.000000 0.000000 0.000000
3.975595 -3.032268 0.919204 0.303227 0.397559 0.000000 0.000000 0.000000 0.000000 0.000000
3.990706 -3.012352 0.924204 0.301235 0.399071 0.000000 0.000000 0.000000 0.000000 0.000000
4.005718 -2.992361 0.929204 0.299236 0.400572 0.000000 0.000000 0.000000 0.000000 0.000000
4.020630 -2.972295 0.934204 0.297229 0.402063 0.000000 0.000000 0.000000 0.000000 0.000000
4.035441 -2.952155 0.939204 0.295215 0.403544 0.000000 0.000000 0.000000 0.000000 0.000000
4.050151 -2.931941 0.944204 0.293194 0.405015 0.000000 0.000000 0.000000 0.000000 0.000000
4.064760 -2.911653 0.949204 0.291165 0.406476 0.000000 0.000000 0.000000 0.000000 0.000000
4.079268 -2.891293 0.954204 0.289129 0.407927 0.000000 0.000000 0.000000 0.000000 0.000000
4.093673 -2.870861 0.959204 0.287086 0.409367 0.000000 0.000000 0.000000 0.000000 0.000000
4.107976 -2.850357 0.964204 0.285036 0.410798 0.000000 0.000000 0.000000 0.000000 0.000000
4.122176 -2.829781 0.969204 0.282978 0.412218 0.000000 0.000000 0.000000 0.000000 0.000000
4.136274 -2.809135 0.974204 0.280913 0.413627 0.000000 0.000000 0.000000 0.000000 0.000000
4.150268 -2.788419 0.979204 0.278842 0.415027 0.000000 0.000000 0.000000 0.000000 0.000000
4.164158 -2.767632 0.984204 0.276763 0.416416 0.000000 0.000000 0.000000 0.000000 0.000000
4.177944 -2.746777 0.989204 0.274678 0.417794 0.000000 0.000000 0.000000 0.000000 0.000000
4.191625 -2.725853 0.994204 0.272585 0.419163 0.000000 0.000000 0.000000 0.000000 0.000000
4.205202 -2.704861 0.999204 0.270486 0.420520 0.000000 0.000000 0.000000 0.000000 0.000000
4.218674 -2.683801 1.004204 0.268380 0.421867 0.000000 0.000000 0.000000 0.000000 0.000000
4.232040 -2.662675 1.009204 0.266267 0.423204 0.000000 0.000000 0.000000 0.000000 0.000000
4.245301 -2.641481 1.014204 0.264148 0.424530 0.000000 0.000000 0.000000 0.000000 0.000000
4.258455 -2.620222 1.019204 0.262022 0.425845 0.000000 0.000000 0.000000 0.000000 0.000000
4.271503 -2.598897 1.024204 0.259890 0.427150 0.000000 0.000000 0.000000 0.000000 0.000000
4.284444 -2.577507 1.029204 0.257751 0.428444 0.000000 0.000000 0.000000 0.000000 0.000000
4.297278 -2.556053 1.034204 0.255605 0.429728 0.000000 0.000000 0.000000 0.000000 0.000000
4.310004 -2.534534 1.039204 0.253453 0.431000 0.000000 0.000000 0.000000 0.000000 0.000000
4.322623 -2.512953 1.044204 0.251295 0.432262 0.000000 0.000000 0.000000 0.000000 0.000000
4.335134 -2.491308 1.049204 0.249131 0.433513 0.000000 0.000000 0.000000 0.000000 0.000000
4.347536 -2.469601 1.054204 0.246960 0.434754 0.000000 0.000000 0.000000 0.000000 0.000000
4.359830 -2.447833 1.059204 0.244783 0.435983 0.000000 0.000000 0.000000 0.000000 0.000000
4.372014 -2.426003 1.064204 0.242600 0.437201 0.000000 0.000000 0.000000 0.000000 0.000000
4.384089 -2.404113 1.069204 0.240411 0.438409 0.000000 0.000000 0.000000 0.000000 0.000000
4.396055 -2.382163 1.074204 0.238216 0.439606 0.000000 0.000000 0.000000 0.000000 0.000000
4.407911 -2.360153 1.079204 0.236015 0.440791 0.000000 0.000000 0.000000 0.000000 0.000000
4.419657 -2.338084 1.084204 0.233808 0.441966 0.000000 0.000000 0.000000 0.000000 0.000000
4.431292 -2.315956 1.089204 0.231596 0.443129 0.000000 0.000000 0.000000 0.000000 0.000000
4.442816 -2.293771 1.094204 0.229377 0.444282 0.000000 0.000000 0.000000 0.000000 0.000000
4.454229 -2.271528 1.099204 0.227153 0.445423 0.000000 0.000000 0.000000 0.000000 0.000000
4.465531 -2.249229 1.104204 0.224923 0.446553 0.000000 0.000000 0.000000 0.000000 0.000000
4.476722 -2.226873 1.109204 0.222687 0.447672 0.000000 0.000000 0.000000 0.000000 0.000000
4.487800 -2.204462 1.114204 0.220446 0.448780 0.000000 0.000000 0.000000 0.000000 0.000000
4.498766 -2.181995 1.119204 0.218200 0.449877 0.000000 0.000000 0.000000 0.000000 0.000000
4.509620 -2.159474 1.124204 0.215947 0.450962 0.000000 0.000000 0.000000 0.000000 0.000000
4.520361 -2.136899 1.129204 0.213690 0.452036 0.000000 0.000000 0.000000 0.000000 0.000000
4.530989 -2.114271 1.134204 0.211427 0.453099 0.000000 0.000000 0.000000 0.000000 0.000000
4.541503 -2.091590 1.139204 0.209159 0.454150 0.000000 0.000000 0.000000 0.000000 0.000000
4.551904 -2.068856 1.144204 0.206886 0.455190 0.000000 0.000000 0.000000 0.000000 0.000000
4.562192 -2.046071 1.149204 0.204607 0.456219 0.000000 0.000000 0.000000 0.000000 0.000000
4.572365 -2.023234 1.154204 0.202323 0.457237 0.000000 0.000000 0.000000 0.000000 0.000000
4.582424 -2.000347 1.159204 0.200035 0.458242 0.000000 0.000000 0.000000 0.000000 0.000000
4.592368 -1.977410 1.164204 0.197741 0.459237 0.000000 0.000000 0.000000 0.000000 0.000000
4.602198 -1.954424 1.169204 0.195442 0.460220 0.000000 0.000000 0.000000 0.000000 0.000000
4.611913 -1.931389 1.174204 0.193139 0.461191 0.000000 0.000000 0.000000 0.000000 0.000000
4.621512 -1.908305 1.179204 0.190830 0.462151 0.000000 0.000000 0.000000 0.000000 0.000000
4.630996 -1.885174 1.184204 0.188517 0.463100 0.000000 0.000000 0.000000 0.000000 0.000000
4.640364 -1.861995 1.189204 0.186200 0.464036 0.000000 0.000000 0.000000 0.000000 0.000000
4.649615 -1.838770 1.194204 0.183877 0.464962 0.000000 0.000000 0.000000 0.000000 0.000000
4.658751 -1.815499 1.199204 0.181550 0.465875 0.000000 0.000000 0.000000 0.000000 0.000000
4.667770 -1.792183 1.204204 0.179218 0.466777 0.000000 0.000000 0.000000 0.000000 0.000000
4.676673 -1.768822 1.209204 0.176882 0.467667 0.000000 0.000000 0.000000 0.000000 0.000000
4.685459 -1.745416 1.214204 0.174542 0.468546 0.000000 0.000000 0.000000 0.000000 0.000000
4.694127 -1.721967 1.219204 0.172197 0.469413 0.000000 0.000000 0.000000 0.000000 0.000000
4.702678 -1.698475 1.224204 0.169848 0.470268 0.000000 0.000000 0.000000 0.000000 0.000000
4.711112 -1.674941 1.229204 0.167494 0.471111 0.000000 0.000000 0.000000 0.000000 0.000000
4.719427 -1.651364 1.234204 0.165136 0.471943 0.000000 0.000000 0.000000 0.000000 0.000000
4.727625 -1.627747 1.239204 0.162775 0.472763 0.000000 0.000000 0.000000 0.000000 0.000000
4.735705 -1.604088 1.244204 0.160409 0.473570 0.000000 0.000000 0.000000 0.000000 0.000000
4.743666 -1.580390 1.249204 0.158039 0.474367 0.000000 0.000000 0.000000 0.000000 0.000000
4.751509 -1.556652 1.254204 0.155665 0.475151 0.000000 0.000000 0.000000 0.000000 0.000000
4.759233 -1.532875 1.259204 0.153287 0.475923 0.000000 0.000000 0.000000 0.000000 0.000000
4.766837 -1.509060 1.264204 0.150906 0.476684 0.000000 0.000000 0.000000 0.000000 0.000000
4.774323 -1.485207 1.269204 0.148521 0.477432 0.000000 0.000000 0.000000 0.000000 0.000000
4.781689 -1.461317 1.274204 0.146132 0.478169 0.000000 0.000000 0.000000 0.000000 0.000000
4.788936 -1.437390 1.279204 0.143739 0.478894 0.000000 0.000000 0.000000 0.000000 0.000000
4.796063 -1.413428 1.284204 0.141343 0.479606 0.000000 0.000000 0.000000 0.000000 0.000000
4.803070 -1.389430 1.289204 0.138943 0.480307 0.000000 0.000000 0.000000 0.000000 0.000000
4.809957 -1.365397 1.294204 0.136540 0.480996 0.000000 0.000000 0.000000 0.000000 0.000000
4.816724 -1.341330 1.299204 0.134133 0.481672 0.000000 0.000000 0.000000 0.000000 0.000000
4.823371 -1.317230 1.304204 0.131723 0.482337 0.000000 0.000000 0.000000 0.000000 0.000000
4.829897 -1.293097 1.309204 0.129310 0.482990 0.000000 0.000000 0.000000 0.000000 0.000000
4.836302 -1.268931 1.314204 0.126893 0.483630 0.000000 0.000000 0.000000 0.000000 0.000000
4.842586 -1.244734 1.319204 0.124473 0.484259 0.000000 0.000000 0.000000 0.000000 0.000000
4.848749 -1.220506 1.324204 0.122051 0.484875 0.000000 0.000000 0.000000 0.000000 0.000000
4.854791 -1.196247 1.329204 0.119625 0.485479 0.000000 0.000000 0.000000 0.000000 0.000000
4.860711 -1.171958 1.334204 0.117196 0.486071 0.000000 0.000000 0.000000 0.000000 0.000000
4.866510 -1.147640 1.339204 0.114764 0.486651 0.000000 0.000000 0.000000 0.000000 0.000000
4.872188 -1.123293 1.344204 0.112329 0.487219 0.000000 0.000000 0.000000 0.000000 0.000000
4.877743 -1.098918 1.349204 0.109892 0.487774 0.000000 0.000000 0.000000 0.000000 0.000000
4.883177 -1.074516 1.354204 0.107452 0.488318 0.000000 0.000000 0.000000 0.000000 0.000000
4.888488 -1.050086 1.359204 0.105009 0.488849 0.000000 0.000000 0.000000 0.000000 0.000000
4.893678 -1.025631 1.364204 0.102563 0.489368 0.000000 0.000000 0.000000 0.000000 0.000000
4.898745 -1.001150 1.369204 0.100115 0.489874 0.000000 0.000000 0.000000 0.000000 0.000000
4.903689 -0.976644 1.374204 0.097664 0.490369 0.000000 0.000000 0.000000 0.000000 0.000000
4.908511 -0.952113 1.379204 0.095211 0.490851 0.000000 0.000000 0.000000 0.000000 0.000000
4.913210 -0.927559 1.384204 0.092756 0.491321 0.000000 0.000000 0.000000 0.000000 0.000000
4.917787 -0.902981 1.389204 0.090298 0.491779 0.000000 0.000000 0.000000 0.000000 0.000000
4.922240 -0.878381 1.394204 0.087838 0.492224 0.000000 0.000000 0.000000 0.000000 0.000000
4.926570 -0.853759 1.399204 0.085376 0.492657 0.000000 0.000000 0.000000 0.000000 0.000000
4.930778 -0.829116 1.404204 0.082912 0.493078 0.000000 0.000000 0.000000 0.000000 0.000000
4.934861 -0.804452 1.409204 0.080445 0.493486 0.000000 0.000000 0.000000 0.000000 0.000000
4.938822 -0.779767 1.414204 0.077977 0.493882 0.000000 0.000000 0.000000 0.000000 0.000000
4.942659 -0.755064 1.419204 0.075506 0.494266 0.000000 0.000000 0.000000 0.000000 0.000000
4.946373 -0.730341 1.424204 0.073034 0.494637 0.000000 0.000000 0.000000 0.000000 0.000000
4.949962 -0.705600 1.429204 0.070560 0.494996 0.000000 0.000000 0.000000 0.000000 0.000000
4.953429 -0.680842 1.434204 0.068084 0.495343 0.000000 0.000000 0.000000 0.000000 0.000000
4.956771 -0.656066 1.439204 0.065607 0.495677 0.000000 0.000000 0.000000 0.000000 0.000000
4.959989 -0.631274 1.444204 0.063127 0.495999 0.000000 0.000000 0.000000 0.000000 0.000000
4.963084 -0.606466 1.449204 0.060647 0.496308 0.000000 0.000000 0.000000 0.000000 0.000000
4.966054 -0.581643 1.454204 0.058164 0.496605 0.000000 0.000000 0.000000 0.000000 0.000000
4.968900 -0.556806 1.459204 0.055681 0.496890 0.000000 0.000000 0.000000 0.000000 0.000000
4.971622 -0.531955 1.464204 0.053195 0.497162 0.000000 0.000000 0.000000 0.000000 0.000000
4.974220 -0.507090 1.469204 0.050709 0.497422 0.000000 0.000000 0.000000 0.000000 0.000000
4.976693 -0.482213 1.474204 0.048221 0.497669 0.000000 0.000000 0.000000 0.000000 0.000000
4.979042 -0.457323 1.479204 0.045732 0.497904 0.000000 0.000000 0.000000 0.000000 0.000000
4.981266 -0.432422 1.484204 0.043242 0.498127 0.000000 0.000000 0.000000 0.000000 0.000000
4.983366 -0.407511 1.489204 0.040751 0.498337 0.000000 0.000000 0.000000 0.000000 0.000000
4.985341 -0.382589 1.494204 0.038259 0.498534 0.000000 0.000000 0.000000 0.000000 0.000000
4.987192 -0.357658 1.499204 0.035766 0.498719 0.000000 0.000000 0.000000 0.000000 0.000000
4.988918 -0.332717 1.504204 0.033272 0.498892 0.000000 0.000000 0.000000 0.000000 0.000000
4.990519 -0.307769 1.509204 0.030777 0.499052 0.000000 0.000000 0.000000 0.000000 0.000000
4.991995 -0.282812 1.514204 0.028281 0.499200 0.000000 0.000000 0.000000 0.000000 0.000000
4.993347 -0.257849 1.519204 0.025785 0.499335 0.000000 0.000000 0.000000 0.000000 0.000000
4.994574 -0.232879 1.524204 0.023288 0.499457 0.000000 0.000000 0.000000 0.000000 0.000000
4.995676 -0.207903 1.529204 0.020790 0.499568 0.000000 0.000000 0.000000 0.000000 0.000000
4.996653 -0.182922 1.534204 0.018292 0.499665 0.000000 0.000000 0.000000 0.000000 0.000000
4.997505 -0.157937 1.539204 0.015794 0.499750 0.000000 0.000000 0.000000 0.000000 0.000000
4.998232 -0.132948 1.544204 0.013295 0.499823 0.000000 0.000000 0.000000 0.000000 0.000000
4.998834 -0.107955 1.549204 0.010795 0.499883 0.000000 0.000000 0.000000 0.000000 0.000000
4.999312 -0.082959 1.554204 0.008296 0.499931 0.000000 0.000000 0.000000 0.000000 0.000000
4.999664 -0.057962 1.559204 0.005796 0.499966 0.000000 0.000000 0.000000 0.000000 0.000000
4.999891 -0.032963 1.564204 0.003296 0.499989 0.000000 0.000000 0.000000 0.000000 0.000000
4.999994 -0.007963 1.569204 0.000796 0.499999 0.000000 0.000000 0.000000 0.000000 0.000000
4.999971 0.017037 1.574204 -0.001704 0.499997 0.000000 0.000000 0.000000 0.000000 0.000000
4.999823 0.042036 1.579204 -0.004204 0.499982 0.000000 0.000000 0.000000 0.000000 0.000000
4.999551 0.067035 1.584204 -0.006703 0.499955 0.000000 0.000000 0.000000 0.000000 0.000000
4.999153 0.092032 1.589204 -0.009203 0.499915 0.000000 0.000000 0.000000 0.000000 0.000000
4.998630 0.117026 1.594204 -0.011703 0.499863 0.000000 0.000000 0.000000 0.000000 0.000000
4.997983 0.142018 1.599204 -0.014202 0.499798 0.000000 0.000000 0.000000 0.000000 0.000000
4.997210 0.167006 1.604204 -0.016701 0.499721 0.000000 0.000000 0.000000 0.000000 0.000000
4.996313 0.191990 1.609204 -0.019199 0.499631 0.000000 0.000000 0.000000 0.000000 0.000000
4.995290 0.216969 1.614204 -0.021697 0.499529 0.000000 0.000000 0.000000 0.000000 0.000000
4.994143 0.241942 1.619204 -0.024194 0.499414 0.000000 0.000000 0.000000 0.000000 0.000000
4.992871 0.266910 1.624204 -0.026691 0.499287 0.000000 0.000000 0.000000 0.000000 0.000000
4.991474 0.291871 1.629204 -0.029187 0.499147 0.000000 0.000000 0.000000 0.000000 0.000000
4.989952 0.316824 1.634204 -0.031682 0.498995 0.000000 0.000000 0.000000 0.000000 0.000000
4.988306 0.341770 1.639204 -0.034177 0.498831 0.000000 0.000000 0.000000 0.000000 0.000000
4.986534 0.366707 1.644204 -0.036671 0.498653 0.000000 0.000000 0.000000 0.000000 0.000000
4.984639 0.391635 1.649204 -0.039164 0.498464 0.000000 0.000000 0.000000 0.000000 0.000000
4.982618 0.416553 1.654204 -0.041655 0.498262 0.000000 0.000000 0.000000 0.000000 0.000000
4.980473 0.441461 1.659204 -0.044146 0.498047 0.000000 0.000000 0.000000 0.000000 0.000000
4.978204 0.466358 1.664204 -0.046636 0.497820 0.000000 0.000000 0.000000 0.000000 0.000000
4.975810 0.491243 1.669204 -0.049124 0.497581 0.000000 0.000000 0.000000 0.000000 0.000000
4.973291 0.516116 1.674204 -0.051612 0.497329 0.000000 0.000000 0.000000 0.000000 0.000000
4.970648 0.540976 1.679204 -0.054098 0.497065 0.000000 0.000000 0.000000 0.000000 0.000000
4.967881 0.565822 1.684204 -0.056582 0.496788 0.000000 0.000000 0.000000 0.000000 0.000000
4.964990 0.590654 1.689204 -0.059065 0.496499 0.000000 0.000000 0.000000 0.000000 0.000000
4.961975 0.615472 1.694204 -0.061547 0.496197 0.000000 0.000000 0.000000 0.000000 0.000000
4.958835 0.640274 1.699204 -0.064027 0.495884 0.000000 0.000000 0.000000 0.000000 0.000000
4.955572 0.665060 1.704204 -0.066506 0.495557 0.000000 0.000000 0.000000 0.000000 0.000000
4.952185 0.689829 1.709204 -0.068983 0.495218 0.000000 0.000000 0.000000 0.000000 0.000000
4.948674 0.714582 1.714204 -0.071458 0.494867 0.000000 0.000000 0.000000 0.000000 0.000000
4.945039 0.739316 1.719204 -0.073932 0.494504 0.000000 0.000000 0.000000 0.000000 0.000000
4.941281 0.764032 1.724204 -0.076403 0.494128 0.000000 0.000000 0.000000 0.000000 0.000000
4.937399 0.788728 1.729204 -0.078873 0.493740 0.000000 0.000000 0.000000 0.000000 0.000000
4.933394 0.813406 1.734204 -0.081341 0.493339 0.000000 0.000000 0.000000 0.000000 0.000000
4.929265 0.838062 1.739204 -0.083806 0.492926 0.000000 0.000000 0.000000 0.000000 0.000000
4.925013 0.862698 1.744204 -0.086270 0.492501 0.000000 0.000000 0.000000 0.000000 0.000000
4.920638 0.887312 1.749204 -0.088731 0.492064 0.000000 0.000000 0.000000 0.000000 0.000000
4.916140 0.911904 1.754204 -0.091190 0.491614 0.000000 0.000000 0.000000 0.000000 0.000000
4.911519 0.936473 1.759204 -0.093647 0.491152 0.000000 0.000000 0.000000 0.000000 0.000000
4.906775 0.961019 1.764204 -0.096102 0.490678 0.000000 0.000000 0.000000 0.000000 0.000000
4.901909 0.985541 1.769204 -0.098554 0.490191 0.000000 0.000000 0.000000 0.000000 0.000000
4.896920 1.010038 1.774204 -0.101004 0.489692 0.000000 0.000000 0.000000 0.000000 0.000000
4.891808 1.034510 1.779204 -0.103451 0.489181 0.000000 0.000000 0.000000 0.000000 0.000000
4.886575 1.058956 1.784204 -0.105896 0.488657 0.000000 0.000000 0.000000 0.000000 0.000000
4.881219 1.083375 1.789204 -0.108338 0.488122 0.000000 0.000000 0.000000 0.000000 0.000000
4.875741 1.107768 1.794204 -0.110777 0.487574 0.000000 0.000000 0.000000 0.000000 0.000000
4.870141 1.132133 1.799204 -0.113213 0.487014 0.000000 0.000000 0.000000 0.000000 0.000000
4.864420 1.156469 1.804204 -0.115647 0.486442 0.000000 0.000000 0.000000 0.000000 0.000000
4.858577 1.180777 1.809204 -0.118078 0.485858 0.000000 0.000000 0.000000 0.000000 0.000000
4.852612 1.205055 1.814204 -0.120505 0.485261 0.000000 0.000000 0.000000 0.000000 0.000000
4.846526 1.229303 1.819204 -0.122930 0.484653 0.000000 0.000000 0.000000 0.000000 0.000000
4.840319 1.253520 1.824204 -0.125352 0.484032 0.000000 0.000000 0.000000 0.000000 0.000000
4.833991 1.277706 1.829204 -0.127771 0.483399 0.000000 0.000000 0.000000 0.000000 0.000000
4.827542 1.301859 1.834204 -0.130186 0.482754 0.000000 0.000000 0.000000 0.000000 0.000000
4.820972 1.325981 1.839204 -0.132598 0.482097 0.000000 0.000000 0.000000 0.000000 0.000000
4.814282 1.350069 1.844204 -0.135007 0.481428 0.000000 0.000000 0.000000 0.000000 0.000000
4.807472 1.374123 1.849204 -0.137412 0.480747 0.000000 0.000000 0.000000 0.000000 0.000000
4.800541 1.398143 1.854204 -0.139814 0.480054 0.000000 0.000000 0.000000 0.000000 0.000000
4.793490 1.422129 1.859204 -0.142213 0.479349 0.000000 0.000000 0.000000 0.000000 0.000000
4.786320 1.446078 1.864204 -0.144608 0.478632 0.000000 0.000000 0.000000 0.000000 0.000000
4.779030 1.469992 1.869204 -0.146999 0.477903 0.000000 0.000000 0.000000 0.000000 0.000000
4.771620 1.493868 1.874204 -0.149387 0.477162 0.000000 0.000000 0.000000 0.000000 0.000000
4.764091 1.517708 1.879204 -0.151771 0.476409 0.000000 0.000000 0.000000 0.000000 0.000000
4.756443 1.541509 1.884204 -0.154151 0.475644 0.000000 0.000000 0.000000 0.000000 0.000000
4.748676 1.565272 1.889204 -0.156527 0.474868 0.000000 0.000000 0.000000 0.000000 0.000000
4.740790 1.588996 1.894204 -0.158900 0.474079 0.000000 0.000000 0.000000 0.000000 0.000000
4.732786 1.612680 1.899204 -0.161268 0.473279 0.000000 0.000000 0.000000 0.000000 0.000000
4.724664 1.636323 1.904204 -0.163632 0.472466 0.000000 0.000000 0.000000 0.000000 0.000000
4.716423 1.659926 1.909204 -0.165993 0.471642 0.000000 0.000000 0.000000 0.000000 0.000000
4.708064 1.683487 1.914204 -0.168349 0.470806 0.000000 0.000000 0.000000 0.000000 0.000000
4.699588 1.707006 1.919204 -0.170701 0.469959 0.000000 0.000000 0.000000 0.000000 0.000000
4.690994 1.730483 1.924204 -0.173048 0.469099 0.000000 0.000000 0.000000 0.000000 0.000000
4.682283 1.753916 1.929204 -0.175392 0.468228 0.000000 0.000000 0.000000 0.000000 0.000000
4.673455 1.777306 1.934204 -0.177731 0.467346 0.000000 0.000000 0.000000 0.000000 0.000000
4.664510 1.800650 1.939204 -0.180065 0.466451 0.000000 0.000000 0.000000 0.000000 0.000000
4.655449 1.823950 1.944204 -0.182395 0.465545 0.000000 0.000000 0.000000 0.000000 0.000000
4.646271 1.847205 1.949204 -0.184720 0.464627 0.000000 0.000000 0.000000 0.000000 0.000000
4.636977 1.870413 1.954204 -0.187041 0.463698 0.000000 0.000000 0.000000 0.000000 0.000000
4.627567 1.893574 1.959204 -0.189357 0.462757 0.000000 0.000000 0.000000 0.000000 0.000000
4.618041 1.916688 1.964204 -0.191669 0.461804 0.000000 0.000000 0.000000 0.000000 0.000000
4.608400 1.939755 1.969204 -0.193975 0.460840 0.000000 0.000000 0.000000 0.000000 0.000000
4.598644 1.962772 1.974204 -0.196277 0.459864 0.000000 0.000000 0.000000 0.000000 0.000000
4.588773 1.985741 1.979204 -0.198574 0.458877 0.000000 0.000000 0.000000 0.000000 0.000000
4.578787 2.008660 1.984204 -0.200866 0.457879 0.000000 0.000000 0.000000 0.000000 0.000000
4.568686 2.031529 1.989204 -0.203153 0.456869 0.000000 0.000000 0.000000 0.000000 0.000000
4.558471 2.054346 1.994204 -0.205435 0.455847 0.000000 0.000000 0.000000 0.000000 0.000000
4.548143 2.077113 1.999204 -0.207711 0.454814 0.000000 0.000000 0.000000 0.000000 0.000000
4.537700 2.099828 2.004204 -0.209983 0.453770 0.000000 0.000000 0.000000 0.000000 0.000000
4.527144 2.122490 2.009204 -0.212249 0.452714 0.000000 0.000000 0.000000 0.000000 0.000000
4.516475 2.145099 2.014204 -0.214510 0.451648 0.000000 0.000000 0.000000 0.000000 0.000000
4.505694 2.167654 2.019204 -0.216765 0.450569 0.000000 0.000000 0.000000 0.000000 0.000000
4.494799 2.190156 2.024204 -0.219016 0.449480 0.000000 0.000000 0.000000 0.000000 0.000000
4.483792 2.212602 2.029204 -0.221260 0.448379 0.000000 0.000000 0.000000 0.000000 0.000000
4.472673 2.234993 2.034204 -0.223499 0.447267 0.000000 0.000000 0.000000 0.000000 0.000000
4.461442 2.257329 2.039204 -0.225733 0.446144 0.000000 0.000000 0.000000 0.000000 0.000000
4.450100 2.279608 2.044204 -0.227961 0.445010 0.000000 0.000000 0.000000 0.000000 0.000000
4.438646 2.301830 2.049204 -0.230183 0.443865 0.000000 0.000000 0.000000 0.000000 0.000000
4.427082 2.323994 2.054204 -0.232399 0.442708 0.000000 0.000000 0.000000 0.000000 0.000000
4.415406 2.346100 2.059204 -0.234610 0.441541 0.000000 0.000000 0.000000 0.000000 0.000000
4.403621 2.368148 2.064204 -0.236815 0.440362 0.000000 0.000000 0.000000 0.000000 0.000000
4.391725 2.390136 2.069204 -0.239014 0.439173 0.000000 0.000000 0.000000 0.000000 0.000000
4.379720 2.412065 2.074204 -0.241206 0.437972 0.000000 0.000000 0.000000 0.000000 0.000000
4.367604 2.433933 2.079204 -0.243393 0.436760 0.000000 0.000000 0.000000 0.000000 0.000000
4.355380 2.455741 2.084204 -0.245574 0.435538 0.000000 0.000000 0.000000 0.000000 0.000000
4.343047 2.477487 2.089204 -0.247749 0.434305 0.000000 0.000000 0.000000 0.000000 0.000000
4.330606 2.499171 2.094204 -0.249917 0.433061 0.000000 0.000000 0.000000 0.000000 0.000000
4.318056 2.520793 2.099204 -0.252079 0.431806 0.000000 0.000000 0.000000 0.000000 0.000000
4.305398 2.542351 2.104204 -0.254235 0.430540 0.000000 0.000000 0.000000 0.000000 0.000000
4.292632 2.563847 2.109204 -0.256385 0.429263 0.000000 0.000000 0.000000 0.000000 0.000000
4.279759 2.585278 2.114204 -0.258528 0.427976 0.000000 0.000000 0.000000 0.000000 0.000000
4.266780 2.606644 2.119204 -0.260664 0.426678 0.000000 0.000000 0.000000 0.000000 0.000000
4.253693 2.627945 2.124204 -0.262795 0.425369 0.000000 0.000000 0.000000 0.000000 0.000000
4.240500 2.649181 2.129204 -0.264918 0.424050 0.000000 0.000000 0.000000 0.000000 0.000000
4.227201 2.670350 2.134204 -0.267035 0.422720 0.000000 0.000000 0.000000 0.000000 0.000000
4.213797 2.691453 2.139204 -0.269145 0.421380 0.000000 0.000000 0.000000 0.000000 0.000000
4.200287 2.712488 2.144204 -0.271249 0.420029 0.000000 0.000000 0.000000 0.000000 0.000000
4.186672 2.733455 2.149204 -0.273346 0.418667 0.000000 0.000000 0.000000 0.000000 0.000000
4.172952 2.754354 2.154204 -0.275435 0.417295 0.000000 0.000000 0.000000 0.000000 0.000000
4.159129 2.775185 2.159204 -0.277518 0.415913 0.000000 0.000000 0.000000 0.000000 0.000000
4.145201 2.795945 2.164204 -0.279595 0.414520 0.000000 0.000000 0.000000 0.000000 0.000000
4.131169 2.816636 2.169204 -0.281664 0.413117 0.000000 0.000000 0.000000 0.000000 0.000000
4.117034 2.837257 2.174204 -0.283726 0.411703 0.000000 0.000000 0.000000 0.000000 0.000000
4.102797 2.857807 2.179204 -0.285781 0.410280 0.000000 0.000000 0.000000 0.000000 0.000000
4.088457 2.878285 2.184204 -0.287828 0.408846 0.000000 0.000000 0.000000 0.000000 0.000000
4.074014 2.898691 2.189204 -0.289869 0.407401 0.000000 0.000000 0.000000 0.000000 0.000000
4.059470 2.919025 2.194204 -0.291902 0.405947 0.000000 0.000000 0.000000 0.000000 0.000000
4.044824 2.939286 2.199204 -0.293929 0.404482 0.000000 0.000000 0.000000 0.000000 0.000000
4.030077 2.959473 2.204204 -0.295947 0.403008 0.000000 0.000000 0.000000 0.000000 0.000000
4.015229 2.979586 2.209204 -0.297959 0.401523 0.000000 0.000000 0.000000 0.000000 0.000000
4.000281 2.999625 2.214204 -0.299962 0.400028 0.000000 0.000000 0.000000 0.000000 0.000000
3.985233 3.019589 2.219204 -0.301959 0.398523 0.000000 0.000000 0.000000 0.000000 0.000000
3.970086 3.039477 2.224204 -0.303948 0.397009 0.000000 0.000000 0.000000 0.000000 0.000000
3.954839 3.059289 2.229204 -0.305929 0.395484 0.000000 0.000000 0.000000 0.000000 0.000000
3.939493 3.079025 2.234204 -0.307903 0.393949 0.000000 0.000000 0.000000 0.000000 0.000000
3.924048 3.098684 2.239204 -0.309868 0.392405 0.000000 0.000000 0.000000 0.000000 0.000000
3.908506 3.118266 2.244204 -0.311827 0.390851 0.000000 0.000000 0.000000 0.000000 0.000000
3.892866 3.137769 2.249204 -0.313777 0.389287 0.000000 0.000000 0.000000 0.000000 0.000000
3.877128 3.157194 2.254204 -0.315719 0.387713 0.000000 0.000000 0.000000 0.000000 0.000000
3.861294 3.176540 2.259204 -0.317654 0.386129 0.000000 0.000000 0.000000 0.000000 0.000000
3.845363 3.195807 2.264204 -0.319581 0.384536 0.000000 0.000000 0.000000 0.000000 0.000000
3.829336 3.214994 2.269204 -0.321499 0.382934 0.000000 0.000000 0.000000 0.000000 0.000000
3.813213 3.234100 2.274204 -0.323410 0.381321 0.000000 0.000000 0.000000 0.000000 0.000000
3.796995 3.253126 2.279204 -0.325313 0.379700 0.000000 0.000000 0.000000 0.000000 0.000000
3.780682 3.272070 2.284204 -0.327207 0.378068 0.000000 0.000000 0.000000 0.000000 0.000000
3.764275 3.290932 2.289204 -0.329093 0.376427 0.000000 0.000000 0.000000 0.000000 0.000000
3.747773 3.309713 2.294204 -0.330971 0.374777 0.000000 0.000000 0.000000 0.000000 0.000000
3.731178 3.328410 2.299204 -0.332841 0.373118 0.000000 0.000000 0.000000 0.000000 0.000000
3.714489 3.347024 2.304204 -0.334702 0.371449 0.000000 0.000000 0.000000 0.000000 0.000000
3.697708 3.365555 2.309204 -0.336555 0.369771 0.000000 0.000000 0.000000 0.000000 0.000000
3.680834 3.384001 2.314204 -0.338400 0.368083 0.000000 0.000000 0.000000 0.000000 0.000000
3.663868 3.402363 2.319204 -0.340236 0.366387 0.000000 0.000000 0.000000 0.000000 0.000000
3.646810 3.420640 2.324204 -0.342064 0.364681 0.000000 0.000000 0.000000 0.000000 0.000000
3.629662 3.438831 2.329204 -0.343883 0.362966 0.000000 0.000000 0.000000 0.000000 0.000000
3.612422 3.456936 2.334204 -0.345694 0.361242 0.000000 0.000000 0.000000 0.000000 0.000000
3.595092 3.474955 2.339204 -0.347495 0.359509 0.000000 0.000000 0.000000 0.000000 0.000000
3.577673 3.492887 2.344204 -0.349289 0.357767 0.000000 0.000000 0.000000 0.000000 0.000000
3.560164 3.510731 2.349204 -0.351073 0.356016 0.000000 0.000000 0.000000 0.000000 0.000000
3.542565 3.528488 2.354204 -0.352849 0.354257 0.000000 0.000000 0.000000 0.000000 0.000000
3.524879 3.546157 2.359204 -0.354616 0.352488 0.000000 0.000000 0.000000 0.000000 0.000000
3.507104 3.563737 2.364204 -0.356374 0.350710 0.000000 0.000000 0.000000 0.000000 0.000000
3.489242 3.581228 2.369204 -0.358123 0.348924 0.000000 0.000000 0.000000 0.000000 0.000000
3.471292 3.598629 2.374204 -0.359863 0.347129 0.000000 0.000000 0.000000 0.000000 0.000000
3.453255 3.615941 2.379204 -0.361594 0.345326 0.000000 0.000000 0.000000 0.000000 0.000000
3.435133 3.633162 2.384204 -0.363316 0.343513 0.000000 0.000000 0.000000 0.000000 0.000000
3.416924 3.650292 2.389204 -0.365029 0.341692 0.000000 0.000000 0.000000 0.000000 0.000000
3.398630 3.667331 2.394204 -0.366733 0.339863 0.000000 0.000000 0.000000 0.000000 0.000000
3.380251 3.684278 2.399204 -0.368428 0.338025 0.000000 0.000000 0.000000 0.000000 0.000000
3.361787 3.701133 2.404204 -0.370113 0.336179 0.000000 0.000000 0.000000 0.000000 0.000000
3.343240 3.717896 2.409204 -0.371790 0.334324 0.000000 0.000000 0.000000 0.000000 0.000000
3.324608 3.734565 2.414204 -0.373457 0.332461 0.000000 0.000000 0.000000 0.000000 0.000000
3.305894 3.751142 2.419204 -0.375114 0.330589 0.000000 0.000000 0.000000 0.000000 0.000000
3.287097 3.767624 2.424204 -0.376762 0.328710 0.000000 0.000000 0.000000 0.000000 0.000000
3.268218 3.784012 2.429204 -0.378401 0.326822 0.000000 0.000000 0.000000 0.000000 0.000000
3.249257 3.800306 2.434204 -0.380031 0.324926 0.000000 0.000000 0.000000 0.000000 0.000000
3.230215 3.816505 2.439204 -0.381650 0.323022 0.000000 0.000000 0.000000 0.000000 0.000000
3.211092 3.832608 2.444204 -0.383261 0.321109 0.000000 0.000000 0.000000 0.000000 0.000000
3.191889 3.848616 2.449204 -0.384862 0.319189 0.000000 0.000000 0.000000 0.000000 0.000000
3.172606 3.864527 2.454204 -0.386453 0.317261 0.000000 0.000000 0.000000 0.000000 0.000000
3.153244 3.880342 2.459204 -0.388034 0.315324 0.000000 0.000000 0.000000 0.000000 0.000000
3.133803 3.896059 2.464204 -0.389606 0.313380 0.000000 0.000000 0.000000 0.000000 0.000000
3.114284 3.911680 2.469204 -0.391168 0.311428 0.000000 0.000000 0.000000 0.000000 0.000000
3.094686 3.927202 2.474204 -0.392720 0.309469 0.000000 0.000000 0.000000 0.000000 0.000000
3.075012 3.942626 2.479204 -0.394263 0.307501 0.000000 0.000000 0.000000 0.000000 0.000000
3.055260 3.957952 2.484204 -0.395795 0.305526 0.000000 0.000000 0.000000 0.000000 0.000000
3.035433 3.973179 2.489204 -0.397318 0.303543 0.000000 0.000000 0.000000 0.000000 0.000000
3.015529 3.988306 2.494204 -0.398831 0.301553 0.000000 0.000000 0.000000 0.000000 0.000000
2.995550 4.003334 2.499204 -0.400333 0.299555 0.000000 0.000000 0.000000 0.000000 0.000000
2.975496 4.018262 2.504204 -0.401826 0.297550 0.000000 0.000000 0.000000 0.000000 0.000000
2.955367 4.033089 2.509204 -0.403309 0.295537 0.000000 0.000000 0.000000 0.000000 0.000000
2.935165 4.047815 2.514204 -0.404782 0.293516 0.000000 0.000000 0.000000 0.000000 0.000000
2.914889 4.062440 2.519204 -0.406244 0.291489 0.000000 0.000000 0.000000 0.000000 0.000000
2.894541 4.076964 2.524204 -0.407696 0.289454 0.000000 0.000000 0.000000 0.000000 0.000000
2.874120 4.091386 2.529204 -0.409139 0.287412 0.000000 0.000000 0.000000 0.000000 0.000000
2.853627 4.105705 2.534204 -0.410570 0.285363 0.000000 0.000000 0.000000 0.000000 0.000000
2.833063 4.119922 2.539204 -0.411992 0.283306 0.000000 0.000000 0.000000 0.000000 0.000000
2.812428 4.134035 2.544204 -0.413404 0.281243 0.000000 0.000000 0.000000 0.000000 0.000000
2.791723 4.148046 2.549204 -0.414805 0.279172 0.000000 0.000000 0.000000 0.000000 0.000000
2.770948 4.161953 2.554204 -0.416195 0.277095 0.000000 0.000000 0.000000 0.000000 0.000000
2.750103 4.175755 2.559204 -0.417576 0.275010 0.000000 0.000000 0.000000 0.000000 0.000000
2.729190 4.189453 2.564204 -0.418945 0.272919 0.000000 0.000000 0.000000 0.000000 0.000000
2.708209 4.203047 2.569204 -0.420305 0.270821 0.000000 0.000000 0.000000 0.000000 0.000000
2.687160 4.216535 2.574204 -0.421654 0.268716 0.000000 0.000000 0.000000 0.000000 0.000000
2.666044 4.229919 2.579204 -0.422992 0.266604 0.000000 0.000000 0.000000 0.000000 0.000000
2.644861 4.243196 2.584204 -0.424320 0.264486 0.000000 0.000000 0.000000 0.000000 0.000000
2.623612 4.256367 2.589204 -0.425637 0.262361 0.000000 0.000000 0.000000 0.000000 0.000000
2.602297 4.269432 2.594204 -0.426943 0.260230 0.000000 0.000000 0.000000 0.000000 0.000000
2.580918 4.282390 2.599204 -0.428239 0.258092 0.000000 0.000000 0.000000 0.000000 0.000000
2.559474 4.295241 2.604204 -0.429524 0.255947 0.000000 0.000000 0.000000 0.000000 0.000000
2.537966 4.307985 2.609204 -0.430798 0.253797 0.000000 0.000000 0.000000 0.000000 0.000000
2.516394 4.320620 2.614204 -0.432062 0.251639 0.000000 0.000000 0.000000 0.000000 0.000000
2.494760 4.333148 2.619204 -0.433315 0.249476 0.000000 0.000000 0.000000 0.000000 0.000000
2.473063 4.345568 2.624204 -0.434557 0.247306 0.000000 0.000000 0.000000 0.000000 0.000000
2.451304 4.357879 2.629204 -0.435788 0.245130 0.000000 0.000000 0.000000 0.000000 0.000000
2.429484 4.370081 2.634204 -0.437008 0.242948 0.000000 0.000000 0.000000 0.000000 0.000000
2.407603 4.382174 2.639204 -0.438217 0.240760 0.000000 0.000000 0.000000 0.000000 0.000000
2.385663 4.394157 2.644204 -0.439416 0.238566 0.000000 0.000000 0.000000 0.000000 0.000000
2.363662 4.406030 2.649204 -0.440603 0.236366 0.000000 0.000000 0.000000 0.000000 0.000000
2.341602 4.417793 2.654204 -0.441779 0.234160 0.000000 0.000000 0.000000 0.000000 0.000000
2.319484 4.429446 2.659204 -0.442945 0.231948 0.000000 0.000000 0.000000 0.000000 0.000000
2.297308 4.440988 2.664204 -0.444099 0.229731 0.000000 0.000000 0.000000 0.000000 0.000000
2.275075 4.452419 2.669204 -0.445242 0.227507 0.000000 0.000000 0.000000 0.000000 0.000000
2.252784 4.463739 2.674204 -0.446374 0.225278 0.000000 0.000000 0.000000 0.000000 0.000000
2.230437 4.474947 2.679204 -0.447495 0.223044 0.000000 0.000000 0.000000 0.000000 0.000000
2.208035 4.486043 2.684204 -0.448604 0.220803 0.000000 0.000000 0.000000 0.000000 0.000000
2.185577 4.497027 2.689204 -0.449703 0.218558 0.000000 0.000000 0.000000 0.000000 0.000000
2.163065 4.507899 2.694204 -0.450790 0.216306 0.000000 0.000000 0.000000 0.000000 0.000000
2.140498 4.518658 2.699204 -0.451866 0.214050 0.000000 0.000000 0.000000 0.000000 0.000000
2.117878 4.529304 2.704204 -0.452930 0.211788 0.000000 0.000000 0.000000 0.000000 0.000000
2.095206 4.539836 2.709204 -0.453984 0.209521 0.000000 0.000000 0.000000 0.000000 0.000000
2.072480 4.550256 2.714204 -0.455026 0.207248 0.000000 0.000000 0.000000 0.000000 0.000000
2.049703 4.560561 2.719204 -0.456056 0.204970 0.000000 0.000000 0.000000 0.000000 0.000000
2.026875 4.570752 2.724204 -0.457075 0.202687 0.000000 0.000000 0.000000 0.000000 0.000000
2.003996 4.580830 2.729204 -0.458083 0.200400 0.000000 0.000000 0.000000 0.000000 0.000000
1.981067 4.590792 2.734204 -0.459079 0.198107 0.000000 0.000000 0.000000 0.000000 0.000000
1.958088 4.600640 2.739204 -0.460064 0.195809 0.000000 0.000000 0.000000 0.000000 0.000000
1.935061 4.610373 2.744204 -0.461037 0.193506 0.000000 0.000000 0.000000 0.000000 0.000000
1.911985 4.619991 2.749204 -0.461999 0.191198 0.000000 0.000000 0.000000 0.000000 0.000000
1.888861 4.629493 2.754204 -0.462949 0.188886 0.000000 0.000000 0.000000 0.000000 0.000000
1.865690 4.638879 2.759204 -0.463888 0.186569 0.000000 0.000000 0.000000 0.000000 0.000000
1.842472 4.648150 2.764204 -0.464815 0.184247 0.000000 0.000000 0.000000 0.000000 0.000000
1.819209 4.657304 2.769204 -0.465730 0.181921 0.000000 0.000000 0.000000 0.000000 0.000000
1.795899 4.666342 2.774204 -0.466634 0.179590 0.000000 0.000000 0.000000 0.000000 0.000000
1.772545 4.675263 2.779204 -0.467526 0.177255 0.000000 0.000000 0.000000 0.000000 0.000000
1.749147 4.684067 2.784204 -0.468407 0.174915 0.000000 0.000000 0.000000 0.000000 0.000000
1.725705 4.692754 2.789204 -0.469275 0.172570 0.000000 0.000000 0.000000 0.000000 0.000000
1.702220 4.701324 2.794204 -0.470132 0.170222 0.000000 0.000000 0.000000 0.000000 0.000000
1.678692 4.709776 2.799204 -0.470978 0.167869 0.000000 0.000000 0.000000 0.000000 0.000000
1.655122 4.718111 2.804204 -0.471811 0.165512 0.000000 0.000000 0.000000 0.000000 0.000000
1.631511 4.726328 2.809204 -0.472633 0.163151 0.000000 0.000000 0.000000 0.000000 0.000000
1.607859 4.734426 2.814204 -0.473443 0.160786 0.000000 0.000000 0.000000 0.000000 0.000000
1.584167 4.742406 2.819204 -0.474241 0.158417 0.000000 0.000000 0.000000 0.000000 0.000000
1.560435 4.750268 2.824204 -0.475027 0.156044 0.000000 0.000000 0.000000 0.000000 0.000000
1.536664 4.758010 2.829204 -0.475801 0.153666 0.000000 0.000000 0.000000 0.000000 0.000000
1.512855 4.765634 2.834204 -0.476563 0.151286 0.000000 0.000000 0.000000 0.000000 0.000000
1.489008 4.773139 2.839204 -0.477314 0.148901 0.000000 0.000000 0.000000 0.000000 0.000000
1.465124 4.780524 2.844204 -0.478052 0.146512 0.000000 0.000000 0.000000 0.000000 0.000000
1.441203 4.787790 2.849204 -0.478779 0.144120 0.000000 0.000000 0.000000 0.000000 0.000000
1.417246 4.794936 2.854204 -0.479494 0.141725 0.000000 0.000000 0.000000 0.000000 0.000000
1.393254 4.801962 2.859204 -0.480196 0.139325 0.000000 0.000000 0.000000 0.000000 0.000000
1.369227 4.808869 2.864204 -0.480887 0.136923 0.000000 0.000000 0.000000 0.000000 0.000000
1.345166 4.815655 2.869204 -0.481565 0.134517 0.000000 0.000000 0.000000 0.000000 0.000000
1.321071 4.822320 2.874204 -0.482232 0.132107 0.000000 0.000000 0.000000 0.000000 0.000000
1.296943 4.828865 2.879204 -0.482887 0.129694 0.000000 0.000000 0.000000 0.000000 0.000000
1.272782 4.835290 2.884204 -0.483529 0.127278 0.000000 0.000000 0.000000 0.000000 0.000000
1.248590 4.841593 2.889204 -0.484159 0.124859 0.000000 0.000000 0.000000 0.000000 0.000000
1.224366 4.847775 2.894204 -0.484778 0.122437 0.000000 0.000000 0.000000 0.000000 0.000000
1.200112 4.853837 2.899204 -0.485384 0.120011 0.000000 0.000000 0.000000 0.000000 0.000000
1.175828 4.859777 2.904204 -0.485978 0.117583 0.000000 0.000000 0.000000 0.000000 0.000000
1.151515 4.865595 2.909204 -0.486559 0.115151 0.000000 0.000000 0.000000 0.000000 0.000000
1.127172 4.871292 2.914204 -0.487129 0.112717 0.000000 0.000000 0.000000 0.000000 0.000000
1.102802 4.876867 2.919204 -0.487687 0.110280 0.000000 0.000000 0.000000 0.000000 0.000000
1.078404 4.882320 2.924204 -0.488232 0.107840 0.000000 0.000000 0.000000 0.000000 0.000000
1.053979 4.887651 2.929204 -0.488765 0.105398 0.000000 0.000000 0.000000 0.000000 0.000000
1.029528 4.892859 2.934204 -0.489286 0.102953 0.000000 0.000000 0.000000 0.000000 0.000000
1.005051 4.897946 2.939204 -0.489795 0.100505 0.000000 0.000000 0.000000 0.000000 0.000000
0.980548 4.902910 2.944204 -0.490291 0.098055 0.000000 0.000000 0.000000 0.000000 0.000000
0.956022 4.907751 2.949204 -0.490775 0.095602 0.000000 0.000000 0.000000 0.000000 0.000000
0.931471 4.912470 2.954204 -0.491247 0.093147 0.000000 0.000000 0.000000 0.000000 0.000000
0.906897 4.917066 2.959204 -0.491707 0.090690 0.000000 0.000000 0.000000 0.000000 0.000000
0.882301 4.921539 2.964204 -0.492154 0.088230 0.000000 0.000000 0.000000 0.000000 0.000000
0.857682 4.925889 2.969204 -0.492589 0.085768 0.000000 0.000000 0.000000 0.000000 0.000000
0.833042 4.930116 2.974204 -0.493012 0.083304 0.000000 0.000000 0.000000 0.000000 0.000000
0.808381 4.934219 2.979204 -0.493422 0.080838 0.000000 0.000000 0.000000 0.000000 0.000000
0.783700 4.938200 2.984204 -0.493820 0.078370 0.000000 0.000000 0.000000 0.000000 0.000000
0.758999 4.942056 2.989204 -0.494206 0.075900 0.000000 0.000000 0.000000 0.000000 0.000000
0.734280 4.945789 2.994204 -0.494579 0.073428 0.000000 0.000000 0.000000 0.000000 0.000000
0.709542 4.949399 2.999204 -0.494940 0.070954 0.000000 0.000000 0.000000 0.000000 0.000000
0.684786 4.952885 3.004204 -0.495288 0.068479 0.000000 0.000000 0.000000 0.000000 0.000000
0.660013 4.956247 3.009204 -0.495625 0.066001 0.000000 0.000000 0.000000 0.000000 0.000000
0.635224 4.959485 3.014204 -0.495948 0.063522 0.000000 0.000000 0.000000 0.000000 0.000000
0.610418 4.962599 3.019204 -0.496260 0.061042 0.000000 0.000000 0.000000 0.000000 0.000000
0.585598 4.965589 3.024204 -0.496559 0.058560 0.000000 0.000000 0.000000 0.000000 0.000000
0.560763 4.968455 3.029204 -0.496846 0.056076 0.000000 0.000000 0.000000 0.000000 0.000000
0.535913 4.971197 3.034204 -0.497120 0.053591 0.000000 0.000000 0.000000 0.000000 0.000000
0.511051 4.973814 3.039204 -0.497381 0.051105 0.000000 0.000000 0.000000 0.000000 0.000000
0.486176 4.976307 3.044204 -0.497631 0.048618 0.000000 0.000000 0.000000 0.000000 0.000000
0.461288 4.978676 3.049204 -0.497868 0.046129 0.000000 0.000000 0.000000 0.000000 0.000000
0.436389 4.980920 3.054204 -0.498092 0.043639 0.000000 0.000000 0.000000 0.000000 0.000000
0.411479 4.983040 3.059204 -0.498304 0.041148 0.000000 0.000000 0.000000 0.000000 0.000000
0.386559 4.985035 3.064204 -0.498503 0.038656 0.000000 0.000000 0.000000 0.000000 0.000000
0.361629 4.986905 3.069204 -0.498691 0.036163 0.000000 0.000000 0.000000 0.000000 0.000000
0.336690 4.988651 3.074204 -0.498865 0.033669 0.000000 0.000000 0.000000 0.000000 0.000000
0.311743 4.990272 3.079204 -0.499027 0.031174 0.000000 0.000000 0.000000 0.000000 0.000000
0.286787 4.991769 3.084204 -0.499177 0.028679 0.000000 0.000000 0.000000 0.000000 0.000000
0.261825 4.993140 3.089204 -0.499314 0.026183 0.000000 0.000000 0.000000 0.000000 0.000000
0.236856 4.994387 3.094204 -0.499439 0.023686 0.000000 0.000000 0.000000 0.000000 0.000000
0.211881 4.995509 3.099204 -0.499551 0.021188 0.000000 0.000000 0.000000 0.000000 0.000000
0.186901 4.996506 3.104204 -0.499651 0.018690 0.000000 0.000000 0.000000 0.000000 0.000000
0.161917 4.997378 3.109204 -0.499738 0.016192 0.000000 0.000000 0.000000 0.000000 0.000000
0.136928 4.998125 3.114204 -0.499812 0.013693 0.000000 0.000000 0.000000 0.000000 0.000000
0.111936 4.998747 3.119204 -0.499875 0.011194 0.000000 0.000000 0.000000 0.000000 0.000000
0.086941 4.999244 3.124204 -0.499924 0.008694 0.000000 0.000000 0.000000 0.000000 0.000000
0.061943 4.999616 3.129204 -0.499962 0.006194 0.000000 0.000000 0.000000 0.000000 0.000000
0.036945 4.999864 3.134204 -0.499986 0.003694 0.000000 0.000000 0.000000 0.000000 0.000000
0.011945 4.999986 3.139204 -0.499999 0.001194 0.000000 0.000000 0.000000 0.000000 0.000000
-0.013055 4.999983 3.144204 -0.499998 -0.001306 0.000000 0.000000 0.000000 0.000000 0.000000
-0.038055 4.999855 3.149204 -0.499986 -0.003805 0.000000 0.000000 0.000000 0.000000 0.000000
-0.063053 4.999602 3.154204 -0.499960 -0.006305 0.000000 0.000000 0.000000 0.000000 0.000000
-0.088051 4.999225 3.159204 -0.499922 -0.008805 0.000000 0.000000 0.000000 0.000000 0.000000
-0.113045 4.998722 3.164204 -0.499872 -0.011305 0.000000 0.000000 0.000000 0.000000 0.000000
-0.138038 4.998094 3.169204 -0.499809 -0.013804 0.000000 0.000000 0.000000 0.000000 0.000000
-0.163026 4.997342 3.174204 -0.499734 -0.016303 0.000000 0.000000 0.000000 0.000000 0.000000
-0.188011 4.996464 3.179204 -0.499646 -0.018801 0.000000 0.000000 0.000000 0.000000 0.000000
-0.212991 4.995461 3.184204 -0.499546 -0.021299 0.000000 0.000000 0.000000 0.000000 0.000000
-0.237965 4.994334 3.189204 -0.499433 -0.023797 0.000000 0.000000 0.000000 0.000000 0.000000
-0.262934 4.993082 3.194204 -0.499308 -0.026293 0.000000 0.000000 0.000000 0.000000 0.000000
-0.287896 4.991705 3.199204 -0.499170 -0.028790 0.000000 0.000000 0.000000 0.000000 0.000000
-0.312851 4.990203 3.204204 -0.499020 -0.031285 0.000000 0.000000 0.000000 0.000000 0.000000
-0.337798 4.988576 3.209204 -0.498858 -0.033780 0.000000 0.000000 0.000000 0.000000 0.000000
-0.362736 4.986825 3.214204 -0.498682 -0.036274 0.000000 0.000000 0.000000 0.000000 0.000000
-0.387666 4.984949 3.219204 -0.498495 -0.038767 0.000000 0.000000 0.000000 0.000000 0.000000
-0.412585 4.982948 3.224204 -0.498295 -0.041259 0.000000 0.000000 0.000000 0.000000 0.000000
-0.437495 4.980823 3.229204 -0.498082 -0.043749 0.000000 0.000000 0.000000 0.000000 0.000000
-0.462393 4.978573 3.234204 -0.497857 -0.046239 0.000000 0.000000 0.000000 0.000000 0.000000
-0.487280 4.976199 3.239204 -0.497620 -0.048728 0.000000 0.000000 0.000000 0.000000 0.000000
-0.512155 4.973701 3.244204 -0.497370 -0.051216 0.000000 0.000000 0.000000 0.000000 0.000000
-0.537017 4.971078 3.249204 -0.497108 -0.053702 0.000000 0.000000 0.000000 0.000000 0.000000
-0.561866 4.968330 3.254204 -0.496833 -0.056187 0.000000 0.000000 0.000000 0.000000 0.000000
-0.586700 4.965459 3.259204 -0.496546 -0.058670 0.000000 0.000000 0.000000 0.000000 0.000000
-0.611520 4.962463 3.264204 -0.496246 -0.061152 0.000000 0.000000 0.000000 0.000000 0.000000
-0.636325 4.959344 3.269204 -0.495934 -0.063632 0.000000 0.000000 0.000000 0.000000 0.000000
-0.661113 4.956100 3.274204 -0.495610 -0.066111 0.000000 0.000000 0.000000 0.000000 0.000000
-0.685886 4.952733 3.279204 -0.495273 -0.068589 0.000000 0.000000 0.000000 0.000000 0.000000
-0.710641 4.949241 3.284204 -0.494924 -0.071064 0.000000 0.000000 0.000000 0.000000 0.000000
-0.735378 4.945626 3.289204 -0.494563 -0.073538 0.000000 0.000000 0.000000 0.000000 0.000000
-0.760097 4.941888 3.294204 -0.494189 -0.076010 0.000000 0.000000 0.000000 0.000000 0.000000
-0.784796 4.938025 3.299204 -0.493803 -0.078480 0.000000 0.000000 0.000000 0.000000 0.000000
-0.809477 4.934040 3.304204 -0.493404 -0.080948 0.000000 0.000000 0.000000 0.000000 0.000000
-0.834137 4.929931 3.309204 -0.492993 -0.083414 0.000000 0.000000 0.000000 0.000000 0.000000
-0.858776 4.925698 3.314204 -0.492570 -0.085878 0.000000 0.000000 0.000000 0.000000 0.000000
-0.883393 4.921343 3.319204 -0.492134 -0.088339 0.000000 0.000000 0.000000 0.000000 0.000000
-0.907989 4.916864 3.324204 -0.491686 -0.090799 0.000000 0.000000 0.000000 0.000000 0.000000
-0.932562 4.912263 3.329204 -0.491226 -0.093256 0.000000 0.000000 0.000000 0.000000 0.000000
-0.957111 4.907539 3.334204 -0.490754 -0.095711 0.000000 0.000000 0.000000 0.000000 0.000000
-0.981637 4.902692 3.339204 -0.490269 -0.098164 0.000000 0.000000 0.000000 0.000000 0.000000
-1.006138 4.897723 3.344204 -0.489772 -0.100614 0.000000 0.000000 0.000000 0.000000 0.000000
-1.030614 4.892631 3.349204 -0.489263 -0.103061 0.000000 0.000000 0.000000 0.000000 0.000000
-1.055064 4.887416 3.354204 -0.488742 -0.105506 0.000000 0.000000 0.000000 0.000000 0.000000
-1.079488 4.882080 3.359204 -0.488208 -0.107949 0.000000 0.000000 0.000000 0.000000 0.000000
-1.103885 4.876622 3.364204 -0.487662 -0.110388 0.000000 0.000000 0.000000 0.000000 0.000000
-1.128254 4.871041 3.369204 -0.487104 -0.112825 0.000000 0.000000 0.000000 0.000000 0.000000
-1.152595 4.865339 3.374204 -0.486534 -0.115260 0.000000 0.000000 0.000000 0.000000 0.000000
-1.176907 4.859515 3.379204 -0.485952 -0.117691 0.000000 0.000000 0.000000 0.000000 0.000000
-1.201190 4.853570 3.384204 -0.485357 -0.120119 0.000000 0.000000 0.000000 0.000000 0.000000
-1.225443 4.847503 3.389204 -0.484750 -0.122544 0.000000 0.000000 0.000000 0.000000 0.000000
-1.249665 4.841316 3.394204 -0.484132 -0.124966 0.000000 0.000000 0.000000 0.000000 0.000000
-1.273856 4.835007 3.399204 -0.483501 -0.127386 0.000000 0.000000 0.000000 0.000000 0.000000
-1.298015 4.828577 3.404204 -0.482858 -0.129801 0.000000 0.000000 0.000000 0.000000 0.000000
-1.322141 4.822027 3.409204 -0.482203 -0.132214 0.000000 0.000000 0.000000 0.000000 0.000000
-1.346235 4.815356 3.414204 -0.481536 -0.134623 0.000000 0.000000 0.000000 0.000000 0.000000
-1.370295 4.808565 3.419204 -0.480856 -0.137029 0.000000 0.000000 0.000000 0.000000 0.000000
-1.394320 4.801653 3.424204 -0.480165 -0.139432 0.000000 0.000000 0.000000 0.000000 0.000000
-1.418311 4.794621 3.429204 -0.479462 -0.141831 0.000000 0.000000 0.000000 0.000000 0.000000
-1.442266 4.787470 3.434204 -0.478747 -0.144227 0.000000 0.000000 0.000000 0.000000 0.000000
-1.466185 4.780199 3.439204 -0.478020 -0.146619 0.000000 0.000000 0.000000 0.000000 0.000000
-1.490068 4.772808 3.444204 -0.477281 -0.149007 0.000000 0.000000 0.000000 0.000000 0.000000
-1.513913 4.765298 3.449204 -0.476530 -0.151391 0.000000 0.000000 0.000000 0.000000 0.000000
-1.537721 4.757669 3.454204 -0.475767 -0.153772 0.000000 0.000000 0.000000 0.000000 0.000000
-1.561490 4.749921 3.459204 -0.474992 -0.156149 0.000000 0.000000 0.000000 0.000000 0.000000
-1.585220 4.742054 3.464204 -0.474205 -0.158522 0.000000 0.000000 0.000000 0.000000 0.000000
-1.608910 4.734069 3.469204 -0.473407 -0.160891 0.000000 0.000000 0.000000 0.000000 0.000000
-1.632560 4.725965 3.474204 -0.472597 -0.163256 0.000000 0.000000 0.000000 0.000000 0.000000
-1.656170 4.717743 3.479204 -0.471774 -0.165617 0.000000 0.000000 0.000000 0.000000 0.000000
-1.679738 4.709404 3.484204 -0.470940 -0.167974 0.000000 0.000000 0.000000 0.000000 0.000000
-1.703263 4.700946 3.489204 -0.470095 -0.170326 0.000000 0.000000 0.000000 0.000000 0.000000
-1.726747 4.692371 3.494204 -0.469237 -0.172675 0.000000 0.000000 0.000000 0.000000 0.000000
-1.750187 4.683679 3.499204 -0.468368 -0.175019 0.000000 0.000000 0.000000 0.000000 0.000000
-1.773583 4.674869 3.504204 -0.467487 -0.177358 0.000000 0.000000 0.000000 0.000000 0.000000
-1.796935 4.665943 3.509204 -0.466594 -0.179694 0.000000 0.000000 0.000000 0.000000 0.000000
-1.820243 4.656900 3.514204 -0.465690 -0.182024 0.000000 0.000000 0.000000 0.000000 0.000000
-1.843504 4.647741 3.519204 -0.464774 -0.184350 0.000000 0.000000 0.000000 0.000000 0.000000
-1.866720 4.638465 3.524204 -0.463846 -0.186672 0.000000 0.000000 0.000000 0.000000 0.000000
-1.889889 4.629073 3.529204 -0.462907 -0.188989 0.000000 0.000000 0.000000 0.000000 0.000000
-1.913010 4.619566 3.534204 -0.461957 -0.191301 0.000000 0.000000 0.000000 0.000000 0.000000
-1.936084 4.609943 3.539204 -0.460994 -0.193608 0.000000 0.000000 0.000000 0.000000 0.000000
-1.959110 4.600205 3.544204 -0.460021 -0.195911 0.000000 0.000000 0.000000 0.000000 0.000000
-1.982086 4.590352 3.549204 -0.459035 -0.198209 0.000000 0.000000 0.000000 0.000000 0.000000
-2.005013 4.580385 3.554204 -0.458038 -0.200501 0.000000 0.000000 0.000000 0.000000 0.000000
-2.027890 4.570302 3.559204 -0.457030 -0.202789 0.000000 0.000000 0.000000 0.000000 0.000000
-2.050716 4.560106 3.564204 -0.456011 -0.205072 0.000000 0.000000 0.000000 0.000000 0.000000
-2.073491 4.549795 3.569204 -0.454980 -0.207349 0.000000 0.000000 0.000000 0.000000 0.000000
-2.096214 4.539371 3.574204 -0.453937 -0.209621 0.000000 0.000000 0.000000 0.000000 0.000000
-2.118884 4.528833 3.579204 -0.452883 -0.211888 0.000000 0.000000 0.000000 0.000000 0.000000
-2.141502 4.518182 3.584204 -0.451818 -0.214150 0.000000 0.000000 0.000000 0.000000 0.000000
-2.164066 4.507418 3.589204 -0.450742 -0.216407 0.000000 0.000000 0.000000 0.000000 0.000000
-2.186576 4.496542 3.594204 -0.449654 -0.218658 0.000000 0.000000 0.000000 0.000000 0.000000
-2.209031 4.485553 3.599204 -0.448555 -0.220903 0.000000 0.000000 0.000000 0.000000 0.000000
-2.231431 4.474451 3.604204 -0.447445 -0.223143 0.000000 0.000000 0.000000 0.000000 0.000000
-2.253775 4.463238 3.609204 -0.446324 -0.225378 0.000000 0.000000 0.000000 0.000000 0.000000
-2.276063 4.451914 3.614204 -0.445191 -0.227606 0.000000 0.000000 0.000000 0.000000 0.000000
-2.298294 4.440478 3.619204 -0.444048 -0.229829 0.000000 0.000000 0.000000 0.000000 0.000000
-2.320468 4.428931 3.624204 -0.442893 -0.232047 0.000000 0.000000 0.000000 0.000000 0.000000
-2.342583 4.417273 3.629204 -0.441727 -0.234258 0.000000 0.000000 0.000000 0.000000 0.000000
-2.364640 4.405505 3.634204 -0.440551 -0.236464 0.000000 0.000000 0.000000 0.000000 0.000000
-2.386638 4.393627 3.639204 -0.439363 -0.238664 0.000000 0.000000 0.000000 0.000000 0.000000
-2.408576 4.381639 3.644204 -0.438164 -0.240858 0.000000 0.000000 0.000000 0.000000 0.000000
-2.430454 4.369541 3.649204 -0.436954 -0.243045 0.000000 0.000000 0.000000 0.000000 0.000000
-2.452272 4.357334 3.654204 -0.435733 -0.245227 0.000000 0.000000 0.000000 0.000000 0.000000
-2.474028 4.345019 3.659204 -0.434502 -0.247403 0.000000 0.000000 0.000000 0.000000 0.000000
-2.495722 4.332594 3.664204 -0.433259 -0.249572 0.000000 0.000000 0.000000 0.000000 0.000000
-2.517353 4.320062 3.669204 -0.432006 -0.251735 0.000000 0.000000 0.000000 0.000000 0.000000
-2.538922 4.307421 3.674204 -0.430742 -0.253892 0.000000 0.000000 0.000000 0.000000 0.000000
-2.560427 4.294672 3.679204 -0.429467 -0.256043 0.000000 0.000000 0.000000 0.000000 0.000000
-2.581869 4.281817 3.684204 -0.428182 -0.258187 0.000000 0.000000 0.000000 0.000000 0.000000
-2.603245 4.268854 3.689204 -0.426885 -0.260325 0.000000 0.000000 0.000000 0.000000 0.000000
-2.624557 4.255784 3.694204 -0.425578 -0.262456 0.000000 0.000000 0.000000 0.000000 0.000000
-2.645803 4.242608 3.699204 -0.424261 -0.264580 0.000000 0.000000 0.000000 0.000000 0.000000
-2.666983 4.229326 3.704204 -0.422933 -0.266698 0.000000 0.000000 0.000000 0.000000 0.000000
-2.688096 4.215939 3.709204 -0.421594 -0.268810 0.000000 0.000000 0.000000 0.000000 0.000000
-2.709142 4.202446 3.714204 -0.420245 -0.270914 0.000000 0.000000 0.000000 0.000000 0.000000
-2.730120 4.188847 3.719204 -0.418885 -0.273012 0.000000 0.000000 0.000000 0.000000 0.000000
-2.751030 4.175144 3.724204 -0.417514 -0.275103 0.000000 0.000000 0.000000 0.000000 0.000000
-2.771872 4.161337 3.729204 -0.416134 -0.277187 0.000000 0.000000 0.000000 0.000000 0.000000
-2.792644 4.147426 3.734204 -0.414743 -0.279264 0.000000 0.000000 0.000000 0.000000 0.000000
-2.813346 4.133411 3.739204 -0.413341 -0.281335 0.000000 0.000000 0.000000 0.000000 0.000000
-2.833978 4.119293 3.744204 -0.411929 -0.283398 0.000000 0.000000 0.000000 0.000000 0.000000
-2.854539 4.105071 3.749204 -0.410507 -0.285454 0.000000 0.000000 0.000000 0.000000 0.000000
-2.875028 4.090747 3.754204 -0.409075 -0.287503 0.000000 0.000000 0.000000 0.000000 0.000000
-2.895446 4.076321 3.759204 -0.407632 -0.289545 0.000000 0.000000 0.000000 0.000000 0.000000
-2.915791 4.061793 3.764204 -0.406179 -0.291579 0.000000 0.000000 0.000000 0.000000 0.000000
-2.936064 4.047163 3.769204 -0.404716 -0.293606 0.000000 0.000000 0.000000 0.000000 0.000000
-2.956263 4.032432 3.774204 -0.403243 -0.295626 0.000000 0.000000 0.000000 0.000000 0.000000
-2.976388 4.017601 3.779204 -0.401760 -0.297639 0.000000 0.000000 0.000000 0.000000 0.000000
-2.996438 4.002669 3.784204 -0.400267 -0.299644 0.000000 0.000000 0.000000 0.000000 0.000000
-3.016414 3.987637 3.789204 -0.398764 -0.301641 0.000000 0.000000 0.000000 0.000000 0.000000
-3.036315 3.972505 3.794204 -0.397250 -0.303631 0.000000 0.000000 0.000000 0.000000 0.000000
-3.056139 3.957273 3.799204 -0.395727 -0.305614 0.000000 0.000000 0.000000 0.000000 0.000000
-3.075887 3.941943 3.804204 -0.394194 -0.307589 0.000000 0.000000 0.000000 0.000000 0.000000
-3.095558 3.926515 3.809204 -0.392651 -0.309556 0.000000 0.000000 0.000000 0.000000 0.000000
-3.115152 3.910988 3.814204 -0.391099 -0.311515 0.000000 0.000000 0.000000 0.000000 0.000000
-3.134668 3.895363 3.819204 -0.389536 -0.313467 0.000000 0.000000 0.000000 0.000000 0.000000
-3.154106 3.879641 3.824204 -0.387964 -0.315411 0.000000 0.000000 0.000000 0.000000 0.000000
-3.173464 3.863822 3.829204 -0.386382 -0.317346 0.000000 0.000000 0.000000 0.000000 0.000000
-3.192744 3.847907 3.834204 -0.384791 -0.319274 0.000000 0.000000 0.000000 0.000000 0.000000
-3.211943 3.831895 3.839204 -0.383190 -0.321194 0.000000 0.000000 0.000000 0.000000 0.000000
-3.231063 3.815788 3.844204 -0.381579 -0.323106 0.000000 0.000000 0.000000 0.000000 0.000000
-3.250101 3.799585 3.849204 -0.379958 -0.325010 0.000000 0.000000 0.000000 0.000000 0.000000
-3.269058 3.783287 3.854204 -0.378329 -0.326906 0.000000 0.000000 0.000000 0.000000 0.000000
-3.287934 3.766894 3.859204 -0.376689 -0.328793 0.000000 0.000000 0.000000 0.000000 0.000000
-3.306727 3.750408 3.864204 -0.375041 -0.330673 0.000000 0.000000 0.000000 0.000000 0.000000
-3.325438 3.733827 3.869204 -0.373383 -0.332544 0.000000 0.000000 0.000000 0.000000 0.000000
-3.344065 3.717153 3.874204 -0.371715 -0.334407 0.000000 0.000000 0.000000 0.000000 0.000000
-3.362609 3.700387 3.879204 -0.370039 -0.336261 0.000000 0.000000 0.000000 0.000000 0.000000
-3.381069 3.683527 3.884204 -0.368353 -0.338107 0.000000 0.000000 0.000000 0.000000 0.000000
-3.399444 3.666576 3.889204 -0.366658 -0.339944 0.000000 0.000000 0.000000 0.000000 0.000000
-3.417734 3.649533 3.894204 -0.364953 -0.341773 0.000000 0.000000 0.000000 0.000000 0.000000
-3.435939 3.632399 3.899204 -0.363240 -0.343594 0.000000 0.000000 0.000000 0.000000 0.000000
-3.454058 3.615174 3.904204 -0.361517 -0.345406 0.000000 0.000000 0.000000 0.000000 0.000000
-3.472091 3.597858 3.909204 -0.359786 -0.347209 0.000000 0.000000 0.000000 0.000000 0.000000
-3.490037 3.580453 3.914204 -0.358045 -0.349004 0.000000 0.000000 0.000000 0.000000 0.000000
-3.507895 3.562958 3.919204 -0.356296 -0.350790 0.000000 0.000000 0.000000 0.000000 0.000000
-3.525666 3.545374 3.924204 -0.354537 -0.352567 0.000000 0.000000 0.000000 0.000000 0.000000
-3.543349 3.527702 3.929204 -0.352770 -0.354335 0.000000 0.000000 0.000000 0.000000 0.000000
-3.560943 3.509941 3.934204 -0.350994 -0.356094 0.000000 0.000000 0.000000 0.000000 0.000000
-3.578448 3.492092 3.939204 -0.349209 -0.357845 0.000000 0.000000 0.000000 0.000000 0.000000
-3.595864 3.474157 3.944204 -0.347416 -0.359586 0.000000 0.000000 0.000000 0.000000 0.000000
-3.613190 3.456134 3.949204 -0.345613 -0.361319 0.000000 0.000000 0.000000 0.000000 0.000000
-3.630425 3.438025 3.954204 -0.343802 -0.363042 0.000000 0.000000 0.000000 0.000000 0.000000
-3.647570 3.419830 3.959204 -0.341983 -0.364757 0.000000 0.000000 0.000000 0.000000 0.000000
-3.664623 3.401549 3.964204 -0.340155 -0.366462 0.000000 0.000000 0.000000 0.000000 0.000000
-3.681585 3.383184 3.969204 -0.338318 -0.368159 0.000000 0.000000 0.000000 0.000000 0.000000
-3.698455 3.364734 3.974204 -0.336473 -0.369845 0.000000 0.000000 0.000000 0.000000 0.000000
-3.715232 3.346199 3.979204 -0.334620 -0.371523 0.000000 0.000000 0.000000 0.000000 0.000000
-3.731917 3.327581 3.984204 -0.332758 -0.373192 0.000000 0.000000 0.000000 0.000000 0.000000
-3.748508 3.308880 3.989204 -0.330888 -0.374851 0.000000 0.000000 0.000000 0.000000 0.000000
-3.765005 3.290096 3.994204 -0.329010 -0.376501 0.000000 0.000000 0.000000 0.000000 0.000000
-3.781409 3.271230 3.999204 -0.327123 -0.378141 0.000000 0.000000 0.000000 0.000000 0.000000
-3.797718 3.252283 4.004204 -0.325228 -0.379772 0.000000 0.000000 0.000000 0.000000 0.000000
-3.813931 3.233253 4.009204 -0.323325 -0.381393 0.000000 0.000000 0.000000 0.000000 0.000000
-3.830050 3.214143 4.014204 -0.321414 -0.383005 0.000000 0.000000 0.000000 0.000000 0.000000
-3.846073 3.194953 4.019204 -0.319495 -0.384607 0.000000 0.000000 0.000000 0.000000 0.000000
-3.861999 3.175683 4.024204 -0.317568 -0.386200 0.000000 0.000000 0.000000 0.000000 0.000000
-3.877829 3.156333 4.029204 -0.315633 -0.387783 0.000000 0.000000 0.000000 0.000000 0.000000
-3.893563 3.136905 4.034204 -0.313690 -0.389356 0.000000 0.000000 0.000000 0.000000 0.000000
-3.909198 3.117398 4.039204 -0.311740 -0.390920 0.000000 0.000000 0.000000 0.000000 0.000000
-3.924736 3.097813 4.044204 -0.309781 -0.392474 0.000000 0.000000 0.000000 0.000000 0.000000
-3.940176 3.078151 4.049204 -0.307815 -0.394018 0.000000 0.000000 0.000000 0.000000 0.000000
-3.955518 3.058411 4.054204 -0.305841 -0.395552 0.000000 0.000000 0.000000 0.000000 0.000000
-3.970760 3.038596 4.059204 -0.303860 -0.397076 0.000000 0.000000 0.000000 0.000000 0.000000
-3.985904 3.018704 4.064204 -0.301870 -0.398590 0.000000 0.000000 0.000000 0.000000 0.000000
-4.000947 2.998737 4.069204 -0.299874 -0.400095 0.000000 0.000000 0.000000 0.000000 0.000000
-4.015891 2.978695 4.074204 -0.297869 -0.401589 0.000000 0.000000 0.000000 0.000000 0.000000
-4.030734 2.958578 4.079204 -0.295858 -0.403073 0.000000 0.000000 0.000000 0.000000 0.000000
-4.045476 2.938387 4.084204 -0.293839 -0.404548 0.000000 0.000000 0.000000 0.000000 0.000000
-4.060118 2.918123 4.089204 -0.291812 -0.406012 0.000000 0.000000 0.000000 0.000000 0.000000
-4.074658 2.897786 4.094204 -0.289779 -0.407466 0.000000 0.000000 0.000000 0.000000 0.000000
-4.089096 2.877377 4.099204 -0.287738 -0.408910 0.000000 0.000000 0.000000 0.000000 0.000000
-4.103431 2.856896 4.104204 -0.285690 -0.410343 0.000000 0.000000 0.000000 0.000000 0.000000
-4.117664 2.836343 4.109204 -0.283634 -0.411766 0.000000 0.000000 0.000000 0.000000 0.000000
-4.131795 2.815719 4.114204 -0.281572 -0.413179 0.000000 0.000000 0.000000 0.000000 0.000000
-4.145821 2.795025 4.119204 -0.279502 -0.414582 0.000000 0.000000 0.000000 0.000000 0.000000
-4.159745 2.774261 4.124204 -0.277426 -0.415974 0.000000 0.000000 0.000000 0.000000 0.000000
-4.173564 2.753428 4.129204 -0.275343 -0.417356 0.000000 0.000000 0.000000 0.000000 0.000000
-4.187279 2.732526 4.134204 -0.273253 -0.418728 0.000000 0.000000 0.000000 0.000000 0.000000
-4.200889 2.711555 4.139204 -0.271156 -0.420089 0.000000 0.000000 0.000000 0.000000 0.000000
-4.214394 2.690517 4.144204 -0.269052 -0.421439 0.000000 0.000000 0.000000 0.000000 0.000000
-4.227794 2.669411 4.149204 -0.266941 -0.422779 0.000000 0.000000 0.000000 0.000000 0.000000
-4.241088 2.648239 4.154204 -0.264824 -0.424109 0.000000 0.000000 0.000000 0.000000 0.000000
-4.254276 2.627001 4.159204 -0.262700 -0.425428 0.000000 0.000000 0.000000 0.000000 0.000000
-4.267358 2.605696 4.164204 -0.260570 -0.426736 0.000000 0.000000 0.000000 0.000000 0.000000
-4.280333 2.584327 4.169204 -0.258433 -0.428033 0.000000 0.000000 0.000000 0.000000 0.000000
-4.293201 2.562893 4.174204 -0.256289 -0.429320 0.000000 0.000000 0.000000 0.000000 0.000000
-4.305962 2.541395 4.179204 -0.254140 -0.430596 0.000000 0.000000 0.000000 0.000000 0.000000
-4.318615 2.519834 4.184204 -0.251983 -0.431862 0.000000 0.000000 0.000000 0.000000 0.000000
-4.331160 2.498209 4.189204 -0.249821 -0.433116 0.000000 0.000000 0.000000 0.000000 0.000000
-4.343597 2.476522 4.194204 -0.247652 -0.434360 0.000000 0.000000 0.000000 0.000000 0.000000
-4.355925 2.454774 4.199204 -0.245477 -0.435593 0.000000 0.000000 0.000000 0.000000 0.000000
-4.368145 2.432963 4.204204 -0.243296 -0.436814 0.000000 0.000000 0.000000 0.000000 0.000000
-4.380255 2.411092 4.209204 -0.241109 -0.438025 0.000000 0.000000 0.000000 0.000000 0.000000
-4.392256 2.389161 4.214204 -0.238916 -0.439226 0.000000 0.000000 0.000000 0.000000 0.000000
-4.404146 2.367170 4.219204 -0.236717 -0.440415 0.000000 0.000000 0.000000 0.000000 0.000000
-4.415927 2.345120 4.224204 -0.234512 -0.441593 0.000000 0.000000 0.000000 0.000000 0.000000
-4.427598 2.323011 4.229204 -0.232301 -0.442760 0.000000 0.000000 0.000000 0.000000 0.000000
-4.439157 2.300844 4.234204 -0.230084 -0.443916 0.000000 0.000000 0.000000 0.000000 0.000000
-4.450606 2.278620 4.239204 -0.227862 -0.445061 0.000000 0.000000 0.000000 0.000000 0.000000
-4.461943 2.256338 4.244204 -0.225634 -0.446194 0.000000 0.000000 0.000000 0.000000 0.000000
-4.473169 2.234000 4.249204 -0.223400 -0.447317 0.000000 0.000000 0.000000 0.000000 0.000000
-4.484283 2.211607 4.254204 -0.221161 -0.448428 0.000000 0.000000 0.000000 0.000000 0.000000
-4.495285 2.189158 4.259204 -0.218916 -0.449529 0.000000 0.000000 0.000000 0.000000 0.000000
-4.506175 2.166654 4.264204 -0.216665 -0.450617 0.000000 0.000000 0.000000 0.000000 0.000000
-4.516952 2.144096 4.269204 -0.214410 -0.451695 0.000000 0.000000 0.000000 0.000000 0.000000
-4.527616 2.121485 4.274204 -0.212148 -0.452762 0.000000 0.000000 0.000000 0.000000 0.000000
-4.538166 2.098820 4.279204 -0.209882 -0.453817 0.000000 0.000000 0.000000 0.000000 0.000000
-4.548604 2.076103 4.284204 -0.207610 -0.454860 0.000000 0.000000 0.000000 0.000000 0.000000
-4.558927 2.053334 4.289204 -0.205333 -0.455893 0.000000 0.000000 0.000000 0.000000 0.000000
-4.569137 2.030514 4.294204 -0.203051 -0.456914 0.000000 0.000000 0.000000 0.000000 0.000000
-4.579232 2.007643 4.299204 -0.200764 -0.457923 0.000000 0.000000 0.000000 0.000000 0.000000
-4.589213 1.984722 4.304204 -0.198472 -0.458921 0.000000 0.000000 0.000000 0.000000 0.000000
-4.599080 1.961751 4.309204 -0.196175 -0.459908 0.000000 0.000000 0.000000 0.000000 0.000000
-4.608831 1.938731 4.314204 -0.193873 -0.460883 0.000000 0.000000 0.000000 0.000000 0.000000
-4.618467 1.915663 4.319204 -0.191566 -0.461847 0.000000 0.000000 0.000000 0.000000 0.000000
-4.627987 1.892547 4.324204 -0.189255 -0.462799 0.000000 0.000000 0.000000 0.000000 0.000000
-4.637392 1.869383 4.329204 -0.186938 -0.463739 0.000000 0.000000 0.000000 0.000000 0.000000
-4.646681 1.846173 4.334204 -0.184617 -0.464668 0.000000 0.000000 0.000000 0.000000 0.000000
-4.655854 1.822917 4.339204 -0.182292 -0.465585 0.000000 0.000000 0.000000 0.000000 0.000000
-4.664910 1.799615 4.344204 -0.179961 -0.466491 0.000000 0.000000 0.000000 0.000000 0.000000
-4.673850 1.776268 4.349204 -0.177627 -0.467385 0.000000 0.000000 0.000000 0.000000 0.000000
-4.682673 1.752876 4.354204 -0.175288 -0.468267 0.000000 0.000000 0.000000 0.000000 0.000000
-4.691379 1.729441 4.359204 -0.172944 -0.469138 0.000000 0.000000 0.000000 0.000000 0.000000
-4.699967 1.705963 4.364204 -0.170596 -0.469997 0.000000 0.000000 0.000000 0.000000 0.000000
-4.708438 1.682442 4.369204 -0.168244 -0.470844 0.000000 0.000000 0.000000 0.000000 0.000000
-4.716791 1.658879 4.374204 -0.165888 -0.471679 0.000000 0.000000 0.000000 0.000000 0.000000
-4.725027 1.635274 4.379204 -0.163527 -0.472503 0.000000 0.000000 0.000000 0.000000 0.000000
-4.733144 1.611629 4.384204 -0.161163 -0.473314 0.000000 0.000000 0.000000 0.000000 0.000000
-4.741143 1.587943 4.389204 -0.158794 -0.474114 0.000000 0.000000 0.000000 0.000000 0.000000
-4.749023 1.564217 4.394204 -0.156422 -0.474902 0.000000 0.000000 0.000000 0.000000 0.000000
-4.756785 1.540453 4.399204 -0.154045 -0.475679 0.000000 0.000000 0.000000 0.000000 0.000000
-4.764428 1.516650 4.404204 -0.151665 -0.476443 0.000000 0.000000 0.000000 0.000000 0.000000
-4.771952 1.492809 4.409204 -0.149281 -0.477195 0.000000 0.000000 0.000000 0.000000 0.000000
-4.779356 1.468930 4.414204 -0.146893 -0.477936 0.000000 0.000000 0.000000 0.000000 0.000000
-4.786641 1.445015 4.419204 -0.144502 -0.478664 0.000000 0.000000 0.000000 0.000000 0.000000
-4.793806 1.421064 4.424204 -0.142106 -0.479381 0.000000 0.000000 0.000000 0.000000 0.000000
-4.800851 1.397077 4.429204 -0.139708 -0.480085 0.000000 0.000000 0.000000 0.000000 0.000000
-4.807777 1.373056 4.434204 -0.137306 -0.480778 0.000000 0.000000 0.000000 0.000000 0.000000
-4.814582 1.349000 4.439204 -0.134900 -0.481458 0.000000 0.000000 0.000000 0.000000 0.000000
-4.821267 1.324910 4.444204 -0.132491 -0.482127 0.000000 0.000000 0.000000 0.000000 0.000000
-4.827831 1.300787 4.449204 -0.130079 -0.482783 0.000000 0.000000 0.000000 0.000000 0.000000
-4.834275 1.276632 4.454204 -0.127663 -0.483427 0.000000 0.000000 0.000000 0.000000 0.000000
-4.840597 1.252445 4.459204 -0.125244 -0.484060 0.000000 0.000000 0.000000 0.000000 0.000000
-4.846799 1.228226 4.464204 -0.122823 -0.484680 0.000000 0.000000 0.000000 0.000000 0.000000
-4.852879 1.203977 4.469204 -0.120398 -0.485288 0.000000 0.000000 0.000000 0.000000 0.000000
-4.858839 1.179698 4.474204 -0.117970 -0.485884 0.000000 0.000000 0.000000 0.000000 0.000000
-4.864676 1.155389 4.479204 -0.115539 -0.486468 0.000000 0.000000 0.000000 0.000000 0.000000
-4.870393 1.131051 4.484204 -0.113105 -0.487039 0.000000 0.000000 0.000000 0.000000 0.000000
-4.875987 1.106685 4.489204 -0.110669 -0.487599 0.000000 0.000000 0.000000 0.000000 0.000000
-4.881459 1.082292 4.494204 -0.108229 -0.488146 0.000000 0.000000 0.000000 0.000000 0.000000
-4.886810 1.057871 4.499204 -0.105787 -0.488681 0.000000 0.000000 0.000000 0.000000 0.000000
-4.892038 1.033424 4.504204 -0.103342 -0.489204 0.000000 0.000000 0.000000 0.000000 0.000000
-4.897144 1.008951 4.509204 -0.100895 -0.489714 0.000000 0.000000 0.000000 0.000000 0.000000
-4.902127 0.984452 4.514204 -0.098445 -0.490213 0.000000 0.000000 0.000000 0.000000 0.000000
-4.906988 0.959930 4.519204 -0.095993 -0.490699 0.000000 0.000000 0.000000 0.000000 0.000000
-4.911727 0.935383 4.524204 -0.093538 -0.491173 0.000000 0.000000 0.000000 0.000000 0.000000
-4.916342 0.910813 4.529204 -0.091081 -0.491634 0.000000 0.000000 0.000000 0.000000 0.000000
-4.920835 0.886220 4.534204 -0.088622 -0.492083 0.000000 0.000000 0.000000 0.000000 0.000000
-4.925204 0.861604 4.539204 -0.086160 -0.492520 0.000000 0.000000 0.000000 0.000000 0.000000
-4.929451 0.836968 4.544204 -0.083697 -0.492945 0.000000 0.000000 0.000000 0.000000 0.000000
-4.933574 0.812310 4.549204 -0.081231 -0.493357 0.000000 0.000000 0.000000 0.000000 0.000000
-4.937574 0.787632 4.554204 -0.078763 -0.493757 0.000000 0.000000 0.000000 0.000000 0.000000
-4.941450 0.762935 4.559204 -0.076293 -0.494145 0.000000 0.000000 0.000000 0.000000 0.000000
-4.945203 0.738218 4.564204 -0.073822 -0.494520 0.000000 0.000000 0.000000 0.000000 0.000000
-4.948832 0.713483 4.569204 -0.071348 -0.494883 0.000000 0.000000 0.000000 0.000000 0.000000
-4.952338 0.688730 4.574204 -0.068873 -0.495234 0.000000 0.000000 0.000000 0.000000 0.000000
-4.955720 0.663960 4.579204 -0.066396 -0.495572 0.000000 0.000000 0.000000 0.000000 0.000000
-4.958978 0.639173 4.584204 -0.063917 -0.495898 0.000000 0.000000 0.000000 0.000000 0.000000
-4.962111 0.614370 4.589204 -0.061437 -0.496211 0.000000 0.000000 0.000000 0.000000 0.000000
-4.965121 0.589552 4.594204 -0.058955 -0.496512 0.000000 0.000000 0.000000 0.000000 0.000000
-4.968007 0.564719 4.599204 -0.056472 -0.496801 0.000000 0.000000 0.000000 0.000000 0.000000
-4.970768 0.539872 4.604204 -0.053987 -0.497077 0.000000 0.000000 0.000000 0.000000 0.000000
-4.973406 0.515011 4.609204 -0.051501 -0.497341 0.000000 0.000000 0.000000 0.000000 0.000000
-4.975918 0.490138 4.614204 -0.049014 -0.497592 0.000000 0.000000 0.000000 0.000000 0.000000
-4.978307 0.465253 4.619204 -0.046525 -0.497831 0.000000 0.000000 0.000000 0.000000 0.000000
-4.980571 0.440355 4.624204 -0.044036 -0.498057 0.000000 0.000000 0.000000 0.000000 0.000000
-4.982710 0.415447 4.629204 -0.041545 -0.498271 0.000000 0.000000 0.000000 0.000000 0.000000
-4.984725 0.390528 4.634204 -0.039053 -0.498473 0.000000 0.000000 0.000000 0.000000 0.000000
-4.986616 0.365600 4.639204 -0.036560 -0.498662 0.000000 0.000000 0.000000 0.000000 0.000000
-4.988381 0.340662 4.644204 -0.034066 -0.498838 0.000000 0.000000 0.000000 0.000000 0.000000
-4.990022 0.315716 4.649204 -0.031572 -0.499002 0.000000 0.000000 0.000000 0.000000 0.000000
-4.991539 0.290762 4.654204 -0.029076 -0.499154 0.000000 0.000000 0.000000 0.000000 0.000000
-4.992930 0.265801 4.659204 -0.026580 -0.499293 0.000000 0.000000 0.000000 0.000000 0.000000
-4.994197 0.240833 4.664204 -0.024083 -0.499420 0.000000 0.000000 0.000000 0.000000 0.000000
-4.995338 0.215859 4.669204 -0.021586 -0.499534 0.000000 0.000000 0.000000 0.000000 0.000000
-4.996355 0.190880 4.674204 -0.019088 -0.499636 0.000000 0.000000 0.000000 0.000000 0.000000
-4.997247 0.165896 4.679204 -0.016590 -0.499725 0.000000 0.000000 0.000000 0.000000 0.000000
-4.998014 0.140908 4.684204 -0.014091 -0.499801 0.000000 0.000000 0.000000 0.000000 0.000000
-4.998656 0.115916 4.689204 -0.011592 -0.499866 0.000000 0.000000 0.000000 0.000000 0.000000
-4.999173 0.090922 4.694204 -0.009092 -0.499917 0.000000 0.000000 0.000000 0.000000 0.000000
-4.999565 0.065925 4.699204 -0.006592 -0.499957 0.000000 0.000000 0.000000 0.000000 0.000000
-4.999833 0.040926 4.704204 -0.004093 -0.499983 0.000000 0.000000 0.000000 0.000000 0.000000
-4.999975 0.015927 4.709204 -0.001593 -0.499997 0.000000 0.000000 0.000000 0.000000 0.000000
-4.999992 -0.009073 4.714204 0.000907 -0.499999 0.000000 0.000000 0.000000 0.000000 0.000000
-4.999884 -0.034073 4.719204 0.003407 -0.499988 0.000000 0.000000 0.000000 0.000000 0.000000
-4.999651 -0.059072 4.724204 0.005907 -0.499965 0.000000 0.000000 0.000000 0.000000 0.000000
-4.999293 -0.084070 4.729204 0.008407 -0.499929 0.000000 0.000000 0.000000 0.000000 0.000000
-4.998810 -0.109065 4.734204 0.010906 -0.499881 0.000000 0.000000 0.000000 0.000000 0.000000
-4.998203 -0.134057 4.739204 0.013406 -0.499820 0.000000 0.000000 0.000000 0.000000 0.000000
-4.997470 -0.159047 4.744204 0.015905 -0.499747 0.000000 0.000000 0.000000 0.000000 0.000000
-4.996612 -0.184032 4.749204 0.018403 -0.499661 0.000000 0.000000 0.000000 0.000000 0.000000
-4.995629 -0.209013 4.754204 0.020901 -0.499563 0.000000 0.000000 0.000000 0.000000 0.000000
-4.994522 -0.233988 4.759204 0.023399 -0.499452 0.000000 0.000000 0.000000 0.000000 0.000000
-4.993290 -0.258958 4.764204 0.025896 -0.499329 0.000000 0.000000 0.000000 0.000000 0.000000
-4.991932 -0.283921 4.769204 0.028392 -0.499193 0.000000 0.000000 0.000000 0.000000 0.000000
-4.990450 -0.308877 4.774204 0.030888 -0.499045 0.000000 0.000000 0.000000 0.000000 0.000000
-4.988844 -0.333825 4.779204 0.033382 -0.498884 0.000000 0.000000 0.000000 0.000000 0.000000
-4.987112 -0.358765 4.784204 0.035876 -0.498711 0.000000 0.000000 0.000000 0.000000 0.000000
-4.985256 -0.383696 4.789204 0.038370 -0.498526 0.000000 0.000000 0.000000 0.000000 0.000000
-4.983275 -0.408617 4.794204 0.040862 -0.498328 0.000000 0.000000 0.000000 0.000000 0.000000
-4.981170 -0.433528 4.799204 0.043353 -0.498117 0.000000 0.000000 0.000000 0.000000 0.000000
-4.978940 -0.458429 4.804204 0.045843 -0.497894 0.000000 0.000000 0.000000 0.000000 0.000000
-4.976586 -0.483318 4.809204 0.048332 -0.497659 0.000000 0.000000 0.000000 0.000000 0.000000
-4.974107 -0.508194 4.814204 0.050819 -0.497411 0.000000 0.000000 0.000000 0.000000 0.000000
-4.971504 -0.533058 4.819204 0.053306 -0.497150 0.000000 0.000000 0.000000 0.000000 0.000000
-4.968776 -0.557909 4.824204 0.055791 -0.496878 0.000000 0.000000 0.000000 0.000000 0.000000
-4.965925 -0.582746 4.829204 0.058275 -0.496592 0.000000 0.000000 0.000000 0.000000 0.000000
-4.962949 -0.607568 4.834204 0.060757 -0.496295 0.000000 0.000000 0.000000 0.000000 0.000000
-4.959849 -0.632375 4.839204 0.063238 -0.495985 0.000000 0.000000 0.000000 0.000000 0.000000
-4.956625 -0.657167 4.844204 0.065717 -0.495663 0.000000 0.000000 0.000000 0.000000 0.000000
-4.953277 -0.681941 4.849204 0.068194 -0.495328 0.000000 0.000000 0.000000 0.000000 0.000000
-4.949806 -0.706699 4.854204 0.070670 -0.494981 0.000000 0.000000 0.000000 0.000000 0.000000
-4.946210 -0.731439 4.859204 0.073144 -0.494621 0.000000 0.000000 0.000000 0.000000 0.000000
-4.942491 -0.756161 4.864204 0.075616 -0.494249 0.000000 0.000000 0.000000 0.000000 0.000000
-4.938649 -0.780864 4.869204 0.078086 -0.493865 0.000000 0.000000 0.000000 0.000000 0.000000
-4.934683 -0.805547 4.874204 0.080555 -0.493468 0.000000 0.000000 0.000000 0.000000 0.000000
-4.930593 -0.830211 4.879204 0.083021 -0.493059 0.000000 0.000000 0.000000 0.000000 0.000000
-4.926381 -0.854853 4.884204 0.085485 -0.492638 0.000000 0.000000 0.000000 0.000000 0.000000
-4.922045 -0.879474 4.889204 0.087947 -0.492204 0.000000 0.000000 0.000000 0.000000 0.000000
-4.917586 -0.904073 4.894204 0.090407 -0.491759 0.000000 0.000000 0.000000 0.000000 0.000000
-4.913004 -0.928650 4.899204 0.092865 -0.491300 0.000000 0.000000 0.000000 0.000000 0.000000
-4.908299 -0.953203 4.904204 0.095320 -0.490830 0.000000 0.000000 0.000000 0.000000 0.000000
-4.903472 -0.977733 4.909204 0.097773 -0.490347 0.000000 0.000000 0.000000 0.000000 0.000000
-4.898522 -1.002238 4.914204 0.100224 -0.489852 0.000000 0.000000 0.000000 0.000000 0.000000
-4.893450 -1.026718 4.919204 0.102672 -0.489345 0.000000 0.000000 0.000000 0.000000 0.000000
-4.888255 -1.051172 4.924204 0.105117 -0.488826 0.000000 0.000000 0.000000 0.000000 0.000000
-4.882938 -1.075600 4.929204 0.107560 -0.488294 0.000000 0.000000 0.000000 0.000000 0.000000
-4.877499 -1.100001 4.934204 0.110000 -0.487750 0.000000 0.000000 0.000000 0.000000 0.000000
-4.871938 -1.124375 4.939204 0.112437 -0.487194 0.000000 0.000000 0.000000 0.000000 0.000000
-4.866255 -1.148720 4.944204 0.114872 -0.486626 0.000000 0.000000 0.000000 0.000000 0.000000
-4.860451 -1.173037 4.949204 0.117304 -0.486045 0.000000 0.000000 0.000000 0.000000 0.000000
-4.854525 -1.197325 4.954204 0.119732 -0.485453 0.000000 0.000000 0.000000 0.000000 0.000000
-4.848478 -1.221582 4.959204 0.122158 -0.484848 0.000000 0.000000 0.000000 0.000000 0.000000
-4.842309 -1.245809 4.964204 0.124581 -0.484231 0.000000 0.000000 0.000000 0.000000 0.000000
-4.836020 -1.270005 4.969204 0.127001 -0.483602 0.000000 0.000000 0.000000 0.000000 0.000000
-4.829609 -1.294169 4.974204 0.129417 -0.482961 0.000000 0.000000 0.000000 0.000000 0.000000
-4.823078 -1.318301 4.979204 0.131830 -0.482308 0.000000 0.000000 0.000000 0.000000 0.000000
-4.816426 -1.342400 4.984204 0.134240 -0.481643 0.000000 0.000000 0.000000 0.000000 0.000000
-4.809654 -1.366465 4.989204 0.136646 -0.480965 0.000000 0.000000 0.000000 0.000000 0.000000
-4.802762 -1.390496 4.994204 0.139050 -0.480276 0.000000 0.000000 0.000000 0.000000 0.000000
-4.795749 -1.414492 4.999204 0.141449 -0.479575 0.000000 0.000000 0.000000 0.000000 0.000000
-4.788617 -1.438453 5.004204 0.143845 -0.478862 0.000000 0.000000 0.000000 0.000000 0.000000
-4.781365 -1.462378 5.009204 0.146238 -0.478136 0.000000 0.000000 0.000000 0.000000 0.000000
-4.773993 -1.486267 5.014204 0.148627 -0.477399 0.000000 0.000000 0.000000 0.000000 0.000000
-4.766502 -1.510118 5.019204 0.151012 -0.476650 0.000000 0.000000 0.000000 0.000000 0.000000
-4.758892 -1.533932 5.024204 0.153393 -0.475889 0.000000 0.000000 0.000000 0.000000 0.000000
-4.751163 -1.557707 5.029204 0.155771 -0.475116 0.000000 0.000000 0.000000 0.000000 0.000000
-4.743315 -1.581443 5.034204 0.158144 -0.474332 0.000000 0.000000 0.000000 0.000000 0.000000
-4.735349 -1.605140 5.039204 0.160514 -0.473535 0.000000 0.000000 0.000000 0.000000 0.000000
-4.727264 -1.628796 5.044204 0.162880 -0.472726 0.000000 0.000000 0.000000 0.000000 0.000000
-4.719061 -1.652412 5.049204 0.165241 -0.471906 0.000000 0.000000 0.000000 0.000000 0.000000
-4.710740 -1.675987 5.054204 0.167599 -0.471074 0.000000 0.000000 0.000000 0.000000 0.000000
-4.702301 -1.699519 5.059204 0.169952 -0.470230 0.000000 0.000000 0.000000 0.000000 0.000000
-4.693745 -1.723010 5.064204 0.172301 -0.469374 0.000000 0.000000 0.000000 0.000000 0.000000
-4.685071 -1.746457 5.069204 0.174646 -0.468507 0.000000 0.000000 0.000000 0.000000 0.000000
-4.676280 -1.769860 5.074204 0.176986 -0.467628 0.000000 0.000000 0.000000 0.000000 0.000000
-4.667372 -1.793219 5.079204 0.179322 -0.466737 0.000000 0.000000 0.000000 0.000000 0.000000
-4.658348 -1.816534 5.084204 0.181653 -0.465835 0.000000 0.000000 0.000000 0.000000 0.000000
-4.649207 -1.839803 5.089204 0.183980 -0.464921 0.000000 0.000000 0.000000 0.000000 0.000000
-4.639950 -1.863025 5.094204 0.186303 -0.463995 0.000000 0.000000 0.000000 0.000000 0.000000
-4.630577 -1.886202 5.099204 0.188620 -0.463058 0.000000 0.000000 0.000000 0.000000 0.000000
-4.621088 -1.909331 5.104204 0.190933 -0.462109 0.000000 0.000000 0.000000 0.000000 0.000000
-4.611484 -1.932413 5.109204 0.193241 -0.461148 0.000000 0.000000 0.000000 0.000000 0.000000
-4.601764 -1.955446 5.114204 0.195545 -0.460176 0.000000 0.000000 0.000000 0.000000 0.000000
-4.591929 -1.978430 5.119204 0.197843 -0.459193 0.000000 0.000000 0.000000 0.000000 0.000000
-4.581980 -2.001365 5.124204 0.200136 -0.458198 0.000000 0.000000 0.000000 0.000000 0.000000
-4.571916 -2.024250 5.129204 0.202425 -0.457192 0.000000 0.000000 0.000000 0.000000 0.000000
-4.561737 -2.047084 5.134204 0.204708 -0.456174 0.000000 0.000000 0.000000 0.000000 0.000000
-4.551445 -2.069867 5.139204 0.206987 -0.455144 0.000000 0.000000 0.000000 0.000000 0.000000
-4.541039 -2.092598 5.144204 0.209260 -0.454104 0.000000 0.000000 0.000000 0.000000 0.000000
-4.530519 -2.115277 5.149204 0.211528 -0.453052 0.000000 0.000000 0.000000 0.000000 0.000000
-4.519886 -2.137903 5.154204 0.213790 -0.451989 0.000000 0.000000 0.000000 0.000000 0.000000
-4.509140 -2.160476 5.159204 0.216048 -0.450914 0.000000 0.000000 0.000000 0.000000 0.000000
-4.498281 -2.182994 5.164204 0.218299 -0.449828 0.000000 0.000000 0.000000 0.000000 0.000000
-4.487310 -2.205458 5.169204 0.220546 -0.448731 0.000000 0.000000 0.000000 0.000000 0.000000
-4.476227 -2.227867 5.174204 0.222787 -0.447623 0.000000 0.000000 0.000000 0.000000 0.000000
-4.465032 -2.250220 5.179204 0.225022 -0.446503 0.000000 0.000000 0.000000 0.000000 0.000000
-4.453725 -2.272517 5.184204 0.227252 -0.445372 0.000000 0.000000 0.000000 0.000000 0.000000
-4.442307 -2.294757 5.189204 0.229476 -0.444231 0.000000 0.000000 0.000000 0.000000 0.000000
-4.430777 -2.316940 5.194204 0.231694 -0.443078 0.000000 0.000000 0.000000 0.000000 0.000000
-4.419137 -2.339065 5.199204 0.233907 -0.441914 0.000000 0.000000 0.000000 0.000000 0.000000
-4.407387 -2.361131 5.204204 0.236113 -0.440739 0.000000 0.000000 0.000000 0.000000 0.000000
-4.395526 -2.383139 5.209204 0.238314 -0.439553 0.000000 0.000000 0.000000 0.000000 0.000000
-4.383556 -2.405086 5.214204 0.240509 -0.438356 0.000000 0.000000 0.000000 0.000000 0.000000
-4.371475 -2.426974 5.219204 0.242697 -0.437148 0.000000 0.000000 0.000000 0.000000 0.000000
-4.359286 -2.448801 5.224204 0.244880 -0.435929 0.000000 0.000000 0.000000 0.000000 0.000000
-4.346987 -2.470567 5.229204 0.247057 -0.434699 0.000000 0.000000 0.000000 0.000000 0.000000
-4.334580 -2.492271 5.234204 0.249227 -0.433458 0.000000 0.000000 0.000000 0.000000 0.000000
-4.322065 -2.513912 5.239204 0.251391 -0.432206 0.000000 0.000000 0.000000 0.000000 0.000000
-4.309441 -2.535491 5.244204 0.253549 -0.430944 0.000000 0.000000 0.000000 0.000000 0.000000
-4.296710 -2.557007 5.249204 0.255701 -0.429671 0.000000 0.000000 0.000000 0.000000 0.000000
-4.283871 -2.578458 5.254204 0.257846 -0.428387 0.000000 0.000000 0.000000 0.000000 0.000000
-4.270926 -2.599845 5.259204 0.259985 -0.427093 0.000000 0.000000 0.000000 0.000000 0.000000
-4.257873 -2.621167 5.264204 0.262117 -0.425787 0.000000 0.000000 0.000000 0.000000 0.000000
-4.244714 -2.642424 5.269204 0.264242 -0.424471 0.000000 0.000000 0.000000 0.000000 0.000000
-4.231449 -2.663614 5.274204 0.266361 -0.423145 0.000000 0.000000 0.000000 0.000000 0.000000
-4.218078 -2.684738 5.279204 0.268474 -0.421808 0.000000 0.000000 0.000000 0.000000 0.000000
-4.204602 -2.705795 5.284204 0.270579 -0.420460 0.000000 0.000000 0.000000 0.000000 0.000000
-4.191020 -2.726784 5.289204 0.272678 -0.419102 0.000000 0.000000 0.000000 0.000000 0.000000
-4.177334 -2.747705 5.294204 0.274770 -0.417733 0.000000 0.000000 0.000000 0.000000 0.000000
-4.163543 -2.768557 5.299204 0.276856 -0.416354 0.000000 0.000000 0.000000 0.000000 0.000000
-4.149648 -2.789340 5.304204 0.278934 -0.414965 0.000000 0.000000 0.000000 0.000000 0.000000
-4.135650 -2.810053 5.309204 0.281005 -0.413565 0.000000 0.000000 0.000000 0.000000 0.000000
-4.121548 -2.830696 5.314204 0.283070 -0.412155 0.000000 0.000000 0.000000 0.000000 0.000000
-4.107343 -2.851269 5.319204 0.285127 -0.410734 0.000000 0.000000 0.000000 0.000000 0.000000
-4.093035 -2.871770 5.324204 0.287177 -0.409304 0.000000 0.000000 0.000000 0.000000 0.000000
-4.078626 -2.892199 5.329204 0.289220 -0.407863 0.000000 0.000000 0.000000 0.000000 0.000000
-4.064114 -2.912556 5.334204 0.291256 -0.406411 0.000000 0.000000 0.000000 0.000000 0.000000
-4.049500 -2.932840 5.339204 0.293284 -0.404950 0.000000 0.000000 0.000000 0.000000 0.000000
-4.034785 -2.953051 5.344204 0.295305 -0.403479 0.000000 0.000000 0.000000 0.000000 0.000000
-4.019970 -2.973187 5.349204 0.297319 -0.401997 0.000000 0.000000 0.000000 0.000000 0.000000
-4.005054 -2.993250 5.354204 0.299325 -0.400505 0.000000 0.000000 0.000000 0.000000 0.000000
-3.990037 -3.013238 5.359204 0.301324 -0.399004 0.000000 0.000000 0.000000 0.000000 0.000000
-3.974921 -3.033150 5.364204 0.303315 -0.397492 0.000000 0.000000 0.000000 0.000000 0.000000
-3.959706 -3.052987 5.369204 0.305299 -0.395971 0.000000 0.000000 0.000000 0.000000 0.000000
-3.944392 -3.072747 5.374204 0.307275 -0.394439 0.000000 0.000000 0.000000 0.000000 0.000000
-3.928979 -3.092431 5.379204 0.309243 -0.392898 0.000000 0.000000 0.000000 0.000000 0.000000
-3.913467 -3.112037 5.384204 0.311204 -0.391347 0.000000 0.000000 0.000000 0.000000 0.000000
-3.897858 -3.131565 5.389204 0.313157 -0.389786 0.000000 0.000000 0.000000 0.000000 0.000000
-3.882152 -3.151015 5.394204 0.315102 -0.388215 0.000000 0.000000 0.000000 0.000000 0.000000
-3.866348 -3.170387 5.399204 0.317039 -0.386635 0.000000 0.000000 0.000000 0.000000 0.000000
-3.850448 -3.189679 5.404204 0.318968 -0.385045 0.000000 0.000000 0.000000 0.000000 0.000000
-3.834452 -3.208891 5.409204 0.320889 -0.383445 0.000000 0.000000 0.000000 0.000000 0.000000
-3.818359 -3.228023 5.414204 0.322802 -0.381836 0.000000 0.000000 0.000000 0.000000 0.000000
-3.802172 -3.247074 5.419204 0.324707 -0.380217 0.000000 0.000000 0.000000 0.000000 0.000000
-3.785889 -3.266044 5.424204 0.326604 -0.378589 0.000000 0.000000 0.000000 0.000000 0.000000
-3.769511 -3.284933 5.429204 0.328493 -0.376951 0.000000 0.000000 0.000000 0.000000 0.000000
-3.753040 -3.303739 5.434204 0.330374 -0.375304 0.000000 0.000000 0.000000 0.000000 0.000000
-3.736474 -3.322463 5.439204 0.332246 -0.373647 0.000000 0.000000 0.000000 0.000000 0.000000
-3.719815 -3.341104 5.444204 0.334110 -0.371982 0.000000 0.000000 0.000000 0.000000 0.000000
-3.703063 -3.359661 5.449204 0.335966 -0.370306 0.000000 0.000000 0.000000 0.000000 0.000000
-3.686219 -3.378134 5.454204 0.337813 -0.368622 0.000000 0.000000 0.000000 0.000000 0.000000
-3.669282 -3.396523 5.459204 0.339652 -0.366928 0.000000 0.000000 0.000000 0.000000 0.000000
-3.652253 -3.414827 5.464204 0.341483 -0.365225 0.000000 0.000000 0.000000 0.000000 0.000000
-3.635134 -3.433046 5.469204 0.343305 -0.363513 0.000000 0.000000 0.000000 0.000000 0.000000
-3.617923 -3.451178 5.474204 0.345118 -0.361792 0.000000 0.000000 0.000000 0.000000 0.000000
-3.600622 -3.469225 5.479204 0.346922 -0.360062 0.000000 0.000000 0.000000 0.000000 0.000000
-3.583231 -3.487184 5.484204 0.348718 -0.358323 0.000000 0.000000 0.000000 0.000000 0.000000
-3.565750 -3.505057 5.489204 0.350506 -0.356575 0.000000 0.000000 0.000000 0.000000 0.000000
-3.548181 -3.522842 5.494204 0.352284 -0.354818 0.000000 0.000000 0.000000 0.000000 0.000000
-3.530522 -3.540539 5.499204 0.354054 -0.353052 0.000000 0.000000 0.000000 0.000000 0.000000
-3.512775 -3.558147 5.504204 0.355815 -0.351278 0.000000 0.000000 0.000000 0.000000 0.000000
-3.494941 -3.575666 5.509204 0.357567 -0.349494 0.000000 0.000000 0.000000 0.000000 0.000000
-3.477019 -3.593096 5.514204 0.359310 -0.347702 0.000000 0.000000 0.000000 0.000000 0.000000
-3.459010 -3.610436 5.519204 0.361044 -0.345901 0.000000 0.000000 0.000000 0.000000 0.000000
-3.440915 -3.627686 5.524204 0.362769 -0.344091 0.000000 0.000000 0.000000 0.000000 0.000000
-3.422733 -3.644845 5.529204 0.364485 -0.342273 0.000000 0.000000 0.000000 0.000000 0.000000
-3.404466 -3.661913 5.534204 0.366191 -0.340447 0.000000 0.000000 0.000000 0.000000 0.000000
-3.386114 -3.678890 5.539204 0.367889 -0.338611 0.000000 0.000000 0.000000 0.000000 0.000000
-3.367678 -3.695774 5.544204 0.369577 -0.336768 0.000000 0.000000 0.000000 0.000000 0.000000
-3.349157 -3.712566 5.549204 0.371257 -0.334916 0.000000 0.000000 0.000000 0.000000 0.000000
-3.330552 -3.729266 5.554204 0.372927 -0.333055 0.000000 0.000000 0.000000 0.000000 0.000000
-3.311864 -3.745872 5.559204 0.374587 -0.331186 0.000000 0.000000 0.000000 0.000000 0.000000
-3.293094 -3.762384 5.564204 0.376238 -0.329309 0.000000 0.000000 0.000000 0.000000 0.000000
-3.274241 -3.778803 5.569204 0.377880 -0.327424 0.000000 0.000000 0.000000 0.000000 0.000000
-3.255306 -3.795126 5.574204 0.379513 -0.325531 0.000000 0.000000 0.000000 0.000000 0.000000
-3.236289 -3.811355 5.579204 0.381136 -0.323629 0.000000 0.000000 0.000000 0.000000 0.000000
-3.217192 -3.827489 5.584204 0.382749 -0.321719 0.000000 0.000000 0.000000 0.000000 0.000000
-3.198015 -3.843527 5.589204 0.384353 -0.319801 0.000000 0.000000 0.000000 0.000000 0.000000
-3.178757 -3.859469 5.594204 0.385947 -0.317876 0.000000 0.000000 0.000000 0.000000 0.000000
-3.159420 -3.875315 5.599204 0.387531 -0.315942 0.000000 0.000000 0.000000 0.000000 0.000000
-3.140004 -3.891063 5.604204 0.389106 -0.314000 0.000000 0.000000 0.000000 0.000000 0.000000
-3.120510 -3.906715 5.609204 0.390671 -0.312051 0.000000 0.000000 0.000000 0.000000 0.000000
-3.100937 -3.922268 5.614204 0.392227 -0.310094 0.000000 0.000000 0.000000 0.000000 0.000000
-3.081287 -3.937724 5.619204 0.393772 -0.308129 0.000000 0.000000 0.000000 0.000000 0.000000
-3.061560 -3.953081 5.624204 0.395308 -0.306156 0.000000 0.000000 0.000000 0.000000 0.000000
-3.041757 -3.968339 5.629204 0.396834 -0.304176 0.000000 0.000000 0.000000 0.000000 0.000000
-3.021877 -3.983498 5.634204 0.398350 -0.302188 0.000000 0.000000 0.000000 0.000000 0.000000
-3.001922 -3.998558 5.639204 0.399856 -0.300192 0.000000 0.000000 0.000000 0.000000 0.000000
-2.981892 -4.013518 5.644204 0.401352 -0.298189 0.000000 0.000000 0.000000 0.000000 0.000000
-2.961787 -4.028377 5.649204 0.402838 -0.296179 0.000000 0.000000 0.000000 0.000000 0.000000
-2.941608 -4.043135 5.654204 0.404314 -0.294161 0.000000 0.000000 0.000000 0.000000 0.000000
-2.921356 -4.057793 5.659204 0.405779 -0.292136 0.000000 0.000000 0.000000 0.000000 0.000000
-2.901030 -4.072349 5.664204 0.407235 -0.290103 0.000000 0.000000 0.000000 0.000000 0.000000
-2.880632 -4.086803 5.669204 0.408680 -0.288063 0.000000 0.000000 0.000000 0.000000 0.000000
-2.860162 -4.101155 5.674204 0.410115 -0.286016 0.000000 0.000000 0.000000 0.000000 0.000000
-2.839621 -4.115404 5.679204 0.411540 -0.283962 0.000000 0.000000 0.000000 0.000000 0.000000
-2.819008 -4.129551 5.684204 0.412955 -0.281901 0.000000 0.000000 0.000000 0.000000 0.000000
-2.798326 -4.143594 5.689204 0.414359 -0.279833 0.000000 0.000000 0.000000 0.000000 0.000000
-2.777573 -4.157534 5.694204 0.415753 -0.277757 0.000000 0.000000 0.000000 0.000000 0.000000
-2.756750 -4.171370 5.699204 0.417137 -0.275675 0.000000 0.000000 0.000000 0.000000 0.000000
-2.735859 -4.185102 5.704204 0.418510 -0.273586 0.000000 0.000000 0.000000 0.000000 0.000000
-2.714900 -4.198728 5.709204 0.419873 -0.271490 0.000000 0.000000 0.000000 0.000000 0.000000
-2.693872 -4.212250 5.714204 0.421225 -0.269387 0.000000 0.000000 0.000000 0.000000 0.000000
-2.672777 -4.225667 5.719204 0.422567 -0.267278 0.000000 0.000000 0.000000 0.000000 0.000000
-2.651616 -4.238978 5.724204 0.423898 -0.265162 0.000000 0.000000 0.000000 0.000000 0.000000
-2.630388 -4.252183 5.729204 0.425218 -0.263039 0.000000 0.000000 0.000000 0.000000 0.000000
-2.609094 -4.265282 5.734204 0.426528 -0.260909 0.000000 0.000000 0.000000 0.000000 0.000000
-2.587735 -4.278274 5.739204 0.427827 -0.258773 0.000000 0.000000 0.000000 0.000000 0.000000
-2.566311 -4.291159 5.744204 0.429116 -0.256631 0.000000 0.000000 0.000000 0.000000 0.000000
-2.544824 -4.303937 5.749204 0.430394 -0.254482 0.000000 0.000000 0.000000 0.000000 0.000000
-2.523272 -4.316607 5.754204 0.431661 -0.252327 0.000000 0.000000 0.000000 0.000000 0.000000
-2.501658 -4.329170 5.759204 0.432917 -0.250166 0.000000 0.000000 0.000000 0.000000 0.000000
-2.479981 -4.341624 5.764204 0.434162 -0.247998 0.000000 0.000000 0.000000 0.000000 0.000000
-2.458242 -4.353969 5.769204 0.435397 -0.245824 0.000000 0.000000 0.000000 0.000000 0.000000
-2.436441 -4.366206 5.774204 0.436621 -0.243644 0.000000 0.000000 0.000000 0.000000 0.000000
-2.414580 -4.378334 5.779204 0.437833 -0.241458 0.000000 0.000000 0.000000 0.000000 0.000000
-2.392658 -4.390352 5.784204 0.439035 -0.239266 0.000000 0.000000 0.000000 0.000000 0.000000
-2.370676 -4.402260 5.789204 0.440226 -0.237068 0.000000 0.000000 0.000000 0.000000 0.000000
-2.348636 -4.414058 5.794204 0.441406 -0.234864 0.000000 0.000000 0.000000 0.000000 0.000000
-2.326536 -4.425746 5.799204 0.442575 -0.232654 0.000000 0.000000 0.000000 0.000000 0.000000
-2.304378 -4.437324 5.804204 0.443732 -0.230438 0.000000 0.000000 0.000000 0.000000 0.000000
-2.282163 -4.448790 5.809204 0.444879 -0.228216 0.000000 0.000000 0.000000 0.000000 0.000000
-2.259891 -4.460145 5.814204 0.446015 -0.225989 0.000000 0.000000 0.000000 0.000000 0.000000
-2.237562 -4.471389 5.819204 0.447139 -0.223756 0.000000 0.000000 0.000000 0.000000 0.000000
-2.215177 -4.482521 5.824204 0.448252 -0.221518 0.000000 0.000000 0.000000 0.000000 0.000000
-2.192737 -4.493540 5.829204 0.449354 -0.219274 0.000000 0.000000 0.000000 0.000000 0.000000
-2.170242 -4.504448 5.834204 0.450445 -0.217024 0.000000 0.000000 0.000000 0.000000 0.000000
-2.147692 -4.515243 5.839204 0.451524 -0.214769 0.000000 0.000000 0.000000 0.000000 0.000000
-2.125089 -4.525925 5.844204 0.452592 -0.212509 0.000000 0.000000 0.000000 0.000000 0.000000
-2.102433 -4.536494 5.849204 0.453649 -0.210243 0.000000 0.000000 0.000000 0.000000 0.000000
-2.079725 -4.546949 5.854204 0.454695 -0.207972 0.000000 0.000000 0.000000 0.000000 0.000000
-2.056964 -4.557291 5.859204 0.455729 -0.205696 0.000000 0.000000 0.000000 0.000000 0.000000
-2.034152 -4.567519 5.864204 0.456752 -0.203415 0.000000 0.000000 0.000000 0.000000 0.000000
-2.011289 -4.577632 5.869204 0.457763 -0.201129 0.000000 0.000000 0.000000 0.000000 0.000000
-1.988376 -4.587631 5.874204 0.458763 -0.198838 0.000000 0.000000 0.000000 0.000000 0.000000
-1.965413 -4.597516 5.879204 0.459752 -0.196541 0.000000 0.000000 0.000000 0.000000 0.000000
-1.942401 -4.607285 5.884204 0.460729 -0.194240 0.000000 0.000000 0.000000 0.000000 0.000000
-1.919340 -4.616940 5.889204 0.461694 -0.191934 0.000000 0.000000 0.000000 0.000000 0.000000
-1.896232 -4.626479 5.894204 0.462648 -0.189623 0.000000 0.000000 0.000000 0.000000 0.000000
-1.873076 -4.635902 5.899204 0.463590 -0.187308 0.000000 0.000000 0.000000 0.000000 0.000000
-1.849873 -4.645209 5.904204 0.464521 -0.184987 0.000000 0.000000 0.000000 0.000000 0.000000
-1.826624 -4.654401 5.909204 0.465440 -0.182662 0.000000 0.000000 0.000000 0.000000 0.000000
-1.803329 -4.663476 5.914204 0.466348 -0.180333 0.000000 0.000000 0.000000 0.000000 0.000000
-1.779989 -4.672434 5.919204 0.467243 -0.177999 0.000000 0.000000 0.000000 0.000000 0.000000
-1.756605 -4.681275 5.924204 0.468128 -0.175660 0.000000 0.000000 0.000000 0.000000 0.000000
-1.733177 -4.690000 5.929204 0.469000 -0.173318 0.000000 0.000000 0.000000 0.000000 0.000000
-1.709705 -4.698607 5.934204 0.469861 -0.170971 0.000000 0.000000 0.000000 0.000000 0.000000
-1.686191 -4.707097 5.939204 0.470710 -0.168619 0.000000 0.000000 0.000000 0.000000 0.000000
-1.662634 -4.715469 5.944204 0.471547 -0.166263 0.000000 0.000000 0.000000 0.000000 0.000000
-1.639036 -4.723723 5.949204 0.472372 -0.163904 0.000000 0.000000 0.000000 0.000000 0.000000
-1.615397 -4.731859 5.954204 0.473186 -0.161540 0.000000 0.000000 0.000000 0.000000 0.000000
-1.591718 -4.739877 5.959204 0.473988 -0.159172 0.000000 0.000000 0.000000 0.000000 0.000000
-1.567999 -4.747776 5.964204 0.474778 -0.156800 0.000000 0.000000 0.000000 0.000000 0.000000
-1.544240 -4.755557 5.969204 0.475556 -0.154424 0.000000 0.000000 0.000000 0.000000 0.000000
-1.520443 -4.763219 5.974204 0.476322 -0.152044 0.000000 0.000000 0.000000 0.000000 0.000000
-1.496608 -4.770761 5.979204 0.477076 -0.149661 0.000000 0.000000 0.000000 0.000000 0.000000
-1.472736 -4.778185 5.984204 0.477818 -0.147274 0.000000 0.000000 0.000000 0.000000 0.000000
-1.448827 -4.785489 5.989204 0.478549 -0.144883 0.000000 0.000000 0.000000 0.000000 0.000000
-1.424881 -4.792673 5.994204 0.479267 -0.142488 0.000000 0.000000 0.000000 0.000000 0.000000
-1.400900 -4.799737 5.999204 0.479974 -0.140090 0.000000 0.000000 0.000000 0.000000 0.000000
-1.376884 -4.806682 6.004204 0.480668 -0.137688 0.000000 0.000000 0.000000 0.000000 0.000000
-1.352833 -4.813506 6.009204 0.481351 -0.135283 0.000000 0.000000 0.000000 0.000000 0.000000
-1.328749 -4.820210 6.014204 0.482021 -0.132875 0.000000 0.000000 0.000000 0.000000 0.000000
-1.304632 -4.826794 6.019204 0.482679 -0.130463 0.000000 0.000000 0.000000 0.000000 0.000000
-1.280481 -4.833256 6.024204 0.483326 -0.128048 0.000000 0.000000 0.000000 0.000000 0.000000
-1.256299 -4.839598 6.029204 0.483960 -0.125630 0.000000 0.000000 0.000000 0.000000 0.000000
-1.232086 -4.845819 6.034204 0.484582 -0.123209 0.000000 0.000000 0.000000 0.000000 0.000000
-1.207841 -4.851919 6.039204 0.485192 -0.120784 0.000000 0.000000 0.000000 0.000000 0.000000
-1.183567 -4.857898 6.044204 0.485790 -0.118357 0.000000 0.000000 0.000000 0.000000 0.000000
-1.159262 -4.863755 6.049204 0.486375 -0.115926 0.000000 0.000000 0.000000 0.000000 0.000000
-1.134929 -4.869490 6.054204 0.486949 -0.113493 0.000000 0.000000 0.000000 0.000000 0.000000
-1.110568 -4.875104 6.059204 0.487510 -0.111057 0.000000 0.000000 0.000000 0.000000 0.000000
-1.086178 -4.880596 6.064204 0.488060 -0.108618 0.000000 0.000000 0.000000 0.000000 0.000000
-1.061762 -4.885966 6.069204 0.488597 -0.106176 0.000000 0.000000 0.000000 0.000000 0.000000
-1.037319 -4.891213 6.074204 0.489121 -0.103732 0.000000 0.000000 0.000000 0.000000 0.000000
-1.012850 -4.896339 6.079204 0.489634 -0.101285 0.000000 0.000000 0.000000 0.000000 0.000000
-0.988356 -4.901342 6.084204 0.490134 -0.098836 0.000000 0.000000 0.000000 0.000000 0.000000
-0.963837 -4.906222 6.089204 0.490622 -0.096384 0.000000 0.000000 0.000000 0.000000 0.000000
-0.939294 -4.910980 6.094204 0.491098 -0.093929 0.000000 0.000000 0.000000 0.000000 0.000000
-0.914727 -4.915615 6.099204 0.491562 -0.091473 0.000000 0.000000 0.000000 0.000000 0.000000
-0.890138 -4.920128 6.104204 0.492013 -0.089014 0.000000 0.000000 0.000000 0.000000 0.000000
-0.865526 -4.924517 6.109204 0.492452 -0.086553 0.000000 0.000000 0.000000 0.000000 0.000000
-0.840893 -4.928783 6.114204 0.492878 -0.084089 0.000000 0.000000 0.000000 0.000000 0.000000
-0.816239 -4.932926 6.119204 0.493293 -0.081624 0.000000 0.000000 0.000000 0.000000 0.000000
-0.791564 -4.936945 6.124204 0.493695 -0.079156 0.000000 0.000000 0.000000 0.000000 0.000000
-0.766869 -4.940841 6.129204 0.494084 -0.076687 0.000000 0.000000 0.000000 0.000000 0.000000
-0.742156 -4.944614 6.134204 0.494461 -0.074216 0.000000 0.000000 0.000000 0.000000 0.000000
-0.717423 -4.948263 6.139204 0.494826 -0.071742 0.000000 0.000000 0.000000 0.000000 0.000000
-0.692673 -4.951788 6.144204 0.495179 -0.069267 0.000000 0.000000 0.000000 0.000000 0.000000
-0.667906 -4.955189 6.149204 0.495519 -0.066791 0.000000 0.000000 0.000000 0.000000 0.000000
-0.643122 -4.958467 6.154204 0.495847 -0.064312 0.000000 0.000000 0.000000 0.000000 0.000000
-0.618321 -4.961621 6.159204 0.496162 -0.061832 0.000000 0.000000 0.000000 0.000000 0.000000
-0.593506 -4.964650 6.164204 0.496465 -0.059351 0.000000 0.000000 0.000000 0.000000 0.000000
-0.568675 -4.967556 6.169204 0.496756 -0.056867 0.000000 0.000000 0.000000 0.000000 0.000000
-0.543830 -4.970337 6.174204 0.497034 -0.054383 0.000000 0.000000 0.000000 0.000000 0.000000
-0.518972 -4.972994 6.179204 0.497299 -0.051897 0.000000 0.000000 0.000000 0.000000 0.000000
-0.494100 -4.975527 6.184204 0.497553 -0.049410 0.000000 0.000000 0.000000 0.000000 0.000000
-0.469217 -4.977935 6.189204 0.497793 -0.046922 0.000000 0.000000 0.000000 0.000000 0.000000
-0.444321 -4.980219 6.194204 0.498022 -0.044432 0.000000 0.000000 0.000000 0.000000 0.000000
-0.419415 -4.982378 6.199204 0.498238 -0.041941 0.000000 0.000000 0.000000 0.000000 0.000000
-0.394498 -4.984413 6.204204 0.498441 -0.039450 0.000000 0.000000 0.000000 0.000000 0.000000
-0.369571 -4.986323 6.209204 0.498632 -0.036957 0.000000 0.000000 0.000000 0.000000 0.000000
-0.344635 -4.988109 6.214204 0.498811 -0.034463 0.000000 0.000000 0.000000 0.000000 0.000000
-0.319690 -4.989769 6.219204 0.498977 -0.031969 0.000000 0.000000 0.000000 0.000000 0.000000
-0.294737 -4.991305 6.224204 0.499131 -0.029474 0.000000 0.000000 0.000000 0.000000 0.000000
-0.269777 -4.992717 6.229204 0.499272 -0.026978 0.000000 0.000000 0.000000 0.000000 0.000000
-0.244810 -4.994003 6.234204 0.499400 -0.024481 0.000000 0.000000 0.000000 0.000000 0.000000
-0.219837 -4.995165 6.239204 0.499516 -0.021984 0.000000 0.000000 0.000000 0.000000 0.000000
-0.194859 -4.996202 6.244204 0.499620 -0.019486 0.000000 0.000000 0.000000 0.000000 0.000000
-0.169875 -4.997113 6.249204 0.499711 -0.016988 0.000000 0.000000 0.000000 0.000000 0.000000
-0.144888 -4.997900 6.254204 0.499790 -0.014489 0.000000 0.000000 0.000000 0.000000 0.000000
-0.119897 -4.998562 6.259204 0.499856 -0.011990 0.000000 0.000000 0.000000 0.000000 0.000000
-0.094902 -4.999099 6.264204 0.499910 -0.009490 0.000000 0.000000 0.000000 0.000000 0.000000
-0.069906 -4.999511 6.269204 0.499951 -0.006991 0.000000 0.000000 0.000000 0.000000 0.000000
-0.044908 -4.999798 6.274204 0.499980 -0.004491 0.000000 0.000000 0.000000 0.000000 0.000000
-0.019908 -4.999960 6.279204 0.499996 -0.001991 0.000000 0.000000 0.000000 0.000000 0.000000
0.005092 -4.999997 6.284204 0.500000 0.000509 0.000000 0.000000 0.000000 0.000000 0.000000
0.030092 -4.999909 6.289204 0.499991 0.003009 0.000000 0.000000 0.000000 0.000000 0.000000
0.055091 -4.999696 6.294204 0.499970 0.005509 0.000000 0.000000 0.000000 0.000000 0.000000
0.080088 -4.999359 6.299204 0.499936 0.008009 0.000000 0.000000 0.000000 0.000000 0.000000
0.105084 -4.998896 6.304204 0.499890 0.010508 0.000000 0.000000 0.000000 0.000000 0.000000
0.130077 -4.998308 6.309204 0.499831 0.013008 0.000000 0.000000 0.000000 0.000000 0.000000
0.155067 -4.997595 6.314204 0.499759 0.015507 0.000000 0.000000 0.000000 0.000000 0.000000
0.180053 -4.996757 6.319204 0.499676 0.018005 0.000000 0.000000 0.000000 0.000000 0.000000
0.205034 -4.995794 6.324204 0.499579 0.020503 0.000000 0.000000 0.000000 0.000000 0.000000
0.230011 -4.994707 6.329204 0.499471 0.023001 0.000000 0.000000 0.000000 0.000000 0.000000
0.254981 -4.993494 6.334204 0.499349 0.025498 0.000000 0.000000 0.000000 0.000000 0.000000
0.279945 -4.992157 6.339204 0.499216 0.027995 0.000000 0.000000 0.000000 0.000000 0.000000
0.304903 -4.990695 6.344204 0.499069 0.030490 0.000000 0.000000 0.000000 0.000000 0.000000
0.329852 -4.989108 6.349204 0.498911 0.032985 0.000000 0.000000 0.000000 0.000000 0.000000
0.354793 -4.987396 6.354204 0.498740 0.035479 0.000000 0.000000 0.000000 0.000000 0.000000
0.379726 -4.985560 6.359204 0.498556 0.037973 0.000000 0.000000 0.000000 0.000000 0.000000
0.404649 -4.983599 6.364204 0.498360 0.040465 0.000000 0.000000 0.000000 0.000000 0.000000
0.429562 -4.981514 6.369204 0.498151 0.042956 0.000000 0.000000 0.000000 0.000000 0.000000
0.454464 -4.979303 6.374204 0.497930 0.045446 0.000000 0.000000 0.000000 0.000000 0.000000
0.479354 -4.976969 6.379204 0.497697 0.047935 0.000000 0.000000 0.000000 0.000000 0.000000
0.504233 -4.974510 6.384204 0.497451 0.050423 0.000000 0.000000 0.000000 0.000000 0.000000
0.529099 -4.971927 6.389204 0.497193 0.052910 0.000000 0.000000 0.000000 0.000000 0.000000
0.553952 -4.969219 6.394204 0.496922 0.055395 0.000000 0.000000 0.000000 0.000000 0.000000
0.578791 -4.966387 6.399204 0.496639 0.057879 0.000000 0.000000 0.000000 0.000000 0.000000
0.603616 -4.963431 6.404204 0.496343 0.060362 0.000000 0.000000 0.000000 0.000000 0.000000
0.628425 -4.960351 6.409204 0.496035 0.062843 0.000000 0.000000 0.000000 0.000000 0.000000
0.653219 -4.957147 6.414204 0.495715 0.065322 0.000000 0.000000 0.000000 0.000000 0.000000
0.677997 -4.953819 6.419204 0.495382 0.067800 0.000000 0.000000 0.000000 0.000000 0.000000
0.702757 -4.950367 6.424204 0.495037 0.070276 0.000000 0.000000 0.000000 0.000000 0.000000
0.727500 -4.946791 6.429204 0.494679 0.072750 0.000000 0.000000 0.000000 0.000000 0.000000
0.752225 -4.943092 6.434204 0.494309 0.075222 0.000000 0.000000 0.000000 0.000000 0.000000
0.776931 -4.939269 6.439204 0.493927 0.077693 0.000000 0.000000 0.000000 0.000000 0.000000
0.801617 -4.935323 6.444204 0.493532 0.080162 0.000000 0.000000 0.000000 0.000000 0.000000
0.826284 -4.931253 6.449204 0.493125 0.082628 0.000000 0.000000 0.000000 0.000000 0.000000
0.850930 -4.927060 6.454204 0.492706 0.085093 0.000000 0.000000 0.000000 0.000000 0.000000
0.875554 -4.922744 6.459204 0.492274 0.087555 0.000000 0.000000 0.000000 0.000000 0.000000
0.900157 -4.918304 6.464204 0.491830 0.090016 0.000000 0.000000 0.000000 0.000000 0.000000
0.924737 -4.913742 6.469204 0.491374 0.092474 0.000000 0.000000 0.000000 0.000000 0.000000
0.949294 -4.909057 6.474204 0.490906 0.094929 0.000000 0.000000 0.000000 0.000000 0.000000
0.973827 -4.904249 6.479204 0.490425 0.097383 0.000000 0.000000 0.000000 0.000000 0.000000
0.998336 -4.899319 6.484204 0.489932 0.099834 0.000000 0.000000 0.000000 0.000000 0.000000
1.022820 -4.894266 6.489204 0.489427 0.102282 0.000000 0.000000 0.000000 0.000000 0.000000
1.047279 -4.889091 6.494204 0.488909 0.104728 0.000000 0.000000 0.000000 0.000000 0.000000
1.071711 -4.883793 6.499204 0.488379 0.107171 0.000000 0.000000 0.000000 0.000000 0.000000
1.096117 -4.878374 6.504204 0.487837 0.109612 0.000000 0.000000 0.000000 0.000000 0.000000
1.120495 -4.872832 6.509204 0.487283 0.112049 0.000000 0.000000 0.000000 0.000000 0.000000
1.144845 -4.867169 6.514204 0.486717 0.114484 0.000000 0.000000 0.000000 0.000000 0.000000
1.169166 -4.861384 6.519204 0.486138 0.116917 0.000000 0.000000 0.000000 0.000000 0.000000
1.193458 -4.855477 6.524204 0.485548 0.119346 0.000000 0.000000 0.000000 0.000000 0.000000
1.217721 -4.849449 6.529204 0.484945 0.121772 0.000000 0.000000 0.000000 0.000000 0.000000
1.241953 -4.843300 6.534204 0.484330 0.124195 0.000000 0.000000 0.000000 0.000000 0.000000
1.266154 -4.837030 6.539204 0.483703 0.126615 0.000000 0.000000 0.000000 0.000000 0.000000
1.290323 -4.830638 6.544204 0.483064 0.129032 0.000000 0.000000 0.000000 0.000000 0.000000
1.314460 -4.824126 6.549204 0.482413 0.131446 0.000000 0.000000 0.000000 0.000000 0.000000
1.338564 -4.817494 6.554204 0.481749 0.133856 0.000000 0.000000 0.000000 0.000000 0.000000
1.362634 -4.810741 6.559204 0.481074 0.136263 0.000000 0.000000 0.000000 0.000000 0.000000
1.386671 -4.803868 6.564204 0.480387 0.138667 0.000000 0.000000 0.000000 0.000000 0.000000
1.410673 -4.796874 6.569204 0.479687 0.141067 0.000000 0.000000 0.000000 0.000000 0.000000
1.434640 -4.789761 6.574204 0.478976 0.143464 0.000000 0.000000 0.000000 0.000000 0.000000
1.458570 -4.782528 6.579204 0.478253 0.145857 0.000000 0.000000 0.000000 0.000000 0.000000
1.482465 -4.775175 6.584204 0.477518 0.148246 0.000000 0.000000 0.000000 0.000000 0.000000
1.506322 -4.767703 6.589204 0.476770 0.150632 0.000000 0.000000 0.000000 0.000000 0.000000
1.530142 -4.760112 6.594204 0.476011 0.153014 0.000000 0.000000 0.000000 0.000000 0.000000
1.553923 -4.752402 6.599204 0.475240 0.155392 0.000000 0.000000 0.000000 0.000000 0.000000
1.577665 -4.744573 6.604204 0.474457 0.157767 0.000000 0.000000 0.000000 0.000000 0.000000
1.601368 -4.736625 6.609204 0.473663 0.160137 0.000000 0.000000 0.000000 0.000000 0.000000
1.625031 -4.728559 6.614204 0.472856 0.162503 0.000000 0.000000 0.000000 0.000000 0.000000
1.648654 -4.720375 6.619204 0.472038 0.164865 0.000000 0.000000 0.000000 0.000000 0.000000
1.672235 -4.712073 6.624204 0.471207 0.167223 0.000000 0.000000 0.000000 0.000000 0.000000
1.695774 -4.703653 6.629204 0.470365 0.169577 0.000000 0.000000 0.000000 0.000000 0.000000
1.719271 -4.695115 6.634204 0.469512 0.171927 0.000000 0.000000 0.000000 0.000000 0.000000
1.742725 -4.686460 6.639204 0.468646 0.174273 0.000000 0.000000 0.000000 0.000000 0.000000
1.766136 -4.677688 6.644204 0.467769 0.176614 0.000000 0.000000 0.000000 0.000000 0.000000
1.789502 -4.668799 6.649204 0.466880 0.178950 0.000000 0.000000 0.000000 0.000000 0.000000
1.812823 -4.659793 6.654204 0.465979 0.181282 0.000000 0.000000 0.000000 0.000000 0.000000
1.836100 -4.650671 6.659204 0.465067 0.183610 0.000000 0.000000 0.000000 0.000000 0.000000
1.859330 -4.641432 6.664204 0.464143 0.185933 0.000000 0.000000 0.000000 0.000000 0.000000
1.882514 -4.632077 6.669204 0.463208 0.188251 0.000000 0.000000 0.000000 0.000000 0.000000
1.905651 -4.622607 6.674204 0.462261 0.190565 0.000000 0.000000 0.000000 0.000000 0.000000
1.928740 -4.613021 6.679204 0.461302 0.192874 0.000000 0.000000 0.000000 0.000000 0.000000
1.951781 -4.603320 6.684204 0.460332 0.195178 0.000000 0.000000 0.000000 0.000000 0.000000
1.974773 -4.593503 6.689204 0.459350 0.197477 0.000000 0.000000 0.000000 0.000000 0.000000
1.997715 -4.583572 6.694204 0.458357 0.199772 0.000000 0.000000 0.000000 0.000000 0.000000
2.020608 -4.573526 6.699204 0.457353 0.202061 0.000000 0.000000 0.000000 0.000000 0.000000
2.043451 -4.563366 6.704204 0.456337 0.204345 0.000000 0.000000 0.000000 0.000000 0.000000
2.066242 -4.553092 6.709204 0.455309 0.206624 0.000000 0.000000 0.000000 0.000000 0.000000
2.088981 -4.542704 6.714204 0.454270 0.208898 0.000000 0.000000 0.000000 0.000000 0.000000
2.111669 -4.532202 6.719204 0.453220 0.211167 0.000000 0.000000 0.000000 0.000000 0.000000
2.134303 -4.521587 6.724204 0.452159 0.213430 0.000000 0.000000 0.000000 0.000000 0.000000
2.156884 -4.510859 6.729204 0.451086 0.215688 0.000000 0.000000 0.000000 0.000000 0.000000
2.179411 -4.500018 6.734204 0.450002 0.217941 0.000000 0.000000 0.000000 0.000000 0.000000
2.201884 -4.489065 6.739204 0.448907 0.220188 0.000000 0.000000 0.000000 0.000000 0.000000
2.224302 -4.478000 6.744204 0.447800 0.222430 0.000000 0.000000 0.000000 0.000000 0.000000
2.246664 -4.466822 6.749204 0.446682 0.224666 0.000000 0.000000 0.000000 0.000000 0.000000
2.268970 -4.455533 6.754204 0.445553 0.226897 0.000000 0.000000 0.000000 0.000000 0.000000
2.291219 -4.444133 6.759204 0.444413 0.229122 0.000000 0.000000 0.000000 0.000000 0.000000
2.313411 -4.432621 6.764204 0.443262 0.231341 0.000000 0.000000 0.000000 0.000000 0.000000
2.335545 -4.420999 6.769204 0.442100 0.233555 0.000000 0.000000 0.000000 0.000000 0.000000
2.357621 -4.409266 6.774204 0.440927 0.235762 0.000000 0.000000 0.000000 0.000000 0.000000
2.379638 -4.397422 6.779204 0.439742 0.237964 0.000000 0.000000 0.000000 0.000000 0.000000
2.401595 -4.385469 6.784204 0.438547 0.240159 0.000000 0.000000 0.000000 0.000000 0.000000
2.423492 -4.373407 6.789204 0.437341 0.242349 0.000000 0.000000 0.000000 0.000000 0.000000
2.445329 -4.361235 6.794204 0.436123 0.244533 0.000000 0.000000 0.000000 0.000000 0.000000
2.467104 -4.348953 6.799204 0.434895 0.246710 0.000000 0.000000 0.000000 0.000000 0.000000
2.488818 -4.336564 6.804204 0.433656 0.248882 0.000000 0.000000 0.000000 0.000000 0.000000
2.510470 -4.324065 6.809204 0.432407 0.251047 0.000000 0.000000 0.000000 0.000000 0.000000
2.532059 -4.311459 6.814204 0.431146 0.253206 0.000000 0.000000 0.000000 0.000000 0.000000
2.553584 -4.298745 6.819204 0.429874 0.255358 0.000000 0.000000 0.000000 0.000000 0.000000
2.575046 -4.285923 6.824204 0.428592 0.257505 0.000000 0.000000 0.000000 0.000000 0.000000
2.596443 -4.272995 6.829204 0.427299 0.259644 0.000000 0.000000 0.000000 0.000000 0.000000
2.617776 -4.259959 6.834204 0.425996 0.261778 0.000000 0.000000 0.000000 0.000000 0.000000
2.639043 -4.246817 6.839204 0.424682 0.263904 0.000000 0.000000 0.000000 0.000000 0.000000
2.660244 -4.233569 6.844204 0.423357 0.266024 0.000000 0.000000 0.000000 0.000000 0.000000
2.681378 -4.220215 6.849204 0.422021 0.268138 0.000000 0.000000 0.000000 0.000000 0.000000
2.702446 -4.206755 6.854204 0.420675 0.270245 0.000000 0.000000 0.000000 0.000000 0.000000
2.723446 -4.193190 6.859204 0.419319 0.272345 0.000000 0.000000 0.000000 0.000000 0.000000
2.744377 -4.179521 6.864204 0.417952 0.274438 0.000000 0.000000 0.000000 0.000000 0.000000
2.765241 -4.165747 6.869204 0.416575 0.276524 0.000000 0.000000 0.000000 0.000000 0.000000
2.786035 -4.151868 6.874204 0.415187 0.278603 0.000000 0.000000 0.000000 0.000000 0.000000
2.806759 -4.137886 6.879204 0.413789 0.280676 0.000000 0.000000 0.000000 0.000000 0.000000
2.827413 -4.123801 6.884204 0.412380 0.282741 0.000000 0.000000 0.000000 0.000000 0.000000
2.847997 -4.109612 6.889204 0.410961 0.284800 0.000000 0.000000 0.000000 0.000000 0.000000
2.868509 -4.095321 6.894204 0.409532 0.286851 0.000000 0.000000 0.000000 0.000000 0.000000
2.888950 -4.080927 6.899204 0.408093 0.288895 0.000000 0.000000 0.000000 0.000000 0.000000
2.909318 -4.066432 6.904204 0.406643 0.290932 0.000000 0.000000 0.000000 0.000000 0.000000
2.929614 -4.051834 6.909204 0.405183 0.292961 0.000000 0.000000 0.000000 0.000000 0.000000
2.949837 -4.037136 6.914204 0.403714 0.294984 0.000000 0.000000 0.000000 0.000000 0.000000
2.969985 -4.022336 6.919204 0.402234 0.296999 0.000000 0.000000 0.000000 0.000000 0.000000
2.990060 -4.007436 6.924204 0.400744 0.299006 0.000000 0.000000 0.000000 0.000000 0.000000
3.010060 -3.992436 6.929204 0.399244 0.301006 0.000000 0.000000 0.000000 0.000000 0.000000
3.029984 -3.977335 6.934204 0.397734 0.302998 0.000000 0.000000 0.000000 0.000000 0.000000
3.049833 -3.962136 6.939204 0.396214 0.304983 0.000000 0.000000 0.000000 0.000000 0.000000
3.069605 -3.946837 6.944204 0.394684 0.306961 0.000000 0.000000 0.000000 0.000000 0.000000
3.089301 -3.931440 6.949204 0.393144 0.308930 0.000000 0.000000 0.000000 0.000000 0.000000
3.108919 -3.915944 6.954204 0.391594 0.310892 0.000000 0.000000 0.000000 0.000000 0.000000
3.128460 -3.900351 6.959204 0.390035 0.312846 0.000000 0.000000 0.000000 0.000000 0.000000
3.147923 -3.884660 6.964204 0.388466 0.314792 0.000000 0.000000 0.000000 0.000000 0.000000
3.167307 -3.868872 6.969204 0.386887 0.316731 0.000000 0.000000 0.000000 0.000000 0.000000
3.186611 -3.852987 6.974204 0.385299 0.318661 0.000000 0.000000 0.000000 0.000000 0.000000
3.205836 -3.837006 6.979204 0.383701 0.320584 0.000000 0.000000 0.000000 0.000000 0.000000
3.224981 -3.820929 6.984204 0.382093 0.322498 0.000000 0.000000 0.000000 0.000000 0.000000
3.244045 -3.804756 6.989204 0.380476 0.324405 0.000000 0.000000 0.000000 0.000000 0.000000
3.263029 -3.788488 6.994204 0.378849 0.326303 0.000000 0.000000 0.000000 0.000000 0.000000
3.281930 -3.772126 6.999204 0.377213 0.328193 0.000000 0.000000 0.000000 0.000000 0.000000
3.300750 -3.755669 7.004204 0.375567 0.330075 0.000000 0.000000 0.000000 0.000000 0.000000
3.319487 -3.739119 7.009204 0.373912 0.331949 0.000000 0.000000 0.000000 0.000000 0.000000
3.338141 -3.722474 7.014204 0.372247 0.333814 0.000000 0.000000 0.000000 0.000000 0.000000
3.356711 -3.705737 7.019204 0.370574 0.335671 0.000000 0.000000 0.000000 0.000000 0.000000
3.375198 -3.688908 7.024204 0.368891 0.337520 0.000000 0.000000 0.000000 0.000000 0.000000
3.393600 -3.671985 7.029204 0.367199 0.339360 0.000000 0.000000 0.000000 0.000000 0.000000
3.411918 -3.654972 7.034204 0.365497 0.341192 0.000000 0.000000 0.000000 0.000000 0.000000
3.430150 -3.637866 7.039204 0.363787 0.343015 0.000000 0.000000 0.000000 0.000000 0.000000
3.448296 -3.620670 7.044204 0.362067 0.344830 0.000000 0.000000 0.000000 0.000000 0.000000
3.466356 -3.603384 7.049204 0.360338 0.346636 0.000000 0.000000 0.000000 0.000000 0.000000
3.484330 -3.586007 7.054204 0.358601 0.348433 0.000000 0.000000 0.000000 0.000000 0.000000
3.502216 -3.568540 7.059204 0.356854 0.350222 0.000000 0.000000 0.000000 0.000000 0.000000
3.520015 -3.550985 7.064204 0.355098 0.352002 0.000000 0.000000 0.000000 0.000000 0.000000
3.537726 -3.533340 7.069204 0.353334 0.353773 0.000000 0.000000 0.000000 0.000000 0.000000
3.555348 -3.515608 7.074204 0.351561 0.355535 0.000000 0.000000 0.000000 0.000000 0.000000
3.572882 -3.497787 7.079204 0.349779 0.357288 0.000000 0.000000 0.000000 0.000000 0.000000
3.590326 -3.479879 7.084204 0.347988 0.359033 0.000000 0.000000 0.000000 0.000000 0.000000
3.607681 -3.461884 7.089204 0.346188 0.360768 0.000000 0.000000 0.000000 0.000000 0.000000
3.624945 -3.443802 7.094204 0.344380 0.362494 0.000000 0.000000 0.000000 0.000000 0.000000
3.642118 -3.425635 7.099204 0.342563 0.364212 0.000000 0.000000 0.000000 0.000000 0.000000
3.659201 -3.407381 7.104204 0.340738 0.365920 0.000000 0.000000 0.000000 0.000000 0.000000
3.676192 -3.389043 7.109204 0.338904 0.367619 0.000000 0.000000 0.000000 0.000000 0.000000
3.693091 -3.370620 7.114204 0.337062 0.369309 0.000000 0.000000 0.000000 0.000000 0.000000
3.709898 -3.352112 7.119204 0.335211 0.370990 0.000000 0.000000 0.000000 0.000000 0.000000
3.726612 -3.333521 7.124204 0.333352 0.372661 0.000000 0.000000 0.000000 0.000000 0.000000
3.743233 -3.314846 7.129204 0.331485 0.374323 0.000000 0.000000 0.000000 0.000000 0.000000
3.759761 -3.296089 7.134204 0.329609 0.375976 0.000000 0.000000 0.000000 0.000000 0.000000
3.776194 -3.277249 7.139204 0.327725 0.377619 0.000000 0.000000 0.000000 0.000000 0.000000
3.792533 -3.258327 7.144204 0.325833 0.379253 0.000000 0.000000 0.000000 0.000000 0.000000
3.808777 -3.239324 7.149204 0.323932 0.380878 0.000000 0.000000 0.000000 0.000000 0.000000
3.824926 -3.220239 7.154204 0.322024 0.382493 0.000000 0.000000 0.000000 0.000000 0.000000
3.840979 -3.201074 7.159204 0.320107 0.384098 0.000000 0.000000 0.000000 0.000000 0.000000
3.856937 -3.181830 7.164204 0.318183 0.385694 0.000000 0.000000 0.000000 0.000000 0.000000
3.872798 -3.162505 7.169204 0.316251 0.387280 0.000000 0.000000 0.000000 0.000000 0.000000
3.888562 -3.143102 7.174204 0.314310 0.388856 0.000000 0.000000 0.000000 0.000000 0.000000
3.904228 -3.123620 7.179204 0.312362 0.390423 0.000000 0.000000 0.000000 0.000000 0.000000
3.919798 -3.104060 7.184204 0.310406 0.391980 0.000000 0.000000 0.000000 0.000000 0.000000
3.935269 -3.084422 7.189204 0.308442 0.393527 0.000000 0.000000 0.000000 0.000000 0.000000
3.950642 -3.064707 7.194204 0.306471 0.395064 0.000000 0.000000 0.000000 0.000000 0.000000
3.965916 -3.044916 7.199204 0.304492 0.396592 0.000000 0.000000 0.000000 0.000000 0.000000
3.981091 -3.025048 7.204204 0.302505 0.398109 0.000000 0.000000 0.000000 0.000000 0.000000
3.996166 -3.005105 7.209204 0.300510 0.399617 0.000000 0.000000 0.000000 0.000000 0.000000
4.011142 -2.985087 7.214204 0.298509 0.401114 0.000000 0.000000 0.000000 0.000000 0.000000
4.026017 -2.964994 7.219204 0.296499 0.402602 0.000000 0.000000 0.000000 0.000000 0.000000
4.040792 -2.944827 7.224204 0.294483 0.404079 0.000000 0.000000 0.000000 0.000000 0.000000
4.055465 -2.924586 7.229204 0.292459 0.405547 0.000000 0.000000 0.000000 0.000000 0.000000
4.070037 -2.904272 7.234204 0.290427 0.407004 0.000000 0.000000 0.000000 0.000000 0.000000
4.084508 -2.883886 7.239204 0.288389 0.408451 0.000000 0.000000 0.000000 0.000000 0.000000
4.098876 -2.863427 7.244204 0.286343 0.409888 0.000000 0.000000 0.000000 0.000000 0.000000
4.113142 -2.842897 7.249204 0.284290 0.411314 0.000000 0.000000 0.000000 0.000000 0.000000
4.127305 -2.822296 7.254204 0.282230 0.412730 0.000000 0.000000 0.000000 0.000000 0.000000
4.141365 -2.801624 7.259204 0.280162 0.414136 0.000000 0.000000 0.000000 0.000000 0.000000
4.155321 -2.780883 7.264204 0.278088 0.415532 0.000000 0.000000 0.000000 0.000000 0.000000
4.169173 -2.760071 7.269204 0.276007 0.416917 0.000000 0.000000 0.000000 0.000000 0.000000
4.182922 -2.739191 7.274204 0.273919 0.418292 0.000000 0.000000 0.000000 0.000000 0.000000
4.196565 -2.718242 7.279204 0.271824 0.419657 0.000000 0.000000 0.000000 0.000000 0.000000
4.210104 -2.697226 7.284204 0.269723 0.421010 0.000000 0.000000 0.000000 0.000000 0.000000
4.223537 -2.676141 7.289204 0.267614 0.422354 0.000000 0.000000 0.000000 0.000000 0.000000
4.236865 -2.654990 7.294204 0.265499 0.423687 0.000000 0.000000 0.000000 0.000000 0.000000
4.250087 -2.633773 7.299204 0.263377 0.425009 0.000000 0.000000 0.000000 0.000000 0.000000
4.263203 -2.612490 7.304204 0.261249 0.426320 0.000000 0.000000 0.000000 0.000000 0.000000
4.276212 -2.591141 7.309204 0.259114 0.427621 0.000000 0.000000 0.000000 0.000000 0.000000
4.289114 -2.569728 7.314204 0.256973 0.428911 0.000000 0.000000 0.000000 0.000000 0.000000
4.301909 -2.548250 7.319204 0.254825 0.430191 0.000000 0.000000 0.000000 0.000000 0.000000
4.314596 -2.526709 7.324204 0.252671 0.431460 0.000000 0.000000 0.000000 0.000000 0.000000
4.327176 -2.505104 7.329204 0.250510 0.432718 0.000000 0.000000 0.000000 0.000000 0.000000
4.339647 -2.483437 7.334204 0.248344 0.433965 0.000000 0.000000 0.000000 0.000000 0.000000
4.352010 -2.461708 7.339204 0.246171 0.435201 0.000000 0.000000 0.000000 0.000000 0.000000
4.364264 -2.439917 7.344204 0.243992 0.436426 0.000000 0.000000 0.000000 0.000000 0.000000
4.376409 -2.418066 7.349204 0.241807 0.437641 0.000000 0.000000 0.000000 0.000000 0.000000
4.388445 -2.396153 7.354204 0.239615 0.438844 0.000000 0.000000 0.000000 0.000000 0.000000
4.400371 -2.374181 7.359204 0.237418 0.440037 0.000000 0.000000 0.000000 0.000000 0.000000
4.412187 -2.352150 7.364204 0.235215 0.441219 0.000000 0.000000 0.000000 0.000000 0.000000
4.423892 -2.330060 7.369204 0.233006 0.442389 0.000000 0.000000 0.000000 0.000000 0.000000
4.435487 -2.307911 7.374204 0.230791 0.443549 0.000000 0.000000 0.000000 0.000000 0.000000
4.446971 -2.285705 7.379204 0.228570 0.444697 0.000000 0.000000 0.000000 0.000000 0.000000
4.458344 -2.263442 7.384204 0.226344 0.445834 0.000000 0.000000 0.000000 0.000000 0.000000
4.469606 -2.241122 7.389204 0.224112 0.446961 0.000000 0.000000 0.000000 0.000000 0.000000
4.480755 -2.218746 7.394204 0.221875 0.448076 0.000000 0.000000 0.000000 0.000000 0.000000
4.491793 -2.196314 7.399204 0.219631 0.449179 0.000000 0.000000 0.000000 0.000000 0.000000
4.502718 -2.173828 7.404204 0.217383 0.450272 0.000000 0.000000 0.000000 0.000000 0.000000
4.513531 -2.151287 7.409204 0.215129 0.451353 0.000000 0.000000 0.000000 0.000000 0.000000
4.524231 -2.128693 7.414204 0.212869 0.452423 0.000000 0.000000 0.000000 0.000000 0.000000
4.534818 -2.106045 7.419204 0.210605 0.453482 0.000000 0.000000 0.000000 0.000000 0.000000
4.545291 -2.083345 7.424204 0.208334 0.454529 0.000000 0.000000 0.000000 0.000000 0.000000
4.555651 -2.060592 7.429204 0.206059 0.455565 0.000000 0.000000 0.000000 0.000000 0.000000
4.565897 -2.037789 7.434204 0.203779 0.456590 0.000000 0.000000 0.000000 0.000000 0.000000
4.576029 -2.014934 7.439204 0.201493 0.457603 0.000000 0.000000 0.000000 0.000000 0.000000
4.586047 -1.992028 7.444204 0.199203 0.458605 0.000000 0.000000 0.000000 0.000000 0.000000
4.595949 -1.969073 7.449204 0.196907 0.459595 0.000000 0.000000 0.000000 0.000000 0.000000
4.605737 -1.946069 7.454204 0.194607 0.460574 0.000000 0.000000 0.000000 0.000000 0.000000
4.615410 -1.923016 7.459204 0.192302 0.461541 0.000000 0.000000 0.000000 0.000000 0.000000
4.624967 -1.899915 7.464204 0.189992 0.462497 0.000000 0.000000 0.000000 0.000000 0.000000
4.634409 -1.876767 7.469204 0.187677 0.463441 0.000000 0.000000 0.000000 0.000000 0.000000
4.643735 -1.853571 7.474204 0.185357 0.464373 0.000000 0.000000 0.000000 0.000000 0.000000
4.652945 -1.830330 7.479204 0.183033 0.465294 0.000000 0.000000 0.000000 0.000000 0.000000
4.662038 -1.807042 7.484204 0.180704 0.466204 0.000000 0.000000 0.000000 0.000000 0.000000
4.671015 -1.783709 7.489204 0.178371 0.467101 0.000000 0.000000 0.000000 0.000000 0.000000
4.679875 -1.760332 7.494204 0.176033 0.467988 0.000000 0.000000 0.000000 0.000000 0.000000
4.688618 -1.736911 7.499204 0.173691 0.468862 0.000000 0.000000 0.000000 0.000000 0.000000
4.697244 -1.713446 7.504204 0.171345 0.469724 0.000000 0.000000 0.000000 0.000000 0.000000
4.705753 -1.689939 7.509204 0.168994 0.470575 0.000000 0.000000 0.000000 0.000000 0.000000
4.714143 -1.666389 7.514204 0.166639 0.471414 0.000000 0.000000 0.000000 0.000000 0.000000
4.722416 -1.642797 7.519204 0.164280 0.472242 0.000000 0.000000 0.000000 0.000000 0.000000
4.730571 -1.619165 7.524204 0.161916 0.473057 0.000000 0.000000 0.000000 0.000000 0.000000
4.738608 -1.595492 7.529204 0.159549 0.473861 0.000000 0.000000 0.000000 0.000000 0.000000
4.746526 -1.571779 7.534204 0.157178 0.474653 0.000000 0.000000 0.000000 0.000000 0.000000
4.754326 -1.548027 7.539204 0.154803 0.475433 0.000000 0.000000 0.000000 0.000000 0.000000
4.762006 -1.524236 7.544204 0.152424 0.476201 0.000000 0.000000 0.000000 0.000000 0.000000
4.769568 -1.500407 7.549204 0.150041 0.476957 0.000000 0.000000 0.000000 0.000000 0.000000
4.777010 -1.476540 7.554204 0.147654 0.477701 0.000000 0.000000 0.000000 0.000000 0.000000
4.784333 -1.452637 7.559204 0.145264 0.478433 0.000000 0.000000 0.000000 0.000000 0.000000
4.791537 -1.428697 7.564204 0.142870 0.479154 0.000000 0.000000 0.000000 0.000000 0.000000
4.798620 -1.404722 7.569204 0.140472 0.479862 0.000000 0.000000 0.000000 0.000000 0.000000
4.805584 -1.380711 7.574204 0.138071 0.480558 0.000000 0.000000 0.000000 0.000000 0.000000
4.812427 -1.356666 7.579204 0.135667 0.481243 0.000000 0.000000 0.000000 0.000000 0.000000
4.819150 -1.332587 7.584204 0.133259 0.481915 0.000000 0.000000 0.000000 0.000000 0.000000
4.825753 -1.308475 7.589204 0.130847 0.482575 0.000000 0.000000 0.000000 0.000000 0.000000
4.832235 -1.284330 7.594204 0.128433 0.483224 0.000000 0.000000 0.000000 0.000000 0.000000
4.838596 -1.260153 7.599204 0.126015 0.483860 0.000000 0.000000 0.000000 0.000000 0.000000
4.844837 -1.235944 7.604204 0.123594 0.484484 0.000000 0.000000 0.000000 0.000000 0.000000
4.850956 -1.211705 7.609204 0.121170 0.485096 0.000000 0.000000 0.000000 0.000000 0.000000
4.856954 -1.187435 7.614204 0.118743 0.485695 0.000000 0.000000 0.000000 0.000000 0.000000
4.862830 -1.163135 7.619204 0.116314 0.486283 0.000000 0.000000 0.000000 0.000000 0.000000
4.868585 -1.138807 7.624204 0.113881 0.486858 0.000000 0.000000 0.000000 0.000000 0.000000
4.874218 -1.114450 7.629204 0.111445 0.487422 0.000000 0.000000 0.000000 0.000000 0.000000
4.879729 -1.090065 7.634204 0.109006 0.487973 0.000000 0.000000 0.000000 0.000000 0.000000
4.885119 -1.065652 7.639204 0.106565 0.488512 0.000000 0.000000 0.000000 0.000000 0.000000
4.890386 -1.041214 7.644204 0.104121 0.489039 0.000000 0.000000 0.000000 0.000000 0.000000
4.895531 -1.016749 7.649204 0.101675 0.489553 0.000000 0.000000 0.000000 0.000000 0.000000
4.900553 -0.992259 7.654204 0.099226 0.490055 0.000000 0.000000 0.000000 0.000000 0.000000
4.905453 -0.967743 7.659204 0.096774 0.490545 0.000000 0.000000 0.000000 0.000000 0.000000
4.910231 -0.943204 7.664204 0.094320 0.491023 0.000000 0.000000 0.000000 0.000000 0.000000
4.914885 -0.918641 7.669204 0.091864 0.491489 0.000000 0.000000 0.000000 0.000000 0.000000
4.919417 -0.894056 7.674204 0.089406 0.491942 0.000000 0.000000 0.000000 0.000000 0.000000
4.923826 -0.869447 7.679204 0.086945 0.492383 0.000000 0.000000 0.000000 0.000000 0.000000
4.928112 -0.844818 7.684204 0.084482 0.492811 0.000000 0.000000 0.000000 0.000000 0.000000
4.932274 -0.820167 7.689204 0.082017 0.493227 0.000000 0.000000 0.000000 0.000000 0.000000
4.936313 -0.795495 7.694204 0.079549 0.493631 0.000000 0.000000 0.000000 0.000000 0.000000
4.940229 -0.770804 7.699204 0.077080 0.494023 0.000000 0.000000 0.000000 0.000000 0.000000
4.944021 -0.746093 7.704204 0.074609 0.494402 0.000000 0.000000 0.000000 0.000000 0.000000
4.947690 -0.721364 7.709204 0.072136 0.494769 0.000000 0.000000 0.000000 0.000000 0.000000
4.951235 -0.696616 7.714204 0.069662 0.495123 0.000000 0.000000 0.000000 0.000000 0.000000
4.954656 -0.671851 7.719204 0.067185 0.495466 0.000000 0.000000 0.000000 0.000000 0.000000
4.957953 -0.647070 7.724204 0.064707 0.495795 0.000000 0.000000 0.000000 0.000000 0.000000
4.961127 -0.622272 7.729204 0.062227 0.496113 0.000000 0.000000 0.000000 0.000000 0.000000
4.964176 -0.597459 7.734204 0.059746 0.496418 0.000000 0.000000 0.000000 0.000000 0.000000
4.967101 -0.572631 7.739204 0.057263 0.496710 0.000000 0.000000 0.000000 0.000000 0.000000
4.969902 -0.547788 7.744204 0.054779 0.496990 0.000000 0.000000 0.000000 0.000000 0.000000
4.972579 -0.522932 7.749204 0.052293 0.497258 0.000000 0.000000 0.000000 0.000000 0.000000
4.975132 -0.498062 7.754204 0.049806 0.497513 0.000000 0.000000 0.000000 0.000000 0.000000
4.977560 -0.473181 7.759204 0.047318 0.497756 0.000000 0.000000 0.000000 0.000000 0.000000
4.979863 -0.448287 7.764204 0.044829 0.497986 0.000000 0.000000 0.000000 0.000000 0.000000
4.982043 -0.423382 7.769204 0.042338 0.498204 0.000000 0.000000 0.000000 0.000000 0.000000
4.984097 -0.398467 7.774204 0.039847 0.498410 0.000000 0.000000 0.000000 0.000000 0.000000
4.986027 -0.373541 7.779204 0.037354 0.498603 0.000000 0.000000 0.000000 0.000000 0.000000
4.987833 -0.348607 7.784204 0.034861 0.498783 0.000000 0.000000 0.000000 0.000000 0.000000
4.989513 -0.323663 7.789204 0.032366 0.498951 0.000000 0.000000 0.000000 0.000000 0.000000
4.991069 -0.298712 7.794204 0.029871 0.499107 0.000000 0.000000 0.000000 0.000000 0.000000
4.992500 -0.273753 7.799204 0.027375 0.499250 0.000000 0.000000 0.000000 0.000000 0.000000
4.993807 -0.248787 7.804204 0.024879 0.499381 0.000000 0.000000 0.000000 0.000000 0.000000
4.994988 -0.223815 7.809204 0.022381 0.499499 0.000000 0.000000 0.000000 0.000000 0.000000
4.996045 -0.198837 7.814204 0.019884 0.499604 0.000000 0.000000 0.000000 0.000000 0.000000
4.996977 -0.173855 7.819204 0.017385 0.499698 0.000000 0.000000 0.000000 0.000000 0.000000
4.997783 -0.148868 7.824204 0.014887 0.499778 0.000000 0.000000 0.000000 0.000000 0.000000
4.998465 -0.123877 7.829204 0.012388 0.499847 0.000000 0.000000 0.000000 0.000000 0.000000
4.999022 -0.098883 7.834204 0.009888 0.499902 0.000000 0.000000 0.000000 0.000000 0.000000
4.999454 -0.073887 7.839204 0.007389 0.499945 0.000000 0.000000 0.000000 0.000000 0.000000
4.999761 -0.048889 7.844204 0.004889 0.499976 0.000000 0.000000 0.000000 0.000000 0.000000
4.999943 -0.023890 7.849204 0.002389 0.499994 0.000000 0.000000 0.000000 0.000000 0.000000
5.000000 0.001110 7.854204 -0.000111 0.500000 0.000000 0.000000 0.000000 0.000000 0.000000
4.999932 0.026110 7.859204 -0.002611 0.499993 0.000000 0.000000 0.000000 0.000000 0.000000
4.999739 0.051109 7.864204 -0.005111 0.499974 0.000000 0.000000 0.000000 0.000000 0.000000
4.999421 0.076107 7.869204 -0.007611 0.499942 0.000000 0.000000 0.000000 0.000000 0.000000
4.998978 0.101103 7.874204 -0.010110 0.499898 0.000000 0.000000 0.000000 0.000000 0.000000
4.998410 0.126097 7.879204 -0.012610 0.499841 0.000000 0.000000 0.000000 0.000000 0.000000
4.997717 0.151087 7.884204 -0.015109 0.499772 0.000000 0.000000 0.000000 0.000000 0.000000
4.996899 0.176074 7.889204 -0.017607 0.499690 0.000000 0.000000 0.000000 0.000000 0.000000
4.995956 0.201056 7.894204 -0.020106 0.499596 0.000000 0.000000 0.000000 0.000000 0.000000
4.994888 0.226033 7.899204 -0.022603 0.499489 0.000000 0.000000 0.000000 0.000000 0.000000
4.993696 0.251005 7.904204 -0.025100 0.499370 0.000000 0.000000 0.000000 0.000000 0.000000
4.992378 0.275970 7.909204 -0.027597 0.499238 0.000000 0.000000 0.000000 0.000000 0.000000
4.990936 0.300928 7.914204 -0.030093 0.499094 0.000000 0.000000 0.000000 0.000000 0.000000
4.989369 0.325879 7.919204 -0.032588 0.498937 0.000000 0.000000 0.000000 0.000000 0.000000
4.987677 0.350822 7.924204 -0.035082 0.498768 0.000000 0.000000 0.000000 0.000000 0.000000
4.985861 0.375756 7.929204 -0.037576 0.498586 0.000000 0.000000 0.000000 0.000000 0.000000
4.983920 0.400680 7.934204 -0.040068 0.498392 0.000000 0.000000 0.000000 0.000000 0.000000
4.981854 0.425595 7.939204 -0.042559 0.498185 0.000000 0.000000 0.000000 0.000000 0.000000
4.979664 0.450498 7.944204 -0.045050 0.497966 0.000000 0.000000 0.000000 0.000000 0.000000
4.977349 0.475391 7.949204 -0.047539 0.497735 0.000000 0.000000 0.000000 0.000000 0.000000
4.974910 0.500272 7.954204 -0.050027 0.497491 0.000000 0.000000 0.000000 0.000000 0.000000
4.972346 0.525140 7.959204 -0.052514 0.497235 0.000000 0.000000 0.000000 0.000000 0.000000
4.969658 0.549995 7.964204 -0.054999 0.496966 0.000000 0.000000 0.000000 0.000000 0.000000
4.966846 0.574836 7.969204 -0.057484 0.496685 0.000000 0.000000 0.000000 0.000000 0.000000
4.963910 0.599663 7.974204 -0.059966 0.496391 0.000000 0.000000 0.000000 0.000000 0.000000
4.960850 0.624475 7.979204 -0.062448 0.496085 0.000000 0.000000 0.000000 0.000000 0.000000
4.957665 0.649272 7.984204 -0.064927 0.495767 0.000000 0.000000 0.000000 0.000000 0.000000
4.954357 0.674052 7.989204 -0.067405 0.495436 0.000000 0.000000 0.000000 0.000000 0.000000
4.950925 0.698815 7.994204 -0.069881 0.495092 0.000000 0.000000 0.000000 0.000000 0.000000
4.947369 0.723561 7.999204 -0.072356 0.494737 0.000000 0.000000 0.000000 0.000000 0.000000
4.943689 0.748288 8.004204 -0.074829 0.494369 0.000000 0.000000 0.000000 0.000000 0.000000
4.939886 0.772997 8.009204 -0.077300 0.493989 0.000000 0.000000 0.000000 0.000000 0.000000
4.935959 0.797687 8.014204 -0.079769 0.493596 0.000000 0.000000 0.000000 0.000000 0.000000
4.931909 0.822357 8.019204 -0.082236 0.493191 0.000000 0.000000 0.000000 0.000000 0.000000
4.927736 0.847006 8.024204 -0.084701 0.492774 0.000000 0.000000 0.000000 0.000000 0.000000
4.923439 0.871634 8.029204 -0.087163 0.492344 0.000000 0.000000 0.000000 0.000000 0.000000
4.919020 0.896240 8.034204 -0.089624 0.491902 0.000000 0.000000 0.000000 0.000000 0.000000
4.914477 0.920824 8.039204 -0.092082 0.491448 0.000000 0.000000 0.000000 0.000000 0.000000
4.909811 0.945385 8.044204 -0.094538 0.490981 0.000000 0.000000 0.000000 0.000000 0.000000
4.905023 0.969922 8.049204 -0.096992 0.490502 0.000000 0.000000 0.000000 0.000000 0.000000
4.900112 0.994435 8.054204 -0.099443 0.490011 0.000000 0.000000 0.000000 0.000000 0.000000
4.895079 1.018923 8.059204 -0.101892 0.489508 0.000000 0.000000 0.000000 0.000000 0.000000
4.889923 1.043385 8.064204 -0.104339 0.488992 0.000000 0.000000 0.000000 0.000000 0.000000
4.884645 1.067822 8.069204 -0.106782 0.488464 0.000000 0.000000 0.000000 0.000000 0.000000
4.879245 1.092232 8.074204 -0.109223 0.487924 0.000000 0.000000 0.000000 0.000000 0.000000
4.873723 1.116614 8.079204 -0.111661 0.487372 0.000000 0.000000 0.000000 0.000000 0.000000
4.868079 1.140969 8.084204 -0.114097 0.486808 0.000000 0.000000 0.000000 0.000000 0.000000
4.862313 1.165295 8.089204 -0.116529 0.486231 0.000000 0.000000 0.000000 0.000000 0.000000
4.856426 1.189591 8.094204 -0.118959 0.485643 0.000000 0.000000 0.000000 0.000000 0.000000
4.850417 1.213859 8.099204 -0.121386 0.485042 0.000000 0.000000 0.000000 0.000000 0.000000
4.844287 1.238095 8.104204 -0.123810 0.484429 0.000000 0.000000 0.000000 0.000000 0.000000
4.838036 1.262301 8.109204 -0.126230 0.483804 0.000000 0.000000 0.000000 0.000000 0.000000
4.831664 1.286476 8.114204 -0.128648 0.483166 0.000000 0.000000 0.000000 0.000000 0.000000
4.825172 1.310618 8.119204 -0.131062 0.482517 0.000000 0.000000 0.000000 0.000000 0.000000
4.818558 1.334727 8.124204 -0.133473 0.481856 0.000000 0.000000 0.000000 0.000000 0.000000
4.811824 1.358803 8.129204 -0.135880 0.481182 0.000000 0.000000 0.000000 0.000000 0.000000
4.804970 1.382845 8.134204 -0.138285 0.480497 0.000000 0.000000 0.000000 0.000000 0.000000
4.797996 1.406853 8.139204 -0.140685 0.479800 0.000000 0.000000 0.000000 0.000000 0.000000
4.790902 1.430825 8.144204 -0.143082 0.479090 0.000000 0.000000 0.000000 0.000000 0.000000
4.783688 1.454761 8.149204 -0.145476 0.478369 0.000000 0.000000 0.000000 0.000000 0.000000
4.776354 1.478662 8.154204 -0.147866 0.477635 0.000000 0.000000 0.000000 0.000000 0.000000
4.768901 1.502525 8.159204 -0.150252 0.476890 0.000000 0.000000 0.000000 0.000000 0.000000
4.761329 1.526350 8.164204 -0.152635 0.476133 0.000000 0.000000 0.000000 0.000000 0.000000
4.753638 1.550138 8.169204 -0.155014 0.475364 0.000000 0.000000 0.000000 0.000000 0.000000
4.745828 1.573887 8.174204 -0.157389 0.474583 0.000000 0.000000 0.000000 0.000000 0.000000
4.737899 1.597596 8.179204 -0.159760 0.473790 0.000000 0.000000 0.000000 0.000000 0.000000
4.729852 1.621265 8.184204 -0.162127 0.472985 0.000000 0.000000 0.000000 0.000000 0.000000
4.721686 1.644894 8.189204 -0.164489 0.472169 0.000000 0.000000 0.000000 0.000000 0.000000
4.713403 1.668482 8.194204 -0.166848 0.471340 0.000000 0.000000 0.000000 0.000000 0.000000
4.705002 1.692028 8.199204 -0.169203 0.470500 0.000000 0.000000 0.000000 0.000000 0.000000
4.696483 1.715532 8.204204 -0.171553 0.469648 0.000000 0.000000 0.000000 0.000000 0.000000
4.687846 1.738993 8.209204 -0.173899 0.468785 0.000000 0.000000 0.000000 0.000000 0.000000
4.679093 1.762410 8.214204 -0.176241 0.467909 0.000000 0.000000 0.000000 0.000000 0.000000
4.670222 1.785783 8.219204 -0.178578 0.467022 0.000000 0.000000 0.000000 0.000000 0.000000
4.661235 1.809112 8.224204 -0.180911 0.466124 0.000000 0.000000 0.000000 0.000000 0.000000
4.652131 1.832396 8.229204 -0.183240 0.465213 0.000000 0.000000 0.000000 0.000000 0.000000
4.642911 1.855633 8.234204 -0.185563 0.464291 0.000000 0.000000 0.000000 0.000000 0.000000
4.633575 1.878825 8.239204 -0.187882 0.463358 0.000000 0.000000 0.000000 0.000000 0.000000
4.624123 1.901969 8.244204 -0.190197 0.462412 0.000000 0.000000 0.000000 0.000000 0.000000
4.614555 1.925066 8.249204 -0.192507 0.461456 0.000000 0.000000 0.000000 0.000000 0.000000
4.604873 1.948114 8.254204 -0.194811 0.460487 0.000000 0.000000 0.000000 0.000000 0.000000
4.595074 1.971114 8.259204 -0.197111 0.459507 0.000000 0.000000 0.000000 0.000000 0.000000
4.585161 1.994065 8.264204 -0.199406 0.458516 0.000000 0.000000 0.000000 0.000000 0.000000
4.575134 2.016966 8.269204 -0.201697 0.457513 0.000000 0.000000 0.000000 0.000000 0.000000
4.564992 2.039816 8.274204 -0.203982 0.456499 0.000000 0.000000 0.000000 0.000000 0.000000
4.554736 2.062615 8.279204 -0.206262 0.455474 0.000000 0.000000 0.000000 0.000000 0.000000
4.544366 2.085363 8.284204 -0.208536 0.454437 0.000000 0.000000 0.000000 0.000000 0.000000
4.533882 2.108059 8.289204 -0.210806 0.453388 0.000000 0.000000 0.000000 0.000000 0.000000
4.523285 2.130702 8.294204 -0.213070 0.452329 0.000000 0.000000 0.000000 0.000000 0.000000
4.512575 2.153291 8.299204 -0.215329 0.451258 0.000000 0.000000 0.000000 0.000000 0.000000
4.501753 2.175827 8.304204 -0.217583 0.450175 0.000000 0.000000 0.000000 0.000000 0.000000
4.490817 2.198309 8.309204 -0.219831 0.449082 0.000000 0.000000 0.000000 0.000000 0.000000
4.479770 2.220735 8.314204 -0.222074 0.447977 0.000000 0.000000 0.000000 0.000000 0.000000
4.468610 2.243106 8.319204 -0.224311 0.446861 0.000000 0.000000 0.000000 0.000000 0.000000
4.457339 2.265421 8.324204 -0.226542 0.445734 0.000000 0.000000 0.000000 0.000000 0.000000
4.445956 2.287679 8.329204 -0.228768 0.444596 0.000000 0.000000 0.000000 0.000000 0.000000
4.434462 2.309881 8.334204 -0.230988 0.443446 0.000000 0.000000 0.000000 0.000000 0.000000
4.422857 2.332024 8.339204 -0.233202 0.442286 0.000000 0.000000 0.000000 0.000000 0.000000
4.411142 2.354109 8.344204 -0.235411 0.441114 0.000000 0.000000 0.000000 0.000000 0.000000
4.399316 2.376135 8.349204 -0.237614 0.439932 0.000000 0.000000 0.000000 0.000000 0.000000
4.387380 2.398102 8.354204 -0.239810 0.438738 0.000000 0.000000 0.000000 0.000000 0.000000
4.375335 2.420009 8.359204 -0.242001 0.437534 0.000000 0.000000 0.000000 0.000000 0.000000
4.363180 2.441855 8.364204 -0.244186 0.436318 0.000000 0.000000 0.000000 0.000000 0.000000
4.350917 2.463640 8.369204 -0.246364 0.435092 0.000000 0.000000 0.000000 0.000000 0.000000
4.338544 2.485364 8.374204 -0.248536 0.433854 0.000000 0.000000 0.000000 0.000000 0.000000
4.326063 2.507026 8.379204 -0.250703 0.432606 0.000000 0.000000 0.000000 0.000000 0.000000
4.313474 2.528625 8.384204 -0.252862 0.431347 0.000000 0.000000 0.000000 0.000000 0.000000
4.300777 2.550160 8.389204 -0.255016 0.430078 0.000000 0.000000 0.000000 0.000000 0.000000
4.287973 2.571632 8.394204 -0.257163 0.428797 0.000000 0.000000 0.000000 0.000000 0.000000
4.275061 2.593040 8.399204 -0.259304 0.427506 0.000000 0.000000 0.000000 0.000000 0.000000
4.262042 2.614383 8.404204 -0.261438 0.426204 0.000000 0.000000 0.000000 0.000000 0.000000
4.248917 2.635660 8.409204 -0.263566 0.424892 0.000000 0.000000 0.000000 0.000000 0.000000
4.235686 2.656872 8.414204 -0.265687 0.423569 0.000000 0.000000 0.000000 0.000000 0.000000
4.222348 2.678017 8.419204 -0.267802 0.422235 0.000000 0.000000 0.000000 0.000000 0.000000
4.208906 2.699095 8.424204 -0.269909 0.420891 0.000000 0.000000 0.000000 0.000000 0.000000
4.195358 2.720106 8.429204 -0.272011 0.419536 0.000000 0.000000 0.000000 0.000000 0.000000
4.181705 2.741048 8.434204 -0.274105 0.418170 0.000000 0.000000 0.000000 0.000000 0.000000
4.167947 2.761922 8.439204 -0.276192 0.416795 0.000000 0.000000 0.000000 0.000000 0.000000
4.154086 2.782728 8.444204 -0.278273 0.415409 0.000000 0.000000 0.000000 0.000000 0.000000
4.140120 2.803463 8.449204 -0.280346 0.414012 0.000000 0.000000 0.000000 0.000000 0.000000
4.126051 2.824129 8.454204 -0.282413 0.412605 0.000000 0.000000 0.000000 0.000000 0.000000
4.111879 2.844723 8.459204 -0.284472 0.411188 0.000000 0.000000 0.000000 0.000000 0.000000
4.097604 2.865247 8.464204 -0.286525 0.409760 0.000000 0.000000 0.000000 0.000000 0.000000
4.083227 2.885699 8.469204 -0.288570 0.408323 0.000000 0.000000 0.000000 0.000000 0.000000
4.068747 2.906079 8.474204 -0.290608 0.406875 0.000000 0.000000 0.000000 0.000000 0.000000
4.054166 2.926387 8.479204 -0.292639 0.405417 0.000000 0.000000 0.000000 0.000000 0.000000
4.039483 2.946621 8.484204 -0.294662 0.403948 0.000000 0.000000 0.000000 0.000000 0.000000
4.024700 2.966781 8.489204 -0.296678 0.402470 0.000000 0.000000 0.000000 0.000000 0.000000
4.009816 2.986868 8.494204 -0.298687 0.400982 0.000000 0.000000 0.000000 0.000000 0.000000
3.994831 3.006879 8.499204 -0.300688 0.399483 0.000000 0.000000 0.000000 0.000000 0.000000
3.979747 3.026816 8.504204 -0.302682 0.397975 0.000000 0.000000 0.000000 0.000000 0.000000
3.964563 3.046677 8.509204 -0.304668 0.396456 0.000000 0.000000 0.000000 0.000000 0.000000
3.949280 3.066461 8.514204 -0.306646 0.394928 0.000000 0.000000 0.000000 0.000000 0.000000
3.933899 3.086169 8.519204 -0.308617 0.393390 0.000000 0.000000 0.000000 0.000000 0.000000
3.918419 3.105800 8.524204 -0.310580 0.391842 0.000000 0.000000 0.000000 0.000000 0.000000
3.902841 3.125353 8.529204 -0.312535 0.390284 0.000000 0.000000 0.000000 0.000000 0.000000
3.887165 3.144828 8.534204 -0.314483 0.388717 0.000000 0.000000 0.000000 0.000000 0.000000
3.871393 3.164225 8.539204 -0.316422 0.387139 0.000000 0.000000 0.000000 0.000000 0.000000
3.855523 3.183542 8.544204 -0.318354 0.385552 0.000000 0.000000 0.000000 0.000000 0.000000
3.839557 3.202780 8.549204 -0.320278 0.383956 0.000000 0.000000 0.000000 0.000000 0.000000
3.823496 3.221937 8.554204 -0.322194 0.382350 0.000000 0.000000 0.000000 0.000000 0.000000
3.807338 3.241015 8.559204 -0.324101 0.380734 0.000000 0.000000 0.000000 0.000000 0.000000
3.791086 3.260011 8.564204 -0.326001 0.379109 0.000000 0.000000 0.000000 0.000000 0.000000
3.774738 3.278925 8.569204 -0.327893 0.377474 0.000000 0.000000 0.000000 0.000000 0.000000
3.758297 3.297758 8.574204 -0.329776 0.375830 0.000000 0.000000 0.000000 0.000000 0.000000
3.741761 3.316508 8.579204 -0.331651 0.374176 0.000000 0.000000 0.000000 0.000000 0.000000
3.725132 3.335175 8.584204 -0.333518 0.372513 0.000000 0.000000 0.000000 0.000000 0.000000
3.708409 3.353759 8.589204 -0.335376 0.370841 0.000000 0.000000 0.000000 0.000000 0.000000
3.691594 3.372259 8.594204 -0.337226 0.369159 0.000000 0.000000 0.000000 0.000000 0.000000
3.674687 3.390675 8.599204 -0.339068 0.367469 0.000000 0.000000 0.000000 0.000000 0.000000
3.657688 3.409006 8.604204 -0.340901 0.365769 0.000000 0.000000 0.000000 0.000000 0.000000
3.640597 3.427252 8.609204 -0.342725 0.364060 0.000000 0.000000 0.000000 0.000000 0.000000
3.623415 3.445412 8.614204 -0.344541 0.362342 0.000000 0.000000 0.000000 0.000000 0.000000
3.606143 3.463486 8.619204 -0.346349 0.360614 0.000000 0.000000 0.000000 0.000000 0.000000
3.588780 3.481473 8.624204 -0.348147 0.358878 0.000000 0.000000 0.000000 0.000000 0.000000
3.571328 3.499373 8.629204 -0.349937 0.357133 0.000000 0.000000 0.000000 0.000000 0.000000
3.553787 3.517186 8.634204 -0.351719 0.355379 0.000000 0.000000 0.000000 0.000000 0.000000
3.536157 3.534911 8.639204 -0.353491 0.353616 0.000000 0.000000 0.000000 0.000000 0.000000
3.518438 3.552548 8.644204 -0.355255 0.351844 0.000000 0.000000 0.000000 0.000000 0.000000
3.500631 3.570095 8.649204 -0.357010 0.350063 0.000000 0.000000 0.000000 0.000000 0.000000
3.482737 3.587554 8.654204 -0.358755 0.348274 0.000000 0.000000 0.000000 0.000000 0.000000
3.464756 3.604923 8.659204 -0.360492 0.346476 0.000000 0.000000 0.000000 0.000000 0.000000
3.446688 3.622201 8.664204 -0.362220 0.344669 0.000000 0.000000 0.000000 0.000000 0.000000
3.428534 3.639389 8.669204 -0.363939 0.342853 0.000000 0.000000 0.000000 0.000000 0.000000
3.410294 3.656486 8.674204 -0.365649 0.341029 0.000000 0.000000 0.000000 0.000000 0.000000
3.391969 3.673492 8.679204 -0.367349 0.339197 0.000000 0.000000 0.000000 0.000000 0.000000
3.373559 3.690406 8.684204 -0.369041 0.337356 0.000000 0.000000 0.000000 0.000000 0.000000
3.355065 3.707228 8.689204 -0.370723 0.335507 0.000000 0.000000 0.000000 0.000000 0.000000
3.336487 3.723957 8.694204 -0.372396 0.333649 0.000000 0.000000 0.000000 0.000000 0.000000
3.317826 3.740592 8.699204 -0.374059 0.331783 0.000000 0.000000 0.000000 0.000000 0.000000
3.299082 3.757135 8.704204 -0.375713 0.329908 0.000000 0.000000 0.000000 0.000000 0.000000
3.280255 3.773583 8.709204 -0.377358 0.328025 0.000000 0.000000 0.000000 0.000000 0.000000
3.261346 3.789937 8.714204 -0.378994 0.326135 0.000000 0.000000 0.000000 0.000000 0.000000
3.242356 3.806196 8.719204 -0.380620 0.324236 0.000000 0.000000 0.000000 0.000000 0.000000
3.223284 3.822360 8.724204 -0.382236 0.322328 0.000000 0.000000 0.000000 0.000000 0.000000
3.204132 3.838429 8.729204 -0.383843 0.320413 0.000000 0.000000 0.000000 0.000000 0.000000
3.184900 3.854402 8.734204 -0.385440 0.318490 0.000000 0.000000 0.000000 0.000000 0.000000
3.165588 3.870278 8.739204 -0.387028 0.316559 0.000000 0.000000 0.000000 0.000000 0.000000
3.146197 3.886057 8.744204 -0.388606 0.314620 0.000000 0.000000 0.000000 0.000000 0.000000
3.126728 3.901740 8.749204 -0.390174 0.312673 0.000000 0.000000 0.000000 0.000000 0.000000
3.107180 3.917325 8.754204 -0.391732 0.310718 0.000000 0.000000 0.000000 0.000000 0.000000
3.087555 3.932811 8.759204 -0.393281 0.308755 0.000000 0.000000 0.000000 0.000000 0.000000
3.067852 3.948200 8.764204 -0.394820 0.306785 0.000000 0.000000 0.000000 0.000000 0.000000
3.048073 3.963490 8.769204 -0.396349 0.304807 0.000000 0.000000 0.000000 0.000000 0.000000
3.028217 3.978681 8.774204 -0.397868 0.302822 0.000000 0.000000 0.000000 0.000000 0.000000
3.008286 3.993772 8.779204 -0.399377 0.300829 0.000000 0.000000 0.000000 0.000000 0.000000
2.988280 4.008763 8.784204 -0.400876 0.298828 0.000000 0.000000 0.000000 0.000000 0.000000
2.968199 4.023655 8.789204 -0.402365 0.296820 0.000000 0.000000 0.000000 0.000000 0.000000
2.948044 4.038445 8.794204 -0.403845 0.294804 0.000000 0.000000 0.000000 0.000000 0.000000
2.927815 4.053135 8.799204 -0.405313 0.292781 0.000000 0.000000 0.000000 0.000000 0.000000
2.907512 4.067723 8.804204 -0.406772 0.290751 0.000000 0.000000 0.000000 0.000000 0.000000
2.887137 4.082210 8.809204 -0.408221 0.288714 0.000000 0.000000 0.000000 0.000000 0.000000
2.866690 4.096594 8.814204 -0.409659 0.286669 0.000000 0.000000 0.000000 0.000000 0.000000
2.846172 4.110877 8.819204 -0.411088 0.284617 0.000000 0.000000 0.000000 0.000000 0.000000
2.825582 4.125056 8.824204 -0.412506 0.282558 0.000000 0.000000 0.000000 0.000000 0.000000
2.804921 4.139132 8.829204 -0.413913 0.280492 0.000000 0.000000 0.000000 0.000000 0.000000
2.784191 4.153105 8.834204 -0.415311 0.278419 0.000000 0.000000 0.000000 0.000000 0.000000
2.763390 4.166974 8.839204 -0.416697 0.276339 0.000000 0.000000 0.000000 0.000000 0.000000
2.742521 4.180739 8.844204 -0.418074 0.274252 0.000000 0.000000 0.000000 0.000000 0.000000
2.721583 4.194399 8.849204 -0.419440 0.272158 0.000000 0.000000 0.000000 0.000000 0.000000
2.700577 4.207955 8.854204 -0.420795 0.270058 0.000000 0.000000 0.000000 0.000000 0.000000
2.679504 4.221405 8.859204 -0.422140 0.267950 0.000000 0.000000 0.000000 0.000000 0.000000
2.658363 4.234750 8.864204 -0.423475 0.265836 0.000000 0.000000 0.000000 0.000000 0.000000
2.637157 4.247988 8.869204 -0.424799 0.263716 0.000000 0.000000 0.000000 0.000000 0.000000
2.615884 4.261121 8.874204 -0.426112 0.261588 0.000000 0.000000 0.000000 0.000000 0.000000
2.594545 4.274147 8.879204 -0.427415 0.259455 0.000000 0.000000 0.000000 0.000000 0.000000
2.573142 4.287066 8.884204 -0.428707 0.257314 0.000000 0.000000 0.000000 0.000000 0.000000
2.551675 4.299878 8.889204 -0.429988 0.255167 0.000000 0.000000 0.000000 0.000000 0.000000
2.530144 4.312583 8.894204 -0.431258 0.253014 0.000000 0.000000 0.000000 0.000000 0.000000
2.508549 4.325180 8.899204 -0.432518 0.250855 0.000000 0.000000 0.000000 0.000000 0.000000
2.486892 4.337668 8.904204 -0.433767 0.248689 0.000000 0.000000 0.000000 0.000000 0.000000
2.465173 4.350049 8.909204 -0.435005 0.246517 0.000000 0.000000 0.000000 0.000000 0.000000
2.443392 4.362320 8.914204 -0.436232 0.244339 0.000000 0.000000 0.000000 0.000000 0.000000
2.421550 4.374482 8.919204 -0.437448 0.242155 0.000000 0.000000 0.000000 0.000000 0.000000
2.399647 4.386535 8.924204 -0.438654 0.239965 0.000000 0.000000 0.000000 0.000000 0.000000
2.377685 4.398479 8.929204 -0.439848 0.237768 0.000000 0.000000 0.000000 0.000000 0.000000
2.355663 4.410312 8.934204 -0.441031 0.235566 0.000000 0.000000 0.000000 0.000000 0.000000
2.333582 4.422035 8.939204 -0.442204 0.233358 0.000000 0.000000 0.000000 0.000000 0.000000
2.311442 4.433648 8.944204 -0.443365 0.231144 0.000000 0.000000 0.000000 0.000000 0.000000
2.289245 4.445150 8.949204 -0.444515 0.228925 0.000000 0.000000 0.000000 0.000000 0.000000
2.266991 4.456540 8.954204 -0.445654 0.226699 0.000000 0.000000 0.000000 0.000000 0.000000
2.244680 4.467819 8.959204 -0.446782 0.224468 0.000000 0.000000 0.000000 0.000000 0.000000
2.222313 4.478987 8.964204 -0.447899 0.222231 0.000000 0.000000 0.000000 0.000000 0.000000
2.199891 4.490043 8.969204 -0.449004 0.219989 0.000000 0.000000 0.000000 0.000000 0.000000
2.177413 4.500986 8.974204 -0.450099 0.217741 0.000000 0.000000 0.000000 0.000000 0.000000
2.154881 4.511817 8.979204 -0.451182 0.215488 0.000000 0.000000 0.000000 0.000000 0.000000
2.132295 4.522535 8.984204 -0.452253 0.213229 0.000000 0.000000 0.000000 0.000000 0.000000
2.109656 4.533139 8.989204 -0.453314 0.210966 0.000000 0.000000 0.000000 0.000000 0.000000
2.086964 4.543631 8.994204 -0.454363 0.208696 0.000000 0.000000 0.000000 0.000000 0.000000
2.064220 4.554009 8.999204 -0.455401 0.206422 0.000000 0.000000 0.000000 0.000000 0.000000
2.041424 4.564273 9.004204 -0.456427 0.204142 0.000000 0.000000 0.000000 0.000000 0.000000
2.018577 4.574423 9.009204 -0.457442 0.201858 0.000000 0.000000 0.000000 0.000000 0.000000
1.995680 4.584459 9.014204 -0.458446 0.199568 0.000000 0.000000 0.000000 0.000000 0.000000
1.972733 4.594380 9.019204 -0.459438 0.197273 0.000000 0.000000 0.000000 0.000000 0.000000
1.949736 4.604186 9.024204 -0.460419 0.194974 0.000000 0.000000 0.000000 0.000000 0.000000
1.926691 4.613877 9.029204 -0.461388 0.192669 0.000000 0.000000 0.000000 0.000000 0.000000
1.903598 4.623453 9.034204 -0.462345 0.190360 0.000000 0.000000 0.000000 0.000000 0.000000
1.880457 4.632913 9.039204 -0.463291 0.188046 0.000000 0.000000 0.000000 0.000000 0.000000
1.857269 4.642257 9.044204 -0.464226 0.185727 0.000000 0.000000 0.000000 0.000000 0.000000
1.834034 4.651486 9.049204 -0.465149 0.183403 0.000000 0.000000 0.000000 0.000000 0.000000
1.810754 4.660598 9.054204 -0.466060 0.181075 0.000000 0.000000 0.000000 0.000000 0.000000
1.787428 4.669593 9.059204 -0.466959 0.178743 0.000000 0.000000 0.000000 0.000000 0.000000
1.764058 4.678472 9.064204 -0.467847 0.176406 0.000000 0.000000 0.000000 0.000000 0.000000
1.740644 4.687234 9.069204 -0.468723 0.174064 0.000000 0.000000 0.000000 0.000000 0.000000
1.717186 4.695878 9.074204 -0.469588 0.171719 0.000000 0.000000 0.000000 0.000000 0.000000
1.693685 4.704405 9.079204 -0.470441 0.169369 0.000000 0.000000 0.000000 0.000000 0.000000
1.670142 4.712815 9.084204 -0.471281 0.167014 0.000000 0.000000 0.000000 0.000000 0.000000
1.646557 4.721107 9.089204 -0.472111 0.164656 0.000000 0.000000 0.000000 0.000000 0.000000
1.622931 4.729280 9.094204 -0.472928 0.162293 0.000000 0.000000 0.000000 0.000000 0.000000
1.599265 4.737336 9.099204 -0.473734 0.159926 0.000000 0.000000 0.000000 0.000000 0.000000
1.575558 4.745273 9.104204 -0.474527 0.157556 0.000000 0.000000 0.000000 0.000000 0.000000
1.551812 4.753091 9.109204 -0.475309 0.155181 0.000000 0.000000 0.000000 0.000000 0.000000
1.528027 4.760791 9.114204 -0.476079 0.152803 0.000000 0.000000 0.000000 0.000000 0.000000
1.504205 4.768372 9.119204 -0.476837 0.150420 0.000000 0.000000 0.000000 0.000000 0.000000
1.480344 4.775833 9.124204 -0.477583 0.148034 0.000000 0.000000 0.000000 0.000000 0.000000
1.456446 4.783175 9.129204 -0.478318 0.145645 0.000000 0.000000 0.000000 0.000000 0.000000
1.432512 4.790397 9.134204 -0.479040 0.143251 0.000000 0.000000 0.000000 0.000000 0.000000
1.408543 4.797500 9.139204 -0.479750 0.140854 0.000000 0.000000 0.000000 0.000000 0.000000
1.384538 4.804483 9.144204 -0.480448 0.138454 0.000000 0.000000 0.000000 0.000000 0.000000
1.360498 4.811345 9.149204 -0.481135 0.136050 0.000000 0.000000 0.000000 0.000000 0.000000
1.336424 4.818088 9.154204 -0.481809 0.133642 0.000000 0.000000 0.000000 0.000000 0.000000
1.312317 4.824710 9.159204 -0.482471 0.131232 0.000000 0.000000 0.000000 0.000000 0.000000
1.288177 4.831211 9.164204 -0.483121 0.128818 0.000000 0.000000 0.000000 0.000000 0.000000
1.264005 4.837591 9.169204 -0.483759 0.126401 0.000000 0.000000 0.000000 0.000000 0.000000
1.239802 4.843851 9.174204 -0.484385 0.123980 0.000000 0.000000 0.000000 0.000000 0.000000
1.215567 4.849989 9.179204 -0.484999 0.121557 0.000000 0.000000 0.000000 0.000000 0.000000
1.191302 4.856007 9.184204 -0.485601 0.119130 0.000000 0.000000 0.000000 0.000000 0.000000
1.167007 4.861902 9.189204 -0.486190 0.116701 0.000000 0.000000 0.000000 0.000000 0.000000
1.142683 4.867677 9.194204 -0.486768 0.114268 0.000000 0.000000 0.000000 0.000000 0.000000
1.118331 4.873329 9.199204 -0.487333 0.111833 0.000000 0.000000 0.000000 0.000000 0.000000
1.093950 4.878860 9.204204 -0.487886 0.109395 0.000000 0.000000 0.000000 0.000000 0.000000
1.069542 4.884269 9.209204 -0.488427 0.106954 0.000000 0.000000 0.000000 0.000000 0.000000
1.045108 4.889555 9.214204 -0.488956 0.104511 0.000000 0.000000 0.000000 0.000000 0.000000
1.020647 4.894720 9.219204 -0.489472 0.102065 0.000000 0.000000 0.000000 0.000000 0.000000
0.996161 4.899762 9.224204 -0.489976 0.099616 0.000000 0.000000 0.000000 0.000000 0.000000
0.971650 4.904681 9.229204 -0.490468 0.097165 0.000000 0.000000 0.000000 0.000000 0.000000
0.947114 4.909478 9.234204 -0.490948 0.094711 0.000000 0.000000 0.000000 0.000000 0.000000
0.922555 4.914152 9.239204 -0.491415 0.092255 0.000000 0.000000 0.000000 0.000000 0.000000
0.897973 4.918704 9.244204 -0.491870 0.089797 0.000000 0.000000 0.000000 0.000000 0.000000
0.873368 4.923132 9.249204 -0.492313 0.087337 0.000000 0.000000 0.000000 0.000000 0.000000
0.848742 4.927437 9.254204 -0.492744 0.084874 0.000000 0.000000 0.000000 0.000000 0.000000
0.824094 4.931619 9.259204 -0.493162 0.082409 0.000000 0.000000 0.000000 0.000000 0.000000
0.799426 4.935678 9.264204 -0.493568 0.079943 0.000000 0.000000 0.000000 0.000000 0.000000
0.774737 4.939614 9.269204 -0.493961 0.077474 0.000000 0.000000 0.000000 0.000000 0.000000
0.750030 4.943425 9.274204 -0.494343 0.075003 0.000000 0.000000 0.000000 0.000000 0.000000
0.725303 4.947114 9.279204 -0.494711 0.072530 0.000000 0.000000 0.000000 0.000000 0.000000
0.700559 4.950678 9.284204 -0.495068 0.070056 0.000000 0.000000 0.000000 0.000000 0.000000
0.675797 4.954119 9.289204 -0.495412 0.067580 0.000000 0.000000 0.000000 0.000000 0.000000
0.651018 4.957436 9.294204 -0.495744 0.065102 0.000000 0.000000 0.000000 0.000000 0.000000
0.626223 4.960630 9.299204 -0.496063 0.062622 0.000000 0.000000 0.000000 0.000000 0.000000
0.601412 4.963699 9.304204 -0.496370 0.060141 0.000000 0.000000 0.000000 0.000000 0.000000
0.576586 4.966644 9.309204 -0.496664 0.057659 0.000000 0.000000 0.000000 0.000000 0.000000
0.551745 4.969464 9.314204 -0.496946 0.055175 0.000000 0.000000 0.000000 0.000000 0.000000
0.526891 4.972161 9.319204 -0.497216 0.052689 0.000000 0.000000 0.000000 0.000000 0.000000
0.502024 4.974733 9.324204 -0.497473 0.050202 0.000000 0.000000 0.000000 0.000000 0.000000
0.477144 4.977181 9.329204 -0.497718 0.047714 0.000000 0.000000 0.000000 0.000000 0.000000
0.452252 4.979505 9.334204 -0.497950 0.045225 0.000000 0.000000 0.000000 0.000000 0.000000
0.427349 4.981704 9.339204 -0.498170 0.042735 0.000000 0.000000 0.000000 0.000000 0.000000
0.402436 4.983778 9.344204 -0.498378 0.040244 0.000000 0.000000 0.000000 0.000000 0.000000
0.377512 4.985728 9.349204 -0.498573 0.037751 0.000000 0.000000 0.000000 0.000000 0.000000
0.352579 4.987553 9.354204 -0.498755 0.035258 0.000000 0.000000 0.000000 0.000000 0.000000
0.327637 4.989254 9.359204 -0.498925 0.032764 0.000000 0.000000 0.000000 0.000000 0.000000
0.302686 4.990830 9.364204 -0.499083 0.030269 0.000000 0.000000 0.000000 0.000000 0.000000
0.277728 4.992281 9.369204 -0.499228 0.027773 0.000000 0.000000 0.000000 0.000000 0.000000
0.252764 4.993607 9.374204 -0.499361 0.025276 0.000000 0.000000 0.000000 0.000000 0.000000
0.227793 4.994808 9.379204 -0.499481 0.022779 0.000000 0.000000 0.000000 0.000000 0.000000
0.202816 4.995885 9.384204 -0.499588 0.020282 0.000000 0.000000 0.000000 0.000000 0.000000
0.177834 4.996837 9.389204 -0.499684 0.017783 0.000000 0.000000 0.000000 0.000000 0.000000
0.152848 4.997663 9.394204 -0.499766 0.015285 0.000000 0.000000 0.000000 0.000000 0.000000
0.127857 4.998365 9.399204 -0.499836 0.012786 0.000000 0.000000 0.000000 0.000000 0.000000
0.102864 4.998942 9.404204 -0.499894 0.010286 0.000000 0.000000 0.000000 0.000000 0.000000
0.077868 4.999394 9.409204 -0.499939 0.007787 0.000000 0.000000 0.000000 0.000000 0.000000
0.052870 4.999720 9.414204 -0.499972 0.005287 0.000000 0.000000 0.000000 0.000000 0.000000
0.027871 4.999922 9.419204 -0.499992 0.002787 0.000000 0.000000 0.000000 0.000000 0.000000
0.002871 4.999999 9.424204 -0.500000 0.000287 0.000000 0.000000 0.000000 0.000000 0.000000
-0.022128 4.999951 9.429204 -0.499995 -0.002213 0.000000 0.000000 0.000000 0.000000 0.000000
-0.047128 4.999778 9.434204 -0.499978 -0.004713 0.000000 0.000000 0.000000 0.000000 0.000000
-0.072126 4.999480 9.439204 -0.499948 -0.007213 0.000000 0.000000 0.000000 0.000000 0.000000
-0.097122 4.999057 9.444204 -0.499906 -0.009712 0.000000 0.000000 0.000000 0.000000 0.000000
-0.122116 4.998509 9.449204 -0.499851 -0.012212 0.000000 0.000000 0.000000 0.000000 0.000000
-0.147107 4.997835 9.454204 -0.499784 -0.014711 0.000000 0.000000 0.000000 0.000000 0.000000
-0.172095 4.997037 9.459204 -0.499704 -0.017209 0.000000 0.000000 0.000000 0.000000 0.000000
-0.197077 4.996115 9.464204 -0.499611 -0.019708 0.000000 0.000000 0.000000 0.000000 0.000000
-0.222056 4.995067 9.469204 -0.499507 -0.022206 0.000000 0.000000 0.000000 0.000000 0.000000
-0.247028 4.993894 9.474204 -0.499389 -0.024703 0.000000 0.000000 0.000000 0.000000 0.000000
-0.271994 4.992596 9.479204 -0.499260 -0.027199 0.000000 0.000000 0.000000 0.000000 0.000000
-0.296954 4.991174 9.484204 -0.499117 -0.029695 0.000000 0.000000 0.000000 0.000000 0.000000
-0.321906 4.989627 9.489204 -0.498963 -0.032191 0.000000 0.000000 0.000000 0.000000 0.000000
-0.346850 4.987955 9.494204 -0.498796 -0.034685 0.000000 0.000000 0.000000 0.000000 0.000000
-0.371785 4.986158 9.499204 -0.498616 -0.037179 0.000000 0.000000 0.000000 0.000000 0.000000
-0.396711 4.984237 9.504204 -0.498424 -0.039671 0.000000 0.000000 0.000000 0.000000 0.000000
-0.421627 4.982191 9.509204 -0.498219 -0.042163 0.000000 0.000000 0.000000 0.000000 0.000000
-0.446533 4.980021 9.514204 -0.498002 -0.044653 0.000000 0.000000 0.000000 0.000000 0.000000
-0.471427 4.977726 9.519204 -0.497773 -0.047143 0.000000 0.000000 0.000000 0.000000 0.000000
-0.496310 4.975307 9.524204 -0.497531 -0.049631 0.000000 0.000000 0.000000 0.000000 0.000000
-0.521180 4.972763 9.529204 -0.497276 -0.052118 0.000000 0.000000 0.000000 0.000000 0.000000
-0.546037 4.970095 9.534204 -0.497009 -0.054604 0.000000 0.000000 0.000000 0.000000 0.000000
-0.570881 4.967303 9.539204 -0.496730 -0.057088 0.000000 0.000000 0.000000 0.000000 0.000000
-0.595710 4.964386 9.544204 -0.496439 -0.059571 0.000000 0.000000 0.000000 0.000000 0.000000
-0.620525 4.961346 9.549204 -0.496135 -0.062052 0.000000 0.000000 0.000000 0.000000 0.000000
-0.645323 4.958181 9.554204 -0.495818 -0.064532 0.000000 0.000000 0.000000 0.000000 0.000000
-0.670106 4.954892 9.559204 -0.495489 -0.067011 0.000000 0.000000 0.000000 0.000000 0.000000
-0.694872 4.951480 9.564204 -0.495148 -0.069487 0.000000 0.000000 0.000000 0.000000 0.000000
-0.719621 4.947944 9.569204 -0.494794 -0.071962 0.000000 0.000000 0.000000 0.000000 0.000000
-0.744351 4.944284 9.574204 -0.494428 -0.074435 0.000000 0.000000 0.000000 0.000000 0.000000
-0.769063 4.940500 9.579204 -0.494050 -0.076906 0.000000 0.000000 0.000000 0.000000 0.000000
-0.793756 4.936593 9.584204 -0.493659 -0.079376 0.000000 0.000000 0.000000 0.000000 0.000000
-0.818429 4.932563 9.589204 -0.493256 -0.081843 0.000000 0.000000 0.000000 0.000000 0.000000
-0.843082 4.928409 9.594204 -0.492841 -0.084308 0.000000 0.000000 0.000000 0.000000 0.000000
-0.867713 4.924132 9.599204 -0.492413 -0.086771 0.000000 0.000000 0.000000 0.000000 0.000000
-0.892323 4.919732 9.604204 -0.491973 -0.089232 0.000000 0.000000 0.000000 0.000000 0.000000
-0.916910 4.915209 9.609204 -0.491521 -0.091691 0.000000 0.000000 0.000000 0.000000 0.000000
-0.941475 4.910563 9.614204 -0.491056 -0.094147 0.000000 0.000000 0.000000 0.000000 0.000000
-0.966015 4.905794 9.619204 -0.490579 -0.096602 0.000000 0.000000 0.000000 0.000000 0.000000
-0.990532 4.900903 9.624204 -0.490090 -0.099053 0.000000 0.000000 0.000000 0.000000 0.000000
-1.015024 4.895889 9.629204 -0.489589 -0.101502 0.000000 0.000000 0.000000 0.000000 0.000000
-1.039491 4.890752 9.634204 -0.489075 -0.103949 0.000000 0.000000 0.000000 0.000000 0.000000
-1.063932 4.885494 9.639204 -0.488549 -0.106393 0.000000 0.000000 0.000000 0.000000 0.000000
-1.088346 4.880113 9.644204 -0.488011 -0.108835 0.000000 0.000000 0.000000 0.000000 0.000000
-1.112733 4.874610 9.649204 -0.487461 -0.111273 0.000000 0.000000 0.000000 0.000000 0.000000
-1.137092 4.868986 9.654204 -0.486899 -0.113709 0.000000 0.000000 0.000000 0.000000 0.000000
-1.161422 4.863239 9.659204 -0.486324 -0.116142 0.000000 0.000000 0.000000 0.000000 0.000000
-1.185724 4.857372 9.664204 -0.485737 -0.118572 0.000000 0.000000 0.000000 0.000000 0.000000
-1.209996 4.851382 9.669204 -0.485138 -0.121000 0.000000 0.000000 0.000000 0.000000 0.000000
-1.234237 4.845272 9.674204 -0.484527 -0.123424 0.000000 0.000000 0.000000 0.000000 0.000000
-1.258448 4.839040 9.679204 -0.483904 -0.125845 0.000000 0.000000 0.000000 0.000000 0.000000
-1.282628 4.832687 9.684204 -0.483269 -0.128263 0.000000 0.000000 0.000000 0.000000 0.000000
-1.306775 4.826214 9.689204 -0.482621 -0.130677 0.000000 0.000000 0.000000 0.000000 0.000000
-1.330890 4.819620 9.694204 -0.481962 -0.133089 0.000000 0.000000 0.000000 0.000000 0.000000
-1.354971 4.812905 9.699204 -0.481290 -0.135497 0.000000 0.000000 0.000000 0.000000 0.000000
-1.379018 4.806070 9.704204 -0.480607 -0.137902 0.000000 0.000000 0.000000 0.000000 0.000000
-1.403031 4.799115 9.709204 -0.479911 -0.140303 0.000000 0.000000 0.000000 0.000000 0.000000
-1.427009 4.792040 9.714204 -0.479204 -0.142701 0.000000 0.000000 0.000000 0.000000 0.000000
-1.450952 4.784845 9.719204 -0.478484 -0.145095 0.000000 0.000000 0.000000 0.000000 0.000000
-1.474858 4.777530 9.724204 -0.477753 -0.147486 0.000000 0.000000 0.000000 0.000000 0.000000
-1.498727 4.770096 9.729204 -0.477010 -0.149873 0.000000 0.000000 0.000000 0.000000 0.000000
-1.522558 4.762543 9.734204 -0.476254 -0.152256 0.000000 0.000000 0.000000 0.000000 0.000000
-1.546352 4.754871 9.739204 -0.475487 -0.154635 0.000000 0.000000 0.000000 0.000000 0.000000
-1.570107 4.747080 9.744204 -0.474708 -0.157011 0.000000 0.000000 0.000000 0.000000 0.000000
-1.593823 4.739170 9.749204 -0.473917 -0.159382 0.000000 0.000000 0.000000 0.000000 0.000000
-1.617498 4.731141 9.754204 -0.473114 -0.161750 0.000000 0.000000 0.000000 0.000000 0.000000
-1.641134 4.722995 9.759204 -0.472299 -0.164113 0.000000 0.000000 0.000000 0.000000 0.000000
-1.664728 4.714730 9.764204 -0.471473 -0.166473 0.000000 0.000000 0.000000 0.000000 0.000000
-1.688281 4.706348 9.769204 -0.470635 -0.168828 0.000000 0.000000 0.000000 0.000000 0.000000
-1.711791 4.697847 9.774204 -0.469785 -0.171179 0.000000 0.000000 0.000000 0.000000 0.000000
-1.735259 4.689230 9.779204 -0.468923 -0.173526 0.000000 0.000000 0.000000 0.000000 0.000000
-1.758684 4.680495 9.784204 -0.468049 -0.175868 0.000000 0.000000 0.000000 0.000000 0.000000
-1.782064 4.671643 9.789204 -0.467164 -0.178206 0.000000 0.000000 0.000000 0.000000 0.000000
-1.805400 4.662674 9.794204 -0.466267 -0.180540 0.000000 0.000000 0.000000 0.000000 0.000000
-1.828690 4.653589 9.799204 -0.465359 -0.182869 0.000000 0.000000 0.000000 0.000000 0.000000
-1.851935 4.644387 9.804204 -0.464439 -0.185194 0.000000 0.000000 0.000000 0.000000 0.000000
-1.875134 4.635070 9.809204 -0.463507 -0.187513 0.000000 0.000000 0.000000 0.000000 0.000000
-1.898286 4.625636 9.814204 -0.462564 -0.189829 0.000000 0.000000 0.000000 0.000000 0.000000
-1.921390 4.616087 9.819204 -0.461609 -0.192139 0.000000 0.000000 0.000000 0.000000 0.000000
-1.944447 4.606422 9.824204 -0.460642 -0.194445 0.000000 0.000000 0.000000 0.000000 0.000000
-1.967454 4.596643 9.829204 -0.459664 -0.196745 0.000000 0.000000 0.000000 0.000000 0.000000
-1.990413 4.586748 9.834204 -0.458675 -0.199041 0.000000 0.000000 0.000000 0.000000 0.000000
-2.013322 4.576739 9.839204 -0.457674 -0.201332 0.000000 0.000000 0.000000 0.000000 0.000000
-2.036180 4.566615 9.844204 -0.456661 -0.203618 0.000000 0.000000 0.000000 0.000000 0.000000
-2.058988 4.556377 9.849204 -0.455638 -0.205899 0.000000 0.000000 0.000000 0.000000 0.000000
-2.081744 4.546025 9.854204 -0.454603 -0.208174 0.000000 0.000000 0.000000 0.000000 0.000000
-2.104448 4.535560 9.859204 -0.453556 -0.210445 0.000000 0.000000 0.000000 0.000000 0.000000
-2.127099 4.524981 9.864204 -0.452498 -0.212710 0.000000 0.000000 0.000000 0.000000 0.000000
-2.149697 4.514289 9.869204 -0.451429 -0.214970 0.000000 0.000000 0.000000 0.000000 0.000000
-2.172242 4.503484 9.874204 -0.450348 -0.217224 0.000000 0.000000 0.000000 0.000000 0.000000
-2.194732 4.492566 9.879204 -0.449257 -0.219473 0.000000 0.000000 0.000000 0.000000 0.000000
-2.217167 4.481537 9.884204 -0.448154 -0.221717 0.000000 0.000000 0.000000 0.000000 0.000000
-2.239547 4.470395 9.889204 -0.447039 -0.223955 0.000000 0.000000 0.000000 0.000000 0.000000
-2.261871 4.459141 9.894204 -0.445914 -0.226187 0.000000 0.000000 0.000000 0.000000 0.000000
-2.284138 4.447776 9.899204 -0.444778 -0.228414 0.000000 0.000000 0.000000 0.000000 0.000000
-2.306349 4.436300 9.904204 -0.443630 -0.230635 0.000000 0.000000 0.000000 0.000000 0.000000
-2.328501 4.424713 9.909204 -0.442471 -0.232850 0.000000 0.000000 0.000000 0.000000 0.000000
-2.350595 4.413015 9.914204 -0.441301 -0.235060 0.000000 0.000000 0.000000 0.000000 0.000000
-2.372631 4.401207 9.919204 -0.440121 -0.237263 0.000000 0.000000 0.000000 0.000000 0.000000
-2.394607 4.389289 9.924204 -0.438929 -0.239461 0.000000 0.000000 0.000000 0.000000 0.000000
-2.416524 4.377261 9.929204 -0.437726 -0.241652 0.000000 0.000000 0.000000 0.000000 0.000000
-2.438380 4.365124 9.934204 -0.436512 -0.243838 0.000000 0.000000 0.000000 0.000000 0.000000
-2.460175 4.352877 9.939204 -0.435288 -0.246017 0.000000 0.000000 0.000000 0.000000 0.000000
-2.481908 4.340522 9.944204 -0.434052 -0.248191 0.000000 0.000000 0.000000 0.000000 0.000000
-2.503580 4.328058 9.949204 -0.432806 -0.250358 0.000000 0.000000 0.000000 0.000000 0.000000
-2.525189 4.315486 9.954204 -0.431549 -0.252519 0.000000 0.000000 0.000000 0.000000 0.000000
-2.546735 4.302806 9.959204 -0.430281 -0.254673 0.000000 0.000000 0.000000 0.000000 0.000000
-2.568217 4.290019 9.964204 -0.429002 -0.256822 0.000000 0.000000 0.000000 0.000000 0.000000
-2.589635 4.277124 9.969204 -0.427712 -0.258963 0.000000 0.000000 0.000000 0.000000 0.000000
-2.610988 4.264123 9.974204 -0.426412 -0.261099 0.000000 0.000000 0.000000 0.000000 0.000000
-2.632276 4.251015 9.979204 -0.425101 -0.263228 0.000000 0.000000 0.000000 0.000000 0.000000
-2.653498 4.237800 9.984204 -0.423780 -0.265350 0.000000 0.000000 0.000000 0.000000 0.000000
-2.674653 4.224480 9.989204 -0.422448 -0.267465 0.000000 0.000000 0.000000 0.000000 0.000000
-2.695742 4.211054 9.994204 -0.421105 -0.269574 0.000000 0.000000 0.000000 0.000000 0.000000
-2.716764 4.197522 9.999204 -0.419752 -0.271676 0.000000 0.000000 0.000000 0.000000 0.000000
-2.737717 4.183886 10.004204 -0.418389 -0.273772 0.000000 0.000000 0.000000 0.000000 0.000000
-2.758603 4.170145 10.009204 -0.417015 -0.275860 0.000000 0.000000 0.000000 0.000000 0.000000
-2.779419 4.156300 10.014204 -0.415630 -0.277942 0.000000 0.000000 0.000000 0.000000 0.000000
-2.800165 4.142351 10.019204 -0.414235 -0.280017 0.000000 0.000000 0.000000 0.000000 0.000000
-2.820842 4.128299 10.024204 -0.412830 -0.282084 0.000000 0.000000 0.000000 0.000000 0.000000
-2.841448 4.114143 10.029204 -0.411414 -0.284145 0.000000 0.000000 0.000000 0.000000 0.000000
-2.861983 4.099884 10.034204 -0.409988 -0.286198 0.000000 0.000000 0.000000 0.000000 0.000000
-2.882447 4.085523 10.039204 -0.408552 -0.288245 0.000000 0.000000 0.000000 0.000000 0.000000
-2.902838 4.071060 10.044204 -0.407106 -0.290284 0.000000 0.000000 0.000000 0.000000 0.000000
-2.923157 4.056495 10.049204 -0.405649 -0.292316 0.000000 0.000000 0.000000 0.000000 0.000000
-2.943403 4.041829 10.054204 -0.404183 -0.294340 0.000000 0.000000 0.000000 0.000000 0.000000
-2.963575 4.027061 10.059204 -0.402706 -0.296358 0.000000 0.000000 0.000000 0.000000 0.000000
-2.983674 4.012193 10.064204 -0.401219 -0.298367 0.000000 0.000000 0.000000 0.000000 0.000000
-3.003697 3.997224 10.069204 -0.399722 -0.300370 0.000000 0.000000 0.000000 0.000000 0.000000
-3.023646 3.982156 10.074204 -0.398216 -0.302365 0.000000 0.000000 0.000000 0.000000 0.000000
-3.043519 3.966988 10.079204 -0.396699 -0.304352 0.000000 0.000000 0.000000 0.000000 0.000000
-3.063315 3.951721 10.084204 -0.395172 -0.306332 0.000000 0.000000 0.000000 0.000000 0.000000
-3.083036 3.936355 10.089204 -0.393636 -0.308304 0.000000 0.000000 0.000000 0.000000 0.000000
-3.102679 3.920891 10.094204 -0.392089 -0.310268 0.000000 0.000000 0.000000 0.000000 0.000000
-3.122244 3.905328 10.099204 -0.390533 -0.312224 0.000000 0.000000 0.000000 0.000000 0.000000
-3.141732 3.889668 10.104204 -0.388967 -0.314173 0.000000 0.000000 0.000000 0.000000 0.000000
-3.161141 3.873911 10.109204 -0.387391 -0.316114 0.000000 0.000000 0.000000 0.000000 0.000000
-3.180471 3.858057 10.114204 -0.385806 -0.318047 0.000000 0.000000 0.000000 0.000000 0.000000
-3.199721 3.842107 10.119204 -0.384211 -0.319972 0.000000 0.000000 0.000000 0.000000 0.000000
-3.218892 3.826060 10.124204 -0.382606 -0.321889 0.000000 0.000000 0.000000 0.000000 0.000000
-3.237982 3.809918 10.129204 -0.380992 -0.323798 0.000000 0.000000 0.000000 0.000000 0.000000
-3.256991 3.793680 10.134204 -0.379368 -0.325699 0.000000 0.000000 0.000000 0.000000 0.000000
-3.275918 3.777348 10.139204 -0.377735 -0.327592 0.000000 0.000000 0.000000 0.000000 0.000000
-3.294764 3.760921 10.144204 -0.376092 -0.329476 0.000000 0.000000 0.000000 0.000000 0.000000
-3.313527 3.744401 10.149204 -0.374440 -0.331353 0.000000 0.000000 0.000000 0.000000 0.000000
-3.332208 3.727786 10.154204 -0.372779 -0.333221 0.000000 0.000000 0.000000 0.000000 0.000000
-3.350805 3.711079 10.159204 -0.371108 -0.335081 0.000000 0.000000 0.000000 0.000000 0.000000
-3.369319 3.694278 10.164204 -0.369428 -0.336932 0.000000 0.000000 0.000000 0.000000 0.000000
-3.387748 3.677386 10.169204 -0.367739 -0.338775 0.000000 0.000000 0.000000 0.000000 0.000000
-3.406092 3.660401 10.174204 -0.366040 -0.340609 0.000000 0.000000 0.000000 0.000000 0.000000
-3.424352 3.643325 10.179204 -0.364332 -0.342435 0.000000 0.000000 0.000000 0.000000 0.000000
-3.442525 3.626158 10.184204 -0.362616 -0.344253 0.000000 0.000000 0.000000 0.000000 0.000000
-3.460613 3.608900 10.189204 -0.360890 -0.346061 0.000000 0.000000 0.000000 0.000000 0.000000
-3.478614 3.591552 10.194204 -0.359155 -0.347861 0.000000 0.000000 0.000000 0.000000 0.000000
-3.496528 3.574114 10.199204 -0.357411 -0.349653 0.000000 0.000000 0.000000 0.000000 0.000000
-3.514355 3.556587 10.204204 -0.355659 -0.351436 0.000000 0.000000 0.000000 0.000000 0.000000
-3.532094 3.538970 10.209204 -0.353897 -0.353209 0.000000 0.000000 0.000000 0.000000 0.000000
-3.549745 3.521266 10.214204 -0.352127 -0.354974 0.000000 0.000000 0.000000 0.000000 0.000000
-3.567307 3.503473 10.219204 -0.350347 -0.356731 0.000000 0.000000 0.000000 0.000000 0.000000
-3.584779 3.485593 10.224204 -0.348559 -0.358478 0.000000 0.000000 0.000000 0.000000 0.000000
-3.602162 3.467625 10.229204 -0.346763 -0.360216 0.000000 0.000000 0.000000 0.000000 0.000000
-3.619455 3.449571 10.234204 -0.344957 -0.361946 0.000000 0.000000 0.000000 0.000000 0.000000
-3.636658 3.431431 10.239204 -0.343143 -0.363666 0.000000 0.000000 0.000000 0.000000 0.000000
-3.653770 3.413205 10.244204 -0.341320 -0.365377 0.000000 0.000000 0.000000 0.000000 0.000000
-3.670790 3.394893 10.249204 -0.339489 -0.367079 0.000000 0.000000 0.000000 0.000000 0.000000
-3.687718 3.376497 10.254204 -0.337650 -0.368772 0.000000 0.000000 0.000000 0.000000 0.000000
-3.704555 3.358016 10.259204 -0.335802 -0.370455 0.000000 0.000000 0.000000 0.000000 0.000000
-3.721298 3.339452 10.264204 -0.333945 -0.372130 0.000000 0.000000 0.000000 0.000000 0.000000
-3.737949 3.320804 10.269204 -0.332080 -0.373795 0.000000 0.000000 0.000000 0.000000 0.000000
-3.754506 3.302072 10.274204 -0.330207 -0.375451 0.000000 0.000000 0.000000 0.000000 0.000000
-3.770970 3.283259 10.279204 -0.328326 -0.377097 0.000000 0.000000 0.000000 0.000000 0.000000
-3.787339 3.264363 10.284204 -0.326436 -0.378734 0.000000 0.000000 0.000000 0.000000 0.000000
-3.803613 3.245385 10.289204 -0.324539 -0.380361 0.000000 0.000000 0.000000 0.000000 0.000000
-3.819792 3.226327 10.294204 -0.322633 -0.381979 0.000000 0.000000 0.000000 0.000000 0.000000
-3.835876 3.207188 10.299204 -0.320719 -0.383588 0.000000 0.000000 0.000000 0.000000 0.000000
-3.851864 3.187968 10.304204 -0.318797 -0.385186 0.000000 0.000000 0.000000 0.000000 0.000000
-3.867756 3.168669 10.309204 -0.316867 -0.386776 0.000000 0.000000 0.000000 0.000000 0.000000
-3.883551 3.149291 10.314204 -0.314929 -0.388355 0.000000 0.000000 0.000000 0.000000 0.000000
-3.899249 3.129834 10.319204 -0.312983 -0.389925 0.000000 0.000000 0.000000 0.000000 0.000000
-3.914849 3.110299 10.324204 -0.311030 -0.391485 0.000000 0.000000 0.000000 0.000000 0.000000
-3.930351 3.090686 10.329204 -0.309069 -0.393035 0.000000 0.000000 0.000000 0.000000 0.000000
-3.945756 3.070995 10.334204 -0.307100 -0.394576 0.000000 0.000000 0.000000 0.000000 0.000000
-3.961061 3.051228 10.339204 -0.305123 -0.396106 0.000000 0.000000 0.000000 0.000000 0.000000
-3.976268 3.031385 10.344204 -0.303138 -0.397627 0.000000 0.000000 0.000000 0.000000 0.000000
-3.991375 3.011466 10.349204 -0.301147 -0.399138 0.000000 0.000000 0.000000 0.000000 0.000000
-4.006382 2.991471 10.354204 -0.299147 -0.400638 0.000000 0.000000 0.000000 0.000000 0.000000
-4.021290 2.971402 10.359204 -0.297140 -0.402129 0.000000 0.000000 0.000000 0.000000 0.000000
-4.036096 2.951258 10.364204 -0.295126 -0.403610 0.000000 0.000000 0.000000 0.000000 0.000000
-4.050802 2.931041 10.369204 -0.293104 -0.405080 0.000000 0.000000 0.000000 0.000000 0.000000
-4.065407 2.910751 10.374204 -0.291075 -0.406541 0.000000 0.000000 0.000000 0.000000 0.000000
-4.079909 2.890387 10.379204 -0.289039 -0.407991 0.000000 0.000000 0.000000 0.000000 0.000000
-4.094310 2.869952 10.384204 -0.286995 -0.409431 0.000000 0.000000 0.000000 0.000000 0.000000
-4.108609 2.849444 10.389204 -0.284944 -0.410861 0.000000 0.000000 0.000000 0.000000 0.000000
-4.122805 2.828866 10.394204 -0.282887 -0.412280 0.000000 0.000000 0.000000 0.000000 0.000000
-4.136897 2.808216 10.399204 -0.280822 -0.413690 0.000000 0.000000 0.000000 0.000000 0.000000
-4.150887 2.787497 10.404204 -0.278750 -0.415089 0.000000 0.000000 0.000000 0.000000 0.000000
-4.164772 2.766708 10.409204 -0.276671 -0.416477 0.000000 0.000000 0.000000 0.000000 0.000000
-4.178554 2.745849 10.414204 -0.274585 -0.417855 0.000000 0.000000 0.000000 0.000000 0.000000
-4.192231 2.724922 10.419204 -0.272492 -0.419223 0.000000 0.000000 0.000000 0.000000 0.000000
-4.205803 2.703927 10.424204 -0.270393 -0.420580 0.000000 0.000000 0.000000 0.000000 0.000000
-4.219270 2.682865 10.429204 -0.268286 -0.421927 0.000000 0.000000 0.000000 0.000000 0.000000
-4.232631 2.661735 10.434204 -0.266173 -0.423263 0.000000 0.000000 0.000000 0.000000 0.000000
-4.245887 2.640538 10.439204 -0.264054 -0.424589 0.000000 0.000000 0.000000 0.000000 0.000000
-4.259037 2.619276 10.444204 -0.261928 -0.425904 0.000000 0.000000 0.000000 0.000000 0.000000
-4.272080 2.597948 10.449204 -0.259795 -0.427208 0.000000 0.000000 0.000000 0.000000 0.000000
-4.285016 2.576555 10.454204 -0.257656 -0.428502 0.000000 0.000000 0.000000 0.000000 0.000000
-4.297845 2.555098 10.459204 -0.255510 -0.429785 0.000000 0.000000 0.000000 0.000000 0.000000
-4.310567 2.533577 10.464204 -0.253358 -0.431057 0.000000 0.000000 0.000000 0.000000 0.000000
-4.323181 2.511993 10.469204 -0.251199 -0.432318 0.000000 0.000000 0.000000 0.000000 0.000000
-4.335687 2.490346 10.474204 -0.249035 -0.433569 0.000000 0.000000 0.000000 0.000000 0.000000
-4.348084 2.468636 10.479204 -0.246864 -0.434808 0.000000 0.000000 0.000000 0.000000 0.000000
-4.360373 2.446865 10.484204 -0.244686 -0.436037 0.000000 0.000000 0.000000 0.000000 0.000000
-4.372553 2.425033 10.489204 -0.242503 -0.437255 0.000000 0.000000 0.000000 0.000000 0.000000
-4.384623 2.403140 10.494204 -0.240314 -0.438462 0.000000 0.000000 0.000000 0.000000 0.000000
-4.396584 2.381187 10.499204 -0.238119 -0.439658 0.000000 0.000000 0.000000 0.000000 0.000000
-4.408435 2.359174 10.504204 -0.235917 -0.440843 0.000000 0.000000 0.000000 0.000000 0.000000
-4.420176 2.337102 10.509204 -0.233710 -0.442018 0.000000 0.000000 0.000000 0.000000 0.000000
-4.431806 2.314972 10.514204 -0.231497 -0.443181 0.000000 0.000000 0.000000 0.000000 0.000000
-4.443325 2.292784 10.519204 -0.229278 -0.444333 0.000000 0.000000 0.000000 0.000000 0.000000
-4.454734 2.270539 10.524204 -0.227054 -0.445473 0.000000 0.000000 0.000000 0.000000 0.000000
-4.466031 2.248237 10.529204 -0.224824 -0.446603 0.000000 0.000000 0.000000 0.000000 0.000000
-4.477216 2.225879 10.534204 -0.222588 -0.447722 0.000000 0.000000 0.000000 0.000000 0.000000
-4.488289 2.203465 10.539204 -0.220347 -0.448829 0.000000 0.000000 0.000000 0.000000 0.000000
-4.499250 2.180996 10.544204 -0.218100 -0.449925 0.000000 0.000000 0.000000 0.000000 0.000000
-4.510099 2.158473 10.549204 -0.215847 -0.451010 0.000000 0.000000 0.000000 0.000000 0.000000
-4.520835 2.135896 10.554204 -0.213590 -0.452084 0.000000 0.000000 0.000000 0.000000 0.000000
-4.531458 2.113265 10.559204 -0.211326 -0.453146 0.000000 0.000000 0.000000 0.000000 0.000000
-4.541968 2.090581 10.564204 -0.209058 -0.454197 0.000000 0.000000 0.000000 0.000000 0.000000
-4.552364 2.067845 10.569204 -0.206785 -0.455236 0.000000 0.000000 0.000000 0.000000 0.000000
-4.562646 2.045058 10.574204 -0.204506 -0.456265 0.000000 0.000000 0.000000 0.000000 0.000000
-4.572814 2.022219 10.579204 -0.202222 -0.457281 0.000000 0.000000 0.000000 0.000000 0.000000
-4.582868 1.999330 10.584204 -0.199933 -0.458287 0.000000 0.000000 0.000000 0.000000 0.000000
-4.592807 1.976391 10.589204 -0.197639 -0.459281 0.000000 0.000000 0.000000 0.000000 0.000000
-4.602632 1.953402 10.594204 -0.195340 -0.460263 0.000000 0.000000 0.000000 0.000000 0.000000
-4.612341 1.930364 10.599204 -0.193036 -0.461234 0.000000 0.000000 0.000000 0.000000 0.000000
-4.621935 1.907279 10.604204 -0.190728 -0.462194 0.000000 0.000000 0.000000 0.000000 0.000000
-4.631414 1.884145 10.609204 -0.188415 -0.463141 0.000000 0.000000 0.000000 0.000000 0.000000
-4.640777 1.860965 10.614204 -0.186096 -0.464078 0.000000 0.000000 0.000000 0.000000 0.000000
-4.650024 1.837738 10.619204 -0.183774 -0.465002 0.000000 0.000000 0.000000 0.000000 0.000000
-4.659154 1.814465 10.624204 -0.181446 -0.465915 0.000000 0.000000 0.000000 0.000000 0.000000
-4.668168 1.791146 10.629204 -0.179115 -0.466817 0.000000 0.000000 0.000000 0.000000 0.000000
-4.677066 1.767783 10.634204 -0.176778 -0.467707 0.000000 0.000000 0.000000 0.000000 0.000000
-4.685846 1.744376 10.639204 -0.174438 -0.468585 0.000000 0.000000 0.000000 0.000000 0.000000
-4.694509 1.720925 10.644204 -0.172093 -0.469451 0.000000 0.000000 0.000000 0.000000 0.000000
-4.703055 1.697431 10.649204 -0.169743 -0.470306 0.000000 0.000000 0.000000 0.000000 0.000000
-4.711483 1.673895 10.654204 -0.167389 -0.471148 0.000000 0.000000 0.000000 0.000000 0.000000
-4.719794 1.650316 10.659204 -0.165032 -0.471979 0.000000 0.000000 0.000000 0.000000 0.000000
-4.727987 1.626697 10.664204 -0.162670 -0.472799 0.000000 0.000000 0.000000 0.000000 0.000000
-4.736061 1.603037 10.669204 -0.160304 -0.473606 0.000000 0.000000 0.000000 0.000000 0.000000
-4.744017 1.579337 10.674204 -0.157934 -0.474402 0.000000 0.000000 0.000000 0.000000 0.000000
-4.751854 1.555597 10.679204 -0.155560 -0.475185 0.000000 0.000000 0.000000 0.000000 0.000000
-4.759573 1.531818 10.684204 -0.153182 -0.475957 0.000000 0.000000 0.000000 0.000000 0.000000
-4.767172 1.508001 10.689204 -0.150800 -0.476717 0.000000 0.000000 0.000000 0.000000 0.000000
-4.774653 1.484147 10.694204 -0.148415 -0.477465 0.000000 0.000000 0.000000 0.000000 0.000000
-4.782014 1.460255 10.699204 -0.146025 -0.478201 0.000000 0.000000 0.000000 0.000000 0.000000
-4.789255 1.436327 10.704204 -0.143633 -0.478926 0.000000 0.000000 0.000000 0.000000 0.000000
-4.796377 1.412363 10.709204 -0.141236 -0.479638 0.000000 0.000000 0.000000 0.000000 0.000000
-4.803379 1.388363 10.714204 -0.138836 -0.480338 0.000000 0.000000 0.000000 0.000000 0.000000
-4.810261 1.364329 10.719204 -0.136433 -0.481026 0.000000 0.000000 0.000000 0.000000 0.000000
-4.817022 1.340261 10.724204 -0.134026 -0.481702 0.000000 0.000000 0.000000 0.000000 0.000000
-4.823663 1.316159 10.729204 -0.131616 -0.482366 0.000000 0.000000 0.000000 0.000000 0.000000
-4.830184 1.292024 10.734204 -0.129202 -0.483018 0.000000 0.000000 0.000000 0.000000 0.000000
-4.836583 1.267857 10.739204 -0.126786 -0.483658 0.000000 0.000000 0.000000 0.000000 0.000000
-4.842862 1.243659 10.744204 -0.124366 -0.484286 0.000000 0.000000 0.000000 0.000000 0.000000
-4.849020 1.219429 10.749204 -0.121943 -0.484902 0.000000 0.000000 0.000000 0.000000 0.000000
-4.855056 1.195169 10.754204 -0.119517 -0.485506 0.000000 0.000000 0.000000 0.000000 0.000000
-4.860971 1.170879 10.759204 -0.117088 -0.486097 0.000000 0.000000 0.000000 0.000000 0.000000
-4.866765 1.146559 10.764204 -0.114656 -0.486677 0.000000 0.000000 0.000000 0.000000 0.000000
-4.872437 1.122211 10.769204 -0.112221 -0.487244 0.000000 0.000000 0.000000 0.000000 0.000000
-4.877987 1.097835 10.774204 -0.109783 -0.487799 0.000000 0.000000 0.000000 0.000000 0.000000
-4.883415 1.073431 10.779204 -0.107343 -0.488342 0.000000 0.000000 0.000000 0.000000 0.000000
-4.888721 1.049001 10.784204 -0.104900 -0.488872 0.000000 0.000000 0.000000 0.000000 0.000000
-4.893905 1.024544 10.789204 -0.102454 -0.489391 0.000000 0.000000 0.000000 0.000000 0.000000
-4.898967 1.000062 10.794204 -0.100006 -0.489897 0.000000 0.000000 0.000000 0.000000 0.000000
-4.903906 0.975555 10.799204 -0.097555 -0.490391 0.000000 0.000000 0.000000 0.000000 0.000000
-4.908722 0.951023 10.804204 -0.095102 -0.490872 0.000000 0.000000 0.000000 0.000000 0.000000
-4.913416 0.926468 10.809204 -0.092647 -0.491342 0.000000 0.000000 0.000000 0.000000 0.000000
-4.917987 0.901889 10.814204 -0.090189 -0.491799 0.000000 0.000000 0.000000 0.000000 0.000000
-4.922435 0.877288 10.819204 -0.087729 -0.492243 0.000000 0.000000 0.000000 0.000000 0.000000
-4.926760 0.852665 10.824204 -0.085267 -0.492676 0.000000 0.000000 0.000000 0.000000 0.000000
-4.930962 0.828021 10.829204 -0.082802 -0.493096 0.000000 0.000000 0.000000 0.000000 0.000000
-4.935040 0.803356 10.834204 -0.080336 -0.493504 0.000000 0.000000 0.000000 0.000000 0.000000
-4.938995 0.778671 10.839204 -0.077867 -0.493900 0.000000 0.000000 0.000000 0.000000 0.000000
-4.942827 0.753966 10.844204 -0.075397 -0.494283 0.000000 0.000000 0.000000 0.000000 0.000000
-4.946535 0.729243 10.849204 -0.072924 -0.494653 0.000000 0.000000 0.000000 0.000000 0.000000
-4.950119 0.704501 10.854204 -0.070450 -0.495012 0.000000 0.000000 0.000000 0.000000 0.000000
-4.953580 0.679742 10.859204 -0.067974 -0.495358 0.000000 0.000000 0.000000 0.000000 0.000000
-4.956916 0.654965 10.864204 -0.065497 -0.495692 0.000000 0.000000 0.000000 0.000000 0.000000
-4.960129 0.630173 10.869204 -0.063017 -0.496013 0.000000 0.000000 0.000000 0.000000 0.000000
-4.963218 0.605364 10.874204 -0.060536 -0.496322 0.000000 0.000000 0.000000 0.000000 0.000000
-4.966183 0.580541 10.879204 -0.058054 -0.496618 0.000000 0.000000 0.000000 0.000000 0.000000
-4.969024 0.555703 10.884204 -0.055570 -0.496902 0.000000 0.000000 0.000000 0.000000 0.000000
-4.971740 0.530851 10.889204 -0.053085 -0.497174 0.000000 0.000000 0.000000 0.000000 0.000000
-4.974332 0.505985 10.894204 -0.050599 -0.497433 0.000000 0.000000 0.000000 0.000000 0.000000
-4.976800 0.481108 10.899204 -0.048111 -0.497680 0.000000 0.000000 0.000000 0.000000 0.000000
-4.979143 0.456218 10.904204 -0.045622 -0.497914 0.000000 0.000000 0.000000 0.000000 0.000000
-4.981362 0.431316 10.909204 -0.043132 -0.498136 0.000000 0.000000 0.000000 0.000000 0.000000
-4.983456 0.406404 10.914204 -0.040640 -0.498346 0.000000 0.000000 0.000000 0.000000 0.000000
-4.985426 0.381482 10.919204 -0.038148 -0.498543 0.000000 0.000000 0.000000 0.000000 0.000000
-4.987271 0.356550 10.924204 -0.035655 -0.498727 0.000000 0.000000 0.000000 0.000000 0.000000
-4.988991 0.331609 10.929204 -0.033161 -0.498899 0.000000 0.000000 0.000000 0.000000 0.000000
-4.990587 0.306660 10.934204 -0.030666 -0.499059 0.000000 0.000000 0.000000 0.000000 0.000000
-4.992058 0.281704 10.939204 -0.028170 -0.499206 0.000000 0.000000 0.000000 0.000000 0.000000
-4.993404 0.256740 10.944204 -0.025674 -0.499340 0.000000 0.000000 0.000000 0.000000 0.000000
-4.994625 0.231770 10.949204 -0.023177 -0.499463 0.000000 0.000000 0.000000 0.000000 0.000000
-4.995722 0.206794 10.954204 -0.020679 -0.499572 0.000000 0.000000 0.000000 0.000000 0.000000
-4.996693 0.181813 10.959204 -0.018181 -0.499669 0.000000 0.000000 0.000000 0.000000 0.000000
-4.997540 0.156827 10.964204 -0.015683 -0.499754 0.000000 0.000000 0.000000 0.000000 0.000000
-4.998262 0.131838 10.969204 -0.013184 -0.499826 0.000000 0.000000 0.000000 0.000000 0.000000
-4.998858 0.106845 10.974204 -0.010684 -0.499886 0.000000 0.000000 0.000000 0.000000 0.000000
-4.999330 0.081849 10.979204 -0.008185 -0.499933 0.000000 0.000000 0.000000 0.000000 0.000000
-4.999677 0.056852 10.984204 -0.005685 -0.499968 0.000000 0.000000 0.000000 0.000000 0.000000
-4.999899 0.031853 10.989204 -0.003185 -0.499990 0.000000 0.000000 0.000000 0.000000 0.000000
-4.999995 0.006853 10.994204 -0.000685 -0.500000 0.000000 0.000000 0.000000 0.000000 0.000000
-4.999967 -0.018147 10.999204 0.001815 -0.499997 0.000000 0.000000 0.000000 0.000000 0.000000
-4.999814 -0.043146 11.004204 0.004315 -0.499981 0.000000 0.000000 0.000000 0.000000 0.000000
-4.999536 -0.068145 11.009204 0.006814 -0.499954 0.000000 0.000000 0.000000 0.000000 0.000000
-4.999132 -0.093142 11.014204 0.009314 -0.499913 0.000000 0.000000 0.000000 0.000000 0.000000
-4.998604 -0.118136 11.019204 0.011814 -0.499860 0.000000 0.000000 0.000000 0.000000 0.000000
-4.997951 -0.143127 11.024204 0.014313 -0.499795 0.000000 0.000000 0.000000 0.000000 0.000000
-4.997173 -0.168115 11.029204 0.016812 -0.499717 0.000000 0.000000 0.000000 0.000000 0.000000
-4.996270 -0.193099 11.034204 0.019310 -0.499627 0.000000 0.000000 0.000000 0.000000 0.000000
-4.995242 -0.218078 11.039204 0.021808 -0.499524 0.000000 0.000000 0.000000 0.000000 0.000000
-4.994089 -0.243051 11.044204 0.024305 -0.499409 0.000000 0.000000 0.000000 0.000000 0.000000
-4.992811 -0.268018 11.049204 0.026802 -0.499281 0.000000 0.000000 0.000000 0.000000 0.000000
-4.991409 -0.292979 11.054204 0.029298 -0.499141 0.000000 0.000000 0.000000 0.000000 0.000000
-4.989882 -0.317932 11.059204 0.031793 -0.498988 0.000000 0.000000 0.000000 0.000000 0.000000
-4.988230 -0.342878 11.064204 0.034288 -0.498823 0.000000 0.000000 0.000000 0.000000 0.000000
-4.986453 -0.367814 11.069204 0.036781 -0.498645 0.000000 0.000000 0.000000 0.000000 0.000000
-4.984552 -0.392742 11.074204 0.039274 -0.498455 0.000000 0.000000 0.000000 0.000000 0.000000
-4.982526 -0.417660 11.079204 0.041766 -0.498253 0.000000 0.000000 0.000000 0.000000 0.000000
-4.980375 -0.442567 11.084204 0.044257 -0.498037 0.000000 0.000000 0.000000 0.000000 0.000000
-4.978100 -0.467463 11.089204 0.046746 -0.497810 0.000000 0.000000 0.000000 0.000000 0.000000
-4.975700 -0.492348 11.094204 0.049235 -0.497570 0.000000 0.000000 0.000000 0.000000 0.000000
-4.973176 -0.517220 11.099204 0.051722 -0.497318 0.000000 0.000000 0.000000 0.000000 0.000000
-4.970528 -0.542079 11.104204 0.054208 -0.497053 0.000000 0.000000 0.000000 0.000000 0.000000
-4.967756 -0.566925 11.109204 0.056693 -0.496776 0.000000 0.000000 0.000000 0.000000 0.000000
-4.964859 -0.591757 11.114204 0.059176 -0.496486 0.000000 0.000000 0.000000 0.000000 0.000000
-4.961838 -0.616573 11.119204 0.061657 -0.496184 0.000000 0.000000 0.000000 0.000000 0.000000
-4.958693 -0.641375 11.124204 0.064137 -0.495869 0.000000 0.000000 0.000000 0.000000 0.000000
-4.955424 -0.666160 11.129204 0.066616 -0.495542 0.000000 0.000000 0.000000 0.000000 0.000000
-4.952032 -0.690929 11.134204 0.069093 -0.495203 0.000000 0.000000 0.000000 0.000000 0.000000
-4.948515 -0.715680 11.139204 0.071568 -0.494852 0.000000 0.000000 0.000000 0.000000 0.000000
-4.944875 -0.740414 11.144204 0.074041 -0.494487 0.000000 0.000000 0.000000 0.000000 0.000000
-4.941111 -0.765129 11.149204 0.076513 -0.494111 0.000000 0.000000 0.000000 0.000000 0.000000
-4.937224 -0.789825 11.154204 0.078982 -0.493722 0.000000 0.000000 0.000000 0.000000 0.000000
-4.933213 -0.814501 11.159204 0.081450 -0.493321 0.000000 0.000000 0.000000 0.000000 0.000000
-4.929079 -0.839157 11.164204 0.083916 -0.492908 0.000000 0.000000 0.000000 0.000000 0.000000
-4.924821 -0.863791 11.169204 0.086379 -0.492482 0.000000 0.000000 0.000000 0.000000 0.000000
-4.920441 -0.888405 11.174204 0.088840 -0.492044 0.000000 0.000000 0.000000 0.000000 0.000000
-4.915937 -0.912996 11.179204 0.091300 -0.491594 0.000000 0.000000 0.000000 0.000000 0.000000
-4.911311 -0.937564 11.184204 0.093756 -0.491131 0.000000 0.000000 0.000000 0.000000 0.000000
-4.906562 -0.962109 11.189204 0.096211 -0.490656 0.000000 0.000000 0.000000 0.000000 0.000000
-4.901690 -0.986629 11.194204 0.098663 -0.490169 0.000000 0.000000 0.000000 0.000000 0.000000
-4.896695 -1.011125 11.199204 0.101113 -0.489670 0.000000 0.000000 0.000000 0.000000 0.000000
-4.891579 -1.035596 11.204204 0.103560 -0.489158 0.000000 0.000000 0.000000 0.000000 0.000000
-4.886339 -1.060041 11.209204 0.106004 -0.488634 0.000000 0.000000 0.000000 0.000000 0.000000
-4.880978 -1.084459 11.214204 0.108446 -0.488098 0.000000 0.000000 0.000000 0.000000 0.000000
-4.875495 -1.108850 11.219204 0.110885 -0.487549 0.000000 0.000000 0.000000 0.000000 0.000000
-4.869890 -1.133214 11.224204 0.113321 -0.486989 0.000000 0.000000 0.000000 0.000000 0.000000
-4.864163 -1.157549 11.229204 0.115755 -0.486416 0.000000 0.000000 0.000000 0.000000 0.000000
-4.858314 -1.181855 11.234204 0.118186 -0.485831 0.000000 0.000000 0.000000 0.000000 0.000000
-4.852344 -1.206132 11.239204 0.120613 -0.485234 0.000000 0.000000 0.000000 0.000000 0.000000
-4.846253 -1.230379 11.244204 0.123038 -0.484625 0.000000 0.000000 0.000000 0.000000 0.000000
-4.840041 -1.254594 11.249204 0.125459 -0.484004 0.000000 0.000000 0.000000 0.000000 0.000000
-4.833707 -1.278779 11.254204 0.127878 -0.483371 0.000000 0.000000 0.000000 0.000000 0.000000
-4.827253 -1.302931 11.259204 0.130293 -0.482725 0.000000 0.000000 0.000000 0.000000 0.000000
-4.820678 -1.327051 11.264204 0.132705 -0.482068 0.000000 0.000000 0.000000 0.000000 0.000000
-4.813982 -1.351138 11.269204 0.135114 -0.481398 0.000000 0.000000 0.000000 0.000000 0.000000
-4.807167 -1.375191 11.274204 0.137519 -0.480717 0.000000 0.000000 0.000000 0.000000 0.000000
-4.800231 -1.399209 11.279204 0.139921 -0.480023 0.000000 0.000000 0.000000 0.000000 0.000000
-4.793175 -1.423193 11.284204 0.142319 -0.479317 0.000000 0.000000 0.000000 0.000000 0.000000
-4.785999 -1.447141 11.289204 0.144714 -0.478600 0.000000 0.000000 0.000000 0.000000 0.000000
-4.778703 -1.471053 11.294204 0.147105 -0.477870 0.000000 0.000000 0.000000 0.000000 0.000000
-4.771288 -1.494928 11.299204 0.149493 -0.477129 0.000000 0.000000 0.000000 0.000000 0.000000
-4.763754 -1.518765 11.304204 0.151877 -0.476375 0.000000 0.000000 0.000000 0.000000 0.000000
-4.756101 -1.542565 11.309204 0.154257 -0.475610 0.000000 0.000000 0.000000 0.000000 0.000000
-4.748328 -1.566326 11.314204 0.156633 -0.474833 0.000000 0.000000 0.000000 0.000000 0.000000
-4.740437 -1.590048 11.319204 0.159005 -0.474044 0.000000 0.000000 0.000000 0.000000 0.000000
-4.732428 -1.613730 11.324204 0.161373 -0.473243 0.000000 0.000000 0.000000 0.000000 0.000000
-4.724300 -1.637372 11.329204 0.163737 -0.472430 0.000000 0.000000 0.000000 0.000000 0.000000
-4.716054 -1.660973 11.334204 0.166097 -0.471605 0.000000 0.000000 0.000000 0.000000 0.000000
-4.707691 -1.684533 11.339204 0.168453 -0.470769 0.000000 0.000000 0.000000 0.000000 0.000000
-4.699209 -1.708050 11.344204 0.170805 -0.469921 0.000000 0.000000 0.000000 0.000000 0.000000
-4.690610 -1.731524 11.349204 0.173152 -0.469061 0.000000 0.000000 0.000000 0.000000 0.000000
-4.681894 -1.754956 11.354204 0.175496 -0.468189 0.000000 0.000000 0.000000 0.000000 0.000000
-4.673061 -1.778343 11.359204 0.177834 -0.467306 0.000000 0.000000 0.000000 0.000000 0.000000
-4.664111 -1.801686 11.364204 0.180169 -0.466411 0.000000 0.000000 0.000000 0.000000 0.000000
-4.655044 -1.824984 11.369204 0.182498 -0.465504 0.000000 0.000000 0.000000 0.000000 0.000000
-4.645861 -1.848236 11.374204 0.184824 -0.464586 0.000000 0.000000 0.000000 0.000000 0.000000
-4.636562 -1.871443 11.379204 0.187144 -0.463656 0.000000 0.000000 0.000000 0.000000 0.000000
-4.627146 -1.894602 11.384204 0.189460 -0.462715 0.000000 0.000000 0.000000 0.000000 0.000000
-4.617616 -1.917714 11.389204 0.191771 -0.461762 0.000000 0.000000 0.000000 0.000000 0.000000
-4.607969 -1.940778 11.394204 0.194078 -0.460797 0.000000 0.000000 0.000000 0.000000 0.000000
-4.598208 -1.963793 11.399204 0.196379 -0.459821 0.000000 0.000000 0.000000 0.000000 0.000000
-4.588332 -1.986760 11.404204 0.198676 -0.458833 0.000000 0.000000 0.000000 0.000000 0.000000
-4.578340 -2.009676 11.409204 0.200968 -0.457834 0.000000 0.000000 0.000000 0.000000 0.000000
-4.568235 -2.032543 11.414204 0.203254 -0.456823 0.000000 0.000000 0.000000 0.000000 0.000000
-4.558015 -2.055359 11.419204 0.205536 -0.455802 0.000000 0.000000 0.000000 0.000000 0.000000
-4.547681 -2.078123 11.424204 0.207812 -0.454768 0.000000 0.000000 0.000000 0.000000 0.000000
-4.537234 -2.100835 11.429204 0.210084 -0.453723 0.000000 0.000000 0.000000 0.000000 0.000000
-4.526673 -2.123495 11.434204 0.212349 -0.452667 0.000000 0.000000 0.000000 0.000000 0.000000
-4.515999 -2.146102 11.439204 0.214610 -0.451600 0.000000 0.000000 0.000000 0.000000 0.000000
-4.505212 -2.168655 11.444204 0.216865 -0.450521 0.000000 0.000000 0.000000 0.000000 0.000000
-4.494313 -2.191154 11.449204 0.219115 -0.449431 0.000000 0.000000 0.000000 0.000000 0.000000
-4.483301 -2.213598 11.454204 0.221360 -0.448330 0.000000 0.000000 0.000000 0.000000 0.000000
-4.472177 -2.235986 11.459204 0.223599 -0.447218 0.000000 0.000000 0.000000 0.000000 0.000000
-4.460941 -2.258319 11.464204 0.225832 -0.446094 0.000000 0.000000 0.000000 0.000000 0.000000
-4.449594 -2.280596 11.469204 0.228060 -0.444959 0.000000 0.000000 0.000000 0.000000 0.000000
-4.438135 -2.302815 11.474204 0.230282 -0.443814 0.000000 0.000000 0.000000 0.000000 0.000000
-4.426566 -2.324977 11.479204 0.232498 -0.442657 0.000000 0.000000 0.000000 0.000000 0.000000
-4.414885 -2.347081 11.484204 0.234708 -0.441489 0.000000 0.000000 0.000000 0.000000 0.000000
-4.403095 -2.369126 11.489204 0.236913 -0.440309 0.000000 0.000000 0.000000 0.000000 0.000000
-4.391194 -2.391111 11.494204 0.239111 -0.439119 0.000000 0.000000 0.000000 0.000000 0.000000
-4.379184 -2.413037 11.499204 0.241304 -0.437918 0.000000 0.000000 0.000000 0.000000 0.000000
-4.367064 -2.434903 11.504204 0.243490 -0.436706 0.000000 0.000000 0.000000 0.000000 0.000000
-4.354835 -2.456708 11.509204 0.245671 -0.435483 0.000000 0.000000 0.000000 0.000000 0.000000
-4.342497 -2.478451 11.514204 0.247845 -0.434250 0.000000 0.000000 0.000000 0.000000 0.000000
-4.330050 -2.500133 11.519204 0.250013 -0.433005 0.000000 0.000000 0.000000 0.000000 0.000000
-4.317496 -2.521751 11.524204 0.252175 -0.431750 0.000000 0.000000 0.000000 0.000000 0.000000
-4.304833 -2.543307 11.529204 0.254331 -0.430483 0.000000 0.000000 0.000000 0.000000 0.000000
-4.292063 -2.564800 11.534204 0.256480 -0.429206 0.000000 0.000000 0.000000 0.000000 0.000000
-4.279185 -2.586228 11.539204 0.258623 -0.427919 0.000000 0.000000 0.000000 0.000000 0.000000
-4.266201 -2.607591 11.544204 0.260759 -0.426620 0.000000 0.000000 0.000000 0.000000 0.000000
-4.253109 -2.628890 11.549204 0.262889 -0.425311 0.000000 0.000000 0.000000 0.000000 0.000000
-4.239912 -2.650122 11.554204 0.265012 -0.423991 0.000000 0.000000 0.000000 0.000000 0.000000
-4.226608 -2.671289 11.559204 0.267129 -0.422661 0.000000 0.000000 0.000000 0.000000 0.000000
-4.213199 -2.692388 11.564204 0.269239 -0.421320 0.000000 0.000000 0.000000 0.000000 0.000000
-4.199685 -2.713420 11.569204 0.271342 -0.419968 0.000000 0.000000 0.000000 0.000000 0.000000
-4.186065 -2.734385 11.574204 0.273438 -0.418606 0.000000 0.000000 0.000000 0.000000 0.000000
-4.172341 -2.755281 11.579204 0.275528 -0.417234 0.000000 0.000000 0.000000 0.000000 0.000000
-4.158512 -2.776108 11.584204 0.277611 -0.415851 0.000000 0.000000 0.000000 0.000000 0.000000
-4.144580 -2.796866 11.589204 0.279687 -0.414458 0.000000 0.000000 0.000000 0.000000 0.000000
-4.130544 -2.817554 11.594204 0.281755 -0.413054 0.000000 0.000000 0.000000 0.000000 0.000000
-4.116404 -2.838171 11.599204 0.283817 -0.411640 0.000000 0.000000 0.000000 0.000000 0.000000
-4.102162 -2.858718 11.604204 0.285872 -0.410216 0.000000 0.000000 0.000000 0.000000 0.000000
-4.087817 -2.879192 11.609204 0.287919 -0.408782 0.000000 0.000000 0.000000 0.000000 0.000000
-4.073370 -2.899596 11.614204 0.289960 -0.407337 0.000000 0.000000 0.000000 0.000000 0.000000
-4.058822 -2.919926 11.619204 0.291993 -0.405882 0.000000 0.000000 0.000000 0.000000 0.000000
-4.044171 -2.940184 11.624204 0.294018 -0.404417 0.000000 0.000000 0.000000 0.000000 0.000000
-4.029420 -2.960368 11.629204 0.296037 -0.402942 0.000000 0.000000 0.000000 0.000000 0.000000
-4.014568 -2.980478 11.634204 0.298048 -0.401457 0.000000 0.000000 0.000000 0.000000 0.000000
-3.999615 -3.000513 11.639204 0.300051 -0.399962 0.000000 0.000000 0.000000 0.000000 0.000000
-3.984563 -3.020474 11.644204 0.302047 -0.398456 0.000000 0.000000 0.000000 0.000000 0.000000
-3.969411 -3.040359 11.649204 0.304036 -0.396941 0.000000 0.000000 0.000000 0.000000 0.000000
-3.954159 -3.060168 11.654204 0.306017 -0.395416 0.000000 0.000000 0.000000 0.000000 0.000000
-3.938809 -3.079900 11.659204 0.307990 -0.393881 0.000000 0.000000 0.000000 0.000000 0.000000
-3.923360 -3.099555 11.664204 0.309956 -0.392336 0.000000 0.000000 0.000000 0.000000 0.000000
-3.907814 -3.119133 11.669204 0.311913 -0.390781 0.000000 0.000000 0.000000 0.000000 0.000000
-3.892169 -3.138633 11.674204 0.313863 -0.389217 0.000000 0.000000 0.000000 0.000000 0.000000
-3.876427 -3.158055 11.679204 0.315805 -0.387643 0.000000 0.000000 0.000000 0.000000 0.000000
-3.860589 -3.177398 11.684204 0.317740 -0.386059 0.000000 0.000000 0.000000 0.000000 0.000000
-3.844654 -3.196661 11.689204 0.319666 -0.384465 0.000000 0.000000 0.000000 0.000000 0.000000
-3.828622 -3.215844 11.694204 0.321584 -0.382862 0.000000 0.000000 0.000000 0.000000 0.000000
-3.812495 -3.234947 11.699204 0.323495 -0.381250 0.000000 0.000000 0.000000 0.000000 0.000000
-3.796273 -3.253969 11.704204 0.325397 -0.379627 0.000000 0.000000 0.000000 0.000000 0.000000
-3.779956 -3.272909 11.709204 0.327291 -0.377996 0.000000 0.000000 0.000000 0.000000 0.000000
-3.763544 -3.291768 11.714204 0.329177 -0.376354 0.000000 0.000000 0.000000 0.000000 0.000000
-3.747038 -3.310545 11.719204 0.331054 -0.374704 0.000000 0.000000 0.000000 0.000000 0.000000
-3.730439 -3.329238 11.724204 0.332924 -0.373044 0.000000 0.000000 0.000000 0.000000 0.000000
-3.713746 -3.347849 11.729204 0.334785 -0.371375 0.000000 0.000000 0.000000 0.000000 0.000000
-3.696960 -3.366376 11.734204 0.336638 -0.369696 0.000000 0.000000 0.000000 0.000000 0.000000
-3.680082 -3.384818 11.739204 0.338482 -0.368008 0.000000 0.000000 0.000000 0.000000 0.000000
-3.663112 -3.403176 11.744204 0.340318 -0.366311 0.000000 0.000000 0.000000 0.000000 0.000000
-3.646051 -3.421449 11.749204 0.342145 -0.364605 0.000000 0.000000 0.000000 0.000000 0.000000
-3.628898 -3.439637 11.754204 0.343964 -0.362890 0.000000 0.000000 0.000000 0.000000 0.000000
-3.611654 -3.457738 11.759204 0.345774 -0.361165 0.000000 0.000000 0.000000 0.000000 0.000000
-3.594321 -3.475753 11.764204 0.347575 -0.359432 0.000000 0.000000 0.000000 0.000000 0.000000
-3.576897 -3.493681 11.769204 0.349368 -0.357690 0.000000 0.000000 0.000000 0.000000 0.000000
-3.559384 -3.511522 11.774204 0.351152 -0.355938 0.000000 0.000000 0.000000 0.000000 0.000000
-3.541782 -3.529275 11.779204 0.352927 -0.354178 0.000000 0.000000 0.000000 0.000000 0.000000
-3.524091 -3.546940 11.784204 0.354694 -0.352409 0.000000 0.000000 0.000000 0.000000 0.000000
-3.506313 -3.564516 11.789204 0.356452 -0.350631 0.000000 0.000000 0.000000 0.000000 0.000000
-3.488446 -3.582003 11.794204 0.358200 -0.348845 0.000000 0.000000 0.000000 0.000000 0.000000
-3.470493 -3.599400 11.799204 0.359940 -0.347049 0.000000 0.000000 0.000000 0.000000 0.000000
-3.452453 -3.616707 11.804204 0.361671 -0.345245 0.000000 0.000000 0.000000 0.000000 0.000000
-3.434326 -3.633924 11.809204 0.363392 -0.343433 0.000000 0.000000 0.000000 0.000000 0.000000
-3.416113 -3.651050 11.814204 0.365105 -0.341611 0.000000 0.000000 0.000000 0.000000 0.000000
-3.397816 -3.668085 11.819204 0.366809 -0.339782 0.000000 0.000000 0.000000 0.000000 0.000000
-3.379433 -3.685028 11.824204 0.368503 -0.337943 0.000000 0.000000 0.000000 0.000000 0.000000
-3.360965 -3.701879 11.829204 0.370188 -0.336097 0.000000 0.000000 0.000000 0.000000 0.000000
-3.342414 -3.718638 11.834204 0.371864 -0.334241 0.000000 0.000000 0.000000 0.000000 0.000000
-3.323779 -3.735303 11.839204 0.373530 -0.332378 0.000000 0.000000 0.000000 0.000000 0.000000
-3.305061 -3.751876 11.844204 0.375188 -0.330506 0.000000 0.000000 0.000000 0.000000 0.000000
-3.286261 -3.768354 11.849204 0.376835 -0.328626 0.000000 0.000000 0.000000 0.000000 0.000000
-3.267378 -3.784738 11.854204 0.378474 -0.326738 0.000000 0.000000 0.000000 0.000000 0.000000
-3.248413 -3.801028 11.859204 0.380103 -0.324841 0.000000 0.000000 0.000000 0.000000 0.000000
-3.229368 -3.817222 11.864204 0.381722 -0.322937 0.000000 0.000000 0.000000 0.000000 0.000000
-3.210241 -3.833321 11.869204 0.383332 -0.321024 0.000000 0.000000 0.000000 0.000000 0.000000
-3.191035 -3.849324 11.874204 0.384932 -0.319103 0.000000 0.000000 0.000000 0.000000 0.000000
-3.171748 -3.865231 11.879204 0.386523 -0.317175 0.000000 0.000000 0.000000 0.000000 0.000000
-3.152383 -3.881042 11.884204 0.388104 -0.315238 0.000000 0.000000 0.000000 0.000000 0.000000
-3.132938 -3.896755 11.889204 0.389676 -0.313294 0.000000 0.000000 0.000000 0.000000 0.000000
-3.113415 -3.912371 11.894204 0.391237 -0.311342 0.000000 0.000000 0.000000 0.000000 0.000000
-3.093814 -3.927889 11.899204 0.392789 -0.309381 0.000000 0.000000 0.000000 0.000000 0.000000
-3.074136 -3.943309 11.904204 0.394331 -0.307414 0.000000 0.000000 0.000000 0.000000 0.000000
-3.054381 -3.958630 11.909204 0.395863 -0.305438 0.000000 0.000000 0.000000 0.000000 0.000000
-3.034550 -3.973853 11.914204 0.397385 -0.303455 0.000000 0.000000 0.000000 0.000000 0.000000
-3.014643 -3.988976 11.919204 0.398898 -0.301464 0.000000 0.000000 0.000000 0.000000 0.000000
-2.994661 -4.003999 11.924204 0.400400 -0.299466 0.000000 0.000000 0.000000 0.000000 0.000000
-2.974603 -4.018922 11.929204 0.401892 -0.297460 0.000000 0.000000 0.000000 0.000000 0.000000
-2.954472 -4.033745 11.934204 0.403374 -0.295447 0.000000 0.000000 0.000000 0.000000 0.000000
-2.934266 -4.048467 11.939204 0.404847 -0.293427 0.000000 0.000000 0.000000 0.000000 0.000000
-2.913987 -4.063087 11.944204 0.406309 -0.291399 0.000000 0.000000 0.000000 0.000000 0.000000
-2.893635 -4.077606 11.949204 0.407761 -0.289364 0.000000 0.000000 0.000000 0.000000 0.000000
-2.873211 -4.092024 11.954204 0.409202 -0.287321 0.000000 0.000000 0.000000 0.000000 0.000000
-2.852715 -4.106338 11.959204 0.410634 -0.285272 0.000000 0.000000 0.000000 0.000000 0.000000
-2.832148 -4.120551 11.964204 0.412055 -0.283215 0.000000 0.000000 0.000000 0.000000 0.000000
-2.811510 -4.134660 11.969204 0.413466 -0.281151 0.000000 0.000000 0.000000 0.000000 0.000000
-2.790802 -4.148666 11.974204 0.414867 -0.279080 0.000000 0.000000 0.000000 0.000000 0.000000
-2.770023 -4.162568 11.979204 0.416257 -0.277002 0.000000 0.000000 0.000000 0.000000 0.000000
-2.749176 -4.176366 11.984204 0.417637 -0.274918 0.000000 0.000000 0.000000 0.000000 0.000000
-2.728260 -4.190059 11.989204 0.419006 -0.272826 0.000000 0.000000 0.000000 0.000000 0.000000
-2.707276 -4.203648 11.994204 0.420365 -0.270728 0.000000 0.000000 0.000000 0.000000 0.000000
-2.686224 -4.217132 11.999204 0.421713 -0.268622 0.000000 0.000000 0.000000 0.000000 0.000000
-2.665105 -4.230510 12.004204 0.423051 -0.266510 0.000000 0.000000 0.000000 0.000000 0.000000
-2.643919 -4.243783 12.009204 0.424378 -0.264392 0.000000 0.000000 0.000000 0.000000 0.000000
-2.622667 -4.256949 12.014204 0.425695 -0.262267 0.000000 0.000000 0.000000 0.000000 0.000000
-2.601349 -4.270010 12.019204 0.427001 -0.260135 0.000000 0.000000 0.000000 0.000000 0.000000
-2.579967 -4.282963 12.024204 0.428296 -0.257997 0.000000 0.000000 0.000000 0.000000 0.000000
-2.558520 -4.295809 12.029204 0.429581 -0.255852 0.000000 0.000000 0.000000 0.000000 0.000000
-2.537009 -4.308548 12.034204 0.430855 -0.253701 0.000000 0.000000 0.000000 0.000000 0.000000
-2.515435 -4.321179 12.039204 0.432118 -0.251543 0.000000 0.000000 0.000000 0.000000 0.000000
-2.493797 -4.333702 12.044204 0.433370 -0.249380 0.000000 0.000000 0.000000 0.000000 0.000000
-2.472098 -4.346117 12.049204 0.434612 -0.247210 0.000000 0.000000 0.000000 0.000000 0.000000
-2.450336 -4.358423 12.054204 0.435842 -0.245034 0.000000 0.000000 0.000000 0.000000 0.000000
-2.428514 -4.370620 12.059204 0.437062 -0.242851 0.000000 0.000000 0.000000 0.000000 0.000000
-2.406630 -4.382708 12.064204 0.438271 -0.240663 0.000000 0.000000 0.000000 0.000000 0.000000
-2.384687 -4.394686 12.069204 0.439469 -0.238469 0.000000 0.000000 0.000000 0.000000 0.000000
-2.362684 -4.406555 12.074204 0.440655 -0.236268 0.000000 0.000000 0.000000 0.000000 0.000000
-2.340622 -4.418313 12.079204 0.441831 -0.234062 0.000000 0.000000 0.000000 0.000000 0.000000
-2.318501 -4.429961 12.084204 0.442996 -0.231850 0.000000 0.000000 0.000000 0.000000 0.000000
-2.296322 -4.441498 12.089204 0.444150 -0.229632 0.000000 0.000000 0.000000 0.000000 0.000000
-2.274086 -4.452924 12.094204 0.445292 -0.227409 0.000000 0.000000 0.000000 0.000000 0.000000
-2.251793 -4.464239 12.099204 0.446424 -0.225179 0.000000 0.000000 0.000000 0.000000 0.000000
-2.229444 -4.475442 12.104204 0.447544 -0.222944 0.000000 0.000000 0.000000 0.000000 0.000000
-2.207039 -4.486533 12.109204 0.448653 -0.220704 0.000000 0.000000 0.000000 0.000000 0.000000
-2.184579 -4.497512 12.114204 0.449751 -0.218458 0.000000 0.000000 0.000000 0.000000 0.000000
-2.162064 -4.508379 12.119204 0.450838 -0.216206 0.000000 0.000000 0.000000 0.000000 0.000000
-2.139495 -4.519133 12.124204 0.451913 -0.213950 0.000000 0.000000 0.000000 0.000000 0.000000
-2.116873 -4.529774 12.129204 0.452977 -0.211687 0.000000 0.000000 0.000000 0.000000 0.000000
-2.094197 -4.540301 12.134204 0.454030 -0.209420 0.000000 0.000000 0.000000 0.000000 0.000000
-2.071470 -4.550716 12.139204 0.455072 -0.207147 0.000000 0.000000 0.000000 0.000000 0.000000
-2.048691 -4.561016 12.144204 0.456102 -0.204869 0.000000 0.000000 0.000000 0.000000 0.000000
-2.025860 -4.571202 12.149204 0.457120 -0.202586 0.000000 0.000000 0.000000 0.000000 0.000000
-2.002979 -4.581275 12.154204 0.458127 -0.200298 0.000000 0.000000 0.000000 0.000000 0.000000
-1.980047 -4.591232 12.159204 0.459123 -0.198005 0.000000 0.000000 0.000000 0.000000 0.000000
-1.957067 -4.601075 12.164204 0.460107 -0.195707 0.000000 0.000000 0.000000 0.000000 0.000000
-1.934037 -4.610803 12.169204 0.461080 -0.193404 0.000000 0.000000 0.000000 0.000000 0.000000
-1.910959 -4.620415 12.174204 0.462042 -0.191096 0.000000 0.000000 0.000000 0.000000 0.000000
-1.887833 -4.629912 12.179204 0.462991 -0.188783 0.000000 0.000000 0.000000 0.000000 0.000000
-1.864660 -4.639293 12.184204 0.463929 -0.186466 0.000000 0.000000 0.000000 0.000000 0.000000
-1.841440 -4.648559 12.189204 0.464856 -0.184144 0.000000 0.000000 0.000000 0.000000 0.000000
-1.818174 -4.657708 12.194204 0.465771 -0.181817 0.000000 0.000000 0.000000 0.000000 0.000000
-1.794863 -4.666740 12.199204 0.466674 -0.179486 0.000000 0.000000 0.000000 0.000000 0.000000
-1.771507 -4.675656 12.204204 0.467566 -0.177151 0.000000 0.000000 0.000000 0.000000 0.000000
-1.748107 -4.684455 12.209204 0.468446 -0.174811 0.000000 0.000000 0.000000 0.000000 0.000000
-1.724663 -4.693137 12.214204 0.469314 -0.172466 0.000000 0.000000 0.000000 0.000000 0.000000
-1.701176 -4.701702 12.219204 0.470170 -0.170118 0.000000 0.000000 0.000000 0.000000 0.000000
-1.677646 -4.710149 12.224204 0.471015 -0.167765 0.000000 0.000000 0.000000 0.000000 0.000000
-1.654074 -4.718478 12.229204 0.471848 -0.165407 0.000000 0.000000 0.000000 0.000000 0.000000
-1.630461 -4.726690 12.234204 0.472669 -0.163046 0.000000 0.000000 0.000000 0.000000 0.000000
-1.606808 -4.734783 12.239204 0.473478 -0.160681 0.000000 0.000000 0.000000 0.000000 0.000000
-1.583114 -4.742758 12.244204 0.474276 -0.158311 0.000000 0.000000 0.000000 0.000000 0.000000
-1.559380 -4.750614 12.249204 0.475061 -0.155938 0.000000 0.000000 0.000000 0.000000 0.000000
-1.535608 -4.758351 12.254204 0.475835 -0.153561 0.000000 0.000000 0.000000 0.000000 0.000000
-1.511797 -4.765970 12.259204 0.476597 -0.151180 0.000000 0.000000 0.000000 0.000000 0.000000
-1.487948 -4.773469 12.264204 0.477347 -0.148795 0.000000 0.000000 0.000000 0.000000 0.000000
-1.464062 -4.780849 12.269204 0.478085 -0.146406 0.000000 0.000000 0.000000 0.000000 0.000000
-1.440140 -4.788110 12.274204 0.478811 -0.144014 0.000000 0.000000 0.000000 0.000000 0.000000
-1.416182 -4.795251 12.279204 0.479525 -0.141618 0.000000 0.000000 0.000000 0.000000 0.000000
-1.392188 -4.802272 12.284204 0.480227 -0.139219 0.000000 0.000000 0.000000 0.000000 0.000000
-1.368159 -4.809173 12.289204 0.480917 -0.136816 0.000000 0.000000 0.000000 0.000000 0.000000
-1.344096 -4.815953 12.294204 0.481595 -0.134410 0.000000 0.000000 0.000000 0.000000 0.000000
-1.320000 -4.822613 12.299204 0.482261 -0.132000 0.000000 0.000000 0.000000 0.000000 0.000000
-1.295870 -4.829153 12.304204 0.482915 -0.129587 0.000000 0.000000 0.000000 0.000000 0.000000
-1.271708 -4.835572 12.309204 0.483557 -0.127171 0.000000 0.000000 0.000000 0.000000 0.000000
-1.247515 -4.841870 12.314204 0.484187 -0.124751 0.000000 0.000000 0.000000 0.000000 0.000000
-1.223290 -4.848047 12.319204 0.484805 -0.122329 0.000000 0.000000 0.000000 0.000000 0.000000
-1.199034 -4.854103 12.324204 0.485410 -0.119903 0.000000 0.000000 0.000000 0.000000 0.000000
-1.174749 -4.860038 12.329204 0.486004 -0.117475 0.000000 0.000000 0.000000 0.000000 0.000000
-1.150434 -4.865850 12.334204 0.486585 -0.115043 0.000000 0.000000 0.000000 0.000000 0.000000
-1.126091 -4.871542 12.339204 0.487154 -0.112609 0.000000 0.000000 0.000000 0.000000 0.000000
-1.101719 -4.877111 12.344204 0.487711 -0.110172 0.000000 0.000000 0.000000 0.000000 0.000000
-1.077320 -4.882559 12.349204 0.488256 -0.107732 0.000000 0.000000 0.000000 0.000000 0.000000
-1.052894 -4.887884 12.354204 0.488788 -0.105289 0.000000 0.000000 0.000000 0.000000 0.000000
-1.028441 -4.893088 12.359204 0.489309 -0.102844 0.000000 0.000000 0.000000 0.000000 0.000000
-1.003963 -4.898169 12.364204 0.489817 -0.100396 0.000000 0.000000 0.000000 0.000000 0.000000
-0.979460 -4.903127 12.369204 0.490313 -0.097946 0.000000 0.000000 0.000000 0.000000 0.000000
-0.954932 -4.907963 12.374204 0.490796 -0.095493 0.000000 0.000000 0.000000 0.000000 0.000000
-0.930380 -4.912677 12.379204 0.491268 -0.093038 0.000000 0.000000 0.000000 0.000000 0.000000
-0.905805 -4.917267 12.384204 0.491727 -0.090581 0.000000 0.000000 0.000000 0.000000 0.000000
-0.881208 -4.921735 12.389204 0.492173 -0.088121 0.000000 0.000000 0.000000 0.000000 0.000000
-0.856588 -4.926079 12.394204 0.492608 -0.085659 0.000000 0.000000 0.000000 0.000000 0.000000
-0.831947 -4.930301 12.399204 0.493030 -0.083195 0.000000 0.000000 0.000000 0.000000 0.000000
-0.807285 -4.934399 12.404204 0.493440 -0.080729 0.000000 0.000000 0.000000 0.000000 0.000000
-0.782603 -4.938373 12.409204 0.493837 -0.078260 0.000000 0.000000 0.000000 0.000000 0.000000
-0.757902 -4.942225 12.414204 0.494222 -0.075790 0.000000 0.000000 0.000000 0.000000 0.000000
-0.733181 -4.945952 12.419204 0.494595 -0.073318 0.000000 0.000000 0.000000 0.000000 0.000000
-0.708443 -4.949556 12.424204 0.494956 -0.070844 0.000000 0.000000 0.000000 0.000000 0.000000
-0.683686 -4.953037 12.429204 0.495304 -0.068369 0.000000 0.000000 0.000000 0.000000 0.000000
-0.658912 -4.956393 12.434204 0.495639 -0.065891 0.000000 0.000000 0.000000 0.000000 0.000000
-0.634122 -4.959626 12.439204 0.495963 -0.063412 0.000000 0.000000 0.000000 0.000000 0.000000
-0.609316 -4.962734 12.444204 0.496273 -0.060932 0.000000 0.000000 0.000000 0.000000 0.000000
-0.584495 -4.965719 12.449204 0.496572 -0.058450 0.000000 0.000000 0.000000 0.000000 0.000000
-0.559659 -4.968579 12.454204 0.496858 -0.055966 0.000000 0.000000 0.000000 0.000000 0.000000
-0.534810 -4.971316 12.459204 0.497132 -0.053481 0.000000 0.000000 0.000000 0.000000 0.000000
-0.509946 -4.973927 12.464204 0.497393 -0.050995 0.000000 0.000000 0.000000 0.000000 0.000000
-0.485071 -4.976415 12.469204 0.497642 -0.048507 0.000000 0.000000 0.000000 0.000000 0.000000
-0.460183 -4.978778 12.474204 0.497878 -0.046018 0.000000 0.000000 0.000000 0.000000 0.000000
-0.435283 -4.981017 12.479204 0.498102 -0.043528 0.000000 0.000000 0.000000 0.000000 0.000000
-0.410373 -4.983131 12.484204 0.498313 -0.041037 0.000000 0.000000 0.000000 0.000000 0.000000
-0.385452 -4.985121 12.489204 0.498512 -0.038545 0.000000 0.000000 0.000000 0.000000 0.000000
-0.360522 -4.986985 12.494204 0.498699 -0.036052 0.000000 0.000000 0.000000 0.000000 0.000000
-0.335582 -4.988726 12.499204 0.498873 -0.033558 0.000000 0.000000 0.000000 0.000000 0.000000
-0.310635 -4.990341 12.504204 0.499034 -0.031063 0.000000 0.000000 0.000000 0.000000 0.000000
-0.285679 -4.991832 12.509204 0.499183 -0.028568 0.000000 0.000000 0.000000 0.000000 0.000000
-0.260716 -4.993198 12.514204 0.499320 -0.026072 0.000000 0.000000 0.000000 0.000000 0.000000
-0.235747 -4.994439 12.519204 0.499444 -0.023575 0.000000 0.000000 0.000000 0.000000 0.000000
-0.210772 -4.995556 12.524204 0.499556 -0.021077 0.000000 0.000000 0.000000 0.000000 0.000000
-0.185792 -4.996547 12.529204 0.499655 -0.018579 0.000000 0.000000 0.000000 0.000000 0.000000
-0.160807 -4.997413 12.534204 0.499741 -0.016081 0.000000 0.000000 0.000000 0.000000 0.000000
-0.135818 -4.998155 12.539204 0.499816 -0.013582 0.000000 0.000000 0.000000 0.000000 0.000000
-0.110826 -4.998772 12.544204 0.499877 -0.011083 0.000000 0.000000 0.000000 0.000000 0.000000
-0.085830 -4.999263 12.549204 0.499926 -0.008583 0.000000 0.000000 0.000000 0.000000 0.000000
-0.060833 -4.999630 12.554204 0.499963 -0.006083 0.000000 0.000000 0.000000 0.000000 0.000000
-0.035834 -4.999872 12.559204 0.499987 -0.003583 0.000000 0.000000 0.000000 0.000000 0.000000
-0.010835 -4.999988 12.564204 0.499999 -0.001083 0.000000 0.000000 0.000000 0.000000 0.000000
0.014165 -4.999980 12.569204 0.499998 0.001417 0.000000 0.000000 0.000000 0.000000 0.000000
0.039165 -4.999847 12.574204 0.499985 0.003916 0.000000 0.000000 0.000000 0.000000 0.000000
0.064164 -4.999588 12.579204 0.499959 0.006416 0.000000 0.000000 0.000000 0.000000 0.000000
0.089161 -4.999205 12.584204 0.499920 0.008916 0.000000 0.000000 0.000000 0.000000 0.000000
0.114155 -4.998697 12.589204 0.499870 0.011416 0.000000 0.000000 0.000000 0.000000 0.000000
0.139147 -4.998063 12.594204 0.499806 0.013915 0.000000 0.000000 0.000000 0.000000 0.000000
0.164136 -4.997305 12.599204 0.499731 0.016414 0.000000 0.000000 0.000000 0.000000 0.000000
0.189120 -4.996422 12.604204 0.499642 0.018912 0.000000 0.000000 0.000000 0.000000 0.000000
0.214100 -4.995414 12.609204 0.499541 0.021410 0.000000 0.000000 0.000000 0.000000 0.000000
0.239074 -4.994281 12.614204 0.499428 0.023907 0.000000 0.000000 0.000000 0.000000 0.000000
0.264042 -4.993023 12.619204 0.499302 0.026404 0.000000 0.000000 0.000000 0.000000 0.000000
0.289004 -4.991641 12.624204 0.499164 0.028900 0.000000 0.000000 0.000000 0.000000 0.000000
0.313959 -4.990133 12.629204 0.499013 0.031396 0.000000 0.000000 0.000000 0.000000 0.000000
0.338905 -4.988501 12.634204 0.498850 0.033891 0.000000 0.000000 0.000000 0.000000 0.000000
0.363843 -4.986744 12.639204 0.498674 0.036384 0.000000 0.000000 0.000000 0.000000 0.000000
0.388772 -4.984863 12.644204 0.498486 0.038877 0.000000 0.000000 0.000000 0.000000 0.000000
0.413692 -4.982857 12.649204 0.498286 0.041369 0.000000 0.000000 0.000000 0.000000 0.000000
0.438601 -4.980726 12.654204 0.498073 0.043860 0.000000 0.000000 0.000000 0.000000 0.000000
0.463499 -4.978471 12.659204 0.497847 0.046350 0.000000 0.000000 0.000000 0.000000 0.000000
0.488385 -4.976091 12.664204 0.497609 0.048839 0.000000 0.000000 0.000000 0.000000 0.000000
0.513260 -4.973587 12.669204 0.497359 0.051326 0.000000 0.000000 0.000000 0.000000 0.000000
0.538121 -4.970958 12.674204 0.497096 0.053812 0.000000 0.000000 0.000000 0.000000 0.000000
0.562969 -4.968206 12.679204 0.496821 0.056297 0.000000 0.000000 0.000000 0.000000 0.000000
0.587803 -4.965329 12.684204 0.496533 0.058780 0.000000 0.000000 0.000000 0.000000 0.000000
0.612622 -4.962328 12.689204 0.496233 0.061262 0.000000 0.000000 0.000000 0.000000 0.000000
0.637426 -4.959202 12.694204 0.495920 0.063743 0.000000 0.000000 0.000000 0.000000 0.000000
0.662214 -4.955953 12.699204 0.495595 0.066221 0.000000 0.000000 0.000000 0.000000 0.000000
0.686985 -4.952580 12.704204 0.495258 0.068699 0.000000 0.000000 0.000000 0.000000 0.000000
0.711739 -4.949083 12.709204 0.494908 0.071174 0.000000 0.000000 0.000000 0.000000 0.000000
0.736476 -4.945463 12.714204 0.494546 0.073648 0.000000 0.000000 0.000000 0.000000 0.000000
0.761194 -4.941719 12.719204 0.494172 0.076119 0.000000 0.000000 0.000000 0.000000 0.000000
0.785893 -4.937851 12.724204 0.493785 0.078589 0.000000 0.000000 0.000000 0.000000 0.000000
0.810572 -4.933860 12.729204 0.493386 0.081057 0.000000 0.000000 0.000000 0.000000 0.000000
0.835231 -4.929745 12.734204 0.492975 0.083523 0.000000 0.000000 0.000000 0.000000 0.000000
0.859869 -4.925508 12.739204 0.492551 0.085987 0.000000 0.000000 0.000000 0.000000 0.000000
0.884486 -4.921147 12.744204 0.492115 0.088449 0.000000 0.000000 0.000000 0.000000 0.000000
0.909081 -4.916663 12.749204 0.491666 0.090908 0.000000 0.000000 0.000000 0.000000 0.000000
0.933653 -4.912056 12.754204 0.491206 0.093365 0.000000 0.000000 0.000000 0.000000 0.000000
0.958201 -4.907326 12.759204 0.490733 0.095820 0.000000 0.000000 0.000000 0.000000 0.000000
0.982726 -4.902474 12.764204 0.490247 0.098273 0.000000 0.000000 0.000000 0.000000 0.000000
1.007226 -4.897499 12.769204 0.489750 0.100723 0.000000 0.000000 0.000000 0.000000 0.000000
1.031700 -4.892402 12.774204 0.489240 0.103170 0.000000 0.000000 0.000000 0.000000 0.000000
1.056149 -4.887182 12.779204 0.488718 0.105615 0.000000 0.000000 0.000000 0.000000 0.000000
1.080572 -4.881840 12.784204 0.488184 0.108057 0.000000 0.000000 0.000000 0.000000 0.000000
1.104968 -4.876376 12.789204 0.487638 0.110497 0.000000 0.000000 0.000000 0.000000 0.000000
1.129336 -4.870791 12.794204 0.487079 0.112934 0.000000 0.000000 0.000000 0.000000 0.000000
1.153675 -4.865083 12.799204 0.486508 0.115368 0.000000 0.000000 0.000000 0.000000 0.000000
1.177986 -4.859254 12.804204 0.485925 0.117799 0.000000 0.000000 0.000000 0.000000 0.000000
1.202268 -4.853303 12.809204 0.485330 0.120227 0.000000 0.000000 0.000000 0.000000 0.000000
1.226519 -4.847231 12.814204 0.484723 0.122652 0.000000 0.000000 0.000000 0.000000 0.000000
1.250740 -4.841038 12.819204 0.484104 0.125074 0.000000 0.000000 0.000000 0.000000 0.000000
1.274929 -4.834724 12.824204 0.483472 0.127493 0.000000 0.000000 0.000000 0.000000 0.000000
1.299087 -4.828289 12.829204 0.482829 0.129909 0.000000 0.000000 0.000000 0.000000 0.000000
1.323212 -4.821733 12.834204 0.482173 0.132321 0.000000 0.000000 0.000000 0.000000 0.000000
1.347304 -4.815057 12.839204 0.481506 0.134730 0.000000 0.000000 0.000000 0.000000 0.000000
1.371362 -4.808260 12.844204 0.480826 0.137136 0.000000 0.000000 0.000000 0.000000 0.000000
1.395386 -4.801343 12.849204 0.480134 0.139539 0.000000 0.000000 0.000000 0.000000 0.000000
1.419375 -4.794306 12.854204 0.479431 0.141938 0.000000 0.000000 0.000000 0.000000 0.000000
1.443329 -4.787150 12.859204 0.478715 0.144333 0.000000 0.000000 0.000000 0.000000 0.000000
1.467247 -4.779873 12.864204 0.477987 0.146725 0.000000 0.000000 0.000000 0.000000 0.000000
1.491128 -4.772477 12.869204 0.477248 0.149113 0.000000 0.000000 0.000000 0.000000 0.000000
1.514971 -4.764962 12.874204 0.476496 0.151497 0.000000 0.000000 0.000000 0.000000 0.000000
1.538777 -4.757328 12.879204 0.475733 0.153878 0.000000 0.000000 0.000000 0.000000 0.000000
1.562544 -4.749574 12.884204 0.474957 0.156254 0.000000 0.000000 0.000000 0.000000 0.000000
1.586273 -4.741702 12.889204 0.474170 0.158627 0.000000 0.000000 0.000000 0.000000 0.000000
1.609961 -4.733712 12.894204 0.473371 0.160996 0.000000 0.000000 0.000000 0.000000 0.000000
1.633610 -4.725603 12.899204 0.472560 0.163361 0.000000 0.000000 0.000000 0.000000 0.000000
1.657217 -4.717375 12.904204 0.471738 0.165722 0.000000 0.000000 0.000000 0.000000 0.000000
1.680783 -4.709030 12.909204 0.470903 0.168078 0.000000 0.000000 0.000000 0.000000 0.000000
1.704307 -4.700568 12.914204 0.470057 0.170431 0.000000 0.000000 0.000000 0.000000 0.000000
1.727789 -4.691987 12.919204 0.469199 0.172779 0.000000 0.000000 0.000000 0.000000 0.000000
1.751227 -4.683290 12.924204 0.468329 0.175123 0.000000 0.000000 0.000000 0.000000 0.000000
1.774621 -4.674475 12.929204 0.467448 0.177462 0.000000 0.000000 0.000000 0.000000 0.000000
1.797971 -4.665544 12.934204 0.466554 0.179797 0.000000 0.000000 0.000000 0.000000 0.000000
1.821277 -4.656496 12.939204 0.465650 0.182128 0.000000 0.000000 0.000000 0.000000 0.000000
1.844536 -4.647331 12.944204 0.464733 0.184454 0.000000 0.000000 0.000000 0.000000 0.000000
1.867750 -4.638050 12.949204 0.463805 0.186775 0.000000 0.000000 0.000000 0.000000 0.000000
1.890917 -4.628654 12.954204 0.462865 0.189092 0.000000 0.000000 0.000000 0.000000 0.000000
1.914036 -4.619141 12.959204 0.461914 0.191404 0.000000 0.000000 0.000000 0.000000 0.000000
1.937108 -4.609513 12.964204 0.460951 0.193711 0.000000 0.000000 0.000000 0.000000 0.000000
1.960131 -4.599770 12.969204 0.459977 0.196013 0.000000 0.000000 0.000000 0.000000 0.000000
1.983105 -4.589912 12.974204 0.458991 0.198311 0.000000 0.000000 0.000000 0.000000 0.000000
2.006030 -4.579939 12.979204 0.457994 0.200603 0.000000 0.000000 0.000000 0.000000 0.000000
2.028904 -4.569852 12.984204 0.456985 0.202890 0.000000 0.000000 0.000000 0.000000 0.000000
2.051728 -4.559650 12.989204 0.455965 0.205173 0.000000 0.000000 0.000000 0.000000 0.000000
2.074501 -4.549335 12.994204 0.454933 0.207450 0.000000 0.000000 0.000000 0.000000 0.000000
2.097221 -4.538905 12.999204 0.453891 0.209722 0.000000 0.000000 0.000000 0.000000 0.000000
2.119890 -4.528363 13.004204 0.452836 0.211989 0.000000 0.000000 0.000000 0.000000 0.000000
2.142505 -4.517707 13.009204 0.451771 0.214250 0.000000 0.000000 0.000000 0.000000 0.000000
2.165066 -4.506938 13.014204 0.450694 0.216507 0.000000 0.000000 0.000000 0.000000 0.000000
2.187574 -4.496056 13.019204 0.449606 0.218757 0.000000 0.000000 0.000000 0.000000 0.000000
2.210027 -4.485062 13.024204 0.448506 0.221003 0.000000 0.000000 0.000000 0.000000 0.000000
2.232424 -4.473956 13.029204 0.447396 0.223242 0.000000 0.000000 0.000000 0.000000 0.000000
2.254766 -4.462738 13.034204 0.446274 0.225477 0.000000 0.000000 0.000000 0.000000 0.000000
2.277052 -4.451408 13.039204 0.445141 0.227705 0.000000 0.000000 0.000000 0.000000 0.000000
2.299280 -4.439967 13.044204 0.443997 0.229928 0.000000 0.000000 0.000000 0.000000 0.000000
2.321451 -4.428416 13.049204 0.442842 0.232145 0.000000 0.000000 0.000000 0.000000 0.000000
2.343564 -4.416753 13.054204 0.441675 0.234356 0.000000 0.000000 0.000000 0.000000 0.000000
2.365618 -4.404980 13.059204 0.440498 0.236562 0.000000 0.000000 0.000000 0.000000 0.000000
2.387614 -4.393097 13.064204 0.439310 0.238761 0.000000 0.000000 0.000000 0.000000 0.000000
2.409549 -4.381104 13.069204 0.438110 0.240955 0.000000 0.000000 0.000000 0.000000 0.000000
2.431425 -4.369002 13.074204 0.436900 0.243142 0.000000 0.000000 0.000000 0.000000 0.000000
2.453239 -4.356790 13.079204 0.435679 0.245324 0.000000 0.000000 0.000000 0.000000 0.000000
2.474992 -4.344469 13.084204 0.434447 0.247499 0.000000 0.000000 0.000000 0.000000 0.000000
2.496684 -4.332040 13.089204 0.433204 0.249668 0.000000 0.000000 0.000000 0.000000 0.000000
2.518313 -4.319503 13.094204 0.431950 0.251831 0.000000 0.000000 0.000000 0.000000 0.000000
2.539878 -4.306857 13.099204 0.430686 0.253988 0.000000 0.000000 0.000000 0.000000 0.000000
2.561381 -4.294104 13.104204 0.429410 0.256138 0.000000 0.000000 0.000000 0.000000 0.000000
2.582819 -4.281243 13.109204 0.428124 0.258282 0.000000 0.000000 0.000000 0.000000 0.000000
2.604193 -4.268276 13.114204 0.426828 0.260419 0.000000 0.000000 0.000000 0.000000 0.000000
2.625502 -4.255201 13.119204 0.425520 0.262550 0.000000 0.000000 0.000000 0.000000 0.000000
2.646745 -4.242021 13.124204 0.424202 0.264675 0.000000 0.000000 0.000000 0.000000 0.000000
2.667922 -4.228734 13.129204 0.422873 0.266792 0.000000 0.000000 0.000000 0.000000 0.000000
2.689032 -4.215342 13.134204 0.421534 0.268903 0.000000 0.000000 0.000000 0.000000 0.000000
2.710075 -4.201844 13.139204 0.420184 0.271008 0.000000 0.000000 0.000000 0.000000 0.000000
2.731050 -4.188241 13.144204 0.418824 0.273105 0.000000 0.000000 0.000000 0.000000 0.000000
2.751957 -4.174534 13.149204 0.417453 0.275196 0.000000 0.000000 0.000000 0.000000 0.000000
2.772796 -4.160722 13.154204 0.416072 0.277280 0.000000 0.000000 0.000000 0.000000 0.000000
2.793564 -4.146806 13.159204 0.414681 0.279356 0.000000 0.000000 0.000000 0.000000 0.000000
2.814263 -4.132786 13.164204 0.413279 0.281426 0.000000 0.000000 0.000000 0.000000 0.000000
2.834892 -4.118663 13.169204 0.411866 0.283489 0.000000 0.000000 0.000000 0.000000 0.000000
2.855450 -4.104437 13.174204 0.410444 0.285545 0.000000 0.000000 0.000000 0.000000 0.000000
2.875936 -4.090109 13.179204 0.409011 0.287594 0.000000 0.000000 0.000000 0.000000 0.000000
2.896351 -4.075678 13.184204 0.407568 0.289635 0.000000 0.000000 0.000000 0.000000 0.000000
2.916693 -4.061145 13.189204 0.406115 0.291669 0.000000 0.000000 0.000000 0.000000 0.000000
2.936962 -4.046511 13.194204 0.404651 0.293696 0.000000 0.000000 0.000000 0.000000 0.000000
2.957158 -4.031776 13.199204 0.403178 0.295716 0.000000 0.000000 0.000000 0.000000 0.000000
2.977280 -4.016940 13.204204 0.401694 0.297728 0.000000 0.000000 0.000000 0.000000 0.000000
2.997327 -4.002003 13.209204 0.400200 0.299733 0.000000 0.000000 0.000000 0.000000 0.000000
3.017300 -3.986967 13.214204 0.398697 0.301730 0.000000 0.000000 0.000000 0.000000 0.000000
3.037197 -3.971830 13.219204 0.397183 0.303720 0.000000 0.000000 0.000000 0.000000 0.000000
3.057018 -3.956595 13.224204 0.395659 0.305702 0.000000 0.000000 0.000000 0.000000 0.000000
3.076762 -3.941260 13.229204 0.394126 0.307676 0.000000 0.000000 0.000000 0.000000 0.000000
3.096430 -3.925827 13.234204 0.392583 0.309643 0.000000 0.000000 0.000000 0.000000 0.000000
3.116021 -3.910296 13.239204 0.391030 0.311602 0.000000 0.000000 0.000000 0.000000 0.000000
3.135533 -3.894667 13.244204 0.389467 0.313553 0.000000 0.000000 0.000000 0.000000 0.000000
3.154967 -3.878941 13.249204 0.387894 0.315497 0.000000 0.000000 0.000000 0.000000 0.000000
3.174322 -3.863118 13.254204 0.386312 0.317432 0.000000 0.000000 0.000000 0.000000 0.000000
3.193598 -3.847198 13.259204 0.384720 0.319360 0.000000 0.000000 0.000000 0.000000 0.000000
3.212794 -3.831182 13.264204 0.383118 0.321279 0.000000 0.000000 0.000000 0.000000 0.000000
3.231910 -3.815070 13.269204 0.381507 0.323191 0.000000 0.000000 0.000000 0.000000 0.000000
3.250945 -3.798863 13.274204 0.379886 0.325094 0.000000 0.000000 0.000000 0.000000 0.000000
3.269898 -3.782561 13.279204 0.378256 0.326990 0.000000 0.000000 0.000000 0.000000 0.000000
3.288770 -3.766164 13.284204 0.376616 0.328877 0.000000 0.000000 0.000000 0.000000 0.000000
3.307560 -3.749673 13.289204 0.374967 0.330756 0.000000 0.000000 0.000000 0.000000 0.000000
3.326267 -3.733089 13.294204 0.373309 0.332627 0.000000 0.000000 0.000000 0.000000 0.000000
3.344890 -3.716411 13.299204 0.371641 0.334489 0.000000 0.000000 0.000000 0.000000 0.000000
3.363431 -3.699640 13.304204 0.369964 0.336343 0.000000 0.000000 0.000000 0.000000 0.000000
3.381887 -3.682777 13.309204 0.368278 0.338189 0.000000 0.000000 0.000000 0.000000 0.000000
3.400258 -3.665821 13.314204 0.366582 0.340026 0.000000 0.000000 0.000000 0.000000 0.000000
3.418545 -3.648774 13.319204 0.364877 0.341854 0.000000 0.000000 0.000000 0.000000 0.000000
3.436746 -3.631636 13.324204 0.363164 0.343675 0.000000 0.000000 0.000000 0.000000 0.000000
3.454861 -3.614407 13.329204 0.361441 0.345486 0.000000 0.000000 0.000000 0.000000 0.000000
3.472890 -3.597087 13.334204 0.359709 0.347289 0.000000 0.000000 0.000000 0.000000 0.000000
3.490832 -3.579678 13.339204 0.357968 0.349083 0.000000 0.000000 0.000000 0.000000 0.000000
3.508686 -3.562179 13.344204 0.356218 0.350869 0.000000 0.000000 0.000000 0.000000 0.000000
3.526453 -3.544591 13.349204 0.354459 0.352645 0.000000 0.000000 0.000000 0.000000 0.000000
3.544132 -3.526915 13.354204 0.352691 0.354413 0.000000 0.000000 0.000000 0.000000 0.000000
3.561722 -3.509150 13.359204 0.350915 0.356172 0.000000 0.000000 0.000000 0.000000 0.000000
3.579223 -3.491298 13.364204 0.349130 0.357922 0.000000 0.000000 0.000000 0.000000 0.000000
3.596635 -3.473358 13.369204 0.347336 0.359664 0.000000 0.000000 0.000000 0.000000 0.000000
3.613957 -3.455332 13.374204 0.345533 0.361396 0.000000 0.000000 0.000000 0.000000 0.000000
3.631188 -3.437219 13.379204 0.343722 0.363119 0.000000 0.000000 0.000000 0.000000 0.000000
3.648329 -3.419020 13.384204 0.341902 0.364833 0.000000 0.000000 0.000000 0.000000 0.000000
3.665378 -3.400735 13.389204 0.340074 0.366538 0.000000 0.000000 0.000000 0.000000 0.000000
3.682336 -3.382366 13.394204 0.338237 0.368234 0.000000 0.000000 0.000000 0.000000 0.000000
3.699202 -3.363912 13.399204 0.336391 0.369920 0.000000 0.000000 0.000000 0.000000 0.000000
3.715975 -3.345374 13.404204 0.334537 0.371598 0.000000 0.000000 0.000000 0.000000 0.000000
3.732655 -3.326753 13.409204 0.332675 0.373266 0.000000 0.000000 0.000000 0.000000 0.000000
3.749242 -3.308048 13.414204 0.330805 0.374924 0.000000 0.000000 0.000000 0.000000 0.000000
3.765736 -3.289260 13.419204 0.328926 0.376574 0.000000 0.000000 0.000000 0.000000 0.000000
3.782135 -3.270391 13.424204 0.327039 0.378213 0.000000 0.000000 0.000000 0.000000 0.000000
3.798440 -3.251439 13.429204 0.325144 0.379844 0.000000 0.000000 0.000000 0.000000 0.000000
3.814649 -3.232406 13.434204 0.323241 0.381465 0.000000 0.000000 0.000000 0.000000 0.000000
3.830763 -3.213293 13.439204 0.321329 0.383076 0.000000 0.000000 0.000000 0.000000 0.000000
3.846782 -3.194099 13.444204 0.319410 0.384678 0.000000 0.000000 0.000000 0.000000 0.000000
3.862704 -3.174825 13.449204 0.317483 0.386270 0.000000 0.000000 0.000000 0.000000 0.000000
3.878530 -3.155472 13.454204 0.315547 0.387853 0.000000 0.000000 0.000000 0.000000 0.000000
3.894259 -3.136040 13.459204 0.313604 0.389426 0.000000 0.000000 0.000000 0.000000 0.000000
3.909890 -3.116530 13.464204 0.311653 0.390989 0.000000 0.000000 0.000000 0.000000 0.000000
3.925424 -3.096941 13.469204 0.309694 0.392542 0.000000 0.000000 0.000000 0.000000 0.000000
3.940860 -3.077276 13.474204 0.307728 0.394086 0.000000 0.000000 0.000000 0.000000 0.000000
3.956197 -3.057533 13.479204 0.305753 0.395620 0.000000 0.000000 0.000000 0.000000 0.000000
3.971435 -3.037714 13.484204 0.303771 0.397143 0.000000 0.000000 0.000000 0.000000 0.000000
3.986574 -3.017819 13.489204 0.301782 0.398657 0.000000 0.000000 0.000000 0.000000 0.000000
4.001613 -2.997848 13.494204 0.299785 0.400161 0.000000 0.000000 0.000000 0.000000 0.000000
4.016552 -2.977803 13.499204 0.297780 0.401655 0.000000 0.000000 0.000000 0.000000 0.000000
4.031391 -2.957683 13.504204 0.295768 0.403139 0.000000 0.000000 0.000000 0.000000 0.000000
4.046129 -2.937489 13.509204 0.293749 0.404613 0.000000 0.000000 0.000000 0.000000 0.000000
4.060766 -2.917222 13.514204 0.291722 0.406077 0.000000 0.000000 0.000000 0.000000 0.000000
4.075301 -2.896882 13.519204 0.289688 0.407530 0.000000 0.000000 0.000000 0.000000 0.000000
4.089734 -2.876469 13.524204 0.287647 0.408973 0.000000 0.000000 0.000000 0.000000 0.000000
4.104065 -2.855984 13.529204 0.285598 0.410407 0.000000 0.000000 0.000000 0.000000 0.000000
4.118294 -2.835428 13.534204 0.283543 0.411829 0.000000 0.000000 0.000000 0.000000 0.000000
4.132420 -2.814802 13.539204 0.281480 0.413242 0.000000 0.000000 0.000000 0.000000 0.000000
4.146442 -2.794104 13.544204 0.279410 0.414644 0.000000 0.000000 0.000000 0.000000 0.000000
4.160361 -2.773337 13.549204 0.277334 0.416036 0.000000 0.000000 0.000000 0.000000 0.000000
4.174175 -2.752501 13.554204 0.275250 0.417418 0.000000 0.000000 0.000000 0.000000 0.000000
4.187885 -2.731596 13.559204 0.273160 0.418789 0.000000 0.000000 0.000000 0.000000 0.000000
4.201491 -2.710622 13.564204 0.271062 0.420149 0.000000 0.000000 0.000000 0.000000 0.000000
4.214992 -2.689581 13.569204 0.268958 0.421499 0.000000 0.000000 0.000000 0.000000 0.000000
4.228387 -2.668473 13.574204 0.266847 0.422839 0.000000 0.000000 0.000000 0.000000 0.000000
4.241676 -2.647297 13.579204 0.264730 0.424168 0.000000 0.000000 0.000000 0.000000 0.000000
4.254860 -2.626056 13.584204 0.262606 0.425486 0.000000 0.000000 0.000000 0.000000 0.000000
4.267937 -2.604749 13.589204 0.260475 0.426794 0.000000 0.000000 0.000000 0.000000 0.000000
4.280907 -2.583377 13.594204 0.258338 0.428091 0.000000 0.000000 0.000000 0.000000 0.000000
4.293770 -2.561940 13.599204 0.256194 0.429377 0.000000 0.000000 0.000000 0.000000 0.000000
4.306526 -2.540439 13.604204 0.254044 0.430653 0.000000 0.000000 0.000000 0.000000 0.000000
4.319175 -2.518875 13.609204 0.251887 0.431917 0.000000 0.000000 0.000000 0.000000 0.000000
4.331715 -2.497248 13.614204 0.249725 0.433171 0.000000 0.000000 0.000000 0.000000 0.000000
4.344147 -2.475558 13.619204 0.247556 0.434415 0.000000 0.000000 0.000000 0.000000 0.000000
4.356470 -2.453806 13.624204 0.245381 0.435647 0.000000 0.000000 0.000000 0.000000 0.000000
4.368685 -2.431993 13.629204 0.243199 0.436868 0.000000 0.000000 0.000000 0.000000 0.000000
4.380790 -2.410120 13.634204 0.241012 0.438079 0.000000 0.000000 0.000000 0.000000 0.000000
4.392786 -2.388186 13.639204 0.238819 0.439279 0.000000 0.000000 0.000000 0.000000 0.000000
4.404672 -2.366192 13.644204 0.236619 0.440467 0.000000 0.000000 0.000000 0.000000 0.000000
4.416448 -2.344139 13.649204 0.234414 0.441645 0.000000 0.000000 0.000000 0.000000 0.000000
4.428113 -2.322028 13.654204 0.232203 0.442811 0.000000 0.000000 0.000000 0.000000 0.000000
4.439668 -2.299858 13.659204 0.229986 0.443967 0.000000 0.000000 0.000000 0.000000 0.000000
4.451112 -2.277631 13.664204 0.227763 0.445111 0.000000 0.000000 0.000000 0.000000 0.000000
4.462444 -2.255347 13.669204 0.225535 0.446244 0.000000 0.000000 0.000000 0.000000 0.000000
4.473665 -2.233007 13.674204 0.223301 0.447367 0.000000 0.000000 0.000000 0.000000 0.000000
4.484774 -2.210611 13.679204 0.221061 0.448477 0.000000 0.000000 0.000000 0.000000 0.000000
4.495771 -2.188159 13.684204 0.218816 0.449577 0.000000 0.000000 0.000000 0.000000 0.000000
4.506656 -2.165653 13.689204 0.216565 0.450666 0.000000 0.000000 0.000000 0.000000 0.000000
4.517428 -2.143093 13.694204 0.214309 0.451743 0.000000 0.000000 0.000000 0.000000 0.000000
4.528087 -2.120479 13.699204 0.212048 0.452809 0.000000 0.000000 0.000000 0.000000 0.000000
4.538632 -2.097812 13.704204 0.209781 0.453863 0.000000 0.000000 0.000000 0.000000 0.000000
4.549065 -2.075093 13.709204 0.207509 0.454906 0.000000 0.000000 0.000000 0.000000 0.000000
4.559383 -2.052322 13.714204 0.205232 0.455938 0.000000 0.000000 0.000000 0.000000 0.000000
4.569588 -2.029499 13.719204 0.202950 0.456959 0.000000 0.000000 0.000000 0.000000 0.000000
4.579678 -2.006626 13.724204 0.200663 0.457968 0.000000 0.000000 0.000000 0.000000 0.000000
4.589654 -1.983703 13.729204 0.198370 0.458965 0.000000 0.000000 0.000000 0.000000 0.000000
4.599515 -1.960730 13.734204 0.196073 0.459952 0.000000 0.000000 0.000000 0.000000 0.000000
4.609261 -1.937708 13.739204 0.193771 0.460926 0.000000 0.000000 0.000000 0.000000 0.000000
4.618892 -1.914637 13.744204 0.191464 0.461889 0.000000 0.000000 0.000000 0.000000 0.000000
4.628407 -1.891519 13.749204 0.189152 0.462841 0.000000 0.000000 0.000000 0.000000 0.000000
4.637807 -1.868354 13.754204 0.186835 0.463781 0.000000 0.000000 0.000000 0.000000 0.000000
4.647091 -1.845141 13.759204 0.184514 0.464709 0.000000 0.000000 0.000000 0.000000 0.000000
4.656258 -1.821883 13.764204 0.182188 0.465626 0.000000 0.000000 0.000000 0.000000 0.000000
4.665310 -1.798579 13.769204 0.179858 0.466531 0.000000 0.000000 0.000000 0.000000 0.000000
4.674244 -1.775230 13.774204 0.177523 0.467424 0.000000 0.000000 0.000000 0.000000 0.000000
4.683062 -1.751837 13.779204 0.175184 0.468306 0.000000 0.000000 0.000000 0.000000 0.000000
4.691762 -1.728400 13.784204 0.172840 0.469176 0.000000 0.000000 0.000000 0.000000 0.000000
4.700346 -1.704919 13.789204 0.170492 0.470035 0.000000 0.000000 0.000000 0.000000 0.000000
4.708812 -1.681396 13.794204 0.168140 0.470881 0.000000 0.000000 0.000000 0.000000 0.000000
4.717160 -1.657831 13.799204 0.165783 0.471716 0.000000 0.000000 0.000000 0.000000 0.000000
4.725390 -1.634225 13.804204 0.163422 0.472539 0.000000 0.000000 0.000000 0.000000 0.000000
4.733502 -1.610578 13.809204 0.161058 0.473350 0.000000 0.000000 0.000000 0.000000 0.000000
4.741496 -1.586890 13.814204 0.158689 0.474150 0.000000 0.000000 0.000000 0.000000 0.000000
4.749371 -1.563163 13.819204 0.156316 0.474937 0.000000 0.000000 0.000000 0.000000 0.000000
4.757127 -1.539397 13.824204 0.153940 0.475713 0.000000 0.000000 0.000000 0.000000 0.000000
4.764765 -1.515592 13.829204 0.151559 0.476476 0.000000 0.000000 0.000000 0.000000 0.000000
4.772283 -1.491749 13.834204 0.149175 0.477228 0.000000 0.000000 0.000000 0.000000 0.000000
4.779682 -1.467869 13.839204 0.146787 0.477968 0.000000 0.000000 0.000000 0.000000 0.000000
4.786962 -1.443952 13.844204 0.144395 0.478696 0.000000 0.000000 0.000000 0.000000 0.000000
4.794121 -1.420000 13.849204 0.142000 0.479412 0.000000 0.000000 0.000000 0.000000 0.000000
4.801162 -1.396011 13.854204 0.139601 0.480116 0.000000 0.000000 0.000000 0.000000 0.000000
4.808082 -1.371988 13.859204 0.137199 0.480808 0.000000 0.000000 0.000000 0.000000 0.000000
4.814881 -1.347931 13.864204 0.134793 0.481488 0.000000 0.000000 0.000000 0.000000 0.000000
4.821561 -1.323840 13.869204 0.132384 0.482156 0.000000 0.000000 0.000000 0.000000 0.000000
4.828120 -1.299715 13.874204 0.129972 0.482812 0.000000 0.000000 0.000000 0.000000 0.000000
4.834558 -1.275559 13.879204 0.127556 0.483456 0.000000 0.000000 0.000000 0.000000 0.000000
4.840875 -1.251370 13.884204 0.125137 0.484088 0.000000 0.000000 0.000000 0.000000 0.000000
4.847072 -1.227150 13.889204 0.122715 0.484707 0.000000 0.000000 0.000000 0.000000 0.000000
4.853147 -1.202900 13.894204 0.120290 0.485315 0.000000 0.000000 0.000000 0.000000 0.000000
4.859100 -1.178619 13.899204 0.117862 0.485910 0.000000 0.000000 0.000000 0.000000 0.000000
4.864933 -1.154309 13.904204 0.115431 0.486493 0.000000 0.000000 0.000000 0.000000 0.000000
4.870644 -1.129970 13.909204 0.112997 0.487064 0.000000 0.000000 0.000000 0.000000 0.000000
4.876232 -1.105603 13.914204 0.110560 0.487623 0.000000 0.000000 0.000000 0.000000 0.000000
4.881700 -1.081208 13.919204 0.108121 0.488170 0.000000 0.000000 0.000000 0.000000 0.000000
4.887044 -1.056786 13.924204 0.105679 0.488704 0.000000 0.000000 0.000000 0.000000 0.000000
4.892267 -1.032337 13.929204 0.103234 0.489227 0.000000 0.000000 0.000000 0.000000 0.000000
4.897368 -1.007863 13.934204 0.100786 0.489737 0.000000 0.000000 0.000000 0.000000 0.000000
4.902346 -0.983364 13.939204 0.098336 0.490235 0.000000 0.000000 0.000000 0.000000 0.000000
4.907201 -0.958840 13.944204 0.095884 0.490720 0.000000 0.000000 0.000000 0.000000 0.000000
4.911934 -0.934292 13.949204 0.093429 0.491193 0.000000 0.000000 0.000000 0.000000 0.000000
4.916544 -0.909721 13.954204 0.090972 0.491654 0.000000 0.000000 0.000000 0.000000 0.000000
4.921031 -0.885127 13.959204 0.088513 0.492103 0.000000 0.000000 0.000000 0.000000 0.000000
4.925396 -0.860511 13.964204 0.086051 0.492540 0.000000 0.000000 0.000000 0.000000 0.000000
4.929637 -0.835873 13.969204 0.083587 0.492964 0.000000 0.000000 0.000000 0.000000 0.000000
4.933754 -0.811215 13.974204 0.081121 0.493375 0.000000 0.000000 0.000000 0.000000 0.000000
4.937749 -0.786536 13.979204 0.078654 0.493775 0.000000 0.000000 0.000000 0.000000 0.000000
4.941620 -0.761837 13.984204 0.076184 0.494162 0.000000 0.000000 0.000000 0.000000 0.000000
4.945367 -0.737120 13.989204 0.073712 0.494537 0.000000 0.000000 0.000000 0.000000 0.000000
4.948991 -0.712384 13.994204 0.071238 0.494899 0.000000 0.000000 0.000000 0.000000 0.000000
4.952491 -0.687630 13.999204 0.068763 0.495249 0.000000 0.000000 0.000000 0.000000 0.000000
4.955867 -0.662859 14.004204 0.066286 0.495587 0.000000 0.000000 0.000000 0.000000 0.000000
4.959119 -0.638072 14.009204 0.063807 0.495912 0.000000 0.000000 0.000000 0.000000 0.000000
4.962248 -0.613268 14.014204 0.061327 0.496225 0.000000 0.000000 0.000000 0.000000 0.000000
4.965252 -0.588449 14.019204 0.058845 0.496525 0.000000 0.000000 0.000000 0.000000 0.000000
4.968132 -0.563616 14.024204 0.056362 0.496813 0.000000 0.000000 0.000000 0.000000 0.000000
4.970888 -0.538768 14.029204 0.053877 0.497089 0.000000 0.000000 0.000000 0.000000 0.000000
4.973520 -0.513907 14.034204 0.051391 0.497352 0.000000 0.000000 0.000000 0.000000 0.000000
4.976027 -0.489033 14.039204 0.048903 0.497603 0.000000 0.000000 0.000000 0.000000 0.000000
4.978410 -0.464147 14.044204 0.046415 0.497841 0.000000 0.000000 0.000000 0.000000 0.000000
4.980669 -0.439249 14.049204 0.043925 0.498067 0.000000 0.000000 0.000000 0.000000 0.000000
4.982803 -0.414341 14.054204 0.041434 0.498280 0.000000 0.000000 0.000000 0.000000 0.000000
4.984812 -0.389422 14.059204 0.038942 0.498481 0.000000 0.000000 0.000000 0.000000 0.000000
4.986697 -0.364493 14.064204 0.036449 0.498670 0.000000 0.000000 0.000000 0.000000 0.000000
4.988457 -0.339555 14.069204 0.033955 0.498846 0.000000 0.000000 0.000000 0.000000 0.000000
4.990092 -0.314608 14.074204 0.031461 0.499009 0.000000 0.000000 0.000000 0.000000 0.000000
4.991603 -0.289654 14.079204 0.028965 0.499160 0.000000 0.000000 0.000000 0.000000 0.000000
4.992989 -0.264693 14.084204 0.026469 0.499299 0.000000 0.000000 0.000000 0.000000 0.000000
4.994250 -0.239724 14.089204 0.023972 0.499425 0.000000 0.000000 0.000000 0.000000 0.000000
4.995386 -0.214750 14.094204 0.021475 0.499539 0.000000 0.000000 0.000000 0.000000 0.000000
4.996397 -0.189771 14.099204 0.018977 0.499640 0.000000 0.000000 0.000000 0.000000 0.000000
4.997284 -0.164786 14.104204 0.016479 0.499728 0.000000 0.000000 0.000000 0.000000 0.000000
4.998045 -0.139798 14.109204 0.013980 0.499805 0.000000 0.000000 0.000000 0.000000 0.000000
4.998682 -0.114806 14.114204 0.011481 0.499868 0.000000 0.000000 0.000000 0.000000 0.000000
4.999193 -0.089812 14.119204 0.008981 0.499919 0.000000 0.000000 0.000000 0.000000 0.000000
4.999580 -0.064815 14.124204 0.006481 0.499958 0.000000 0.000000 0.000000 0.000000 0.000000
4.999841 -0.039816 14.129204 0.003982 0.499984 0.000000 0.000000 0.000000 0.000000 0.000000
4.999978 -0.014816 14.134204 0.001482 0.499998 0.000000 0.000000 0.000000 0.000000 0.000000
4.999990 0.010184 14.139204 -0.001018 0.499999 0.000000 0.000000 0.000000 0.000000 0.000000
4.999876 0.035183 14.144204 -0.003518 0.499988 0.000000 0.000000 0.000000 0.000000 0.000000
4.999638 0.060182 14.149204 -0.006018 0.499964 0.000000 0.000000 0.000000 0.000000 0.000000
4.999274 0.085180 14.154204 -0.008518 0.499927 0.000000 0.000000 0.000000 0.000000 0.000000
4.998786 0.110175 14.159204 -0.011017 0.499879 0.000000 0.000000 0.000000 0.000000 0.000000
4.998173 0.135167 14.164204 -0.013517 0.499817 0.000000 0.000000 0.000000 0.000000 0.000000
4.997434 0.160156 14.169204 -0.016016 0.499743 0.000000 0.000000 0.000000 0.000000 0.000000
4.996571 0.185141 14.174204 -0.018514 0.499657 0.000000 0.000000 0.000000 0.000000 0.000000
4.995583 0.210122 14.179204 -0.021012 0.499558 0.000000 0.000000 0.000000 0.000000 0.000000
4.994470 0.235097 14.184204 -0.023510 0.499447 0.000000 0.000000 0.000000 0.000000 0.000000
4.993232 0.260066 14.189204 -0.026007 0.499323 0.000000 0.000000 0.000000 0.000000 0.000000
4.991869 0.285029 14.194204 -0.028503 0.499187 0.000000 0.000000 0.000000 0.000000 0.000000
4.990382 0.309985 14.199204 -0.030998 0.499038 0.000000 0.000000 0.000000 0.000000 0.000000
4.988769 0.334933 14.204204 -0.033493 0.498877 0.000000 0.000000 0.000000 0.000000 0.000000
4.987032 0.359872 14.209204 -0.035987 0.498703 0.000000 0.000000 0.000000 0.000000 0.000000
4.985171 0.384803 14.214204 -0.038480 0.498517 0.000000 0.000000 0.000000 0.000000 0.000000
4.983184 0.409724 14.219204 -0.040972 0.498318 0.000000 0.000000 0.000000 0.000000 0.000000
4.981073 0.434634 14.224204 -0.043463 0.498107 0.000000 0.000000 0.000000 0.000000 0.000000
4.978838 0.459534 14.229204 -0.045953 0.497884 0.000000 0.000000 0.000000 0.000000 0.000000
4.976478 0.484423 14.234204 -0.048442 0.497648 0.000000 0.000000 0.000000 0.000000 0.000000
4.973994 0.509299 14.239204 -0.050930 0.497399 0.000000 0.000000 0.000000 0.000000 0.000000
4.971385 0.534162 14.244204 -0.053416 0.497139 0.000000 0.000000 0.000000 0.000000 0.000000
4.968652 0.559012 14.249204 -0.055901 0.496865 0.000000 0.000000 0.000000 0.000000 0.000000
4.965795 0.583849 14.254204 -0.058385 0.496580 0.000000 0.000000 0.000000 0.000000 0.000000
4.962814 0.608670 14.259204 -0.060867 0.496281 0.000000 0.000000 0.000000 0.000000 0.000000
4.959708 0.633477 14.264204 -0.063348 0.495971 0.000000 0.000000 0.000000 0.000000 0.000000
4.956479 0.658267 14.269204 -0.065827 0.495648 0.000000 0.000000 0.000000 0.000000 0.000000
4.953126 0.683041 14.274204 -0.068304 0.495313 0.000000 0.000000 0.000000 0.000000 0.000000
4.949649 0.707798 14.279204 -0.070780 0.494965 0.000000 0.000000 0.000000 0.000000 0.000000
4.946048 0.732537 14.284204 -0.073254 0.494605 0.000000 0.000000 0.000000 0.000000 0.000000
4.942323 0.757258 14.289204 -0.075726 0.494232 0.000000 0.000000 0.000000 0.000000 0.000000
4.938475 0.781960 14.294204 -0.078196 0.493848 0.000000 0.000000 0.000000 0.000000 0.000000
4.934504 0.806643 14.299204 -0.080664 0.493450 0.000000 0.000000 0.000000 0.000000 0.000000
4.930409 0.831305 14.304204 -0.083131 0.493041 0.000000 0.000000 0.000000 0.000000 0.000000
4.926191 0.855947 14.309204 -0.085595 0.492619 0.000000 0.000000 0.000000 0.000000 0.000000
4.921849 0.880567 14.314204 -0.088057 0.492185 0.000000 0.000000 0.000000 0.000000 0.000000
4.917385 0.905165 14.319204 -0.090517 0.491739 0.000000 0.000000 0.000000 0.000000 0.000000
4.912798 0.929741 14.324204 -0.092974 0.491280 0.000000 0.000000 0.000000 0.000000 0.000000
4.908088 0.954293 14.329204 -0.095429 0.490809 0.000000 0.000000 0.000000 0.000000 0.000000
4.903255 0.978821 14.334204 -0.097882 0.490325 0.000000 0.000000 0.000000 0.000000 0.000000
4.898300 1.003325 14.339204 -0.100333 0.489830 0.000000 0.000000 0.000000 0.000000 0.000000
4.893222 1.027804 14.344204 -0.102780 0.489322 0.000000 0.000000 0.000000 0.000000 0.000000
4.888022 1.052257 14.349204 -0.105226 0.488802 0.000000 0.000000 0.000000 0.000000 0.000000
4.882699 1.076684 14.354204 -0.107668 0.488270 0.000000 0.000000 0.000000 0.000000 0.000000
4.877255 1.101084 14.359204 -0.110108 0.487725 0.000000 0.000000 0.000000 0.000000 0.000000
4.871688 1.125456 14.364204 -0.112546 0.487169 0.000000 0.000000 0.000000 0.000000 0.000000
4.866000 1.149801 14.369204 -0.114980 0.486600 0.000000 0.000000 0.000000 0.000000 0.000000
4.860190 1.174116 14.374204 -0.117412 0.486019 0.000000 0.000000 0.000000 0.000000 0.000000
4.854259 1.198402 14.379204 -0.119840 0.485426 0.000000 0.000000 0.000000 0.000000 0.000000
4.848206 1.222659 14.384204 -0.122266 0.484821 0.000000 0.000000 0.000000 0.000000 0.000000
4.842033 1.246884 14.389204 -0.124688 0.484203 0.000000 0.000000 0.000000 0.000000 0.000000
4.835738 1.271079 14.394204 -0.127108 0.483574 0.000000 0.000000 0.000000 0.000000 0.000000
4.829322 1.295241 14.399204 -0.129524 0.482932 0.000000 0.000000 0.000000 0.000000 0.000000
4.822785 1.319372 14.404204 -0.131937 0.482279 0.000000 0.000000 0.000000 0.000000 0.000000
4.816128 1.343469 14.409204 -0.134347 0.481613 0.000000 0.000000 0.000000 0.000000 0.000000
4.809351 1.367533 14.414204 -0.136753 0.480935 0.000000 0.000000 0.000000 0.000000 0.000000
4.802453 1.391562 14.419204 -0.139156 0.480245 0.000000 0.000000 0.000000 0.000000 0.000000
4.795435 1.415557 14.424204 -0.141556 0.479544 0.000000 0.000000 0.000000 0.000000 0.000000
4.788297 1.439517 14.429204 -0.143952 0.478830 0.000000 0.000000 0.000000 0.000000 0.000000
4.781040 1.463440 14.434204 -0.146344 0.478104 0.000000 0.000000 0.000000 0.000000 0.000000
4.773663 1.487327 14.439204 -0.148733 0.477366 0.000000 0.000000 0.000000 0.000000 0.000000
4.766167 1.511176 14.444204 -0.151118 0.476617 0.000000 0.000000 0.000000 0.000000 0.000000
4.758551 1.534988 14.449204 -0.153499 0.475855 0.000000 0.000000 0.000000 0.000000 0.000000
4.750817 1.558762 14.454204 -0.155876 0.475082 0.000000 0.000000 0.000000 0.000000 0.000000
4.742964 1.582496 14.459204 -0.158250 0.474296 0.000000 0.000000 0.000000 0.000000 0.000000
4.734992 1.606191 14.464204 -0.160619 0.473499 0.000000 0.000000 0.000000 0.000000 0.000000
4.726902 1.629846 14.469204 -0.162985 0.472690 0.000000 0.000000 0.000000 0.000000 0.000000
4.718694 1.653460 14.474204 -0.165346 0.471869 0.000000 0.000000 0.000000 0.000000 0.000000
4.710367 1.677033 14.479204 -0.167703 0.471037 0.000000 0.000000 0.000000 0.000000 0.000000
4.701923 1.700563 14.484204 -0.170056 0.470192 0.000000 0.000000 0.000000 0.000000 0.000000
4.693362 1.724052 14.489204 -0.172405 0.469336 0.000000 0.000000 0.000000 0.000000 0.000000
4.684683 1.747497 14.494204 -0.174750 0.468468 0.000000 0.000000 0.000000 0.000000 0.000000
4.675887 1.770898 14.499204 -0.177090 0.467589 0.000000 0.000000 0.000000 0.000000 0.000000
4.666974 1.794256 14.504204 -0.179426 0.466697 0.000000 0.000000 0.000000 0.000000 0.000000
4.657944 1.817568 14.509204 -0.181757 0.465794 0.000000 0.000000 0.000000 0.000000 0.000000
4.648798 1.840835 14.514204 -0.184083 0.464880 0.000000 0.000000 0.000000 0.000000 0.000000
4.639536 1.864056 14.519204 -0.186406 0.463954 0.000000 0.000000 0.000000 0.000000 0.000000
4.630158 1.887230 14.524204 -0.188723 0.463016 0.000000 0.000000 0.000000 0.000000 0.000000
4.620664 1.910357 14.529204 -0.191036 0.462066 0.000000 0.000000 0.000000 0.000000 0.000000
4.611054 1.933436 14.534204 -0.193344 0.461105 0.000000 0.000000 0.000000 0.000000 0.000000
4.601330 1.956467 14.539204 -0.195647 0.460133 0.000000 0.000000 0.000000 0.000000 0.000000
4.591490 1.979450 14.544204 -0.197945 0.459149 0.000000 0.000000 0.000000 0.000000 0.000000
4.581535 2.002382 14.549204 -0.200238 0.458154 0.000000 0.000000 0.000000 0.000000 0.000000
4.571466 2.025265 14.554204 -0.202526 0.457147 0.000000 0.000000 0.000000 0.000000 0.000000
4.561283 2.048097 14.559204 -0.204810 0.456128 0.000000 0.000000 0.000000 0.000000 0.000000
4.550985 2.070877 14.564204 -0.207088 0.455099 0.000000 0.000000 0.000000 0.000000 0.000000
4.540574 2.093606 14.569204 -0.209361 0.454057 0.000000 0.000000 0.000000 0.000000 0.000000
4.530049 2.116283 14.574204 -0.211628 0.453005 0.000000 0.000000 0.000000 0.000000 0.000000
4.519411 2.138907 14.579204 -0.213891 0.451941 0.000000 0.000000 0.000000 0.000000 0.000000
4.508660 2.161477 14.584204 -0.216148 0.450866 0.000000 0.000000 0.000000 0.000000 0.000000
4.497797 2.183993 14.589204 -0.218399 0.449780 0.000000 0.000000 0.000000 0.000000 0.000000
4.486820 2.206455 14.594204 -0.220645 0.448682 0.000000 0.000000 0.000000 0.000000 0.000000
4.475732 2.228861 14.599204 -0.222886 0.447573 0.000000 0.000000 0.000000 0.000000 0.000000
4.464532 2.251212 14.604204 -0.225121 0.446453 0.000000 0.000000 0.000000 0.000000 0.000000
4.453220 2.273506 14.609204 -0.227351 0.445322 0.000000 0.000000 0.000000 0.000000 0.000000
4.441797 2.295744 14.614204 -0.229574 0.444180 0.000000 0.000000 0.000000 0.000000 0.000000
4.430263 2.317924 14.619204 -0.231792 0.443026 0.000000 0.000000 0.000000 0.000000 0.000000
4.418618 2.340046 14.624204 -0.234005 0.441862 0.000000 0.000000 0.000000 0.000000 0.000000
4.406862 2.362110 14.629204 -0.236211 0.440686 0.000000 0.000000 0.000000 0.000000 0.000000
4.394997 2.384115 14.634204 -0.238411 0.439500 0.000000 0.000000 0.000000 0.000000 0.000000
4.383021 2.406060 14.639204 -0.240606 0.438302 0.000000 0.000000 0.000000 0.000000 0.000000
4.370936 2.427945 14.644204 -0.242794 0.437094 0.000000 0.000000 0.000000 0.000000 0.000000
4.358742 2.449769 14.649204 -0.244977 0.435874 0.000000 0.000000 0.000000 0.000000 0.000000
4.346439 2.471532 14.654204 -0.247153 0.434644 0.000000 0.000000 0.000000 0.000000 0.000000
4.334027 2.493233 14.659204 -0.249323 0.433403 0.000000 0.000000 0.000000 0.000000 0.000000
4.321507 2.514872 14.664204 -0.251487 0.432151 0.000000 0.000000 0.000000 0.000000 0.000000
4.308878 2.536448 14.669204 -0.253645 0.430888 0.000000 0.000000 0.000000 0.000000 0.000000
4.296142 2.557961 14.674204 -0.255796 0.429614 0.000000 0.000000 0.000000 0.000000 0.000000
4.283299 2.579409 14.679204 -0.257941 0.428330 0.000000 0.000000 0.000000 0.000000 0.000000
4.270348 2.600793 14.684204 -0.260079 0.427035 0.000000 0.000000 0.000000 0.000000 0.000000
4.257291 2.622113 14.689204 -0.262211 0.425729 0.000000 0.000000 0.000000 0.000000 0.000000
4.244127 2.643366 14.694204 -0.264337 0.424413 0.000000 0.000000 0.000000 0.000000 0.000000
4.230857 2.664554 14.699204 -0.266455 0.423086 0.000000 0.000000 0.000000 0.000000 0.000000
4.217482 2.685675 14.704204 -0.268567 0.421748 0.000000 0.000000 0.000000 0.000000 0.000000
4.204001 2.706728 14.709204 -0.270673 0.420400 0.000000 0.000000 0.000000 0.000000 0.000000
4.190415 2.727714 14.714204 -0.272771 0.419041 0.000000 0.000000 0.000000 0.000000 0.000000
4.176724 2.748632 14.719204 -0.274863 0.417672 0.000000 0.000000 0.000000 0.000000 0.000000
4.162928 2.769481 14.724204 -0.276948 0.416293 0.000000 0.000000 0.000000 0.000000 0.000000
4.149029 2.790261 14.729204 -0.279026 0.414903 0.000000 0.000000 0.000000 0.000000 0.000000
4.135026 2.810972 14.734204 -0.281097 0.413503 0.000000 0.000000 0.000000 0.000000 0.000000
4.120919 2.831611 14.739204 -0.283161 0.412092 0.000000 0.000000 0.000000 0.000000 0.000000
4.106710 2.852181 14.744204 -0.285218 0.410671 0.000000 0.000000 0.000000 0.000000 0.000000
4.092398 2.872678 14.749204 -0.287268 0.409240 0.000000 0.000000 0.000000 0.000000 0.000000
4.077983 2.893104 14.754204 -0.289310 0.407798 0.000000 0.000000 0.000000 0.000000 0.000000
4.063467 2.913458 14.759204 -0.291346 0.406347 0.000000 0.000000 0.000000 0.000000 0.000000
4.048849 2.933739 14.764204 -0.293374 0.404885 0.000000 0.000000 0.000000 0.000000 0.000000
4.034130 2.953946 14.769204 -0.295395 0.403413 0.000000 0.000000 0.000000 0.000000 0.000000
4.019309 2.974080 14.774204 -0.297408 0.401931 0.000000 0.000000 0.000000 0.000000 0.000000
4.004389 2.994139 14.779204 -0.299414 0.400439 0.000000 0.000000 0.000000 0.000000 0.000000
3.989368 3.014124 14.784204 -0.301412 0.398937 0.000000 0.000000 0.000000 0.000000 0.000000
3.974248 3.034033 14.789204 -0.303403 0.397425 0.000000 0.000000 0.000000 0.000000 0.000000
3.959028 3.053866 14.794204 -0.305387 0.395903 0.000000 0.000000 0.000000 0.000000 0.000000
3.943709 3.073623 14.799204 -0.307362 0.394371 0.000000 0.000000 0.000000 0.000000 0.000000
3.928292 3.093303 14.804204 -0.309330 0.392829 0.000000 0.000000 0.000000 0.000000 0.000000
3.912776 3.112906 14.809204 -0.311291 0.391278 0.000000 0.000000 0.000000 0.000000 0.000000
3.897163 3.132431 14.814204 -0.313243 0.389716 0.000000 0.000000 0.000000 0.000000 0.000000
3.881452 3.151877 14.819204 -0.315188 0.388145 0.000000 0.000000 0.000000 0.000000 0.000000
3.865644 3.171245 14.824204 -0.317124 0.386564 0.000000 0.000000 0.000000 0.000000 0.000000
3.849740 3.190533 14.829204 -0.319053 0.384974 0.000000 0.000000 0.000000 0.000000 0.000000
3.833739 3.209742 14.834204 -0.320974 0.383374 0.000000 0.000000 0.000000 0.000000 0.000000
3.817643 3.228871 14.839204 -0.322887 0.381764 0.000000 0.000000 0.000000 0.000000 0.000000
3.801451 3.247918 14.844204 -0.324792 0.380145 0.000000 0.000000 0.000000 0.000000 0.000000
3.785163 3.266885 14.849204 -0.326688 0.378516 0.000000 0.000000 0.000000 0.000000 0.000000
3.768782 3.285770 14.854204 -0.328577 0.376878 0.000000 0.000000 0.000000 0.000000 0.000000
3.752306 3.304573 14.859204 -0.330457 0.375231 0.000000 0.000000 0.000000 0.000000 0.000000
3.735736 3.323293 14.864204 -0.332329 0.373574 0.000000 0.000000 0.000000 0.000000 0.000000
3.719073 3.341930 14.869204 -0.334193 0.371907 0.000000 0.000000 0.000000 0.000000 0.000000
3.702317 3.360483 14.874204 -0.336048 0.370232 0.000000 0.000000 0.000000 0.000000 0.000000
3.685468 3.378953 14.879204 -0.337895 0.368547 0.000000 0.000000 0.000000 0.000000 0.000000
3.668528 3.397338 14.884204 -0.339734 0.366853 0.000000 0.000000 0.000000 0.000000 0.000000
3.651495 3.415638 14.889204 -0.341564 0.365150 0.000000 0.000000 0.000000 0.000000 0.000000
3.634371 3.433853 14.894204 -0.343385 0.363437 0.000000 0.000000 0.000000 0.000000 0.000000
3.617157 3.451982 14.899204 -0.345198 0.361716 0.000000 0.000000 0.000000 0.000000 0.000000
3.599852 3.470024 14.904204 -0.347002 0.359985 0.000000 0.000000 0.000000 0.000000 0.000000
3.582457 3.487980 14.909204 -0.348798 0.358246 0.000000 0.000000 0.000000 0.000000 0.000000
3.564972 3.505849 14.914204 -0.350585 0.356497 0.000000 0.000000 0.000000 0.000000 0.000000
3.547398 3.523629 14.919204 -0.352363 0.354740 0.000000 0.000000 0.000000 0.000000 0.000000
3.529736 3.541322 14.924204 -0.354132 0.352974 0.000000 0.000000 0.000000 0.000000 0.000000
3.511985 3.558927 14.929204 -0.355893 0.351199 0.000000 0.000000 0.000000 0.000000 0.000000
3.494147 3.576442 14.934204 -0.357644 0.349415 0.000000 0.000000 0.000000 0.000000 0.000000
3.476221 3.593868 14.939204 -0.359387 0.347622 0.000000 0.000000 0.000000 0.000000 0.000000
3.458208 3.611204 14.944204 -0.361120 0.345821 0.000000 0.000000 0.000000 0.000000 0.000000
3.440109 3.628450 14.949204 -0.362845 0.344011 0.000000 0.000000 0.000000 0.000000 0.000000
3.421924 3.645605 14.954204 -0.364561 0.342192 0.000000 0.000000 0.000000 0.000000 0.000000
3.403653 3.662669 14.959204 -0.366267 0.340365 0.000000 0.000000 0.000000 0.000000 0.000000
3.385297 3.679641 14.964204 -0.367964 0.338530 0.000000 0.000000 0.000000 0.000000 0.000000
3.366857 3.696522 14.969204 -0.369652 0.336686 0.000000 0.000000 0.000000 0.000000 0.000000
3.348332 3.713310 14.974204 -0.371331 0.334833 0.000000 0.000000 0.000000 0.000000 0.000000
3.329724 3.730005 14.979204 -0.373001 0.332972 0.000000 0.000000 0.000000 0.000000 0.000000
3.311032 3.746607 14.984204 -0.374661 0.331103 0.000000 0.000000 0.000000 0.000000 0.000000
3.292258 3.763115 14.989204 -0.376312 0.329226 0.000000 0.000000 0.000000 0.000000 0.000000
3.273401 3.779529 14.994204 -0.377953 0.327340 0.000000 0.000000 0.000000 0.000000 0.000000
3.254463 3.795849 14.999204 -0.379585 0.325446 0.000000 0.000000 0.000000 0.000000 0.000000
3.235443 3.812074 15.004204 -0.381207 0.323544 0.000000 0.000000 0.000000 0.000000 0.000000
3.216342 3.828203 15.009204 -0.382820 0.321634 0.000000 0.000000 0.000000 0.000000 0.000000
3.197161 3.844237 15.014204 -0.384424 0.319716 0.000000 0.000000 0.000000 0.000000 0.000000
3.177900 3.860175 15.019204 -0.386017 0.317790 0.000000 0.000000 0.000000 0.000000 0.000000
3.158560 3.876016 15.024204 -0.387602 0.315856 0.000000 0.000000 0.000000 0.000000 0.000000
3.139140 3.891760 15.029204 -0.389176 0.313914 0.000000 0.000000 0.000000 0.000000 0.000000
3.119642 3.907407 15.034204 -0.390741 0.311964 0.000000 0.000000 0.000000 0.000000 0.000000
3.100066 3.922957 15.039204 -0.392296 0.310007 0.000000 0.000000 0.000000 0.000000 0.000000
3.080413 3.938408 15.044204 -0.393841 0.308041 0.000000 0.000000 0.000000 0.000000 0.000000
3.060682 3.953761 15.049204 -0.395376 0.306068 0.000000 0.000000 0.000000 0.000000 0.000000
3.040875 3.969015 15.054204 -0.396901 0.304088 0.000000 0.000000 0.000000 0.000000 0.000000
3.020992 3.984169 15.059204 -0.398417 0.302099 0.000000 0.000000 0.000000 0.000000 0.000000
3.001034 3.999224 15.064204 -0.399922 0.300103 0.000000 0.000000 0.000000 0.000000 0.000000
2.981000 4.014180 15.069204 -0.401418 0.298100 0.000000 0.000000 0.000000 0.000000 0.000000
2.960892 4.029034 15.074204 -0.402903 0.296089 0.000000 0.000000 0.000000 0.000000 0.000000
2.940710 4.043788 15.079204 -0.404379 0.294071 0.000000 0.000000 0.000000 0.000000 0.000000
2.920455 4.058441 15.084204 -0.405844 0.292045 0.000000 0.000000 0.000000 0.000000 0.000000
2.900126 4.072993 15.089204 -0.407299 0.290013 0.000000 0.000000 0.000000 0.000000 0.000000
2.879725 4.087442 15.094204 -0.408744 0.287972 0.000000 0.000000 0.000000 0.000000 0.000000
2.859252 4.101790 15.099204 -0.410179 0.285925 0.000000 0.000000 0.000000 0.000000 0.000000
2.838707 4.116035 15.104204 -0.411603 0.283871 0.000000 0.000000 0.000000 0.000000 0.000000
2.818091 4.130177 15.109204 -0.413018 0.281809 0.000000 0.000000 0.000000 0.000000 0.000000
2.797405 4.144216 15.114204 -0.414422 0.279741 0.000000 0.000000 0.000000 0.000000 0.000000
2.776649 4.158151 15.119204 -0.415815 0.277665 0.000000 0.000000 0.000000 0.000000 0.000000
2.755824 4.171982 15.124204 -0.417198 0.275582 0.000000 0.000000 0.000000 0.000000 0.000000
2.734930 4.185709 15.129204 -0.418571 0.273493 0.000000 0.000000 0.000000 0.000000 0.000000
2.713967 4.199331 15.134204 -0.419933 0.271397 0.000000 0.000000 0.000000 0.000000 0.000000
2.692937 4.212848 15.139204 -0.421285 0.269294 0.000000 0.000000 0.000000 0.000000 0.000000
2.671839 4.226260 15.144204 -0.422626 0.267184 0.000000 0.000000 0.000000 0.000000 0.000000
2.650674 4.239567 15.149204 -0.423957 0.265067 0.000000 0.000000 0.000000 0.000000 0.000000
2.629443 4.252767 15.154204 -0.425277 0.262944 0.000000 0.000000 0.000000 0.000000 0.000000
2.608147 4.265861 15.159204 -0.426586 0.260815 0.000000 0.000000 0.000000 0.000000 0.000000
2.586785 4.278848 15.164204 -0.427885 0.258678 0.000000 0.000000 0.000000 0.000000 0.000000
2.565358 4.291729 15.169204 -0.429173 0.256536 0.000000 0.000000 0.000000 0.000000 0.000000
2.543868 4.304502 15.174204 -0.430450 0.254387 0.000000 0.000000 0.000000 0.000000 0.000000
2.522314 4.317167 15.179204 -0.431717 0.252231 0.000000 0.000000 0.000000 0.000000 0.000000
2.500696 4.329725 15.184204 -0.432972 0.250070 0.000000 0.000000 0.000000 0.000000 0.000000
2.479017 4.342174 15.189204 -0.434217 0.247902 0.000000 0.000000 0.000000 0.000000 0.000000
2.457275 4.354515 15.194204 -0.435451 0.245727 0.000000 0.000000 0.000000 0.000000 0.000000
2.435472 4.366747 15.199204 -0.436675 0.243547 0.000000 0.000000 0.000000 0.000000 0.000000
2.413607 4.378870 15.204204 -0.437887 0.241361 0.000000 0.000000 0.000000 0.000000 0.000000
2.391683 4.390883 15.209204 -0.439088 0.239168 0.000000 0.000000 0.000000 0.000000 0.000000
2.369699 4.402786 15.214204 -0.440279 0.236970 0.000000 0.000000 0.000000 0.000000 0.000000
2.347655 4.414580 15.219204 -0.441458 0.234766 0.000000 0.000000 0.000000 0.000000 0.000000
2.325553 4.426263 15.224204 -0.442626 0.232555 0.000000 0.000000 0.000000 0.000000 0.000000
2.303393 4.437835 15.229204 -0.443784 0.230339 0.000000 0.000000 0.000000 0.000000 0.000000
2.281175 4.449297 15.234204 -0.444930 0.228118 0.000000 0.000000 0.000000 0.000000 0.000000
2.258900 4.460647 15.239204 -0.446065 0.225890 0.000000 0.000000 0.000000 0.000000 0.000000
2.236569 4.471886 15.244204 -0.447189 0.223657 0.000000 0.000000 0.000000 0.000000 0.000000
2.214181 4.483012 15.249204 -0.448301 0.221418 0.000000 0.000000 0.000000 0.000000 0.000000
2.191739 4.494027 15.254204 -0.449403 0.219174 0.000000 0.000000 0.000000 0.000000 0.000000
2.169241 4.504930 15.259204 -0.450493 0.216924 0.000000 0.000000 0.000000 0.000000 0.000000
2.146690 4.515720 15.264204 -0.451572 0.214669 0.000000 0.000000 0.000000 0.000000 0.000000
2.124084 4.526397 15.269204 -0.452640 0.212408 0.000000 0.000000 0.000000 0.000000 0.000000
2.101426 4.536960 15.274204 -0.453696 0.210143 0.000000 0.000000 0.000000 0.000000 0.000000
2.078715 4.547411 15.279204 -0.454741 0.207871 0.000000 0.000000 0.000000 0.000000 0.000000
2.055952 4.557747 15.284204 -0.455775 0.205595 0.000000 0.000000 0.000000 0.000000 0.000000
2.033138 4.567970 15.289204 -0.456797 0.203314 0.000000 0.000000 0.000000 0.000000 0.000000
2.010273 4.578079 15.294204 -0.457808 0.201027 0.000000 0.000000 0.000000 0.000000 0.000000
1.987357 4.588073 15.299204 -0.458807 0.198736 0.000000 0.000000 0.000000 0.000000 0.000000
1.964392 4.597952 15.304204 -0.459795 0.196439 0.000000 0.000000 0.000000 0.000000 0.000000
1.941378 4.607717 15.309204 -0.460772 0.194138 0.000000 0.000000 0.000000 0.000000 0.000000
1.918315 4.617366 15.314204 -0.461737 0.191832 0.000000 0.000000 0.000000 0.000000 0.000000
1.895204 4.626900 15.319204 -0.462690 0.189520 0.000000 0.000000 0.000000 0.000000 0.000000
1.872046 4.636318 15.324204 -0.463632 0.187205 0.000000 0.000000 0.000000 0.000000 0.000000
1.848841 4.645620 15.329204 -0.464562 0.184884 0.000000 0.000000 0.000000 0.000000 0.000000
1.825590 4.654806 15.334204 -0.465481 0.182559 0.000000 0.000000 0.000000 0.000000 0.000000
1.802293 4.663876 15.339204 -0.466388 0.180229 0.000000 0.000000 0.000000 0.000000 0.000000
1.778952 4.672829 15.344204 -0.467283 0.177895 0.000000 0.000000 0.000000 0.000000 0.000000
1.755565 4.681665 15.349204 -0.468167 0.175557 0.000000 0.000000 0.000000 0.000000 0.000000
1.732135 4.690385 15.354204 -0.469038 0.173214 0.000000 0.000000 0.000000 0.000000 0.000000
1.708662 4.698987 15.359204 -0.469899 0.170866 0.000000 0.000000 0.000000 0.000000 0.000000
1.685146 4.707471 15.364204 -0.470747 0.168515 0.000000 0.000000 0.000000 0.000000 0.000000
1.661587 4.715838 15.369204 -0.471584 0.166159 0.000000 0.000000 0.000000 0.000000 0.000000
1.637987 4.724087 15.374204 -0.472409 0.163799 0.000000 0.000000 0.000000 0.000000 0.000000
1.614347 4.732218 15.379204 -0.473222 0.161435 0.000000 0.000000 0.000000 0.000000 0.000000
1.590665 4.740230 15.384204 -0.474023 0.159067 0.000000 0.000000 0.000000 0.000000 0.000000
1.566944 4.748124 15.389204 -0.474812 0.156694 0.000000 0.000000 0.000000 0.000000 0.000000
1.543184 4.755900 15.394204 -0.475590 0.154318 0.000000 0.000000 0.000000 0.000000 0.000000
1.519386 4.763556 15.399204 -0.476356 0.151939 0.000000 0.000000 0.000000 0.000000 0.000000
1.495549 4.771094 15.404204 -0.477109 0.149555 0.000000 0.000000 0.000000 0.000000 0.000000
1.471675 4.778512 15.409204 -0.477851 0.147167 0.000000 0.000000 0.000000 0.000000 0.000000
1.447764 4.785810 15.414204 -0.478581 0.144776 0.000000 0.000000 0.000000 0.000000 0.000000
1.423817 4.792989 15.419204 -0.479299 0.142382 0.000000 0.000000 0.000000 0.000000 0.000000
1.399834 4.800048 15.424204 -0.480005 0.139983 0.000000 0.000000 0.000000 0.000000 0.000000
1.375817 4.806987 15.429204 -0.480699 0.137582 0.000000 0.000000 0.000000 0.000000 0.000000
1.351765 4.813806 15.434204 -0.481381 0.135176 0.000000 0.000000 0.000000 0.000000 0.000000
1.327679 4.820505 15.439204 -0.482051 0.132768 0.000000 0.000000 0.000000 0.000000 0.000000
1.303560 4.827083 15.444204 -0.482708 0.130356 0.000000 0.000000 0.000000 0.000000 0.000000
1.279408 4.833541 15.449204 -0.483354 0.127941 0.000000 0.000000 0.000000 0.000000 0.000000
1.255225 4.839877 15.454204 -0.483988 0.125522 0.000000 0.000000 0.000000 0.000000 0.000000
1.231010 4.846093 15.459204 -0.484609 0.123101 0.000000 0.000000 0.000000 0.000000 0.000000
1.206764 4.852187 15.464204 -0.485219 0.120676 0.000000 0.000000 0.000000 0.000000 0.000000
1.182488 4.858160 15.469204 -0.485816 0.118249 0.000000 0.000000 0.000000 0.000000 0.000000
1.158182 4.864012 15.474204 -0.486401 0.115818 0.000000 0.000000 0.000000 0.000000 0.000000
1.133848 4.869742 15.479204 -0.486974 0.113385 0.000000 0.000000 0.000000 0.000000 0.000000
1.109485 4.875350 15.484204 -0.487535 0.110949 0.000000 0.000000 0.000000 0.000000 0.000000
1.085095 4.880837 15.489204 -0.488084 0.108509 0.000000 0.000000 0.000000 0.000000 0.000000
1.060677 4.886201 15.494204 -0.488620 0.106068 0.000000 0.000000 0.000000 0.000000 0.000000
1.036233 4.891444 15.499204 -0.489144 0.103623 0.000000 0.000000 0.000000 0.000000 0.000000
1.011763 4.896564 15.504204 -0.489656 0.101176 0.000000 0.000000 0.000000 0.000000 0.000000
0.987267 4.901561 15.509204 -0.490156 0.098727 0.000000 0.000000 0.000000 0.000000 0.000000
0.962747 4.906436 15.514204 -0.490644 0.096275 0.000000 0.000000 0.000000 0.000000 0.000000
0.938203 4.911189 15.519204 -0.491119 0.093820 0.000000 0.000000 0.000000 0.000000 0.000000
0.913636 4.915818 15.524204 -0.491582 0.091364 0.000000 0.000000 0.000000 0.000000 0.000000
0.889045 4.920325 15.529204 -0.492033 0.088905 0.000000 0.000000 0.000000 0.000000 0.000000
0.864433 4.924709 15.534204 -0.492471 0.086443 0.000000 0.000000 0.000000 0.000000 0.000000
0.839798 4.928969 15.539204 -0.492897 0.083980 0.000000 0.000000 0.000000 0.000000 0.000000
0.815143 4.933107 15.544204 -0.493311 0.081514 0.000000 0.000000 0.000000 0.000000 0.000000
0.790468 4.937121 15.549204 -0.493712 0.079047 0.000000 0.000000 0.000000 0.000000 0.000000
0.765772 4.941011 15.554204 -0.494101 0.076577 0.000000 0.000000 0.000000 0.000000 0.000000
0.741058 4.944778 15.559204 -0.494478 0.074106 0.000000 0.000000 0.000000 0.000000 0.000000
0.716325 4.948422 15.564204 -0.494842 0.071632 0.000000 0.000000 0.000000 0.000000 0.000000
0.691574 4.951942 15.569204 -0.495194 0.069157 0.000000 0.000000 0.000000 0.000000 0.000000
0.666805 4.955338 15.574204 -0.495534 0.066681 0.000000 0.000000 0.000000 0.000000 0.000000
0.642021 4.958610 15.579204 -0.495861 0.064202 0.000000 0.000000 0.000000 0.000000 0.000000
0.617220 4.961758 15.584204 -0.496176 0.061722 0.000000 0.000000 0.000000 0.000000 0.000000
0.592403 4.964782 15.589204 -0.496478 0.059240 0.000000 0.000000 0.000000 0.000000 0.000000
0.567572 4.967682 15.594204 -0.496768 0.056757 0.000000 0.000000 0.000000 0.000000 0.000000
0.542727 4.970458 15.599204 -0.497046 0.054273 0.000000 0.000000 0.000000 0.000000 0.000000
0.517868 4.973109 15.604204 -0.497311 0.051787 0.000000 0.000000 0.000000 0.000000 0.000000
0.492996 4.975636 15.609204 -0.497564 0.049300 0.000000 0.000000 0.000000 0.000000 0.000000
0.468111 4.978039 15.614204 -0.497804 0.046811 0.000000 0.000000 0.000000 0.000000 0.000000
0.443215 4.980317 15.619204 -0.498032 0.044322 0.000000 0.000000 0.000000 0.000000 0.000000
0.418308 4.982471 15.624204 -0.498247 0.041831 0.000000 0.000000 0.000000 0.000000 0.000000
0.393391 4.984500 15.629204 -0.498450 0.039339 0.000000 0.000000 0.000000 0.000000 0.000000
0.368464 4.986405 15.634204 -0.498640 0.036846 0.000000 0.000000 0.000000 0.000000 0.000000
0.343527 4.988185 15.639204 -0.498818 0.034353 0.000000 0.000000 0.000000 0.000000 0.000000
0.318582 4.989840 15.644204 -0.498984 0.031858 0.000000 0.000000 0.000000 0.000000 0.000000
0.293629 4.991371 15.649204 -0.499137 0.029363 0.000000 0.000000 0.000000 0.000000 0.000000
0.268669 4.992777 15.654204 -0.499278 0.026867 0.000000 0.000000 0.000000 0.000000 0.000000
0.243701 4.994057 15.659204 -0.499406 0.024370 0.000000 0.000000 0.000000 0.000000 0.000000
0.218728 4.995214 15.664204 -0.499521 0.021873 0.000000 0.000000 0.000000 0.000000 0.000000
0.193749 4.996245 15.669204 -0.499624 0.019375 0.000000 0.000000 0.000000 0.000000 0.000000
0.168766 4.997151 15.674204 -0.499715 0.016877 0.000000 0.000000 0.000000 0.000000 0.000000
0.143778 4.997932 15.679204 -0.499793 0.014378 0.000000 0.000000 0.000000 0.000000 0.000000
0.118787 4.998589 15.684204 -0.499859 0.011879 0.000000 0.000000 0.000000 0.000000 0.000000
0.093792 4.999120 15.689204 -0.499912 0.009379 0.000000 0.000000 0.000000 0.000000 0.000000
0.068796 4.999527 15.694204 -0.499953 0.006880 0.000000 0.000000 0.000000 0.000000 0.000000
0.043797 4.999808 15.699204 -0.499981 0.004380 0.000000 0.000000 0.000000 0.000000 0.000000
0.018798 4.999965 15.704204 -0.499996 0.001880 0.000000 0.000000 0.000000 0.000000 0.000000
-0.006202 4.999996 15.709204 -0.500000 -0.000620 0.000000 0.000000 0.000000 0.000000 0.000000
-0.031202 4.999903 15.714204 -0.499990 -0.003120 0.000000 0.000000 0.000000 0.000000 0.000000
-0.056201 4.999684 15.719204 -0.499968 -0.005620 0.000000 0.000000 0.000000 0.000000 0.000000
-0.081198 4.999341 15.724204 -0.499934 -0.008120 0.000000 0.000000 0.000000 0.000000 0.000000
-0.106194 4.998872 15.729204 -0.499887 -0.010619 0.000000 0.000000 0.000000 0.000000 0.000000
-0.131187 4.998279 15.734204 -0.499828 -0.013119 0.000000 0.000000 0.000000 0.000000 0.000000
-0.156177 4.997560 15.739204 -0.499756 -0.015618 0.000000 0.000000 0.000000 0.000000 0.000000
-0.181162 4.996717 15.744204 -0.499672 -0.018116 0.000000 0.000000 0.000000 0.000000 0.000000
-0.206144 4.995749 15.749204 -0.499575 -0.020614 0.000000 0.000000 0.000000 0.000000 0.000000
-0.231120 4.994656 15.754204 -0.499466 -0.023112 0.000000 0.000000 0.000000 0.000000 0.000000
-0.256090 4.993437 15.759204 -0.499344 -0.025609 0.000000 0.000000 0.000000 0.000000 0.000000
-0.281054 4.992095 15.764204 -0.499209 -0.028105 0.000000 0.000000 0.000000 0.000000 0.000000
-0.306011 4.990627 15.769204 -0.499063 -0.030601 0.000000 0.000000 0.000000 0.000000 0.000000
-0.330960 4.989035 15.774204 -0.498903 -0.033096 0.000000 0.000000 0.000000 0.000000 0.000000
-0.355901 4.987317 15.779204 -0.498732 -0.035590 0.000000 0.000000 0.000000 0.000000 0.000000
-0.380833 4.985476 15.784204 -0.498548 -0.038083 0.000000 0.000000 0.000000 0.000000 0.000000
-0.405755 4.983509 15.789204 -0.498351 -0.040576 0.000000 0.000000 0.000000 0.000000 0.000000
-0.430668 4.981418 15.794204 -0.498142 -0.043067 0.000000 0.000000 0.000000 0.000000 0.000000
-0.455569 4.979202 15.799204 -0.497920 -0.045557 0.000000 0.000000 0.000000 0.000000 0.000000
-0.480460 4.976862 15.804204 -0.497686 -0.048046 0.000000 0.000000 0.000000 0.000000 0.000000
-0.505338 4.974398 15.809204 -0.497440 -0.050534 0.000000 0.000000 0.000000 0.000000 0.000000
-0.530203 4.971809 15.814204 -0.497181 -0.053020 0.000000 0.000000 0.000000 0.000000 0.000000
-0.555056 4.969096 15.819204 -0.496910 -0.055506 0.000000 0.000000 0.000000 0.000000 0.000000
-0.579894 4.966258 15.824204 -0.496626 -0.057989 0.000000 0.000000 0.000000 0.000000 0.000000
-0.604718 4.963297 15.829204 -0.496330 -0.060472 0.000000 0.000000 0.000000 0.000000 0.000000
-0.629527 4.960211 15.834204 -0.496021 -0.062953 0.000000 0.000000 0.000000 0.000000 0.000000
-0.654320 4.957002 15.839204 -0.495700 -0.065432 0.000000 0.000000 0.000000 0.000000 0.000000
-0.679097 4.953668 15.844204 -0.495367 -0.067910 0.000000 0.000000 0.000000 0.000000 0.000000
-0.703856 4.950211 15.849204 -0.495021 -0.070386 0.000000 0.000000 0.000000 0.000000 0.000000
-0.728599 4.946630 15.854204 -0.494663 -0.072860 0.000000 0.000000 0.000000 0.000000 0.000000
-0.753322 4.942925 15.859204 -0.494292 -0.075332 0.000000 0.000000 0.000000 0.000000 0.000000
-0.778028 4.939096 15.864204 -0.493910 -0.077803 0.000000 0.000000 0.000000 0.000000 0.000000
-0.802713 4.935145 15.869204 -0.493514 -0.080271 0.000000 0.000000 0.000000 0.000000 0.000000
-0.827379 4.931069 15.874204 -0.493107 -0.082738 0.000000 0.000000 0.000000 0.000000 0.000000
-0.852024 4.926871 15.879204 -0.492687 -0.085202 0.000000 0.000000 0.000000 0.000000 0.000000
-0.876647 4.922549 15.884204 -0.492255 -0.087665 0.000000 0.000000 0.000000 0.000000 0.000000
-0.901249 4.918104 15.889204 -0.491810 -0.090125 0.000000 0.000000 0.000000 0.000000 0.000000
-0.925828 4.913537 15.894204 -0.491354 -0.092583 0.000000 0.000000 0.000000 0.000000 0.000000
-0.950384 4.908846 15.899204 -0.490885 -0.095038 0.000000 0.000000 0.000000 0.000000 0.000000
-0.974916 4.904033 15.904204 -0.490403 -0.097492 0.000000 0.000000 0.000000 0.000000 0.000000
-0.999424 4.899097 15.909204 -0.489910 -0.099942 0.000000 0.000000 0.000000 0.000000 0.000000
-1.023907 4.894039 15.914204 -0.489404 -0.102391 0.000000 0.000000 0.000000 0.000000 0.000000
-1.048364 4.888858 15.919204 -0.488886 -0.104836 0.000000 0.000000 0.000000 0.000000 0.000000
-1.072796 4.883555 15.924204 -0.488356 -0.107280 0.000000 0.000000 0.000000 0.000000 0.000000
-1.097200 4.878130 15.929204 -0.487813 -0.109720 0.000000 0.000000 0.000000 0.000000 0.000000
-1.121577 4.872583 15.934204 -0.487258 -0.112158 0.000000 0.000000 0.000000 0.000000 0.000000
-1.145925 4.866914 15.939204 -0.486691 -0.114593 0.000000 0.000000 0.000000 0.000000 0.000000
-1.170246 4.861124 15.944204 -0.486112 -0.117025 0.000000 0.000000 0.000000 0.000000 0.000000
-1.194536 4.855212 15.949204 -0.485521 -0.119454 0.000000 0.000000 0.000000 0.000000 0.000000
-1.218798 4.849179 15.954204 -0.484918 -0.121880 0.000000 0.000000 0.000000 0.000000 0.000000
-1.243028 4.843024 15.959204 -0.484302 -0.124303 0.000000 0.000000 0.000000 0.000000 0.000000
-1.267228 4.836748 15.964204 -0.483675 -0.126723 0.000000 0.000000 0.000000 0.000000 0.000000
-1.291395 4.830352 15.969204 -0.483035 -0.129140 0.000000 0.000000 0.000000 0.000000 0.000000
-1.315531 4.823834 15.974204 -0.482383 -0.131553 0.000000 0.000000 0.000000 0.000000 0.000000
-1.339633 4.817196 15.979204 -0.481720 -0.133963 0.000000 0.000000 0.000000 0.000000 0.000000
-1.363703 4.810438 15.984204 -0.481044 -0.136370 0.000000 0.000000 0.000000 0.000000 0.000000
-1.387738 4.803560 15.989204 -0.480356 -0.138774 0.000000 0.000000 0.000000 0.000000 0.000000
-1.411738 4.796561 15.994204 -0.479656 -0.141174 0.000000 0.000000 0.000000 0.000000 0.000000
-1.435703 4.789442 15.999204 -0.478944 -0.143570 0.000000 0.000000 0.000000 0.000000 0.000000
-1.459632 4.782204 16.004204 -0.478220 -0.145963 0.000000 0.000000 0.000000 0.000000 0.000000
-1.483525 4.774846 16.009204 -0.477485 -0.148352 0.000000 0.000000 0.000000 0.000000 0.000000
-1.507381 4.767369 16.014204 -0.476737 -0.150738 0.000000 0.000000 0.000000 0.000000 0.000000
-1.531198 4.759772 16.019204 -0.475977 -0.153120 0.000000 0.000000 0.000000 0.000000 0.000000
-1.554978 4.752057 16.024204 -0.475206 -0.155498 0.000000 0.000000 0.000000 0.000000 0.000000
-1.578719 4.744222 16.029204 -0.474422 -0.157872 0.000000 0.000000 0.000000 0.000000 0.000000
-1.602420 4.736270 16.034204 -0.473627 -0.160242 0.000000 0.000000 0.000000 0.000000 0.000000
-1.626081 4.728198 16.039204 -0.472820 -0.162608 0.000000 0.000000 0.000000 0.000000 0.000000
-1.649702 4.720009 16.044204 -0.472001 -0.164970 0.000000 0.000000 0.000000 0.000000 0.000000
-1.673281 4.711701 16.049204 -0.471170 -0.167328 0.000000 0.000000 0.000000 0.000000 0.000000
-1.696819 4.703276 16.054204 -0.470328 -0.169682 0.000000 0.000000 0.000000 0.000000 0.000000
-1.720314 4.694733 16.059204 -0.469473 -0.172031 0.000000 0.000000 0.000000 0.000000 0.000000
-1.743766 4.686073 16.064204 -0.468607 -0.174377 0.000000 0.000000 0.000000 0.000000 0.000000
-1.767174 4.677296 16.069204 -0.467730 -0.176717 0.000000 0.000000 0.000000 0.000000 0.000000
-1.790539 4.668401 16.074204 -0.466840 -0.179054 0.000000 0.000000 0.000000 0.000000 0.000000
-1.813858 4.659390 16.079204 -0.465939 -0.181386 0.000000 0.000000 0.000000 0.000000 0.000000
-1.837132 4.650263 16.084204 -0.465026 -0.183713 0.000000 0.000000 0.000000 0.000000 0.000000
-1.860361 4.641019 16.089204 -0.464102 -0.186036 0.000000 0.000000 0.000000 0.000000 0.000000
-1.883542 4.631659 16.094204 -0.463166 -0.188354 0.000000 0.000000 0.000000 0.000000 0.000000
-1.906677 4.622184 16.099204 -0.462218 -0.190668 0.000000 0.000000 0.000000 0.000000 0.000000
-1.929764 4.612593 16.104204 -0.461259 -0.192976 0.000000 0.000000 0.000000 0.000000 0.000000
-1.952803 4.602886 16.109204 -0.460289 -0.195280 0.000000 0.000000 0.000000 0.000000 0.000000
-1.975793 4.593065 16.114204 -0.459306 -0.197579 0.000000 0.000000 0.000000 0.000000 0.000000
-1.998733 4.583128 16.119204 -0.458313 -0.199873 0.000000 0.000000 0.000000 0.000000 0.000000
-2.021624 4.573077 16.124204 -0.457308 -0.202162 0.000000 0.000000 0.000000 0.000000 0.000000
-2.044464 4.562912 16.129204 -0.456291 -0.204446 0.000000 0.000000 0.000000 0.000000 0.000000
-2.067253 4.552633 16.134204 -0.455263 -0.206725 0.000000 0.000000 0.000000 0.000000 0.000000
-2.089990 4.542240 16.139204 -0.454224 -0.208999 0.000000 0.000000 0.000000 0.000000 0.000000
-2.112675 4.531733 16.144204 -0.453173 -0.211267 0.000000 0.000000 0.000000 0.000000 0.000000
-2.135307 4.521113 16.149204 -0.452111 -0.213531 0.000000 0.000000 0.000000 0.000000 0.000000
-2.157886 4.510380 16.154204 -0.451038 -0.215789 0.000000 0.000000 0.000000 0.000000 0.000000
-2.180411 4.499534 16.159204 -0.449953 -0.218041 0.000000 0.000000 0.000000 0.000000 0.000000
-2.202881 4.488576 16.164204 -0.448858 -0.220288 0.000000 0.000000 0.000000 0.000000 0.000000
-2.225296 4.477506 16.169204 -0.447751 -0.222530 0.000000 0.000000 0.000000 0.000000 0.000000
-2.247656 4.466323 16.174204 -0.446632 -0.224766 0.000000 0.000000 0.000000 0.000000 0.000000
-2.269959 4.455029 16.179204 -0.445503 -0.226996 0.000000 0.000000 0.000000 0.000000 0.000000
-2.292206 4.443624 16.184204 -0.444362 -0.229221 0.000000 0.000000 0.000000 0.000000 0.000000
-2.314395 4.432107 16.189204 -0.443211 -0.231440 0.000000 0.000000 0.000000 0.000000 0.000000
-2.336527 4.420480 16.194204 -0.442048 -0.233653 0.000000 0.000000 0.000000 0.000000 0.000000
-2.358600 4.408742 16.199204 -0.440874 -0.235860 0.000000 0.000000 0.000000 0.000000 0.000000
-2.380614 4.396894 16.204204 -0.439689 -0.238061 0.000000 0.000000 0.000000 0.000000 0.000000
-2.402569 4.384936 16.209204 -0.438494 -0.240257 0.000000 0.000000 0.000000 0.000000 0.000000
-2.424463 4.372868 16.214204 -0.437287 -0.242446 0.000000 0.000000 0.000000 0.000000 0.000000
-2.446297 4.360691 16.219204 -0.436069 -0.244630 0.000000 0.000000 0.000000 0.000000 0.000000
-2.468070 4.348406 16.224204 -0.434841 -0.246807 0.000000 0.000000 0.000000 0.000000 0.000000
-2.489781 4.336011 16.229204 -0.433601 -0.248978 0.000000 0.000000 0.000000 0.000000 0.000000
-2.511430 4.323508 16.234204 -0.432351 -0.251143 0.000000 0.000000 0.000000 0.000000 0.000000
-2.533016 4.310897 16.239204 -0.431090 -0.253302 0.000000 0.000000 0.000000 0.000000 0.000000
-2.554539 4.298178 16.244204 -0.429818 -0.255454 0.000000 0.000000 0.000000 0.000000 0.000000
-2.575998 4.285351 16.249204 -0.428535 -0.257600 0.000000 0.000000 0.000000 0.000000 0.000000
-2.597392 4.272418 16.254204 -0.427242 -0.259739 0.000000 0.000000 0.000000 0.000000 0.000000
-2.618722 4.259378 16.259204 -0.425938 -0.261872 0.000000 0.000000 0.000000 0.000000 0.000000
-2.639986 4.246231 16.264204 -0.424623 -0.263999 0.000000 0.000000 0.000000 0.000000 0.000000
-2.661184 4.232978 16.269204 -0.423298 -0.266118 0.000000 0.000000 0.000000 0.000000 0.000000
-2.682315 4.219619 16.274204 -0.421962 -0.268232 0.000000 0.000000 0.000000 0.000000 0.000000
-2.703380 4.206155 16.279204 -0.420615 -0.270338 0.000000 0.000000 0.000000 0.000000 0.000000
-2.724377 4.192585 16.284204 -0.419259 -0.272438 0.000000 0.000000 0.000000 0.000000 0.000000
-2.745305 4.178911 16.289204 -0.417891 -0.274531 0.000000 0.000000 0.000000 0.000000 0.000000
-2.766165 4.165132 16.294204 -0.416513 -0.276617 0.000000 0.000000 0.000000 0.000000 0.000000
-2.786956 4.151250 16.299204 -0.415125 -0.278696 0.000000 0.000000 0.000000 0.000000 0.000000
-2.807678 4.137263 16.304204 -0.413726 -0.280768 0.000000 0.000000 0.000000 0.000000 0.000000
-2.828329 4.123173 16.309204 -0.412317 -0.282833 0.000000 0.000000 0.000000 0.000000 0.000000
-2.848909 4.108980 16.314204 -0.410898 -0.284891 0.000000 0.000000 0.000000 0.000000 0.000000
-2.869419 4.094684 16.319204 -0.409468 -0.286942 0.000000 0.000000 0.000000 0.000000 0.000000
-2.889856 4.080286 16.324204 -0.408029 -0.288986 0.000000 0.000000 0.000000 0.000000 0.000000
-2.910221 4.065786 16.329204 -0.406579 -0.291022 0.000000 0.000000 0.000000 0.000000 0.000000
-2.930514 4.051184 16.334204 -0.405118 -0.293051 0.000000 0.000000 0.000000 0.000000 0.000000
-2.950733 4.036481 16.339204 -0.403648 -0.295073 0.000000 0.000000 0.000000 0.000000 0.000000
-2.970878 4.021676 16.344204 -0.402168 -0.297088 0.000000 0.000000 0.000000 0.000000 0.000000
-2.990950 4.006772 16.349204 -0.400677 -0.299095 0.000000 0.000000 0.000000 0.000000 0.000000
-3.010946 3.991767 16.354204 -0.399177 -0.301095 0.000000 0.000000 0.000000 0.000000 0.000000
-3.030867 3.976663 16.359204 -0.397666 -0.303087 0.000000 0.000000 0.000000 0.000000 0.000000
-3.050712 3.961459 16.364204 -0.396146 -0.305071 0.000000 0.000000 0.000000 0.000000 0.000000
-3.070481 3.946156 16.369204 -0.394616 -0.307048 0.000000 0.000000 0.000000 0.000000 0.000000
-3.090174 3.930754 16.374204 -0.393075 -0.309017 0.000000 0.000000 0.000000 0.000000 0.000000
-3.109789 3.915254 16.379204 -0.391525 -0.310979 0.000000 0.000000 0.000000 0.000000 0.000000
-3.129326 3.899656 16.384204 -0.389966 -0.312933 0.000000 0.000000 0.000000 0.000000 0.000000
-3.148785 3.883961 16.389204 -0.388396 -0.314879 0.000000 0.000000 0.000000 0.000000 0.000000
-3.168166 3.868168 16.394204 -0.386817 -0.316817 0.000000 0.000000 0.000000 0.000000 0.000000
-3.187467 3.852279 16.399204 -0.385228 -0.318747 0.000000 0.000000 0.000000 0.000000 0.000000
-3.206688 3.836294 16.404204 -0.383629 -0.320669 0.000000 0.000000 0.000000 0.000000 0.000000
-3.225830 3.820213 16.409204 -0.382021 -0.322583 0.000000 0.000000 0.000000 0.000000 0.000000
-3.244890 3.804036 16.414204 -0.380404 -0.324489 0.000000 0.000000 0.000000 0.000000 0.000000
-3.263870 3.787764 16.419204 -0.378776 -0.326387 0.000000 0.000000 0.000000 0.000000 0.000000
-3.282768 3.771397 16.424204 -0.377140 -0.328277 0.000000 0.000000 0.000000 0.000000 0.000000
-3.301584 3.754936 16.429204 -0.375494 -0.330158 0.000000 0.000000 0.000000 0.000000 0.000000
-3.320317 3.738381 16.434204 -0.373838 -0.332032 0.000000 0.000000 0.000000 0.000000 0.000000
-3.338967 3.721733 16.439204 -0.372173 -0.333897 0.000000 0.000000 0.000000 0.000000 0.000000
-3.357534 3.704992 16.444204 -0.370499 -0.335753 0.000000 0.000000 0.000000 0.000000 0.000000
-3.376017 3.688158 16.449204 -0.368816 -0.337602 0.000000 0.000000 0.000000 0.000000 0.000000
-3.394415 3.671232 16.454204 -0.367123 -0.339442 0.000000 0.000000 0.000000 0.000000 0.000000
-3.412729 3.654214 16.459204 -0.365421 -0.341273 0.000000 0.000000 0.000000 0.000000 0.000000
-3.430957 3.637105 16.464204 -0.363710 -0.343096 0.000000 0.000000 0.000000 0.000000 0.000000
-3.449100 3.619905 16.469204 -0.361990 -0.344910 0.000000 0.000000 0.000000 0.000000 0.000000
-3.467156 3.602614 16.474204 -0.360261 -0.346716 0.000000 0.000000 0.000000 0.000000 0.000000
-3.485126 3.585233 16.479204 -0.358523 -0.348513 0.000000 0.000000 0.000000 0.000000 0.000000
-3.503009 3.567763 16.484204 -0.356776 -0.350301 0.000000 0.000000 0.000000 0.000000 0.000000
-3.520803 3.550203 16.489204 -0.355020 -0.352080 0.000000 0.000000 0.000000 0.000000 0.000000
-3.538510 3.532555 16.494204 -0.353255 -0.353851 0.000000 0.000000 0.000000 0.000000 0.000000
-3.556129 3.514818 16.499204 -0.351482 -0.355613 0.000000 0.000000 0.000000 0.000000 0.000000
-3.573658 3.496994 16.504204 -0.349699 -0.357366 0.000000 0.000000 0.000000 0.000000 0.000000
-3.591099 3.479082 16.509204 -0.347908 -0.359110 0.000000 0.000000 0.000000 0.000000 0.000000
-3.608449 3.461083 16.514204 -0.346108 -0.360845 0.000000 0.000000 0.000000 0.000000 0.000000
-3.625709 3.442997 16.519204 -0.344300 -0.362571 0.000000 0.000000 0.000000 0.000000 0.000000
-3.642879 3.424826 16.524204 -0.342483 -0.364288 0.000000 0.000000 0.000000 0.000000 0.000000
-3.659957 3.406569 16.529204 -0.340657 -0.365996 0.000000 0.000000 0.000000 0.000000 0.000000
-3.676945 3.388227 16.534204 -0.338823 -0.367694 0.000000 0.000000 0.000000 0.000000 0.000000
-3.693840 3.369800 16.539204 -0.336980 -0.369384 0.000000 0.000000 0.000000 0.000000 0.000000
-3.710642 3.351288 16.544204 -0.335129 -0.371064 0.000000 0.000000 0.000000 0.000000 0.000000
-3.727352 3.332693 16.549204 -0.333269 -0.372735 0.000000 0.000000 0.000000 0.000000 0.000000
-3.743969 3.314015 16.554204 -0.331401 -0.374397 0.000000 0.000000 0.000000 0.000000 0.000000
-3.760492 3.295254 16.559204 -0.329525 -0.376049 0.000000 0.000000 0.000000 0.000000 0.000000
-3.776922 3.276410 16.564204 -0.327641 -0.377692 0.000000 0.000000 0.000000 0.000000 0.000000
-3.793256 3.257485 16.569204 -0.325748 -0.379326 0.000000 0.000000 0.000000 0.000000 0.000000
-3.809496 3.238478 16.574204 -0.323848 -0.380950 0.000000 0.000000 0.000000 0.000000 0.000000
-3.825641 3.219390 16.579204 -0.321939 -0.382564 0.000000 0.000000 0.000000 0.000000 0.000000
-3.841690 3.200222 16.584204 -0.320022 -0.384169 0.000000 0.000000 0.000000 0.000000 0.000000
-3.857643 3.180973 16.589204 -0.318097 -0.385764 0.000000 0.000000 0.000000 0.000000 0.000000
-3.873500 3.161645 16.594204 -0.316165 -0.387350 0.000000 0.000000 0.000000 0.000000 0.000000
-3.889259 3.142238 16.599204 -0.314224 -0.388926 0.000000 0.000000 0.000000 0.000000 0.000000
-3.904922 3.122753 16.604204 -0.312275 -0.390492 0.000000 0.000000 0.000000 0.000000 0.000000
-3.920487 3.103189 16.609204 -0.310319 -0.392049 0.000000 0.000000 0.000000 0.000000 0.000000
-3.935954 3.083548 16.614204 -0.308355 -0.393595 0.000000 0.000000 0.000000 0.000000 0.000000
-3.951322 3.063830 16.619204 -0.306383 -0.395132 0.000000 0.000000 0.000000 0.000000 0.000000
-3.966592 3.044035 16.624204 -0.304404 -0.396659 0.000000 0.000000 0.000000 0.000000 0.000000
-3.981762 3.024164 16.629204 -0.302416 -0.398176 0.000000 0.000000 0.000000 0.000000 0.000000
-3.996833 3.004218 16.634204 -0.300422 -0.399683 0.000000 0.000000 0.000000 0.000000 0.000000
-4.011804 2.984196 16.639204 -0.298420 -0.401180 0.000000 0.000000 0.000000 0.000000 0.000000
-4.026675 2.964100 16.644204 -0.296410 -0.402668 0.000000 0.000000 0.000000 0.000000 0.000000
-4.041445 2.943929 16.649204 -0.294393 -0.404145 0.000000 0.000000 0.000000 0.000000 0.000000
-4.056114 2.923685 16.654204 -0.292369 -0.405611 0.000000 0.000000 0.000000 0.000000 0.000000
-4.070682 2.903368 16.659204 -0.290337 -0.407068 0.000000 0.000000 0.000000 0.000000 0.000000
-4.085148 2.882979 16.664204 -0.288298 -0.408515 0.000000 0.000000 0.000000 0.000000 0.000000
-4.099512 2.862517 16.669204 -0.286252 -0.409951 0.000000 0.000000 0.000000 0.000000 0.000000
-4.113773 2.841984 16.674204 -0.284198 -0.411377 0.000000 0.000000 0.000000 0.000000 0.000000
-4.127931 2.821380 16.679204 -0.282138 -0.412793 0.000000 0.000000 0.000000 0.000000 0.000000
-4.141987 2.800705 16.684204 -0.280070 -0.414199 0.000000 0.000000 0.000000 0.000000 0.000000
-4.155938 2.779960 16.689204 -0.277996 -0.415594 0.000000 0.000000 0.000000 0.000000 0.000000
-4.169786 2.759145 16.694204 -0.275915 -0.416979 0.000000 0.000000 0.000000 0.000000 0.000000
-4.183530 2.738262 16.699204 -0.273826 -0.418353 0.000000 0.000000 0.000000 0.000000 0.000000
-4.197169 2.717310 16.704204 -0.271731 -0.419717 0.000000 0.000000 0.000000 0.000000 0.000000
-4.210703 2.696291 16.709204 -0.269629 -0.421070 0.000000 0.000000 0.000000 0.000000 0.000000
-4.224131 2.675203 16.714204 -0.267520 -0.422413 0.000000 0.000000 0.000000 0.000000 0.000000
-4.237455 2.654049 16.719204 -0.265405 -0.423745 0.000000 0.000000 0.000000 0.000000 0.000000
-4.250672 2.632829 16.724204 -0.263283 -0.425067 0.000000 0.000000 0.000000 0.000000 0.000000
-4.263783 2.611543 16.729204 -0.261154 -0.426378 0.000000 0.000000 0.000000 0.000000 0.000000
-4.276787 2.590191 16.734204 -0.259019 -0.427679 0.000000 0.000000 0.000000 0.000000 0.000000
-4.289685 2.568775 16.739204 -0.256878 -0.428968 0.000000 0.000000 0.000000 0.000000 0.000000
-4.302475 2.547295 16.744204 -0.254729 -0.430247 0.000000 0.000000 0.000000 0.000000 0.000000
-4.315157 2.525751 16.749204 -0.252575 -0.431516 0.000000 0.000000 0.000000 0.000000 0.000000
-4.327732 2.504143 16.754204 -0.250414 -0.432773 0.000000 0.000000 0.000000 0.000000 0.000000
-4.340199 2.482474 16.759204 -0.248247 -0.434020 0.000000 0.000000 0.000000 0.000000 0.000000
-4.352557 2.460742 16.764204 -0.246074 -0.435256 0.000000 0.000000 0.000000 0.000000 0.000000
-4.364806 2.438948 16.769204 -0.243895 -0.436481 0.000000 0.000000 0.000000 0.000000 0.000000
-4.376946 2.417094 16.774204 -0.241709 -0.437695 0.000000 0.000000 0.000000 0.000000 0.000000
-4.388977 2.395179 16.779204 -0.239518 -0.438898 0.000000 0.000000 0.000000 0.000000 0.000000
-4.400898 2.373204 16.784204 -0.237320 -0.440090 0.000000 0.000000 0.000000 0.000000 0.000000
-4.412709 2.351170 16.789204 -0.235117 -0.441271 0.000000 0.000000 0.000000 0.000000 0.000000
-4.424409 2.329077 16.794204 -0.232908 -0.442441 0.000000 0.000000 0.000000 0.000000 0.000000
-4.436000 2.306926 16.799204 -0.230693 -0.443600 0.000000 0.000000 0.000000 0.000000 0.000000
-4.447479 2.284717 16.804204 -0.228472 -0.444748 0.000000 0.000000 0.000000 0.000000 0.000000
-4.458847 2.262452 16.809204 -0.226245 -0.445885 0.000000 0.000000 0.000000 0.000000 0.000000
-4.470103 2.240129 16.814204 -0.224013 -0.447010 0.000000 0.000000 0.000000 0.000000 0.000000
-4.481248 2.217751 16.819204 -0.221775 -0.448125 0.000000 0.000000 0.000000 0.000000 0.000000
-4.492280 2.195317 16.824204 -0.219532 -0.449228 0.000000 0.000000 0.000000 0.000000 0.000000
-4.503201 2.172828 16.829204 -0.217283 -0.450320 0.000000 0.000000 0.000000 0.000000 0.000000
-4.514009 2.150285 16.834204 -0.215029 -0.451401 0.000000 0.000000 0.000000 0.000000 0.000000
-4.524704 2.127688 16.839204 -0.212769 -0.452470 0.000000 0.000000 0.000000 0.000000 0.000000
-4.535285 2.105038 16.844204 -0.210504 -0.453529 0.000000 0.000000 0.000000 0.000000 0.000000
-4.545754 2.082336 16.849204 -0.208234 -0.454575 0.000000 0.000000 0.000000 0.000000 0.000000
-4.556109 2.059581 16.854204 -0.205958 -0.455611 0.000000 0.000000 0.000000 0.000000 0.000000
-4.566350 2.036775 16.859204 -0.203677 -0.456635 0.000000 0.000000 0.000000 0.000000 0.000000
-4.576476 2.013918 16.864204 -0.201392 -0.457648 0.000000 0.000000 0.000000 0.000000 0.000000
-4.586489 1.991010 16.869204 -0.199101 -0.458649 0.000000 0.000000 0.000000 0.000000 0.000000
-4.596386 1.968053 16.874204 -0.196805 -0.459639 0.000000 0.000000 0.000000 0.000000 0.000000
-4.606169 1.945046 16.879204 -0.194505 -0.460617 0.000000 0.000000 0.000000 0.000000 0.000000
-4.615837 1.921991 16.884204 -0.192199 -0.461584 0.000000 0.000000 0.000000 0.000000 0.000000
-4.625389 1.898888 16.889204 -0.189889 -0.462539 0.000000 0.000000 0.000000 0.000000 0.000000
-4.634826 1.875738 16.894204 -0.187574 -0.463483 0.000000 0.000000 0.000000 0.000000 0.000000
-4.644146 1.852540 16.899204 -0.185254 -0.464415 0.000000 0.000000 0.000000 0.000000 0.000000
-4.653351 1.829296 16.904204 -0.182930 -0.465335 0.000000 0.000000 0.000000 0.000000 0.000000
-4.662439 1.806007 16.909204 -0.180601 -0.466244 0.000000 0.000000 0.000000 0.000000 0.000000
-4.671411 1.782672 16.914204 -0.178267 -0.467141 0.000000 0.000000 0.000000 0.000000 0.000000
-4.680266 1.759293 16.919204 -0.175929 -0.468027 0.000000 0.000000 0.000000 0.000000 0.000000
-4.689004 1.735870 16.924204 -0.173587 -0.468900 0.000000 0.000000 0.000000 0.000000 0.000000
-4.697624 1.712403 16.929204 -0.171240 -0.469762 0.000000 0.000000 0.000000 0.000000 0.000000
-4.706128 1.688894 16.934204 -0.168889 -0.470613 0.000000 0.000000 0.000000 0.000000 0.000000
-4.714513 1.665342 16.939204 -0.166534 -0.471451 0.000000 0.000000 0.000000 0.000000 0.000000
-4.722781 1.641749 16.944204 -0.164175 -0.472278 0.000000 0.000000 0.000000 0.000000 0.000000
-4.730931 1.618114 16.949204 -0.161811 -0.473093 0.000000 0.000000 0.000000 0.000000 0.000000
-4.738962 1.594440 16.954204 -0.159444 -0.473896 0.000000 0.000000 0.000000 0.000000 0.000000
-4.746875 1.570725 16.959204 -0.157072 -0.474688 0.000000 0.000000 0.000000 0.000000 0.000000
-4.754669 1.546971 16.964204 -0.154697 -0.475467 0.000000 0.000000 0.000000 0.000000 0.000000
-4.762345 1.523178 16.969204 -0.152318 -0.476234 0.000000 0.000000 0.000000 0.000000 0.000000
-4.769901 1.499348 16.974204 -0.149935 -0.476990 0.000000 0.000000 0.000000 0.000000 0.000000
-4.777338 1.475480 16.979204 -0.147548 -0.477734 0.000000 0.000000 0.000000 0.000000 0.000000
-4.784656 1.451575 16.984204 -0.145157 -0.478466 0.000000 0.000000 0.000000 0.000000 0.000000
-4.791854 1.427633 16.989204 -0.142763 -0.479185 0.000000 0.000000 0.000000 0.000000 0.000000
-4.798932 1.403656 16.994204 -0.140366 -0.479893 0.000000 0.000000 0.000000 0.000000 0.000000
-4.805890 1.379644 16.999204 -0.137964 -0.480589 0.000000 0.000000 0.000000 0.000000 0.000000
-4.812728 1.355598 17.004204 -0.135560 -0.481273 0.000000 0.000000 0.000000 0.000000 0.000000
-4.819446 1.331517 17.009204 -0.133152 -0.481945 0.000000 0.000000 0.000000 0.000000 0.000000
-4.826044 1.307403 17.014204 -0.130740 -0.482604 0.000000 0.000000 0.000000 0.000000 0.000000
-4.832520 1.283257 17.019204 -0.128326 -0.483252 0.000000 0.000000 0.000000 0.000000 0.000000
-4.838876 1.259078 17.024204 -0.125908 -0.483888 0.000000 0.000000 0.000000 0.000000 0.000000
-4.845111 1.234868 17.029204 -0.123487 -0.484511 0.000000 0.000000 0.000000 0.000000 0.000000
-4.851225 1.210627 17.034204 -0.121063 -0.485122 0.000000 0.000000 0.000000 0.000000 0.000000
-4.857217 1.186356 17.039204 -0.118636 -0.485722 0.000000 0.000000 0.000000 0.000000 0.000000
-4.863088 1.162055 17.044204 -0.116206 -0.486309 0.000000 0.000000 0.000000 0.000000 0.000000
-4.868838 1.137726 17.049204 -0.113773 -0.486884 0.000000 0.000000 0.000000 0.000000 0.000000
-4.874465 1.113367 17.054204 -0.111337 -0.487447 0.000000 0.000000 0.000000 0.000000 0.000000
-4.879971 1.088981 17.059204 -0.108898 -0.487997 0.000000 0.000000 0.000000 0.000000 0.000000
-4.885355 1.064568 17.064204 -0.106457 -0.488536 0.000000 0.000000 0.000000 0.000000 0.000000
-4.890617 1.040128 17.069204 -0.104013 -0.489062 0.000000 0.000000 0.000000 0.000000 0.000000
-4.895756 1.015662 17.074204 -0.101566 -0.489576 0.000000 0.000000 0.000000 0.000000 0.000000
-4.900774 0.991170 17.079204 -0.099117 -0.490077 0.000000 0.000000 0.000000 0.000000 0.000000
-4.905668 0.966654 17.084204 -0.096665 -0.490567 0.000000 0.000000 0.000000 0.000000 0.000000
-4.910440 0.942114 17.089204 -0.094211 -0.491044 0.000000 0.000000 0.000000 0.000000 0.000000
-4.915089 0.917550 17.094204 -0.091755 -0.491509 0.000000 0.000000 0.000000 0.000000 0.000000
-4.919615 0.892963 17.099204 -0.089296 -0.491962 0.000000 0.000000 0.000000 0.000000 0.000000
-4.924019 0.868354 17.104204 -0.086835 -0.492402 0.000000 0.000000 0.000000 0.000000 0.000000
-4.928299 0.843723 17.109204 -0.084372 -0.492830 0.000000 0.000000 0.000000 0.000000 0.000000
-4.932456 0.819071 17.114204 -0.081907 -0.493246 0.000000 0.000000 0.000000 0.000000 0.000000
-4.936490 0.794399 17.119204 -0.079440 -0.493649 0.000000 0.000000 0.000000 0.000000 0.000000
-4.940400 0.769707 17.124204 -0.076971 -0.494040 0.000000 0.000000 0.000000 0.000000 0.000000
-4.944187 0.744995 17.129204 -0.074500 -0.494419 0.000000 0.000000 0.000000 0.000000 0.000000
-4.947850 0.720265 17.134204 -0.072026 -0.494785 0.000000 0.000000 0.000000 0.000000 0.000000
-4.951389 0.695517 17.139204 -0.069552 -0.495139 0.000000 0.000000 0.000000 0.000000 0.000000
-4.954805 0.670751 17.144204 -0.067075 -0.495481 0.000000 0.000000 0.000000 0.000000 0.000000
-4.958097 0.645969 17.149204 -0.064597 -0.495810 0.000000 0.000000 0.000000 0.000000 0.000000
-4.961265 0.621171 17.154204 -0.062117 -0.496126 0.000000 0.000000 0.000000 0.000000 0.000000
-4.964308 0.596357 17.159204 -0.059636 -0.496431 0.000000 0.000000 0.000000 0.000000 0.000000
-4.967228 0.571528 17.164204 -0.057153 -0.496723 0.000000 0.000000 0.000000 0.000000 0.000000
-4.970024 0.546684 17.169204 -0.054668 -0.497002 0.000000 0.000000 0.000000 0.000000 0.000000
-4.972695 0.521828 17.174204 -0.052183 -0.497270 0.000000 0.000000 0.000000 0.000000 0.000000
-4.975242 0.496958 17.179204 -0.049696 -0.497524 0.000000 0.000000 0.000000 0.000000 0.000000
-4.977665 0.472075 17.184204 -0.047208 -0.497766 0.000000 0.000000 0.000000 0.000000 0.000000
-4.979963 0.447181 17.189204 -0.044718 -0.497996 0.000000 0.000000 0.000000 0.000000 0.000000
-4.982136 0.422276 17.194204 -0.042228 -0.498214 0.000000 0.000000 0.000000 0.000000 0.000000
-4.984185 0.397360 17.199204 -0.039736 -0.498419 0.000000 0.000000 0.000000 0.000000 0.000000
-4.986110 0.372434 17.204204 -0.037243 -0.498611 0.000000 0.000000 0.000000 0.000000 0.000000
-4.987910 0.347499 17.209204 -0.034750 -0.498791 0.000000 0.000000 0.000000 0.000000 0.000000
-4.989585 0.322555 17.214204 -0.032256 -0.498958 0.000000 0.000000 0.000000 0.000000 0.000000
-4.991135 0.297604 17.219204 -0.029760 -0.499114 0.000000 0.000000 0.000000 0.000000 0.000000
-4.992561 0.272644 17.224204 -0.027264 -0.499256 0.000000 0.000000 0.000000 0.000000 0.000000
-4.993862 0.247678 17.229204 -0.024768 -0.499386 0.000000 0.000000 0.000000 0.000000 0.000000
-4.995038 0.222706 17.234204 -0.022271 -0.499504 0.000000 0.000000 0.000000 0.000000 0.000000
-4.996089 0.197728 17.239204 -0.019773 -0.499609 0.000000 0.000000 0.000000 0.000000 0.000000
-4.997015 0.172745 17.244204 -0.017275 -0.499702 0.000000 0.000000 0.000000 0.000000 0.000000
-4.997816 0.147758 17.249204 -0.014776 -0.499782 0.000000 0.000000 0.000000 0.000000 0.000000
-4.998493 0.122767 17.254204 -0.012277 -0.499849 0.000000 0.000000 0.000000 0.000000 0.000000
-4.999044 0.097773 17.259204 -0.009777 -0.499904 0.000000 0.000000 0.000000 0.000000 0.000000
-4.999470 0.072777 17.264204 -0.007278 -0.499947 0.000000 0.000000 0.000000 0.000000 0.000000
-4.999772 0.047779 17.269204 -0.004778 -0.499977 0.000000 0.000000 0.000000 0.000000 0.000000
-4.999948 0.022780 17.274204 -0.002278 -0.499995 0.000000 0.000000 0.000000 0.000000 0.000000
-5.000000 -0.002220 17.279204 0.000222 -0.500000 0.000000 0.000000 0.000000 0.000000 0.000000
-4.999926 -0.027220 17.284204 0.002722 -0.499993 0.000000 0.000000 0.000000 0.000000 0.000000
-4.999727 -0.052219 17.289204 0.005222 -0.499973 0.000000 0.000000 0.000000 0.000000 0.000000
-4.999404 -0.077217 17.294204 0.007722 -0.499940 0.000000 0.000000 0.000000 0.000000 0.000000
-4.998955 -0.102213 17.299204 0.010221 -0.499896 0.000000 0.000000 0.000000 0.000000 0.000000
-4.998382 -0.127207 17.304204 0.012721 -0.499838 0.000000 0.000000 0.000000 0.000000 0.000000
-4.997683 -0.152197 17.309204 0.015220 -0.499768 0.000000 0.000000 0.000000 0.000000 0.000000
-4.996860 -0.177183 17.314204 0.017718 -0.499686 0.000000 0.000000 0.000000 0.000000 0.000000
-4.995911 -0.202165 17.319204 0.020217 -0.499591 0.000000 0.000000 0.000000 0.000000 0.000000
-4.994838 -0.227142 17.324204 0.022714 -0.499484 0.000000 0.000000 0.000000 0.000000 0.000000
-4.993640 -0.252113 17.329204 0.025211 -0.499364 0.000000 0.000000 0.000000 0.000000 0.000000
-4.992317 -0.277078 17.334204 0.027708 -0.499232 0.000000 0.000000 0.000000 0.000000 0.000000
-4.990869 -0.302036 17.339204 0.030204 -0.499087 0.000000 0.000000 0.000000 0.000000 0.000000
-4.989297 -0.326987 17.344204 0.032699 -0.498930 0.000000 0.000000 0.000000 0.000000 0.000000
-4.987599 -0.351929 17.349204 0.035193 -0.498760 0.000000 0.000000 0.000000 0.000000 0.000000
-4.985777 -0.376863 17.354204 0.037686 -0.498578 0.000000 0.000000 0.000000 0.000000 0.000000
-4.983831 -0.401787 17.359204 0.040179 -0.498383 0.000000 0.000000 0.000000 0.000000 0.000000
-4.981759 -0.426701 17.364204 0.042670 -0.498176 0.000000 0.000000 0.000000 0.000000 0.000000
-4.979564 -0.451604 17.369204 0.045160 -0.497956 0.000000 0.000000 0.000000 0.000000 0.000000
-4.977243 -0.476496 17.374204 0.047650 -0.497724 0.000000 0.000000 0.000000 0.000000 0.000000
-4.974799 -0.501376 17.379204 0.050138 -0.497480 0.000000 0.000000 0.000000 0.000000 0.000000
-4.972230 -0.526244 17.384204 0.052624 -0.497223 0.000000 0.000000 0.000000 0.000000 0.000000
-4.969536 -0.551098 17.389204 0.055110 -0.496954 0.000000 0.000000 0.000000 0.000000 0.000000
-4.966719 -0.575939 17.394204 0.057594 -0.496672 0.000000 0.000000 0.000000 0.000000 0.000000
-4.963777 -0.600765 17.399204 0.060077 -0.496378 0.000000 0.000000 0.000000 0.000000 0.000000
-4.960711 -0.625577 17.404204 0.062558 -0.496071 0.000000 0.000000 0.000000 0.000000 0.000000
-4.957521 -0.650372 17.409204 0.065037 -0.495752 0.000000 0.000000 0.000000 0.000000 0.000000
-4.954207 -0.675152 17.414204 0.067515 -0.495421 0.000000 0.000000 0.000000 0.000000 0.000000
-4.950770 -0.699914 17.419204 0.069991 -0.495077 0.000000 0.000000 0.000000 0.000000 0.000000
-4.947208 -0.724659 17.424204 0.072466 -0.494721 0.000000 0.000000 0.000000 0.000000 0.000000
-4.943523 -0.749386 17.429204 0.074939 -0.494352 0.000000 0.000000 0.000000 0.000000 0.000000
-4.939714 -0.774094 17.434204 0.077409 -0.493971 0.000000 0.000000 0.000000 0.000000 0.000000
-4.935782 -0.798783 17.439204 0.079878 -0.493578 0.000000 0.000000 0.000000 0.000000 0.000000
-4.931727 -0.823452 17.444204 0.082345 -0.493173 0.000000 0.000000 0.000000 0.000000 0.000000
-4.927548 -0.848100 17.449204 0.084810 -0.492755 0.000000 0.000000 0.000000 0.000000 0.000000
-4.923246 -0.872727 17.454204 0.087273 -0.492325 0.000000 0.000000 0.000000 0.000000 0.000000
-4.918820 -0.897332 17.459204 0.089733 -0.491882 0.000000 0.000000 0.000000 0.000000 0.000000
-4.914272 -0.921915 17.464204 0.092192 -0.491427 0.000000 0.000000 0.000000 0.000000 0.000000
-4.909601 -0.946475 17.469204 0.094647 -0.490960 0.000000 0.000000 0.000000 0.000000 0.000000
-4.904808 -0.971011 17.474204 0.097101 -0.490481 0.000000 0.000000 0.000000 0.000000 0.000000
-4.899891 -0.995523 17.479204 0.099552 -0.489989 0.000000 0.000000 0.000000 0.000000 0.000000
-4.894852 -1.020010 17.484204 0.102001 -0.489485 0.000000 0.000000 0.000000 0.000000 0.000000
-4.889691 -1.044471 17.489204 0.104447 -0.488969 0.000000 0.000000 0.000000 0.000000 0.000000
-4.884408 -1.068906 17.494204 0.106891 -0.488441 0.000000 0.000000 0.000000 0.000000 0.000000
-4.879002 -1.093315 17.499204 0.109331 -0.487900 0.000000 0.000000 0.000000 0.000000 0.000000
-4.873475 -1.117696 17.504204 0.111770 -0.487347 0.000000 0.000000 0.000000 0.000000 0.000000
-4.867825 -1.142049 17.509204 0.114205 -0.486783 0.000000 0.000000 0.000000 0.000000 0.000000
-4.862054 -1.166374 17.514204 0.116637 -0.486205 0.000000 0.000000 0.000000 0.000000 0.000000
-4.856162 -1.190670 17.519204 0.119067 -0.485616 0.000000 0.000000 0.000000 0.000000 0.000000
-4.850148 -1.214936 17.524204 0.121494 -0.485015 0.000000 0.000000 0.000000 0.000000 0.000000
-4.844012 -1.239171 17.529204 0.123917 -0.484401 0.000000 0.000000 0.000000 0.000000 0.000000
-4.837756 -1.263376 17.534204 0.126338 -0.483776 0.000000 0.000000 0.000000 0.000000 0.000000
-4.831379 -1.287548 17.539204 0.128755 -0.483138 0.000000 0.000000 0.000000 0.000000 0.000000
-4.824880 -1.311689 17.544204 0.131169 -0.482488 0.000000 0.000000 0.000000 0.000000 0.000000
-4.818262 -1.335797 17.549204 0.133580 -0.481826 0.000000 0.000000 0.000000 0.000000 0.000000
-4.811523 -1.359872 17.554204 0.135987 -0.481152 0.000000 0.000000 0.000000 0.000000 0.000000
-4.804663 -1.383912 17.559204 0.138391 -0.480466 0.000000 0.000000 0.000000 0.000000 0.000000
-4.797684 -1.407918 17.564204 0.140792 -0.479768 0.000000 0.000000 0.000000 0.000000 0.000000
-4.790584 -1.431889 17.569204 0.143189 -0.479058 0.000000 0.000000 0.000000 0.000000 0.000000
-4.783365 -1.455824 17.574204 0.145582 -0.478336 0.000000 0.000000 0.000000 0.000000 0.000000
-4.776026 -1.479722 17.579204 0.147972 -0.477603 0.000000 0.000000 0.000000 0.000000 0.000000
-4.768568 -1.503584 17.584204 0.150358 -0.476857 0.000000 0.000000 0.000000 0.000000 0.000000
-4.760990 -1.527408 17.589204 0.152741 -0.476099 0.000000 0.000000 0.000000 0.000000 0.000000
-4.753294 -1.551193 17.594204 0.155119 -0.475329 0.000000 0.000000 0.000000 0.000000 0.000000
-4.745478 -1.574940 17.599204 0.157494 -0.474548 0.000000 0.000000 0.000000 0.000000 0.000000
-4.737544 -1.598648 17.604204 0.159865 -0.473754 0.000000 0.000000 0.000000 0.000000 0.000000
-4.729492 -1.622316 17.609204 0.162232 -0.472949 0.000000 0.000000 0.000000 0.000000 0.000000
-4.721321 -1.645943 17.614204 0.164594 -0.472132 0.000000 0.000000 0.000000 0.000000 0.000000
-4.713032 -1.669529 17.619204 0.166953 -0.471303 0.000000 0.000000 0.000000 0.000000 0.000000
-4.704626 -1.693073 17.624204 0.169307 -0.470463 0.000000 0.000000 0.000000 0.000000 0.000000
-4.696102 -1.716575 17.629204 0.171657 -0.469610 0.000000 0.000000 0.000000 0.000000 0.000000
-4.687460 -1.740034 17.634204 0.174003 -0.468746 0.000000 0.000000 0.000000 0.000000 0.000000
-4.678701 -1.763449 17.639204 0.176345 -0.467870 0.000000 0.000000 0.000000 0.000000 0.000000
-4.669826 -1.786820 17.644204 0.178682 -0.466983 0.000000 0.000000 0.000000 0.000000 0.000000
-4.660833 -1.810147 17.649204 0.181015 -0.466083 0.000000 0.000000 0.000000 0.000000 0.000000
-4.651724 -1.833429 17.654204 0.183343 -0.465172 0.000000 0.000000 0.000000 0.000000 0.000000
-4.642499 -1.856664 17.659204 0.185666 -0.464250 0.000000 0.000000 0.000000 0.000000 0.000000
-4.633158 -1.879853 17.664204 0.187985 -0.463316 0.000000 0.000000 0.000000 0.000000 0.000000
-4.623701 -1.902996 17.669204 0.190300 -0.462370 0.000000 0.000000 0.000000 0.000000 0.000000
-4.614128 -1.926090 17.674204 0.192609 -0.461413 0.000000 0.000000 0.000000 0.000000 0.000000
-4.604440 -1.949137 17.679204 0.194914 -0.460444 0.000000 0.000000 0.000000 0.000000 0.000000
-4.594637 -1.972134 17.684204 0.197213 -0.459464 0.000000 0.000000 0.000000 0.000000 0.000000
-4.584719 -1.995083 17.689204 0.199508 -0.458472 0.000000 0.000000 0.000000 0.000000 0.000000
-4.574686 -2.017981 17.694204 0.201798 -0.457469 0.000000 0.000000 0.000000 0.000000 0.000000
-4.564539 -2.040829 17.699204 0.204083 -0.456454 0.000000 0.000000 0.000000 0.000000 0.000000
-4.554278 -2.063627 17.704204 0.206363 -0.455428 0.000000 0.000000 0.000000 0.000000 0.000000
-4.543903 -2.086372 17.709204 0.208637 -0.454390 0.000000 0.000000 0.000000 0.000000 0.000000
-4.533414 -2.109065 17.714204 0.210907 -0.453341 0.000000 0.000000 0.000000 0.000000 0.000000
-4.522812 -2.131706 17.719204 0.213171 -0.452281 0.000000 0.000000 0.000000 0.000000 0.000000
-4.512097 -2.154293 17.724204 0.215429 -0.451210 0.000000 0.000000 0.000000 0.000000 0.000000
-4.501269 -2.176827 17.729204 0.217683 -0.450127 0.000000 0.000000 0.000000 0.000000 0.000000
-4.490329 -2.199306 17.734204 0.219931 -0.449033 0.000000 0.000000 0.000000 0.000000 0.000000
-4.479276 -2.221730 17.739204 0.222173 -0.447928 0.000000 0.000000 0.000000 0.000000 0.000000
-4.468112 -2.244098 17.744204 0.224410 -0.446811 0.000000 0.000000 0.000000 0.000000 0.000000
-4.456835 -2.266411 17.749204 0.226641 -0.445684 0.000000 0.000000 0.000000 0.000000 0.000000
-4.445448 -2.288667 17.754204 0.228867 -0.444545 0.000000 0.000000 0.000000 0.000000 0.000000
-4.433949 -2.310865 17.759204 0.231087 -0.443395 0.000000 0.000000 0.000000 0.000000 0.000000
-4.422339 -2.333006 17.764204 0.233301 -0.442234 0.000000 0.000000 0.000000 0.000000 0.000000
-4.410619 -2.355088 17.769204 0.235509 -0.441062 0.000000 0.000000 0.000000 0.000000 0.000000
-4.398788 -2.377112 17.774204 0.237711 -0.439879 0.000000 0.000000 0.000000 0.000000 0.000000
-4.386848 -2.399076 17.779204 0.239908 -0.438685 0.000000 0.000000 0.000000 0.000000 0.000000
-4.374798 -2.420980 17.784204 0.242098 -0.437480 0.000000 0.000000 0.000000 0.000000 0.000000
-4.362638 -2.442824 17.789204 0.244282 -0.436264 0.000000 0.000000 0.000000 0.000000 0.000000
-4.350370 -2.464606 17.794204 0.246461 -0.435037 0.000000 0.000000 0.000000 0.000000 0.000000
-4.337992 -2.486327 17.799204 0.248633 -0.433799 0.000000 0.000000 0.000000 0.000000 0.000000
-4.325506 -2.507986 17.804204 0.250799 -0.432551 0.000000 0.000000 0.000000 0.000000 0.000000
-4.312912 -2.529582 17.809204 0.252958 -0.431291 0.000000 0.000000 0.000000 0.000000 0.000000
-4.300211 -2.551115 17.814204 0.255112 -0.430021 0.000000 0.000000 0.000000 0.000000 0.000000
-4.287401 -2.572584 17.819204 0.257258 -0.428740 0.000000 0.000000 0.000000 0.000000 0.000000
-4.274485 -2.593989 17.824204 0.259399 -0.427448 0.000000 0.000000 0.000000 0.000000 0.000000
-4.261462 -2.615329 17.829204 0.261533 -0.426146 0.000000 0.000000 0.000000 0.000000 0.000000
-4.248332 -2.636603 17.834204 0.263660 -0.424833 0.000000 0.000000 0.000000 0.000000 0.000000
-4.235096 -2.657812 17.839204 0.265781 -0.423510 0.000000 0.000000 0.000000 0.000000 0.000000
-4.221754 -2.678954 17.844204 0.267895 -0.422175 0.000000 0.000000 0.000000 0.000000 0.000000
-4.208306 -2.700029 17.849204 0.270003 -0.420831 0.000000 0.000000 0.000000 0.000000 0.000000
-4.194754 -2.721037 17.854204 0.272104 -0.419475 0.000000 0.000000 0.000000 0.000000 0.000000
-4.181096 -2.741977 17.859204 0.274198 -0.418110 0.000000 0.000000 0.000000 0.000000 0.000000
-4.167334 -2.762848 17.864204 0.276285 -0.416733 0.000000 0.000000 0.000000 0.000000 0.000000
-4.153468 -2.783650 17.869204 0.278365 -0.415347 0.000000 0.000000 0.000000 0.000000 0.000000
-4.139498 -2.804382 17.874204 0.280438 -0.413950 0.000000 0.000000 0.000000 0.000000 0.000000
-4.125424 -2.825045 17.879204 0.282504 -0.412542 0.000000 0.000000 0.000000 0.000000 0.000000
-4.111247 -2.845636 17.884204 0.284564 -0.411125 0.000000 0.000000 0.000000 0.000000 0.000000
-4.096968 -2.866157 17.889204 0.286616 -0.409697 0.000000 0.000000 0.000000 0.000000 0.000000
-4.082586 -2.886606 17.894204 0.288661 -0.408259 0.000000 0.000000 0.000000 0.000000 0.000000
-4.068102 -2.906983 17.899204 0.290698 -0.406810 0.000000 0.000000 0.000000 0.000000 0.000000
-4.053516 -2.927287 17.904204 0.292729 -0.405352 0.000000 0.000000 0.000000 0.000000 0.000000
-4.038829 -2.947518 17.909204 0.294752 -0.403883 0.000000 0.000000 0.000000 0.000000 0.000000
-4.024041 -2.967675 17.914204 0.296767 -0.402404 0.000000 0.000000 0.000000 0.000000 0.000000
-4.009152 -2.987758 17.919204 0.298776 -0.400915 0.000000 0.000000 0.000000 0.000000 0.000000
-3.994164 -3.007766 17.924204 0.300777 -0.399416 0.000000 0.000000 0.000000 0.000000 0.000000
-3.979075 -3.027699 17.929204 0.302770 -0.397907 0.000000 0.000000 0.000000 0.000000 0.000000
-3.963887 -3.047557 17.934204 0.304756 -0.396389 0.000000 0.000000 0.000000 0.000000 0.000000
-3.948599 -3.067338 17.939204 0.306734 -0.394860 0.000000 0.000000 0.000000 0.000000 0.000000
-3.933213 -3.087043 17.944204 0.308704 -0.393321 0.000000 0.000000 0.000000 0.000000 0.000000
-3.917729 -3.106670 17.949204 0.310667 -0.391773 0.000000 0.000000 0.000000 0.000000 0.000000
-3.902147 -3.126220 17.954204 0.312622 -0.390215 0.000000 0.000000 0.000000 0.000000 0.000000
-3.886467 -3.145691 17.959204 0.314569 -0.388647 0.000000 0.000000 0.000000 0.000000 0.000000
-3.870690 -3.165084 17.964204 0.316508 -0.387069 0.000000 0.000000 0.000000 0.000000 0.000000
-3.854816 -3.184398 17.969204 0.318440 -0.385482 0.000000 0.000000 0.000000 0.000000 0.000000
-3.838846 -3.203632 17.974204 0.320363 -0.383885 0.000000 0.000000 0.000000 0.000000 0.000000
-3.822780 -3.222786 17.979204 0.322279 -0.382278 0.000000 0.000000 0.000000 0.000000 0.000000
-3.806618 -3.241860 17.984204 0.324186 -0.380662 0.000000 0.000000 0.000000 0.000000 0.000000
-3.790362 -3.260852 17.989204 0.326085 -0.379036 0.000000 0.000000 0.000000 0.000000 0.000000
-3.774010 -3.279763 17.994204 0.327976 -0.377401 0.000000 0.000000 0.000000 0.000000 0.000000
-3.757564 -3.298592 17.999204 0.329859 -0.375756 0.000000 0.000000 0.000000 0.000000 0.000000
-3.741024 -3.317339 18.004204 0.331734 -0.374102 0.000000 0.000000 0.000000 0.000000 0.000000
-3.724391 -3.336002 18.009204 0.333600 -0.372439 0.000000 0.000000 0.000000 0.000000 0.000000
-3.707664 -3.354583 18.014204 0.335458 -0.370766 0.000000 0.000000 0.000000 0.000000 0.000000
-3.690845 -3.373079 18.019204 0.337308 -0.369085 0.000000 0.000000 0.000000 0.000000 0.000000
-3.673934 -3.391491 18.024204 0.339149 -0.367393 0.000000 0.000000 0.000000 0.000000 0.000000
-3.656930 -3.409818 18.029204 0.340982 -0.365693 0.000000 0.000000 0.000000 0.000000 0.000000
-3.639836 -3.428060 18.034204 0.342806 -0.363984 0.000000 0.000000 0.000000 0.000000 0.000000
-3.622650 -3.446216 18.039204 0.344622 -0.362265 0.000000 0.000000 0.000000 0.000000 0.000000
-3.605374 -3.464286 18.044204 0.346429 -0.360537 0.000000 0.000000 0.000000 0.000000 0.000000
-3.588007 -3.482270 18.049204 0.348227 -0.358801 0.000000 0.000000 0.000000 0.000000 0.000000
-3.570551 -3.500166 18.054204 0.350017 -0.357055 0.000000 0.000000 0.000000 0.000000 0.000000
-3.553006 -3.517975 18.059204 0.351798 -0.355301 0.000000 0.000000 0.000000 0.000000 0.000000
-3.535372 -3.535696 18.064204 0.353570 -0.353537 0.000000 0.000000 0.000000 0.000000 0.000000
-3.517649 -3.553329 18.069204 0.355333 -0.351765 0.000000 0.000000 0.000000 0.000000 0.000000
-3.499838 -3.570873 18.074204 0.357087 -0.349984 0.000000 0.000000 0.000000 0.000000 0.000000
-3.481940 -3.588327 18.079204 0.358833 -0.348194 0.000000 0.000000 0.000000 0.000000 0.000000
-3.463955 -3.605692 18.084204 0.360569 -0.346396 0.000000 0.000000 0.000000 0.000000 0.000000
-3.445884 -3.622966 18.089204 0.362297 -0.344588 0.000000 0.000000 0.000000 0.000000 0.000000
-3.427726 -3.640151 18.094204 0.364015 -0.342773 0.000000 0.000000 0.000000 0.000000 0.000000
-3.409482 -3.657244 18.099204 0.365724 -0.340948 0.000000 0.000000 0.000000 0.000000 0.000000
-3.391154 -3.674245 18.104204 0.367425 -0.339115 0.000000 0.000000 0.000000 0.000000 0.000000
-3.372740 -3.691155 18.109204 0.369115 -0.337274 0.000000 0.000000 0.000000 0.000000 0.000000
-3.354242 -3.707972 18.114204 0.370797 -0.335424 0.000000 0.000000 0.000000 0.000000 0.000000
-3.335660 -3.724697 18.119204 0.372470 -0.333566 0.000000 0.000000 0.000000 0.000000 0.000000
-3.316995 -3.741329 18.124204 0.374133 -0.331700 0.000000 0.000000 0.000000 0.000000 0.000000
-3.298247 -3.757867 18.129204 0.375787 -0.329825 0.000000 0.000000 0.000000 0.000000 0.000000
-3.279417 -3.774311 18.134204 0.377431 -0.327942 0.000000 0.000000 0.000000 0.000000 0.000000
-3.260504 -3.790661 18.139204 0.379066 -0.326050 0.000000 0.000000 0.000000 0.000000 0.000000
-3.241510 -3.806916 18.144204 0.380692 -0.324151 0.000000 0.000000 0.000000 0.000000 0.000000
-3.222435 -3.823076 18.149204 0.382308 -0.322244 0.000000 0.000000 0.000000 0.000000 0.000000
-3.203280 -3.839140 18.154204 0.383914 -0.320328 0.000000 0.000000 0.000000 0.000000 0.000000
-3.184044 -3.855109 18.159204 0.385511 -0.318404 0.000000 0.000000 0.000000 0.000000 0.000000
-3.164729 -3.870981 18.164204 0.387098 -0.316473 0.000000 0.000000 0.000000 0.000000 0.000000
-3.145334 -3.886756 18.169204 0.388676 -0.314533 0.000000 0.000000 0.000000 0.000000 0.000000
-3.125861 -3.902434 18.174204 0.390243 -0.312586 0.000000 0.000000 0.000000 0.000000 0.000000
-3.106310 -3.918014 18.179204 0.391801 -0.310631 0.000000 0.000000 0.000000 0.000000 0.000000
-3.086681 -3.933497 18.184204 0.393350 -0.308668 0.000000 0.000000 0.000000 0.000000 0.000000
-3.066975 -3.948881 18.189204 0.394888 -0.306698 0.000000 0.000000 0.000000 0.000000 0.000000
-3.047193 -3.964167 18.194204 0.396417 -0.304719 0.000000 0.000000 0.000000 0.000000 0.000000
-3.027334 -3.979353 18.199204 0.397935 -0.302733 0.000000 0.000000 0.000000 0.000000 0.000000
-3.007399 -3.994440 18.204204 0.399444 -0.300740 0.000000 0.000000 0.000000 0.000000 0.000000
-2.987390 -4.009427 18.209204 0.400943 -0.298739 0.000000 0.000000 0.000000 0.000000 0.000000
-2.967305 -4.024314 18.214204 0.402431 -0.296731 0.000000 0.000000 0.000000 0.000000 0.000000
-2.947147 -4.039100 18.219204 0.403910 -0.294715 0.000000 0.000000 0.000000 0.000000 0.000000
-2.926914 -4.053785 18.224204 0.405378 -0.292691 0.000000 0.000000 0.000000 0.000000 0.000000
-2.906609 -4.068369 18.229204 0.406837 -0.290661 0.000000 0.000000 0.000000 0.000000 0.000000
-2.886231 -4.082851 18.234204 0.408285 -0.288623 0.000000 0.000000 0.000000 0.000000 0.000000
-2.865781 -4.097231 18.239204 0.409723 -0.286578 0.000000 0.000000 0.000000 0.000000 0.000000
-2.845259 -4.111509 18.244204 0.411151 -0.284526 0.000000 0.000000 0.000000 0.000000 0.000000
-2.824666 -4.125683 18.249204 0.412568 -0.282467 0.000000 0.000000 0.000000 0.000000 0.000000
-2.804002 -4.139755 18.254204 0.413976 -0.280400 0.000000 0.000000 0.000000 0.000000 0.000000
-2.783268 -4.153723 18.259204 0.415372 -0.278327 0.000000 0.000000 0.000000 0.000000 0.000000
-2.762465 -4.167588 18.264204 0.416759 -0.276247 0.000000 0.000000 0.000000 0.000000 0.000000
-2.741593 -4.181348 18.269204 0.418135 -0.274159 0.000000 0.000000 0.000000 0.000000 0.000000
-2.720652 -4.195003 18.274204 0.419500 -0.272065 0.000000 0.000000 0.000000 0.000000 0.000000
-2.699643 -4.208554 18.279204 0.420855 -0.269964 0.000000 0.000000 0.000000 0.000000 0.000000
-2.678566 -4.222000 18.284204 0.422200 -0.267857 0.000000 0.000000 0.000000 0.000000 0.000000
-2.657423 -4.235340 18.289204 0.423534 -0.265742 0.000000 0.000000 0.000000 0.000000 0.000000
-2.636213 -4.248574 18.294204 0.424857 -0.263621 0.000000 0.000000 0.000000 0.000000 0.000000
-2.614937 -4.261702 18.299204 0.426170 -0.261494 0.000000 0.000000 0.000000 0.000000 0.000000
-2.593596 -4.274723 18.304204 0.427472 -0.259360 0.000000 0.000000 0.000000 0.000000 0.000000
-2.572190 -4.287638 18.309204 0.428764 -0.257219 0.000000 0.000000 0.000000 0.000000 0.000000
-2.550720 -4.300445 18.314204 0.430044 -0.255072 0.000000 0.000000 0.000000 0.000000 0.000000
-2.529186 -4.313145 18.319204 0.431314 -0.252919 0.000000 0.000000 0.000000 0.000000 0.000000
-2.507589 -4.325737 18.324204 0.432574 -0.250759 0.000000 0.000000 0.000000 0.000000 0.000000
-2.485929 -4.338221 18.329204 0.433822 -0.248593 0.000000 0.000000 0.000000 0.000000 0.000000
-2.464207 -4.350596 18.334204 0.435060 -0.246421 0.000000 0.000000 0.000000 0.000000 0.000000
-2.442423 -4.362862 18.339204 0.436286 -0.244242 0.000000 0.000000 0.000000 0.000000 0.000000
-2.420578 -4.375020 18.344204 0.437502 -0.242058 0.000000 0.000000 0.000000 0.000000 0.000000
-2.398673 -4.387068 18.349204 0.438707 -0.239867 0.000000 0.000000 0.000000 0.000000 0.000000
-2.376708 -4.399007 18.354204 0.439901 -0.237671 0.000000 0.000000 0.000000 0.000000 0.000000
-2.354683 -4.410835 18.359204 0.441084 -0.235468 0.000000 0.000000 0.000000 0.000000 0.000000
-2.332600 -4.422553 18.364204 0.442255 -0.233260 0.000000 0.000000 0.000000 0.000000 0.000000
-2.310458 -4.434161 18.369204 0.443416 -0.231046 0.000000 0.000000 0.000000 0.000000 0.000000
-2.288258 -4.445658 18.374204 0.444566 -0.228826 0.000000 0.000000 0.000000 0.000000 0.000000
-2.266002 -4.457044 18.379204 0.445704 -0.226600 0.000000 0.000000 0.000000 0.000000 0.000000
-2.243688 -4.468318 18.384204 0.446832 -0.224369 0.000000 0.000000 0.000000 0.000000 0.000000
-2.221319 -4.479480 18.389204 0.447948 -0.222132 0.000000 0.000000 0.000000 0.000000 0.000000
-2.198893 -4.490531 18.394204 0.449053 -0.219889 0.000000 0.000000 0.000000 0.000000 0.000000
-2.176413 -4.501469 18.399204 0.450147 -0.217641 0.000000 0.000000 0.000000 0.000000 0.000000
-2.153879 -4.512295 18.404204 0.451229 -0.215388 0.000000 0.000000 0.000000 0.000000 0.000000
-2.131291 -4.523008 18.409204 0.452301 -0.213129 0.000000 0.000000 0.000000 0.000000 0.000000
-2.108649 -4.533608 18.414204 0.453361 -0.210865 0.000000 0.000000 0.000000 0.000000 0.000000
-2.085955 -4.544094 18.419204 0.454409 -0.208595 0.000000 0.000000 0.000000 0.000000 0.000000
-2.063208 -4.554467 18.424204 0.455447 -0.206321 0.000000 0.000000 0.000000 0.000000 0.000000
-2.040410 -4.564726 18.429204 0.456473 -0.204041 0.000000 0.000000 0.000000 0.000000 0.000000
-2.017561 -4.574871 18.434204 0.457487 -0.201756 0.000000 0.000000 0.000000 0.000000 0.000000
-1.994662 -4.584902 18.439204 0.458490 -0.199466 0.000000 0.000000 0.000000 0.000000 0.000000
-1.971712 -4.594818 18.444204 0.459482 -0.197171 0.000000 0.000000 0.000000 0.000000 0.000000
-1.948714 -4.604619 18.449204 0.460462 -0.194871 0.000000 0.000000 0.000000 0.000000 0.000000
-1.925666 -4.614305 18.454204 0.461430 -0.192567 0.000000 0.000000 0.000000 0.000000 0.000000
-1.902571 -4.623875 18.459204 0.462388 -0.190257 0.000000 0.000000 0.000000 0.000000 0.000000
-1.879428 -4.633330 18.464204 0.463333 -0.187943 0.000000 0.000000 0.000000 0.000000 0.000000
-1.856238 -4.642670 18.469204 0.464267 -0.185624 0.000000 0.000000 0.000000 0.000000 0.000000
-1.833001 -4.651893 18.474204 0.465189 -0.183300 0.000000 0.000000 0.000000 0.000000 0.000000
-1.809719 -4.661000 18.479204 0.466100 -0.180972 0.000000 0.000000 0.000000 0.000000 0.000000
-1.786392 -4.669990 18.484204 0.466999 -0.178639 0.000000 0.000000 0.000000 0.000000 0.000000
-1.763019 -4.678863 18.489204 0.467886 -0.176302 0.000000 0.000000 0.000000 0.000000 0.000000
-1.739603 -4.687620 18.494204 0.468762 -0.173960 0.000000 0.000000 0.000000 0.000000 0.000000
-1.716143 -4.696259 18.499204 0.469626 -0.171614 0.000000 0.000000 0.000000 0.000000 0.000000
-1.692641 -4.704781 18.504204 0.470478 -0.169264 0.000000 0.000000 0.000000 0.000000 0.000000
-1.669096 -4.713186 18.509204 0.471319 -0.166910 0.000000 0.000000 0.000000 0.000000 0.000000
-1.645509 -4.721472 18.514204 0.472147 -0.164551 0.000000 0.000000 0.000000 0.000000 0.000000
-1.621881 -4.729641 18.519204 0.472964 -0.162188 0.000000 0.000000 0.000000 0.000000 0.000000
-1.598213 -4.737691 18.524204 0.473769 -0.159821 0.000000 0.000000 0.000000 0.000000 0.000000
-1.574505 -4.745623 18.529204 0.474562 -0.157450 0.000000 0.000000 0.000000 0.000000 0.000000
-1.550757 -4.753436 18.534204 0.475344 -0.155076 0.000000 0.000000 0.000000 0.000000 0.000000
-1.526970 -4.761130 18.539204 0.476113 -0.152697 0.000000 0.000000 0.000000 0.000000 0.000000
-1.503146 -4.768706 18.544204 0.476871 -0.150315 0.000000 0.000000 0.000000 0.000000 0.000000
-1.479284 -4.776162 18.549204 0.477616 -0.147928 0.000000 0.000000 0.000000 0.000000 0.000000
-1.455384 -4.783498 18.554204 0.478350 -0.145538 0.000000 0.000000 0.000000 0.000000 0.000000
-1.431449 -4.790715 18.559204 0.479072 -0.143145 0.000000 0.000000 0.000000 0.000000 0.000000
-1.407477 -4.797813 18.564204 0.479781 -0.140748 0.000000 0.000000 0.000000 0.000000 0.000000
-1.383471 -4.804790 18.569204 0.480479 -0.138347 0.000000 0.000000 0.000000 0.000000 0.000000
-1.359430 -4.811647 18.574204 0.481165 -0.135943 0.000000 0.000000 0.000000 0.000000 0.000000
-1.335355 -4.818384 18.579204 0.481838 -0.133535 0.000000 0.000000 0.000000 0.000000 0.000000
-1.311246 -4.825001 18.584204 0.482500 -0.131125 0.000000 0.000000 0.000000 0.000000 0.000000
-1.287105 -4.831497 18.589204 0.483150 -0.128710 0.000000 0.000000 0.000000 0.000000 0.000000
-1.262931 -4.837872 18.594204 0.483787 -0.126293 0.000000 0.000000 0.000000 0.000000 0.000000
-1.238726 -4.844126 18.599204 0.484413 -0.123873 0.000000 0.000000 0.000000 0.000000 0.000000
-1.214490 -4.850259 18.604204 0.485026 -0.121449 0.000000 0.000000 0.000000 0.000000 0.000000
-1.190224 -4.856271 18.609204 0.485627 -0.119022 0.000000 0.000000 0.000000 0.000000 0.000000
-1.165928 -4.862161 18.614204 0.486216 -0.116593 0.000000 0.000000 0.000000 0.000000 0.000000
-1.141602 -4.867930 18.619204 0.486793 -0.114160 0.000000 0.000000 0.000000 0.000000 0.000000
-1.117249 -4.873577 18.624204 0.487358 -0.111725 0.000000 0.000000 0.000000 0.000000 0.000000
-1.092867 -4.879103 18.629204 0.487910 -0.109287 0.000000 0.000000 0.000000 0.000000 0.000000
-1.068458 -4.884506 18.634204 0.488451 -0.106846 0.000000 0.000000 0.000000 0.000000 0.000000
-1.044022 -4.889787 18.639204 0.488979 -0.104402 0.000000 0.000000 0.000000 0.000000 0.000000
-1.019560 -4.894946 18.644204 0.489495 -0.101956 0.000000 0.000000 0.000000 0.000000 0.000000
-0.995073 -4.899983 18.649204 0.489998 -0.099507 0.000000 0.000000 0.000000 0.000000 0.000000
-0.970560 -4.904897 18.654204 0.490490 -0.097056 0.000000 0.000000 0.000000 0.000000 0.000000
-0.946024 -4.909688 18.659204 0.490969 -0.094602 0.000000 0.000000 0.000000 0.000000 0.000000
-0.921464 -4.914357 18.664204 0.491436 -0.092146 0.000000 0.000000 0.000000 0.000000 0.000000
-0.896881 -4.918903 18.669204 0.491890 -0.089688 0.000000 0.000000 0.000000 0.000000 0.000000
-0.872275 -4.923326 18.674204 0.492333 -0.087227 0.000000 0.000000 0.000000 0.000000 0.000000
-0.847648 -4.927626 18.679204 0.492763 -0.084765 0.000000 0.000000 0.000000 0.000000 0.000000
-0.822999 -4.931802 18.684204 0.493180 -0.082300 0.000000 0.000000 0.000000 0.000000 0.000000
-0.798330 -4.935856 18.689204 0.493586 -0.079833 0.000000 0.000000 0.000000 0.000000 0.000000
-0.773641 -4.939785 18.694204 0.493979 -0.077364 0.000000 0.000000 0.000000 0.000000 0.000000
-0.748932 -4.943592 18.699204 0.494359 -0.074893 0.000000 0.000000 0.000000 0.000000 0.000000
-0.724205 -4.947275 18.704204 0.494727 -0.072420 0.000000 0.000000 0.000000 0.000000 0.000000
-0.699460 -4.950834 18.709204 0.495083 -0.069946 0.000000 0.000000 0.000000 0.000000 0.000000
-0.674697 -4.954269 18.714204 0.495427 -0.067470 0.000000 0.000000 0.000000 0.000000 0.000000
-0.649917 -4.957581 18.719204 0.495758 -0.064992 0.000000 0.000000 0.000000 0.000000 0.000000
-0.625121 -4.960768 18.724204 0.496077 -0.062512 0.000000 0.000000 0.000000 0.000000 0.000000
-0.600310 -4.963832 18.729204 0.496383 -0.060031 0.000000 0.000000 0.000000 0.000000 0.000000
-0.575483 -4.966772 18.734204 0.496677 -0.057548 0.000000 0.000000 0.000000 0.000000 0.000000
-0.550642 -4.969587 18.739204 0.496959 -0.055064 0.000000 0.000000 0.000000 0.000000 0.000000
-0.525787 -4.972278 18.744204 0.497228 -0.052579 0.000000 0.000000 0.000000 0.000000 0.000000
-0.500919 -4.974845 18.749204 0.497484 -0.050092 0.000000 0.000000 0.000000 0.000000 0.000000
-0.476039 -4.977287 18.754204 0.497729 -0.047604 0.000000 0.000000 0.000000 0.000000 0.000000
-0.451147 -4.979605 18.759204 0.497961 -0.045115 0.000000 0.000000 0.000000 0.000000 0.000000
-0.426243 -4.981799 18.764204 0.498180 -0.042624 0.000000 0.000000 0.000000 0.000000 0.000000
-0.401329 -4.983867 18.769204 0.498387 -0.040133 0.000000 0.000000 0.000000 0.000000 0.000000
-0.376405 -4.985812 18.774204 0.498581 -0.037640 0.000000 0.000000 0.000000 0.000000 0.000000
-0.351471 -4.987632 18.779204 0.498763 -0.035147 0.000000 0.000000 0.000000 0.000000 0.000000
-0.326529 -4.989327 18.784204 0.498933 -0.032653 0.000000 0.000000 0.000000 0.000000 0.000000
-0.301578 -4.990897 18.789204 0.499090 -0.030158 0.000000 0.000000 0.000000 0.000000 0.000000
-0.276620 -4.992342 18.794204 0.499234 -0.027662 0.000000 0.000000 0.000000 0.000000 0.000000
-0.251655 -4.993663 18.799204 0.499366 -0.025165 0.000000 0.000000 0.000000 0.000000 0.000000
-0.226684 -4.994859 18.804204 0.499486 -0.022668 0.000000 0.000000 0.000000 0.000000 0.000000
-0.201706 -4.995930 18.809204 0.499593 -0.020171 0.000000 0.000000 0.000000 0.000000 0.000000
-0.176724 -4.996876 18.814204 0.499688 -0.017672 0.000000 0.000000 0.000000 0.000000 0.000000
-0.151738 -4.997697 18.819204 0.499770 -0.015174 0.000000 0.000000 0.000000 0.000000 0.000000
-0.126748 -4.998393 18.824204 0.499839 -0.012675 0.000000 0.000000 0.000000 0.000000 0.000000
-0.101754 -4.998965 18.829204 0.499896 -0.010175 0.000000 0.000000 0.000000 0.000000 0.000000
-0.076758 -4.999411 18.834204 0.499941 -0.007676 0.000000 0.000000 0.000000 0.000000 0.000000
-0.051760 -4.999732 18.839204 0.499973 -0.005176 0.000000 0.000000 0.000000 0.000000 0.000000
-0.026761 -4.999928 18.844204 0.499993 -0.002676 0.000000 0.000000 0.000000 0.000000 0.000000
-0.001761 -5.000000 18.849204 0.500000 -0.000176 0.000000 0.000000 0.000000 0.000000 0.000000
0.023239 -4.999946 18.854204 0.499995 0.002324 0.000000 0.000000 0.000000 0.000000 0.000000
0.048238 -4.999767 18.859204 0.499977 0.004824 0.000000 0.000000 0.000000 0.000000 0.000000
0.073236 -4.999464 18.864204 0.499946 0.007324 0.000000 0.000000 0.000000 0.000000 0.000000
0.098232 -4.999035 18.869204 0.499903 0.009823 0.000000 0.000000 0.000000 0.000000 0.000000
0.123226 -4.998481 18.874204 0.499848 0.012323 0.000000 0.000000 0.000000 0.000000 0.000000
0.148217 -4.997803 18.879204 0.499780 0.014822 0.000000 0.000000 0.000000 0.000000 0.000000
0.173204 -4.996999 18.884204 0.499700 0.017320 0.000000 0.000000 0.000000 0.000000 0.000000
0.198187 -4.996071 18.889204 0.499607 0.019819 0.000000 0.000000 0.000000 0.000000 0.000000
0.223165 -4.995017 18.894204 0.499502 0.022316 0.000000 0.000000 0.000000 0.000000 0.000000
0.248137 -4.993839 18.899204 0.499384 0.024814 0.000000 0.000000 0.000000 0.000000 0.000000
0.273103 -4.992536 18.904204 0.499254 0.027310 0.000000 0.000000 0.000000 0.000000 0.000000
0.298062 -4.991108 18.909204 0.499111 0.029806 0.000000 0.000000 0.000000 0.000000 0.000000
0.323014 -4.989555 18.914204 0.498956 0.032301 0.000000 0.000000 0.000000 0.000000 0.000000
0.347957 -4.987878 18.919204 0.498788 0.034796 0.000000 0.000000 0.000000 0.000000 0.000000
0.372892 -4.986076 18.924204 0.498608 0.037289 0.000000 0.000000 0.000000 0.000000 0.000000
0.397818 -4.984149 18.929204 0.498415 0.039782 0.000000 0.000000 0.000000 0.000000 0.000000
0.422734 -4.982098 18.934204 0.498210 0.042273 0.000000 0.000000 0.000000 0.000000 0.000000
0.447639 -4.979922 18.939204 0.497992 0.044764 0.000000 0.000000 0.000000 0.000000 0.000000
0.472533 -4.977621 18.944204 0.497762 0.047253 0.000000 0.000000 0.000000 0.000000 0.000000
0.497415 -4.975196 18.949204 0.497520 0.049741 0.000000 0.000000 0.000000 0.000000 0.000000
0.522284 -4.972647 18.954204 0.497265 0.052228 0.000000 0.000000 0.000000 0.000000 0.000000
0.547141 -4.969974 18.959204 0.496997 0.054714 0.000000 0.000000 0.000000 0.000000 0.000000
0.571984 -4.967176 18.964204 0.496718 0.057198 0.000000 0.000000 0.000000 0.000000 0.000000
0.596812 -4.964254 18.969204 0.496425 0.059681 0.000000 0.000000 0.000000 0.000000 0.000000
0.621626 -4.961208 18.974204 0.496121 0.062163 0.000000 0.000000 0.000000 0.000000 0.000000
0.646424 -4.958037 18.979204 0.495804 0.064642 0.000000 0.000000 0.000000 0.000000 0.000000
0.671206 -4.954743 18.984204 0.495474 0.067121 0.000000 0.000000 0.000000 0.000000 0.000000
0.695972 -4.951325 18.989204 0.495133 0.069597 0.000000 0.000000 0.000000 0.000000 0.000000
0.720719 -4.947784 18.994204 0.494778 0.072072 0.000000 0.000000 0.000000 0.000000 0.000000
0.745449 -4.944118 18.999204 0.494412 0.074545 0.000000 0.000000 0.000000 0.000000 0.000000
0.770160 -4.940329 19.004204 0.494033 0.077016 0.000000 0.000000 0.000000 0.000000 0.000000
0.794852 -4.936417 19.009204 0.493642 0.079485 0.000000 0.000000 0.000000 0.000000 0.000000
0.819524 -4.932381 19.014204 0.493238 0.081952 0.000000 0.000000 0.000000 0.000000 0.000000
0.844176 -4.928221 19.019204 0.492822 0.084418 0.000000 0.000000 0.000000 0.000000 0.000000
0.868806 -4.923939 19.024204 0.492394 0.086881 0.000000 0.000000 0.000000 0.000000 0.000000
0.893415 -4.919533 19.029204 0.491953 0.089342 0.000000 0.000000 0.000000 0.000000 0.000000
0.918001 -4.915005 19.034204 0.491500 0.091800 0.000000 0.000000 0.000000 0.000000 0.000000
0.942565 -4.910353 19.039204 0.491035 0.094256 0.000000 0.000000 0.000000 0.000000 0.000000
0.967105 -4.905579 19.044204 0.490558 0.096710 0.000000 0.000000 0.000000 0.000000 0.000000
0.991620 -4.900682 19.049204 0.490068 0.099162 0.000000 0.000000 0.000000 0.000000 0.000000
1.016111 -4.895663 19.054204 0.489566 0.101611 0.000000 0.000000 0.000000 0.000000 0.000000
1.040577 -4.890521 19.059204 0.489052 0.104058 0.000000 0.000000 0.000000 0.000000 0.000000
1.065016 -4.885257 19.064204 0.488526 0.106502 0.000000 0.000000 0.000000 0.000000 0.000000
1.089429 -4.879871 19.069204 0.487987 0.108943 0.000000 0.000000 0.000000 0.000000 0.000000
1.113815 -4.874363 19.074204 0.487436 0.111381 0.000000 0.000000 0.000000 0.000000 0.000000
1.138173 -4.868733 19.079204 0.486873 0.113817 0.000000 0.000000 0.000000 0.000000 0.000000
1.162502 -4.862981 19.084204 0.486298 0.116250 0.000000 0.000000 0.000000 0.000000 0.000000
1.186802 -4.857108 19.089204 0.485711 0.118680 0.000000 0.000000 0.000000 0.000000 0.000000
1.211073 -4.851114 19.094204 0.485111 0.121107 0.000000 0.000000 0.000000 0.000000 0.000000
1.235313 -4.844998 19.099204 0.484500 0.123531 0.000000 0.000000 0.000000 0.000000 0.000000
1.259523 -4.838760 19.104204 0.483876 0.125952 0.000000 0.000000 0.000000 0.000000 0.000000
1.283701 -4.832402 19.109204 0.483240 0.128370 0.000000 0.000000 0.000000 0.000000 0.000000
1.307846 -4.825923 19.114204 0.482592 0.130785 0.000000 0.000000 0.000000 0.000000 0.000000
1.331960 -4.819324 19.119204 0.481932 0.133196 0.000000 0.000000 0.000000 0.000000 0.000000
1.356040 -4.812604 19.124204 0.481260 0.135604 0.000000 0.000000 0.000000 0.000000 0.000000
1.380086 -4.805764 19.129204 0.480576 0.138009 0.000000 0.000000 0.000000 0.000000 0.000000
1.404097 -4.798803 19.134204 0.479880 0.140410 0.000000 0.000000 0.000000 0.000000 0.000000
1.428073 -4.791723 19.139204 0.479172 0.142807 0.000000 0.000000 0.000000 0.000000 0.000000
1.452014 -4.784522 19.144204 0.478452 0.145201 0.000000 0.000000 0.000000 0.000000 0.000000
1.475918 -4.777203 19.149204 0.477720 0.147592 0.000000 0.000000 0.000000 0.000000 0.000000
1.499786 -4.769763 19.154204 0.476976 0.149979 0.000000 0.000000 0.000000 0.000000 0.000000
1.523616 -4.762205 19.159204 0.476220 0.152362 0.000000 0.000000 0.000000 0.000000 0.000000
1.547408 -4.754527 19.164204 0.475453 0.154741 0.000000 0.000000 0.000000 0.000000 0.000000
1.571161 -4.746731 19.169204 0.474673 0.157116 0.000000 0.000000 0.000000 0.000000 0.000000
1.594875 -4.738816 19.174204 0.473882 0.159487 0.000000 0.000000 0.000000 0.000000 0.000000
1.618549 -4.730782 19.179204 0.473078 0.161855 0.000000 0.000000 0.000000 0.000000 0.000000
1.642182 -4.722630 19.184204 0.472263 0.164218 0.000000 0.000000 0.000000 0.000000 0.000000
1.665775 -4.714360 19.189204 0.471436 0.166577 0.000000 0.000000 0.000000 0.000000 0.000000
1.689326 -4.705973 19.194204 0.470597 0.168933 0.000000 0.000000 0.000000 0.000000 0.000000
1.712834 -4.697467 19.199204 0.469747 0.171283 0.000000 0.000000 0.000000 0.000000 0.000000
1.736300 -4.688844 19.204204 0.468884 0.173630 0.000000 0.000000 0.000000 0.000000 0.000000
1.759723 -4.680104 19.209204 0.468010 0.175972 0.000000 0.000000 0.000000 0.000000 0.000000
1.783101 -4.671247 19.214204 0.467125 0.178310 0.000000 0.000000 0.000000 0.000000 0.000000
1.806435 -4.662273 19.219204 0.466227 0.180643 0.000000 0.000000 0.000000 0.000000 0.000000
1.829724 -4.653183 19.224204 0.465318 0.182972 0.000000 0.000000 0.000000 0.000000 0.000000
1.852967 -4.643976 19.229204 0.464398 0.185297 0.000000 0.000000 0.000000 0.000000 0.000000
1.876163 -4.634653 19.234204 0.463465 0.187616 0.000000 0.000000 0.000000 0.000000 0.000000
1.899313 -4.625215 19.239204 0.462521 0.189931 0.000000 0.000000 0.000000 0.000000 0.000000
1.922415 -4.615660 19.244204 0.461566 0.192242 0.000000 0.000000 0.000000 0.000000 0.000000
1.945469 -4.605991 19.249204 0.460599 0.194547 0.000000 0.000000 0.000000 0.000000 0.000000
1.968475 -4.596206 19.254204 0.459621 0.196847 0.000000 0.000000 0.000000 0.000000 0.000000
1.991431 -4.586306 19.259204 0.458631 0.199143 0.000000 0.000000 0.000000 0.000000 0.000000
2.014338 -4.576291 19.264204 0.457629 0.201434 0.000000 0.000000 0.000000 0.000000 0.000000
2.037194 -4.566163 19.269204 0.456616 0.203719 0.000000 0.000000 0.000000 0.000000 0.000000
2.059999 -4.555920 19.274204 0.455592 0.206000 0.000000 0.000000 0.000000 0.000000 0.000000
2.082753 -4.545563 19.279204 0.454556 0.208275 0.000000 0.000000 0.000000 0.000000 0.000000
2.105455 -4.535092 19.284204 0.453509 0.210545 0.000000 0.000000 0.000000 0.000000 0.000000
2.128104 -4.524508 19.289204 0.452451 0.212810 0.000000 0.000000 0.000000 0.000000 0.000000
2.150700 -4.513811 19.294204 0.451381 0.215070 0.000000 0.000000 0.000000 0.000000 0.000000
2.173242 -4.503001 19.299204 0.450300 0.217324 0.000000 0.000000 0.000000 0.000000 0.000000
2.195729 -4.492079 19.304204 0.449208 0.219573 0.000000 0.000000 0.000000 0.000000 0.000000
2.218162 -4.481044 19.309204 0.448104 0.221816 0.000000 0.000000 0.000000 0.000000 0.000000
2.240540 -4.469897 19.314204 0.446990 0.224054 0.000000 0.000000 0.000000 0.000000 0.000000
2.262861 -4.458639 19.319204 0.445864 0.226286 0.000000 0.000000 0.000000 0.000000 0.000000
2.285126 -4.447269 19.324204 0.444727 0.228513 0.000000 0.000000 0.000000 0.000000 0.000000
2.307334 -4.435788 19.329204 0.443579 0.230733 0.000000 0.000000 0.000000 0.000000 0.000000
2.329484 -4.424196 19.334204 0.442420 0.232948 0.000000 0.000000 0.000000 0.000000 0.000000
2.351575 -4.412493 19.339204 0.441249 0.235158 0.000000 0.000000 0.000000 0.000000 0.000000
2.373608 -4.400680 19.344204 0.440068 0.237361 0.000000 0.000000 0.000000 0.000000 0.000000
2.395582 -4.388757 19.349204 0.438876 0.239558 0.000000 0.000000 0.000000 0.000000 0.000000
2.417496 -4.376724 19.354204 0.437672 0.241750 0.000000 0.000000 0.000000 0.000000 0.000000
2.439349 -4.364582 19.359204 0.436458 0.243935 0.000000 0.000000 0.000000 0.000000 0.000000
2.461141 -4.352331 19.364204 0.435233 0.246114 0.000000 0.000000 0.000000 0.000000 0.000000
2.482872 -4.339971 19.369204 0.433997 0.248287 0.000000 0.000000 0.000000 0.000000 0.000000
2.504541 -4.327502 19.374204 0.432750 0.250454 0.000000 0.000000 0.000000 0.000000 0.000000
2.526147 -4.314925 19.379204 0.431493 0.252615 0.000000 0.000000 0.000000 0.000000 0.000000
2.547690 -4.302241 19.384204 0.430224 0.254769 0.000000 0.000000 0.000000 0.000000 0.000000
2.569169 -4.289449 19.389204 0.428945 0.256917 0.000000 0.000000 0.000000 0.000000 0.000000
2.590584 -4.276549 19.394204 0.427655 0.259058 0.000000 0.000000 0.000000 0.000000 0.000000
2.611934 -4.263543 19.399204 0.426354 0.261193 0.000000 0.000000 0.000000 0.000000 0.000000
2.633219 -4.250430 19.404204 0.425043 0.263322 0.000000 0.000000 0.000000 0.000000 0.000000
2.654439 -4.237211 19.409204 0.423721 0.265444 0.000000 0.000000 0.000000 0.000000 0.000000
2.675591 -4.223886 19.414204 0.422389 0.267559 0.000000 0.000000 0.000000 0.000000 0.000000
2.696677 -4.210455 19.419204 0.421046 0.269668 0.000000 0.000000 0.000000 0.000000 0.000000
2.717696 -4.196919 19.424204 0.419692 0.271770 0.000000 0.000000 0.000000 0.000000 0.000000
2.738646 -4.183278 19.429204 0.418328 0.273865 0.000000 0.000000 0.000000 0.000000 0.000000
2.759528 -4.169533 19.434204 0.416953 0.275953 0.000000 0.000000 0.000000 0.000000 0.000000
2.780341 -4.155683 19.439204 0.415568 0.278034 0.000000 0.000000 0.000000 0.000000 0.000000
2.801085 -4.141729 19.444204 0.414173 0.280109 0.000000 0.000000 0.000000 0.000000 0.000000
2.821759 -4.127672 19.449204 0.412767 0.282176 0.000000 0.000000 0.000000 0.000000 0.000000
2.842362 -4.113512 19.454204 0.411351 0.284236 0.000000 0.000000 0.000000 0.000000 0.000000
2.862894 -4.099249 19.459204 0.409925 0.286289 0.000000 0.000000 0.000000 0.000000 0.000000
2.883354 -4.084883 19.464204 0.408488 0.288335 0.000000 0.000000 0.000000 0.000000 0.000000
2.903742 -4.070415 19.469204 0.407042 0.290374 0.000000 0.000000 0.000000 0.000000 0.000000
2.924058 -4.055846 19.474204 0.405585 0.292406 0.000000 0.000000 0.000000 0.000000 0.000000
2.944300 -4.041175 19.479204 0.404117 0.294430 0.000000 0.000000 0.000000 0.000000 0.000000
2.964469 -4.026403 19.484204 0.402640 0.296447 0.000000 0.000000 0.000000 0.000000 0.000000
2.984564 -4.011530 19.489204 0.401153 0.298456 0.000000 0.000000 0.000000 0.000000 0.000000
3.004585 -3.996557 19.494204 0.399656 0.300458 0.000000 0.000000 0.000000 0.000000 0.000000
3.024530 -3.981485 19.499204 0.398148 0.302453 0.000000 0.000000 0.000000 0.000000 0.000000
3.044399 -3.966312 19.504204 0.396631 0.304440 0.000000 0.000000 0.000000 0.000000 0.000000
3.064193 -3.951041 19.509204 0.395104 0.306419 0.000000 0.000000 0.000000 0.000000 0.000000
3.083910 -3.935670 19.514204 0.393567 0.308391 0.000000 0.000000 0.000000 0.000000 0.000000
3.103549 -3.920202 19.519204 0.392020 0.310355 0.000000 0.000000 0.000000 0.000000 0.000000
3.123111 -3.904635 19.524204 0.390464 0.312311 0.000000 0.000000 0.000000 0.000000 0.000000
3.142595 -3.888971 19.529204 0.388897 0.314260 0.000000 0.000000 0.000000 0.000000 0.000000
3.162001 -3.873209 19.534204 0.387321 0.316200 0.000000 0.000000 0.000000 0.000000 0.000000
3.181327 -3.857351 19.539204 0.385735 0.318133 0.000000 0.000000 0.000000 0.000000 0.000000
3.200574 -3.841396 19.544204 0.384140 0.320057 0.000000 0.000000 0.000000 0.000000 0.000000
3.219741 -3.825345 19.549204 0.382535 0.321974 0.000000 0.000000 0.000000 0.000000 0.000000
3.238828 -3.809199 19.554204 0.380920 0.323883 0.000000 0.000000 0.000000 0.000000 0.000000
3.257833 -3.792957 19.559204 0.379296 0.325783 0.000000 0.000000 0.000000 0.000000 0.000000
3.276757 -3.776621 19.564204 0.377662 0.327676 0.000000 0.000000 0.000000 0.000000 0.000000
3.295599 -3.760190 19.569204 0.376019 0.329560 0.000000 0.000000 0.000000 0.000000 0.000000
3.314359 -3.743665 19.574204 0.374366 0.331436 0.000000 0.000000 0.000000 0.000000 0.000000
3.333036 -3.727046 19.579204 0.372705 0.333304 0.000000 0.000000 0.000000 0.000000 0.000000
3.351629 -3.710335 19.584204 0.371033 0.335163 0.000000 0.000000 0.000000 0.000000 0.000000
3.370139 -3.693530 19.589204 0.369353 0.337014 0.000000 0.000000 0.000000 0.000000 0.000000
3.388564 -3.676633 19.594204 0.367663 0.338856 0.000000 0.000000 0.000000 0.000000 0.000000
3.406905 -3.659645 19.599204 0.365964 0.340690 0.000000 0.000000 0.000000 0.000000 0.000000
3.425160 -3.642564 19.604204 0.364256 0.342516 0.000000 0.000000 0.000000 0.000000 0.000000
3.443330 -3.625393 19.609204 0.362539 0.344333 0.000000 0.000000 0.000000 0.000000 0.000000
3.461414 -3.608131 19.614204 0.360813 0.346141 0.000000 0.000000 0.000000 0.000000 0.000000
3.479412 -3.590779 19.619204 0.359078 0.347941 0.000000 0.000000 0.000000 0.000000 0.000000
3.497322 -3.573337 19.624204 0.357334 0.349732 0.000000 0.000000 0.000000 0.000000 0.000000
3.515145 -3.555806 19.629204 0.355581 0.351514 0.000000 0.000000 0.000000 0.000000 0.000000
3.532880 -3.538186 19.634204 0.353819 0.353288 0.000000 0.000000 0.000000 0.000000 0.000000
3.550527 -3.520477 19.639204 0.352048 0.355053 0.000000 0.000000 0.000000 0.000000 0.000000
3.568084 -3.502681 19.644204 0.350268 0.356808 0.000000 0.000000 0.000000 0.000000 0.000000
3.585553 -3.484797 19.649204 0.348480 0.358555 0.000000 0.000000 0.000000 0.000000 0.000000
3.602932 -3.466826 19.654204 0.346683 0.360293 0.000000 0.000000 0.000000 0.000000 0.000000
3.620221 -3.448768 19.659204 0.344877 0.362022 0.000000 0.000000 0.000000 0.000000 0.000000
3.637420 -3.430623 19.664204 0.343062 0.363742 0.000000 0.000000 0.000000 0.000000 0.000000
3.654527 -3.412394 19.669204 0.341239 0.365453 0.000000 0.000000 0.000000 0.000000 0.000000
3.671544 -3.394078 19.674204 0.339408 0.367154 0.000000 0.000000 0.000000 0.000000 0.000000
3.688468 -3.375678 19.679204 0.337568 0.368847 0.000000 0.000000 0.000000 0.000000 0.000000
3.705300 -3.357194 19.684204 0.335719 0.370530 0.000000 0.000000 0.000000 0.000000 0.000000
3.722040 -3.338625 19.689204 0.333863 0.372204 0.000000 0.000000 0.000000 0.000000 0.000000
3.738686 -3.319974 19.694204 0.331997 0.373869 0.000000 0.000000 0.000000 0.000000 0.000000
3.755239 -3.301239 19.699204 0.330124 0.375524 0.000000 0.000000 0.000000 0.000000 0.000000
3.771699 -3.282421 19.704204 0.328242 0.377170 0.000000 0.000000 0.000000 0.000000 0.000000
3.788063 -3.263522 19.709204 0.326352 0.378806 0.000000 0.000000 0.000000 0.000000 0.000000
3.804334 -3.244541 19.714204 0.324454 0.380433 0.000000 0.000000 0.000000 0.000000 0.000000
3.820509 -3.225479 19.719204 0.322548 0.382051 0.000000 0.000000 0.000000 0.000000 0.000000
3.836588 -3.206336 19.724204 0.320634 0.383659 0.000000 0.000000 0.000000 0.000000 0.000000
3.852572 -3.187113 19.729204 0.318711 0.385257 0.000000 0.000000 0.000000 0.000000 0.000000
3.868459 -3.167810 19.734204 0.316781 0.386846 0.000000 0.000000 0.000000 0.000000 0.000000
3.884250 -3.148429 19.739204 0.314843 0.388425 0.000000 0.000000 0.000000 0.000000 0.000000
3.899943 -3.128968 19.744204 0.312897 0.389994 0.000000 0.000000 0.000000 0.000000 0.000000
3.915539 -3.109429 19.749204 0.310943 0.391554 0.000000 0.000000 0.000000 0.000000 0.000000
3.931038 -3.089813 19.754204 0.308981 0.393104 0.000000 0.000000 0.000000 0.000000 0.000000
3.946437 -3.070119 19.759204 0.307012 0.394644 0.000000 0.000000 0.000000 0.000000 0.000000
3.961739 -3.050349 19.764204 0.305035 0.396174 0.000000 0.000000 0.000000 0.000000 0.000000
3.976941 -3.030502 19.769204 0.303050 0.397694 0.000000 0.000000 0.000000 0.000000 0.000000
3.992044 -3.010579 19.774204 0.301058 0.399204 0.000000 0.000000 0.000000 0.000000 0.000000
4.007047 -2.990582 19.779204 0.299058 0.400705 0.000000 0.000000 0.000000 0.000000 0.000000
4.021949 -2.970509 19.784204 0.297051 0.402195 0.000000 0.000000 0.000000 0.000000 0.000000
4.036751 -2.950362 19.789204 0.295036 0.403675 0.000000 0.000000 0.000000 0.000000 0.000000
4.051453 -2.930142 19.794204 0.293014 0.405145 0.000000 0.000000 0.000000 0.000000 0.000000
4.066053 -2.909848 19.799204 0.290985 0.406605 0.000000 0.000000 0.000000 0.000000 0.000000
4.080551 -2.889481 19.804204 0.288948 0.408055 0.000000 0.000000 0.000000 0.000000 0.000000
4.094947 -2.869043 19.809204 0.286904 0.409495 0.000000 0.000000 0.000000 0.000000 0.000000
4.109241 -2.848532 19.814204 0.284853 0.410924 0.000000 0.000000 0.000000 0.000000 0.000000
4.123433 -2.827950 19.819204 0.282795 0.412343 0.000000 0.000000 0.000000 0.000000 0.000000
4.137521 -2.807298 19.824204 0.280730 0.413752 0.000000 0.000000 0.000000 0.000000 0.000000
4.151506 -2.786575 19.829204 0.278658 0.415151 0.000000 0.000000 0.000000 0.000000 0.000000
4.165386 -2.765783 19.834204 0.276578 0.416539 0.000000 0.000000 0.000000 0.000000 0.000000
4.179163 -2.744922 19.839204 0.274492 0.417916 0.000000 0.000000 0.000000 0.000000 0.000000
4.192836 -2.723992 19.844204 0.272399 0.419284 0.000000 0.000000 0.000000 0.000000 0.000000
4.206403 -2.702993 19.849204 0.270299 0.420640 0.000000 0.000000 0.000000 0.000000 0.000000
4.219865 -2.681928 19.854204 0.268193 0.421987 0.000000 0.000000 0.000000 0.000000 0.000000
4.233222 -2.660795 19.859204 0.266079 0.423322 0.000000 0.000000 0.000000 0.000000 0.000000
4.246473 -2.639596 19.864204 0.263960 0.424647 0.000000 0.000000 0.000000 0.000000 0.000000
4.259618 -2.618330 19.869204 0.261833 0.425962 0.000000 0.000000 0.000000 0.000000 0.000000
4.272656 -2.597000 19.874204 0.259700 0.427266 0.000000 0.000000 0.000000 0.000000 0.000000
4.285588 -2.575604 19.879204 0.257560 0.428559 0.000000 0.000000 0.000000 0.000000 0.000000
4.298412 -2.554144 19.884204 0.255414 0.429841 0.000000 0.000000 0.000000 0.000000 0.000000
4.311129 -2.532620 19.889204 0.253262 0.431113 0.000000 0.000000 0.000000 0.000000 0.000000
4.323738 -2.511033 19.894204 0.251103 0.432374 0.000000 0.000000 0.000000 0.000000 0.000000
4.336240 -2.489383 19.899204 0.248938 0.433624 0.000000 0.000000 0.000000 0.000000 0.000000
4.348632 -2.467671 19.904204 0.246767 0.434863 0.000000 0.000000 0.000000 0.000000 0.000000
4.360916 -2.445897 19.909204 0.244590 0.436092 0.000000 0.000000 0.000000 0.000000 0.000000
4.373091 -2.424062 19.914204 0.242406 0.437309 0.000000 0.000000 0.000000 0.000000 0.000000
4.385157 -2.402166 19.919204 0.240217 0.438516 0.000000 0.000000 0.000000 0.000000 0.000000
4.397113 -2.380210 19.924204 0.238021 0.439711 0.000000 0.000000 0.000000 0.000000 0.000000
4.408959 -2.358195 19.929204 0.235820 0.440896 0.000000 0.000000 0.000000 0.000000 0.000000
4.420694 -2.336121 19.934204 0.233612 0.442069 0.000000 0.000000 0.000000 0.000000 0.000000
4.432320 -2.313988 19.939204 0.231399 0.443232 0.000000 0.000000 0.000000 0.000000 0.000000
4.443834 -2.291798 19.944204 0.229180 0.444383 0.000000 0.000000 0.000000 0.000000 0.000000
4.455238 -2.269550 19.949204 0.226955 0.445524 0.000000 0.000000 0.000000 0.000000 0.000000
4.466530 -2.247246 19.954204 0.224725 0.446653 0.000000 0.000000 0.000000 0.000000 0.000000
4.477710 -2.224885 19.959204 0.222488 0.447771 0.000000 0.000000 0.000000 0.000000 0.000000
4.488778 -2.202469 19.964204 0.220247 0.448878 0.000000 0.000000 0.000000 0.000000 0.000000
4.499735 -2.179997 19.969204 0.218000 0.449973 0.000000 0.000000 0.000000 0.000000 0.000000
4.510578 -2.157472 19.974204 0.215747 0.451058 0.000000 0.000000 0.000000 0.000000 0.000000
4.521309 -2.134892 19.979204 0.213489 0.452131 0.000000 0.000000 0.000000 0.000000 0.000000
4.531927 -2.112259 19.984204 0.211226 0.453193 0.000000 0.000000 0.000000 0.000000 0.000000
4.542432 -2.089573 19.989204 0.208957 0.454243 0.000000 0.000000 0.000000 0.000000 0.000000
4.552823 -2.066835 19.994204 0.206683 0.455282 0.000000 0.000000 0.000000 0.000000 0.000000
4.563100 -2.044045 19.999204 0.204404 0.456310 0.000000 0.000000 0.000000 0.000000 0.000000
4.573263 -2.021204 20.004204 0.202120 0.457326 0.000000 0.000000 0.000000 0.000000 0.000000
4.583312 -1.998312 20.009204 0.199831 0.458331 0.000000 0.000000 0.000000 0.000000 0.000000
4.593246 -1.975371 20.014204 0.197537 0.459325 0.000000 0.000000 0.000000 0.000000 0.000000
4.603066 -1.952380 20.019204 0.195238 0.460307 0.000000 0.000000 0.000000 0.000000 0.000000
4.612770 -1.929340 20.024204 0.192934 0.461277 0.000000 0.000000 0.000000 0.000000 0.000000
4.622359 -1.906252 20.029204 0.190625 0.462236 0.000000 0.000000 0.000000 0.000000 0.000000
4.631832 -1.883117 20.034204 0.188312 0.463183 0.000000 0.000000 0.000000 0.000000 0.000000
4.641190 -1.859934 20.039204 0.185993 0.464119 0.000000 0.000000 0.000000 0.000000 0.000000
4.650432 -1.836705 20.044204 0.183671 0.465043 0.000000 0.000000 0.000000 0.000000 0.000000
4.659557 -1.813430 20.049204 0.181343 0.465956 0.000000 0.000000 0.000000 0.000000 0.000000
4.668566 -1.790110 20.054204 0.179011 0.466857 0.000000 0.000000 0.000000 0.000000 0.000000
4.677458 -1.766745 20.059204 0.176674 0.467746 0.000000 0.000000 0.000000 0.000000 0.000000
4.686233 -1.743335 20.064204 0.174334 0.468623 0.000000 0.000000 0.000000 0.000000 0.000000
4.694891 -1.719883 20.069204 0.171988 0.469489 0.000000 0.000000 0.000000 0.000000 0.000000
4.703432 -1.696387 20.074204 0.169639 0.470343 0.000000 0.000000 0.000000 0.000000 0.000000
4.711855 -1.672848 20.079204 0.167285 0.471186 0.000000 0.000000 0.000000 0.000000 0.000000
4.720160 -1.649268 20.084204 0.164927 0.472016 0.000000 0.000000 0.000000 0.000000 0.000000
4.728348 -1.625647 20.089204 0.162565 0.472835 0.000000 0.000000 0.000000 0.000000 0.000000
4.736417 -1.601985 20.094204 0.160199 0.473642 0.000000 0.000000 0.000000 0.000000 0.000000
4.744367 -1.578283 20.099204 0.157828 0.474437 0.000000 0.000000 0.000000 0.000000 0.000000
4.752200 -1.554542 20.104204 0.155454 0.475220 0.000000 0.000000 0.000000 0.000000 0.000000
4.759913 -1.530761 20.109204 0.153076 0.475991 0.000000 0.000000 0.000000 0.000000 0.000000
4.767507 -1.506943 20.114204 0.150694 0.476751 0.000000 0.000000 0.000000 0.000000 0.000000
4.774982 -1.483086 20.119204 0.148309 0.477498 0.000000 0.000000 0.000000 0.000000 0.000000
4.782338 -1.459193 20.124204 0.145919 0.478234 0.000000 0.000000 0.000000 0.000000 0.000000
4.789574 -1.435263 20.129204 0.143526 0.478957 0.000000 0.000000 0.000000 0.000000 0.000000
4.796690 -1.411298 20.134204 0.141130 0.479669 0.000000 0.000000 0.000000 0.000000 0.000000
4.803687 -1.387297 20.139204 0.138730 0.480369 0.000000 0.000000 0.000000 0.000000 0.000000
4.810563 -1.363261 20.144204 0.136326 0.481056 0.000000 0.000000 0.000000 0.000000 0.000000
4.817319 -1.339191 20.149204 0.133919 0.481732 0.000000 0.000000 0.000000 0.000000 0.000000
4.823955 -1.315088 20.154204 0.131509 0.482396 0.000000 0.000000 0.000000 0.000000 0.000000
4.830470 -1.290952 20.159204 0.129095 0.483047 0.000000 0.000000 0.000000 0.000000 0.000000
4.836865 -1.266783 20.164204 0.126678 0.483686 0.000000 0.000000 0.000000 0.000000 0.000000
4.843138 -1.242583 20.169204 0.124258 0.484314 0.000000 0.000000 0.000000 0.000000 0.000000
4.849290 -1.218352 20.174204 0.121835 0.484929 0.000000 0.000000 0.000000 0.000000 0.000000
4.855322 -1.194091 20.179204 0.119409 0.485532 0.000000 0.000000 0.000000 0.000000 0.000000
4.861231 -1.169799 20.184204 0.116980 0.486123 0.000000 0.000000 0.000000 0.000000 0.000000
4.867020 -1.145479 20.189204 0.114548 0.486702 0.000000 0.000000 0.000000 0.000000 0.000000
4.872686 -1.121129 20.194204 0.112113 0.487269 0.000000 0.000000 0.000000 0.000000 0.000000
4.878231 -1.096752 20.199204 0.109675 0.487823 0.000000 0.000000 0.000000 0.000000 0.000000
4.883654 -1.072347 20.204204 0.107235 0.488365 0.000000 0.000000 0.000000 0.000000 0.000000
4.888954 -1.047916 20.209204 0.104792 0.488895 0.000000 0.000000 0.000000 0.000000 0.000000
4.894133 -1.023458 20.214204 0.102346 0.489413 0.000000 0.000000 0.000000 0.000000 0.000000
4.899189 -0.998974 20.219204 0.099897 0.489919 0.000000 0.000000 0.000000 0.000000 0.000000
4.904122 -0.974466 20.224204 0.097447 0.490412 0.000000 0.000000 0.000000 0.000000 0.000000
4.908933 -0.949933 20.229204 0.094993 0.490893 0.000000 0.000000 0.000000 0.000000 0.000000
4.913622 -0.925377 20.234204 0.092538 0.491362 0.000000 0.000000 0.000000 0.000000 0.000000
4.918187 -0.900797 20.239204 0.090080 0.491819 0.000000 0.000000 0.000000 0.000000 0.000000
4.922630 -0.876195 20.244204 0.087620 0.492263 0.000000 0.000000 0.000000 0.000000 0.000000
4.926949 -0.851571 20.249204 0.085157 0.492695 0.000000 0.000000 0.000000 0.000000 0.000000
4.931145 -0.826926 20.254204 0.082693 0.493115 0.000000 0.000000 0.000000 0.000000 0.000000
4.935218 -0.802260 20.259204 0.080226 0.493522 0.000000 0.000000 0.000000 0.000000 0.000000
4.939168 -0.777574 20.264204 0.077757 0.493917 0.000000 0.000000 0.000000 0.000000 0.000000
4.942994 -0.752869 20.269204 0.075287 0.494299 0.000000 0.000000 0.000000 0.000000 0.000000
4.946696 -0.728144 20.274204 0.072814 0.494670 0.000000 0.000000 0.000000 0.000000 0.000000
4.950275 -0.703402 20.279204 0.070340 0.495028 0.000000 0.000000 0.000000 0.000000 0.000000
4.953730 -0.678642 20.284204 0.067864 0.495373 0.000000 0.000000 0.000000 0.000000 0.000000
4.957062 -0.653865 20.289204 0.065386 0.495706 0.000000 0.000000 0.000000 0.000000 0.000000
4.960269 -0.629071 20.294204 0.062907 0.496027 0.000000 0.000000 0.000000 0.000000 0.000000
4.963352 -0.604262 20.299204 0.060426 0.496335 0.000000 0.000000 0.000000 0.000000 0.000000
4.966312 -0.579438 20.304204 0.057944 0.496631 0.000000 0.000000 0.000000 0.000000 0.000000
4.969147 -0.554599 20.309204 0.055460 0.496915 0.000000 0.000000 0.000000 0.000000 0.000000
4.971858 -0.529747 20.314204 0.052975 0.497186 0.000000 0.000000 0.000000 0.000000 0.000000
4.974444 -0.504881 20.319204 0.050488 0.497444 0.000000 0.000000 0.000000 0.000000 0.000000
4.976906 -0.480003 20.324204 0.048000 0.497691 0.000000 0.000000 0.000000 0.000000 0.000000
4.979244 -0.455112 20.329204 0.045511 0.497924 0.000000 0.000000 0.000000 0.000000 0.000000
4.981458 -0.430210 20.334204 0.043021 0.498146 0.000000 0.000000 0.000000 0.000000 0.000000
4.983546 -0.405298 20.339204 0.040530 0.498355 0.000000 0.000000 0.000000 0.000000 0.000000
4.985510 -0.380375 20.344204 0.038038 0.498551 0.000000 0.000000 0.000000 0.000000 0.000000
4.987350 -0.355443 20.349204 0.035544 0.498735 0.000000 0.000000 0.000000 0.000000 0.000000
4.989065 -0.330502 20.354204 0.033050 0.498906 0.000000 0.000000 0.000000 0.000000 0.000000
4.990655 -0.305552 20.359204 0.030555 0.499066 0.000000 0.000000 0.000000 0.000000 0.000000
4.992120 -0.280595 20.364204 0.028060 0.499212 0.000000 0.000000 0.000000 0.000000 0.000000
4.993461 -0.255631 20.369204 0.025563 0.499346 0.000000 0.000000 0.000000 0.000000 0.000000
4.994677 -0.230661 20.374204 0.023066 0.499468 0.000000 0.000000 0.000000 0.000000 0.000000
4.995768 -0.205685 20.379204 0.020568 0.499577 0.000000 0.000000 0.000000 0.000000 0.000000
4.996734 -0.180704 20.384204 0.018070 0.499673 0.000000 0.000000 0.000000 0.000000 0.000000
4.997575 -0.155718 20.389204 0.015572 0.499757 0.000000 0.000000 0.000000 0.000000 0.000000
4.998291 -0.130728 20.394204 0.013073 0.499829 0.000000 0.000000 0.000000 0.000000 0.000000
4.998882 -0.105735 20.399204 0.010573 0.499888 0.000000 0.000000 0.000000 0.000000 0.000000
4.999348 -0.080739 20.404204 0.008074 0.499935 0.000000 0.000000 0.000000 0.000000 0.000000
4.999689 -0.055742 20.409204 0.005574 0.499969 0.000000 0.000000 0.000000 0.000000 0.000000
4.999905 -0.030743 20.414204 0.003074 0.499991 0.000000 0.000000 0.000000 0.000000 0.000000
4.999997 -0.005743 20.419204 0.000574 0.500000 0.000000 0.000000 0.000000 0.000000 0.000000
4.999963 0.019257 20.424204 -0.001926 0.499996 0.000000 0.000000 0.000000 0.000000 0.000000
4.999804 0.044257 20.429204 -0.004426 0.499980 0.000000 0.000000 0.000000 0.000000 0.000000
4.999520 0.069255 20.434204 -0.006925 0.499952 0.000000 0.000000 0.000000 0.000000 0.000000
4.999112 0.094252 20.439204 -0.009425 0.499911 0.000000 0.000000 0.000000 0.000000 0.000000
4.998578 0.119246 20.444204 -0.011925 0.499858 0.000000 0.000000 0.000000 0.000000 0.000000
4.997919 0.144237 20.449204 -0.014424 0.499792 0.000000 0.000000 0.000000 0.000000 0.000000
4.997135 0.169225 20.454204 -0.016922 0.499714 0.000000 0.000000 0.000000 0.000000 0.000000
4.996227 0.194208 20.459204 -0.019421 0.499623 0.000000 0.000000 0.000000 0.000000 0.000000
4.995193 0.219187 20.464204 -0.021919 0.499519 0.000000 0.000000 0.000000 0.000000 0.000000
4.994035 0.244160 20.469204 -0.024416 0.499404 0.000000 0.000000 0.000000 0.000000 0.000000
4.992752 0.269127 20.474204 -0.026913 0.499275 0.000000 0.000000 0.000000 0.000000 0.000000
4.991344 0.294087 20.479204 -0.029409 0.499134 0.000000 0.000000 0.000000 0.000000 0.000000
4.989811 0.319040 20.484204 -0.031904 0.498981 0.000000 0.000000 0.000000 0.000000 0.000000
4.988153 0.343985 20.489204 -0.034399 0.498815 0.000000 0.000000 0.000000 0.000000 0.000000
4.986371 0.368922 20.494204 -0.036892 0.498637 0.000000 0.000000 0.000000 0.000000 0.000000
4.984464 0.393849 20.499204 -0.039385 0.498446 0.000000 0.000000 0.000000 0.000000 0.000000
4.982433 0.418766 20.504204 -0.041877 0.498243 0.000000 0.000000 0.000000 0.000000 0.000000
4.980277 0.443673 20.509204 -0.044367 0.498028 0.000000 0.000000 0.000000 0.000000 0.000000
4.977996 0.468569 20.514204 -0.046857 0.497800 0.000000 0.000000 0.000000 0.000000 0.000000
4.975591 0.493453 20.519204 -0.049345 0.497559 0.000000 0.000000 0.000000 0.000000 0.000000
4.973061 0.518324 20.524204 -0.051832 0.497306 0.000000 0.000000 0.000000 0.000000 0.000000
4.970408 0.543183 20.529204 -0.054318 0.497041 0.000000 0.000000 0.000000 0.000000 0.000000
4.967630 0.568028 20.534204 -0.056803 0.496763 0.000000 0.000000 0.000000 0.000000 0.000000
4.964727 0.592859 20.539204 -0.059286 0.496473 0.000000 0.000000 0.000000 0.000000 0.000000
4.961701 0.617675 20.544204 -0.061768 0.496170 0.000000 0.000000 0.000000 0.000000 0.000000
4.958551 0.642476 20.549204 -0.064248 0.495855 0.000000 0.000000 0.000000 0.000000 0.000000
4.955276 0.667260 20.554204 -0.066726 0.495528 0.000000 0.000000 0.000000 0.000000 0.000000
4.951878 0.692028 20.559204 -0.069203 0.495188 0.000000 0.000000 0.000000 0.000000 0.000000
4.948356 0.716779 20.564204 -0.071678 0.494836 0.000000 0.000000 0.000000 0.000000 0.000000
4.944710 0.741512 20.569204 -0.074151 0.494471 0.000000 0.000000 0.000000 0.000000 0.000000
4.940941 0.766226 20.574204 -0.076623 0.494094 0.000000 0.000000 0.000000 0.000000 0.000000
4.937048 0.790921 20.579204 -0.079092 0.493705 0.000000 0.000000 0.000000 0.000000 0.000000
4.933032 0.815596 20.584204 -0.081560 0.493303 0.000000 0.000000 0.000000 0.000000 0.000000
4.928892 0.840251 20.589204 -0.084025 0.492889 0.000000 0.000000 0.000000 0.000000 0.000000
4.924629 0.864885 20.594204 -0.086488 0.492463 0.000000 0.000000 0.000000 0.000000 0.000000
4.920243 0.889497 20.599204 -0.088950 0.492024 0.000000 0.000000 0.000000 0.000000 0.000000
4.915734 0.914087 20.604204 -0.091409 0.491573 0.000000 0.000000 0.000000 0.000000 0.000000
4.911103 0.938654 20.609204 -0.093865 0.491110 0.000000 0.000000 0.000000 0.000000 0.000000
4.906348 0.963198 20.614204 -0.096320 0.490635 0.000000 0.000000 0.000000 0.000000 0.000000
4.901471 0.987718 20.619204 -0.098772 0.490147 0.000000 0.000000 0.000000 0.000000 0.000000
4.896471 1.012213 20.624204 -0.101221 0.489647 0.000000 0.000000 0.000000 0.000000 0.000000
4.891349 1.036682 20.629204 -0.103668 0.489135 0.000000 0.000000 0.000000 0.000000 0.000000
4.886104 1.061126 20.634204 -0.106113 0.488610 0.000000 0.000000 0.000000 0.000000 0.000000
4.880737 1.085543 20.639204 -0.108554 0.488074 0.000000 0.000000 0.000000 0.000000 0.000000
4.875249 1.109933 20.644204 -0.110993 0.487525 0.000000 0.000000 0.000000 0.000000 0.000000
4.869638 1.134295 20.649204 -0.113430 0.486964 0.000000 0.000000 0.000000 0.000000 0.000000
4.863906 1.158629 20.654204 -0.115863 0.486391 0.000000 0.000000 0.000000 0.000000 0.000000
4.858052 1.182934 20.659204 -0.118293 0.485805 0.000000 0.000000 0.000000 0.000000 0.000000
4.852076 1.207209 20.664204 -0.120721 0.485208 0.000000 0.000000 0.000000 0.000000 0.000000
4.845980 1.231455 20.669204 -0.123145 0.484598 0.000000 0.000000 0.000000 0.000000 0.000000
4.839762 1.255669 20.674204 -0.125567 0.483976 0.000000 0.000000 0.000000 0.000000 0.000000
4.833423 1.279852 20.679204 -0.127985 0.483342 0.000000 0.000000 0.000000 0.000000 0.000000
4.826963 1.304003 20.684204 -0.130400 0.482696 0.000000 0.000000 0.000000 0.000000 0.000000
4.820383 1.328121 20.689204 -0.132812 0.482038 0.000000 0.000000 0.000000 0.000000 0.000000
4.813682 1.352207 20.694204 -0.135221 0.481368 0.000000 0.000000 0.000000 0.000000 0.000000
4.806861 1.376258 20.699204 -0.137626 0.480686 0.000000 0.000000 0.000000 0.000000 0.000000
4.799920 1.400275 20.704204 -0.140028 0.479992 0.000000 0.000000 0.000000 0.000000 0.000000
4.792858 1.424257 20.709204 -0.142426 0.479286 0.000000 0.000000 0.000000 0.000000 0.000000
4.785677 1.448203 20.714204 -0.144820 0.478568 0.000000 0.000000 0.000000 0.000000 0.000000
4.778376 1.472114 20.719204 -0.147211 0.477838 0.000000 0.000000 0.000000 0.000000 0.000000
4.770956 1.495987 20.724204 -0.149599 0.477096 0.000000 0.000000 0.000000 0.000000 0.000000
4.763417 1.519823 20.729204 -0.151982 0.476342 0.000000 0.000000 0.000000 0.000000 0.000000
4.755758 1.543621 20.734204 -0.154362 0.475576 0.000000 0.000000 0.000000 0.000000 0.000000
4.747980 1.567380 20.739204 -0.156738 0.474798 0.000000 0.000000 0.000000 0.000000 0.000000
4.740084 1.591101 20.744204 -0.159110 0.474008 0.000000 0.000000 0.000000 0.000000 0.000000
4.732070 1.614781 20.749204 -0.161478 0.473207 0.000000 0.000000 0.000000 0.000000 0.000000
4.723937 1.638421 20.754204 -0.163842 0.472394 0.000000 0.000000 0.000000 0.000000 0.000000
4.715685 1.662020 20.759204 -0.166202 0.471569 0.000000 0.000000 0.000000 0.000000 0.000000
4.707316 1.685578 20.764204 -0.168558 0.470732 0.000000 0.000000 0.000000 0.000000 0.000000
4.698830 1.709093 20.769204 -0.170909 0.469883 0.000000 0.000000 0.000000 0.000000 0.000000
4.690226 1.732566 20.774204 -0.173257 0.469023 0.000000 0.000000 0.000000 0.000000 0.000000
4.681504 1.755995 20.779204 -0.175600 0.468150 0.000000 0.000000 0.000000 0.000000 0.000000
4.672666 1.779381 20.784204 -0.177938 0.467267 0.000000 0.000000 0.000000 0.000000 0.000000
4.663710 1.802722 20.789204 -0.180272 0.466371 0.000000 0.000000 0.000000 0.000000 0.000000
4.654638 1.826018 20.794204 -0.182602 0.465464 0.000000 0.000000 0.000000 0.000000 0.000000
4.645450 1.849268 20.799204 -0.184927 0.464545 0.000000 0.000000 0.000000 0.000000 0.000000
4.636146 1.872472 20.804204 -0.187247 0.463615 0.000000 0.000000 0.000000 0.000000 0.000000
4.626726 1.895629 20.809204 -0.189563 0.462673 0.000000 0.000000 0.000000 0.000000 0.000000
4.617190 1.918739 20.814204 -0.191874 0.461719 0.000000 0.000000 0.000000 0.000000 0.000000
4.607538 1.941801 20.819204 -0.194180 0.460754 0.000000 0.000000 0.000000 0.000000 0.000000
4.597772 1.964814 20.824204 -0.196481 0.459777 0.000000 0.000000 0.000000 0.000000 0.000000
4.587890 1.987778 20.829204 -0.198778 0.458789 0.000000 0.000000 0.000000 0.000000 0.000000
4.577894 2.010693 20.834204 -0.201069 0.457789 0.000000 0.000000 0.000000 0.000000 0.000000
4.567783 2.033557 20.839204 -0.203356 0.456778 0.000000 0.000000 0.000000 0.000000 0.000000
4.557559 2.056371 20.844204 -0.205637 0.455756 0.000000 0.000000 0.000000 0.000000 0.000000
4.547220 2.079133 20.849204 -0.207913 0.454722 0.000000 0.000000 0.000000 0.000000 0.000000
4.536767 2.101843 20.854204 -0.210184 0.453677 0.000000 0.000000 0.000000 0.000000 0.000000
4.526201 2.124500 20.859204 -0.212450 0.452620 0.000000 0.000000 0.000000 0.000000 0.000000
4.515522 2.147104 20.864204 -0.214710 0.451552 0.000000 0.000000 0.000000 0.000000 0.000000
4.504730 2.169655 20.869204 -0.216966 0.450473 0.000000 0.000000 0.000000 0.000000 0.000000
4.493826 2.192152 20.874204 -0.219215 0.449383 0.000000 0.000000 0.000000 0.000000 0.000000
4.482809 2.214593 20.879204 -0.221459 0.448281 0.000000 0.000000 0.000000 0.000000 0.000000
4.471680 2.236979 20.884204 -0.223698 0.447168 0.000000 0.000000 0.000000 0.000000 0.000000
4.460439 2.259310 20.889204 -0.225931 0.446044 0.000000 0.000000 0.000000 0.000000 0.000000
4.449087 2.281584 20.894204 -0.228158 0.444909 0.000000 0.000000 0.000000 0.000000 0.000000
4.437624 2.303800 20.899204 -0.230380 0.443762 0.000000 0.000000 0.000000 0.000000 0.000000
4.426049 2.325960 20.904204 -0.232596 0.442605 0.000000 0.000000 0.000000 0.000000 0.000000
4.414364 2.348061 20.909204 -0.234806 0.441436 0.000000 0.000000 0.000000 0.000000 0.000000
4.402569 2.370103 20.914204 -0.237010 0.440257 0.000000 0.000000 0.000000 0.000000 0.000000
4.390663 2.392086 20.919204 -0.239209 0.439066 0.000000 0.000000 0.000000 0.000000 0.000000
4.378648 2.414010 20.924204 -0.241401 0.437865 0.000000 0.000000 0.000000 0.000000 0.000000
4.366523 2.435873 20.929204 -0.243587 0.436652 0.000000 0.000000 0.000000 0.000000 0.000000
4.354289 2.457675 20.934204 -0.245767 0.435429 0.000000 0.000000 0.000000 0.000000 0.000000
4.341947 2.479415 20.939204 -0.247942 0.434195 0.000000 0.000000 0.000000 0.000000 0.000000
4.329495 2.501094 20.944204 -0.250109 0.432950 0.000000 0.000000 0.000000 0.000000 0.000000
4.316936 2.522710 20.949204 -0.252271 0.431694 0.000000 0.000000 0.000000 0.000000 0.000000
4.304268 2.544263 20.954204 -0.254426 0.430427 0.000000 0.000000 0.000000 0.000000 0.000000
4.291493 2.565753 20.959204 -0.256575 0.429149 0.000000 0.000000 0.000000 0.000000 0.000000
4.278611 2.587178 20.964204 -0.258718 0.427861 0.000000 0.000000 0.000000 0.000000 0.000000
4.265622 2.608538 20.969204 -0.260854 0.426562 0.000000 0.000000 0.000000 0.000000 0.000000
4.252526 2.629834 20.974204 -0.262983 0.425253 0.000000 0.000000 0.000000 0.000000 0.000000
4.239323 2.651064 20.979204 -0.265106 0.423932 0.000000 0.000000 0.000000 0.000000 0.000000
4.226015 2.672227 20.984204 -0.267223 0.422602 0.000000 0.000000 0.000000 0.000000 0.000000
4.212601 2.693324 20.989204 -0.269332 0.421260 0.000000 0.000000 0.000000 0.000000 0.000000
4.199082 2.714353 20.994204 -0.271435 0.419908 0.000000 0.000000 0.000000 0.000000 0.000000
4.185458 2.735314 20.999204 -0.273531 0.418546 0.000000 0.000000 0.000000 0.000000 0.000000
4.171729 2.756207 21.004204 -0.275621 0.417173 0.000000 0.000000 0.000000 0.000000 0.000000
4.157896 2.777031 21.009204 -0.277703 0.415790 0.000000 0.000000 0.000000 0.000000 0.000000
4.143959 2.797786 21.014204 -0.279779 0.414396 0.000000 0.000000 0.000000 0.000000 0.000000
4.129918 2.818471 21.019204 -0.281847 0.412992 0.000000 0.000000 0.000000 0.000000 0.000000
4.115774 2.839085 21.024204 -0.283908 0.411577 0.000000 0.000000 0.000000 0.000000 0.000000
4.101527 2.859628 21.029204 -0.285963 0.410153 0.000000 0.000000 0.000000 0.000000 0.000000
4.087178 2.880100 21.034204 -0.288010 0.408718 0.000000 0.000000 0.000000 0.000000 0.000000
4.072726 2.900500 21.039204 -0.290050 0.407273 0.000000 0.000000 0.000000 0.000000 0.000000
4.058173 2.920827 21.044204 -0.292083 0.405817 0.000000 0.000000 0.000000 0.000000 0.000000
4.043518 2.941081 21.049204 -0.294108 0.404352 0.000000 0.000000 0.000000 0.000000 0.000000
4.028762 2.961262 21.054204 -0.296126 0.402876 0.000000 0.000000 0.000000 0.000000 0.000000
4.013906 2.981369 21.059204 -0.298137 0.401391 0.000000 0.000000 0.000000 0.000000 0.000000
3.998949 3.001401 21.064204 -0.300140 0.399895 0.000000 0.000000 0.000000 0.000000 0.000000
3.983892 3.021358 21.069204 -0.302136 0.398389 0.000000 0.000000 0.000000 0.000000 0.000000
3.968735 3.041240 21.074204 -0.304124 0.396874 0.000000 0.000000 0.000000 0.000000 0.000000
3.953480 3.061045 21.079204 -0.306105 0.395348 0.000000 0.000000 0.000000 0.000000 0.000000
3.938125 3.080774 21.084204 -0.308077 0.393813 0.000000 0.000000 0.000000 0.000000 0.000000
3.922672 3.100426 21.089204 -0.310043 0.392267 0.000000 0.000000 0.000000 0.000000 0.000000
3.907121 3.120001 21.094204 -0.312000 0.390712 0.000000 0.000000 0.000000 0.000000 0.000000
3.891472 3.139498 21.099204 -0.313950 0.389147 0.000000 0.000000 0.000000 0.000000 0.000000
3.875726 3.158916 21.104204 -0.315892 0.387573 0.000000 0.000000 0.000000 0.000000 0.000000
3.859883 3.178255 21.109204 -0.317825 0.385988 0.000000 0.000000 0.000000 0.000000 0.000000
3.843944 3.197514 21.114204 -0.319751 0.384394 0.000000 0.000000 0.000000 0.000000 0.000000
3.827908 3.216694 21.119204 -0.321669 0.382791 0.000000 0.000000 0.000000 0.000000 0.000000
3.811777 3.235793 21.124204 -0.323579 0.381178 0.000000 0.000000 0.000000 0.000000 0.000000
3.795550 3.254812 21.129204 -0.325481 0.379555 0.000000 0.000000 0.000000 0.000000 0.000000
3.779229 3.273749 21.134204 -0.327375 0.377923 0.000000 0.000000 0.000000 0.000000 0.000000
3.762813 3.292604 21.139204 -0.329260 0.376281 0.000000 0.000000 0.000000 0.000000 0.000000
3.746303 3.311376 21.144204 -0.331138 0.374630 0.000000 0.000000 0.000000 0.000000 0.000000
3.729699 3.330067 21.149204 -0.333007 0.372970 0.000000 0.000000 0.000000 0.000000 0.000000
3.713002 3.348673 21.154204 -0.334867 0.371300 0.000000 0.000000 0.000000 0.000000 0.000000
3.696213 3.367196 21.159204 -0.336720 0.369621 0.000000 0.000000 0.000000 0.000000 0.000000
3.679331 3.385635 21.164204 -0.338564 0.367933 0.000000 0.000000 0.000000 0.000000 0.000000
3.662356 3.403990 21.169204 -0.340399 0.366236 0.000000 0.000000 0.000000 0.000000 0.000000
3.645291 3.422259 21.174204 -0.342226 0.364529 0.000000 0.000000 0.000000 0.000000 0.000000
3.628134 3.440442 21.179204 -0.344044 0.362813 0.000000 0.000000 0.000000 0.000000 0.000000
3.610887 3.458540 21.184204 -0.345854 0.361089 0.000000 0.000000 0.000000 0.000000 0.000000
3.593549 3.476551 21.189204 -0.347655 0.359355 0.000000 0.000000 0.000000 0.000000 0.000000
3.576121 3.494475 21.194204 -0.349448 0.357612 0.000000 0.000000 0.000000 0.000000 0.000000
3.558604 3.512312 21.199204 -0.351231 0.355860 0.000000 0.000000 0.000000 0.000000 0.000000
3.540998 3.530061 21.204204 -0.353006 0.354100 0.000000 0.000000 0.000000 0.000000 0.000000
3.523304 3.547722 21.209204 -0.354772 0.352330 0.000000 0.000000 0.000000 0.000000 0.000000
3.505521 3.565294 21.214204 -0.356529 0.350552 0.000000 0.000000 0.000000 0.000000 0.000000
3.487651 3.582777 21.219204 -0.358278 0.348765 0.000000 0.000000 0.000000 0.000000 0.000000
3.469694 3.600170 21.224204 -0.360017 0.346969 0.000000 0.000000 0.000000 0.000000 0.000000
3.451649 3.617474 21.229204 -0.361747 0.345165 0.000000 0.000000 0.000000 0.000000 0.000000
3.433519 3.634687 21.234204 -0.363469 0.343352 0.000000 0.000000 0.000000 0.000000 0.000000
3.415303 3.651809 21.239204 -0.365181 0.341530 0.000000 0.000000 0.000000 0.000000 0.000000
3.397001 3.668840 21.244204 -0.366884 0.339700 0.000000 0.000000 0.000000 0.000000 0.000000
3.378614 3.685779 21.249204 -0.368578 0.337861 0.000000 0.000000 0.000000 0.000000 0.000000
3.360143 3.702626 21.254204 -0.370263 0.336014 0.000000 0.000000 0.000000 0.000000 0.000000
3.341588 3.719380 21.259204 -0.371938 0.334159 0.000000 0.000000 0.000000 0.000000 0.000000
3.322950 3.736041 21.264204 -0.373604 0.332295 0.000000 0.000000 0.000000 0.000000 0.000000
3.304228 3.752609 21.269204 -0.375261 0.330423 0.000000 0.000000 0.000000 0.000000 0.000000
3.285424 3.769084 21.274204 -0.376908 0.328542 0.000000 0.000000 0.000000 0.000000 0.000000
3.266537 3.785463 21.279204 -0.378546 0.326654 0.000000 0.000000 0.000000 0.000000 0.000000
3.247569 3.801749 21.284204 -0.380175 0.324757 0.000000 0.000000 0.000000 0.000000 0.000000
3.228520 3.817939 21.289204 -0.381794 0.322852 0.000000 0.000000 0.000000 0.000000 0.000000
3.209390 3.834034 21.294204 -0.383403 0.320939 0.000000 0.000000 0.000000 0.000000 0.000000
3.190180 3.850033 21.299204 -0.385003 0.319018 0.000000 0.000000 0.000000 0.000000 0.000000
3.170890 3.865935 21.304204 -0.386594 0.317089 0.000000 0.000000 0.000000 0.000000 0.000000
3.151521 3.881742 21.309204 -0.388174 0.315152 0.000000 0.000000 0.000000 0.000000 0.000000
3.132073 3.897451 21.314204 -0.389745 0.313207 0.000000 0.000000 0.000000 0.000000 0.000000
3.112546 3.913062 21.319204 -0.391306 0.311255 0.000000 0.000000 0.000000 0.000000 0.000000
3.092942 3.928576 21.324204 -0.392858 0.309294 0.000000 0.000000 0.000000 0.000000 0.000000
3.073261 3.943991 21.329204 -0.394399 0.307326 0.000000 0.000000 0.000000 0.000000 0.000000
3.053502 3.959308 21.334204 -0.395931 0.305350 0.000000 0.000000 0.000000 0.000000 0.000000
3.033668 3.974526 21.339204 -0.397453 0.303367 0.000000 0.000000 0.000000 0.000000 0.000000
3.013757 3.989645 21.344204 -0.398964 0.301376 0.000000 0.000000 0.000000 0.000000 0.000000
2.993772 4.004664 21.349204 -0.400466 0.299377 0.000000 0.000000 0.000000 0.000000 0.000000
2.973711 4.019583 21.354204 -0.401958 0.297371 0.000000 0.000000 0.000000 0.000000 0.000000
2.953576 4.034401 21.359204 -0.403440 0.295358 0.000000 0.000000 0.000000 0.000000 0.000000
2.933367 4.049118 21.364204 -0.404912 0.293337 0.000000 0.000000 0.000000 0.000000 0.000000
2.913085 4.063734 21.369204 -0.406373 0.291308 0.000000 0.000000 0.000000 0.000000 0.000000
2.892730 4.078249 21.374204 -0.407825 0.289273 0.000000 0.000000 0.000000 0.000000 0.000000
2.872303 4.092661 21.379204 -0.409266 0.287230 0.000000 0.000000 0.000000 0.000000 0.000000
2.851803 4.106972 21.384204 -0.410697 0.285180 0.000000 0.000000 0.000000 0.000000 0.000000
2.831233 4.121179 21.389204 -0.412118 0.283123 0.000000 0.000000 0.000000 0.000000 0.000000
2.810592 4.135284 21.394204 -0.413528 0.281059 0.000000 0.000000 0.000000 0.000000 0.000000
2.789880 4.149285 21.399204 -0.414929 0.278988 0.000000 0.000000 0.000000 0.000000 0.000000
2.769099 4.163183 21.404204 -0.416318 0.276910 0.000000 0.000000 0.000000 0.000000 0.000000
2.748249 4.176976 21.409204 -0.417698 0.274825 0.000000 0.000000 0.000000 0.000000 0.000000
2.727330 4.190665 21.414204 -0.419067 0.272733 0.000000 0.000000 0.000000 0.000000 0.000000
2.706342 4.204249 21.419204 -0.420425 0.270634 0.000000 0.000000 0.000000 0.000000 0.000000
2.685287 4.217728 21.424204 -0.421773 0.268529 0.000000 0.000000 0.000000 0.000000 0.000000
2.664165 4.231102 21.429204 -0.423110 0.266417 0.000000 0.000000 0.000000 0.000000 0.000000
2.642976 4.244370 21.434204 -0.424437 0.264298 0.000000 0.000000 0.000000 0.000000 0.000000
2.621722 4.257532 21.439204 -0.425753 0.262172 0.000000 0.000000 0.000000 0.000000 0.000000
2.600401 4.270587 21.444204 -0.427059 0.260040 0.000000 0.000000 0.000000 0.000000 0.000000
2.579016 4.283536 21.449204 -0.428354 0.257902 0.000000 0.000000 0.000000 0.000000 0.000000
2.557566 4.296377 21.454204 -0.429638 0.255757 0.000000 0.000000 0.000000 0.000000 0.000000
2.536052 4.309111 21.459204 -0.430911 0.253605 0.000000 0.000000 0.000000 0.000000 0.000000
2.514475 4.321737 21.464204 -0.432174 0.251448 0.000000 0.000000 0.000000 0.000000 0.000000
2.492835 4.334256 21.469204 -0.433426 0.249284 0.000000 0.000000 0.000000 0.000000 0.000000
2.471133 4.346666 21.474204 -0.434667 0.247113 0.000000 0.000000 0.000000 0.000000 0.000000
2.449369 4.358967 21.479204 -0.435897 0.244937 0.000000 0.000000 0.000000 0.000000 0.000000
2.427543 4.371159 21.484204 -0.437116 0.242754 0.000000 0.000000 0.000000 0.000000 0.000000
2.405657 4.383242 21.489204 -0.438324 0.240566 0.000000 0.000000 0.000000 0.000000 0.000000
2.383711 4.395216 21.494204 -0.439522 0.238371 0.000000 0.000000 0.000000 0.000000 0.000000
2.361705 4.407079 21.499204 -0.440708 0.236171 0.000000 0.000000 0.000000 0.000000 0.000000
2.339640 4.418833 21.504204 -0.441883 0.233964 0.000000 0.000000 0.000000 0.000000 0.000000
2.317517 4.430476 21.509204 -0.443048 0.231752 0.000000 0.000000 0.000000 0.000000 0.000000
2.295336 4.442008 21.514204 -0.444201 0.229534 0.000000 0.000000 0.000000 0.000000 0.000000
2.273097 4.453429 21.519204 -0.445343 0.227310 0.000000 0.000000 0.000000 0.000000 0.000000
2.250802 4.464739 21.524204 -0.446474 0.225080 0.000000 0.000000 0.000000 0.000000 0.000000
2.228450 4.475937 21.529204 -0.447594 0.222845 0.000000 0.000000 0.000000 0.000000 0.000000
2.206043 4.487023 21.534204 -0.448702 0.220604 0.000000 0.000000 0.000000 0.000000 0.000000
2.183580 4.497997 21.539204 -0.449800 0.218358 0.000000 0.000000 0.000000 0.000000 0.000000
2.161063 4.508859 21.544204 -0.450886 0.216106 0.000000 0.000000 0.000000 0.000000 0.000000
2.138492 4.519608 21.549204 -0.451961 0.213849 0.000000 0.000000 0.000000 0.000000 0.000000
2.115867 4.530244 21.554204 -0.453024 0.211587 0.000000 0.000000 0.000000 0.000000 0.000000
2.093189 4.540766 21.559204 -0.454077 0.209319 0.000000 0.000000 0.000000 0.000000 0.000000
2.070459 4.551175 21.564204 -0.455118 0.207046 0.000000 0.000000 0.000000 0.000000 0.000000
2.047678 4.561471 21.569204 -0.456147 0.204768 0.000000 0.000000 0.000000 0.000000 0.000000
2.024845 4.571652 21.574204 -0.457165 0.202484 0.000000 0.000000 0.000000 0.000000 0.000000
2.001961 4.581719 21.579204 -0.458172 0.200196 0.000000 0.000000 0.000000 0.000000 0.000000
1.979028 4.591672 21.584204 -0.459167 0.197903 0.000000 0.000000 0.000000 0.000000 0.000000
1.956045 4.601509 21.589204 -0.460151 0.195604 0.000000 0.000000 0.000000 0.000000 0.000000
1.933013 4.611232 21.594204 -0.461123 0.193301 0.000000 0.000000 0.000000 0.000000 0.000000
1.909933 4.620839 21.599204 -0.462084 0.190993 0.000000 0.000000 0.000000 0.000000 0.000000
1.886805 4.630331 21.604204 -0.463033 0.188680 0.000000 0.000000 0.000000 0.000000 0.000000
1.863630 4.639707 21.609204 -0.463971 0.186363 0.000000 0.000000 0.000000 0.000000 0.000000
1.840408 4.648967 21.614204 -0.464897 0.184041 0.000000 0.000000 0.000000 0.000000 0.000000
1.817140 4.658111 21.619204 -0.465811 0.181714 0.000000 0.000000 0.000000 0.000000 0.000000
1.793827 4.667139 21.624204 -0.466714 0.179383 0.000000 0.000000 0.000000 0.000000 0.000000
1.770469 4.676050 21.629204 -0.467605 0.177047 0.000000 0.000000 0.000000 0.000000 0.000000
1.747067 4.684843 21.634204 -0.468484 0.174707 0.000000 0.000000 0.000000 0.000000 0.000000
1.723621 4.693520 21.639204 -0.469352 0.172362 0.000000 0.000000 0.000000 0.000000 0.000000
1.700132 4.702080 21.644204 -0.470208 0.170013 0.000000 0.000000 0.000000 0.000000 0.000000
1.676600 4.710521 21.649204 -0.471052 0.167660 0.000000 0.000000 0.000000 0.000000 0.000000
1.653027 4.718846 21.654204 -0.471885 0.165303 0.000000 0.000000 0.000000 0.000000 0.000000
1.629412 4.727052 21.659204 -0.472705 0.162941 0.000000 0.000000 0.000000 0.000000 0.000000
1.605756 4.735140 21.664204 -0.473514 0.160576 0.000000 0.000000 0.000000 0.000000 0.000000
1.582061 4.743109 21.669204 -0.474311 0.158206 0.000000 0.000000 0.000000 0.000000 0.000000
1.558325 4.750960 21.674204 -0.475096 0.155833 0.000000 0.000000 0.000000 0.000000 0.000000
1.534551 4.758692 21.679204 -0.475869 0.153455 0.000000 0.000000 0.000000 0.000000 0.000000
1.510739 4.766306 21.684204 -0.476631 0.151074 0.000000 0.000000 0.000000 0.000000 0.000000
1.486888 4.773800 21.689204 -0.477380 0.148689 0.000000 0.000000 0.000000 0.000000 0.000000
1.463001 4.781174 21.694204 -0.478117 0.146300 0.000000 0.000000 0.000000 0.000000 0.000000
1.439077 4.788430 21.699204 -0.478843 0.143908 0.000000 0.000000 0.000000 0.000000 0.000000
1.415117 4.795565 21.704204 -0.479557 0.141512 0.000000 0.000000 0.000000 0.000000 0.000000
1.391121 4.802581 21.709204 -0.480258 0.139112 0.000000 0.000000 0.000000 0.000000 0.000000
1.367091 4.809476 21.714204 -0.480948 0.136709 0.000000 0.000000 0.000000 0.000000 0.000000
1.343027 4.816252 21.719204 -0.481625 0.134303 0.000000 0.000000 0.000000 0.000000 0.000000
1.318929 4.822906 21.724204 -0.482291 0.131893 0.000000 0.000000 0.000000 0.000000 0.000000
1.294798 4.829441 21.729204 -0.482944 0.129480 0.000000 0.000000 0.000000 0.000000 0.000000
1.270635 4.835854 21.734204 -0.483585 0.127063 0.000000 0.000000 0.000000 0.000000 0.000000
1.246440 4.842147 21.739204 -0.484215 0.124644 0.000000 0.000000 0.000000 0.000000 0.000000
1.222213 4.848319 21.744204 -0.484832 0.122221 0.000000 0.000000 0.000000 0.000000 0.000000
1.197957 4.854369 21.749204 -0.485437 0.119796 0.000000 0.000000 0.000000 0.000000 0.000000
1.173670 4.860298 21.754204 -0.486030 0.117367 0.000000 0.000000 0.000000 0.000000 0.000000
1.149354 4.866106 21.759204 -0.486611 0.114935 0.000000 0.000000 0.000000 0.000000 0.000000
1.125009 4.871792 21.764204 -0.487179 0.112501 0.000000 0.000000 0.000000 0.000000 0.000000
1.100636 4.877356 21.769204 -0.487736 0.110064 0.000000 0.000000 0.000000 0.000000 0.000000
1.076236 4.882798 21.774204 -0.488280 0.107624 0.000000 0.000000 0.000000 0.000000 0.000000
1.051808 4.888118 21.779204 -0.488812 0.105181 0.000000 0.000000 0.000000 0.000000 0.000000
1.027355 4.893316 21.784204 -0.489332 0.102735 0.000000 0.000000 0.000000 0.000000 0.000000
1.002875 4.898392 21.789204 -0.489839 0.100288 0.000000 0.000000 0.000000 0.000000 0.000000
0.978371 4.903345 21.794204 -0.490334 0.097837 0.000000 0.000000 0.000000 0.000000 0.000000
0.953842 4.908175 21.799204 -0.490818 0.095384 0.000000 0.000000 0.000000 0.000000 0.000000
0.929289 4.912883 21.804204 -0.491288 0.092929 0.000000 0.000000 0.000000 0.000000 0.000000
0.904714 4.917468 21.809204 -0.491747 0.090471 0.000000 0.000000 0.000000 0.000000 0.000000
0.880115 4.921930 21.814204 -0.492193 0.088012 0.000000 0.000000 0.000000 0.000000 0.000000
0.855494 4.926269 21.819204 -0.492627 0.085549 0.000000 0.000000 0.000000 0.000000 0.000000
0.830853 4.930485 21.824204 -0.493049 0.083085 0.000000 0.000000 0.000000 0.000000 0.000000
0.806190 4.934578 21.829204 -0.493458 0.080619 0.000000 0.000000 0.000000 0.000000 0.000000
0.781507 4.938547 21.834204 -0.493855 0.078151 0.000000 0.000000 0.000000 0.000000 0.000000
0.756805 4.942393 21.839204 -0.494239 0.075680 0.000000 0.000000 0.000000 0.000000 0.000000
0.732083 4.946115 21.844204 -0.494612 0.073208 0.000000 0.000000 0.000000 0.000000 0.000000
0.707344 4.949714 21.849204 -0.494971 0.070734 0.000000 0.000000 0.000000 0.000000 0.000000
0.682586 4.953188 21.854204 -0.495319 0.068259 0.000000 0.000000 0.000000 0.000000 0.000000
0.657812 4.956539 21.859204 -0.495654 0.065781 0.000000 0.000000 0.000000 0.000000 0.000000
0.633021 4.959767 21.864204 -0.495977 0.063302 0.000000 0.000000 0.000000 0.000000 0.000000
0.608214 4.962870 21.869204 -0.496287 0.060821 0.000000 0.000000 0.000000 0.000000 0.000000
0.583393 4.965849 21.874204 -0.496585 0.058339 0.000000 0.000000 0.000000 0.000000 0.000000
0.558556 4.968704 21.879204 -0.496870 0.055856 0.000000 0.000000 0.000000 0.000000 0.000000
0.533706 4.971434 21.884204 -0.497143 0.053371 0.000000 0.000000 0.000000 0.000000 0.000000
0.508842 4.974041 21.889204 -0.497404 0.050884 0.000000 0.000000 0.000000 0.000000 0.000000
0.483966 4.976523 21.894204 -0.497652 0.048397 0.000000 0.000000 0.000000 0.000000 0.000000
0.459077 4.978880 21.899204 -0.497888 0.045908 0.000000 0.000000 0.000000 0.000000 0.000000
0.434177 4.981113 21.904204 -0.498111 0.043418 0.000000 0.000000 0.000000 0.000000 0.000000
0.409266 4.983222 21.909204 -0.498322 0.040927 0.000000 0.000000 0.000000 0.000000 0.000000
0.384345 4.985206 21.914204 -0.498521 0.038434 0.000000 0.000000 0.000000 0.000000 0.000000
0.359414 4.987065 21.919204 -0.498707 0.035941 0.000000 0.000000 0.000000 0.000000 0.000000
0.334475 4.988800 21.924204 -0.498880 0.033447 0.000000 0.000000 0.000000 0.000000 0.000000
0.309526 4.990410 21.929204 -0.499041 0.030953 0.000000 0.000000 0.000000 0.000000 0.000000
0.284571 4.991895 21.934204 -0.499190 0.028457 0.000000 0.000000 0.000000 0.000000 0.000000
0.259608 4.993256 21.939204 -0.499326 0.025961 0.000000 0.000000 0.000000 0.000000 0.000000
0.234638 4.994491 21.944204 -0.499449 0.023464 0.000000 0.000000 0.000000 0.000000 0.000000
0.209663 4.995602 21.949204 -0.499560 0.020966 0.000000 0.000000 0.000000 0.000000 0.000000
0.184682 4.996588 21.954204 -0.499659 0.018468 0.000000 0.000000 0.000000 0.000000 0.000000
0.159697 4.997449 21.959204 -0.499745 0.015970 0.000000 0.000000 0.000000 0.000000 0.000000
0.134708 4.998185 21.964204 -0.499819 0.013471 0.000000 0.000000 0.000000 0.000000 0.000000
0.109716 4.998796 21.969204 -0.499880 0.010972 0.000000 0.000000 0.000000 0.000000 0.000000
0.084720 4.999282 21.974204 -0.499928 0.008472 0.000000 0.000000 0.000000 0.000000 0.000000
0.059723 4.999643 21.979204 -0.499964 0.005972 0.000000 0.000000 0.000000 0.000000 0.000000
0.034724 4.999879 21.984204 -0.499988 0.003472 0.000000 0.000000 0.000000 0.000000 0.000000
0.009725 4.999991 21.989204 -0.499999 0.000972 0.000000 0.000000 0.000000 0.000000 0.000000
-0.015275 4.999977 21.994204 -0.499998 -0.001528 0.000000 0.000000 0.000000 0.000000 0.000000
-0.040275 4.999838 21.999204 -0.499984 -0.004028 0.000000 0.000000 0.000000 0.000000 0.000000
-0.065274 4.999574 22.004204 -0.499957 -0.006527 0.000000 0.000000 0.000000 0.000000 0.000000
-0.090271 4.999185 22.009204 -0.499919 -0.009027 0.000000 0.000000 0.000000 0.000000 0.000000
-0.115265 4.998671 22.014204 -0.499867 -0.011527 0.000000 0.000000 0.000000 0.000000 0.000000
-0.140257 4.998032 22.019204 -0.499803 -0.014026 0.000000 0.000000 0.000000 0.000000 0.000000
-0.165245 4.997269 22.024204 -0.499727 -0.016525 0.000000 0.000000 0.000000 0.000000 0.000000
-0.190230 4.996380 22.029204 -0.499638 -0.019023 0.000000 0.000000 0.000000 0.000000 0.000000
-0.215209 4.995366 22.034204 -0.499537 -0.021521 0.000000 0.000000 0.000000 0.000000 0.000000
-0.240183 4.994228 22.039204 -0.499423 -0.024018 0.000000 0.000000 0.000000 0.000000 0.000000
-0.265151 4.992965 22.044204 -0.499296 -0.026515 0.000000 0.000000 0.000000 0.000000 0.000000
-0.290112 4.991576 22.049204 -0.499158 -0.029011 0.000000 0.000000 0.000000 0.000000 0.000000
-0.315067 4.990063 22.054204 -0.499006 -0.031507 0.000000 0.000000 0.000000 0.000000 0.000000
-0.340013 4.988426 22.059204 -0.498843 -0.034001 0.000000 0.000000 0.000000 0.000000 0.000000
-0.364951 4.986663 22.064204 -0.498666 -0.036495 0.000000 0.000000 0.000000 0.000000 0.000000
-0.389879 4.984776 22.069204 -0.498478 -0.038988 0.000000 0.000000 0.000000 0.000000 0.000000
-0.414798 4.982765 22.074204 -0.498276 -0.041480 0.000000 0.000000 0.000000 0.000000 0.000000
-0.439707 4.980628 22.079204 -0.498063 -0.043971 0.000000 0.000000 0.000000 0.000000 0.000000
-0.464604 4.978367 22.084204 -0.497837 -0.046460 0.000000 0.000000 0.000000 0.000000 0.000000
-0.489490 4.975982 22.089204 -0.497598 -0.048949 0.000000 0.000000 0.000000 0.000000 0.000000
-0.514364 4.973473 22.094204 -0.497347 -0.051436 0.000000 0.000000 0.000000 0.000000 0.000000
-0.539225 4.970839 22.099204 -0.497084 -0.053922 0.000000 0.000000 0.000000 0.000000 0.000000
-0.564072 4.968080 22.104204 -0.496808 -0.056407 0.000000 0.000000 0.000000 0.000000 0.000000
-0.588905 4.965198 22.109204 -0.496520 -0.058891 0.000000 0.000000 0.000000 0.000000 0.000000
-0.613724 4.962191 22.114204 -0.496219 -0.061372 0.000000 0.000000 0.000000 0.000000 0.000000
-0.638527 4.959061 22.119204 -0.495906 -0.063853 0.000000 0.000000 0.000000 0.000000 0.000000
-0.663314 4.955806 22.124204 -0.495581 -0.066331 0.000000 0.000000 0.000000 0.000000 0.000000
-0.688085 4.952428 22.129204 -0.495243 -0.068808 0.000000 0.000000 0.000000 0.000000 0.000000
-0.712838 4.948925 22.134204 -0.494893 -0.071284 0.000000 0.000000 0.000000 0.000000 0.000000
-0.737574 4.945299 22.139204 -0.494530 -0.073757 0.000000 0.000000 0.000000 0.000000 0.000000
-0.762291 4.941550 22.144204 -0.494155 -0.076229 0.000000 0.000000 0.000000 0.000000 0.000000
-0.786989 4.937676 22.149204 -0.493768 -0.078699 0.000000 0.000000 0.000000 0.000000 0.000000
-0.811668 4.933680 22.154204 -0.493368 -0.081167 0.000000 0.000000 0.000000 0.000000 0.000000
-0.836326 4.929560 22.159204 -0.492956 -0.083633 0.000000 0.000000 0.000000 0.000000 0.000000
-0.860963 4.925316 22.164204 -0.492532 -0.086096 0.000000 0.000000 0.000000 0.000000 0.000000
-0.885579 4.920950 22.169204 -0.492095 -0.088558 0.000000 0.000000 0.000000 0.000000 0.000000
-0.910172 4.916461 22.174204 -0.491646 -0.091017 0.000000 0.000000 0.000000 0.000000 0.000000
-0.934743 4.911848 22.179204 -0.491185 -0.093474 0.000000 0.000000 0.000000 0.000000 0.000000
-0.959291 4.907113 22.184204 -0.490711 -0.095929 0.000000 0.000000 0.000000 0.000000 0.000000
-0.983814 4.902256 22.189204 -0.490226 -0.098381 0.000000 0.000000 0.000000 0.000000 0.000000
-1.008313 4.897275 22.194204 -0.489728 -0.100831 0.000000 0.000000 0.000000 0.000000 0.000000
-1.032787 4.892172 22.199204 -0.489217 -0.103279 0.000000 0.000000 0.000000 0.000000 0.000000
-1.057235 4.886947 22.204204 -0.488695 -0.105723 0.000000 0.000000 0.000000 0.000000 0.000000
-1.081656 4.881600 22.209204 -0.488160 -0.108166 0.000000 0.000000 0.000000 0.000000 0.000000
-1.106050 4.876131 22.214204 -0.487613 -0.110605 0.000000 0.000000 0.000000 0.000000 0.000000
-1.130417 4.870540 22.219204 -0.487054 -0.113042 0.000000 0.000000 0.000000 0.000000 0.000000
-1.154756 4.864827 22.224204 -0.486483 -0.115476 0.000000 0.000000 0.000000 0.000000 0.000000
-1.179065 4.858992 22.229204 -0.485899 -0.117907 0.000000 0.000000 0.000000 0.000000 0.000000
-1.203345 4.853036 22.234204 -0.485304 -0.120335 0.000000 0.000000 0.000000 0.000000 0.000000
-1.227595 4.846959 22.239204 -0.484696 -0.122760 0.000000 0.000000 0.000000 0.000000 0.000000
-1.251815 4.840760 22.244204 -0.484076 -0.125181 0.000000 0.000000 0.000000 0.000000 0.000000
-1.276003 4.834441 22.249204 -0.483444 -0.127600 0.000000 0.000000 0.000000 0.000000 0.000000
-1.300159 4.828000 22.254204 -0.482800 -0.130016 0.000000 0.000000 0.000000 0.000000 0.000000
-1.324282 4.821439 22.259204 -0.482144 -0.132428 0.000000 0.000000 0.000000 0.000000 0.000000
-1.348373 4.814758 22.264204 -0.481476 -0.134837 0.000000 0.000000 0.000000 0.000000 0.000000
-1.372430 4.807956 22.269204 -0.480796 -0.137243 0.000000 0.000000 0.000000 0.000000 0.000000
-1.396452 4.801033 22.274204 -0.480103 -0.139645 0.000000 0.000000 0.000000 0.000000 0.000000
-1.420440 4.793991 22.279204 -0.479399 -0.142044 0.000000 0.000000 0.000000 0.000000 0.000000
-1.444392 4.786829 22.284204 -0.478683 -0.144439 0.000000 0.000000 0.000000 0.000000 0.000000
-1.468308 4.779547 22.289204 -0.477955 -0.146831 0.000000 0.000000 0.000000 0.000000 0.000000
-1.492187 4.772146 22.294204 -0.477215 -0.149219 0.000000 0.000000 0.000000 0.000000 0.000000
-1.516029 4.764625 22.299204 -0.476463 -0.151603 0.000000 0.000000 0.000000 0.000000 0.000000
-1.539833 4.756986 22.304204 -0.475699 -0.153983 0.000000 0.000000 0.000000 0.000000 0.000000
-1.563599 4.749227 22.309204 -0.474923 -0.156360 0.000000 0.000000 0.000000 0.000000 0.000000
-1.587325 4.741350 22.314204 -0.474135 -0.158733 0.000000 0.000000 0.000000 0.000000 0.000000
-1.611012 4.733354 22.319204 -0.473335 -0.161101 0.000000 0.000000 0.000000 0.000000 0.000000
-1.634659 4.725240 22.324204 -0.472524 -0.163466 0.000000 0.000000 0.000000 0.000000 0.000000
-1.658264 4.717007 22.329204 -0.471701 -0.165826 0.000000 0.000000 0.000000 0.000000 0.000000
-1.681829 4.708657 22.334204 -0.470866 -0.168183 0.000000 0.000000 0.000000 0.000000 0.000000
-1.705351 4.700189 22.339204 -0.470019 -0.170535 0.000000 0.000000 0.000000 0.000000 0.000000
-1.728830 4.691604 22.344204 -0.469160 -0.172883 0.000000 0.000000 0.000000 0.000000 0.000000
-1.752267 4.682901 22.349204 -0.468290 -0.175227 0.000000 0.000000 0.000000 0.000000 0.000000
-1.775659 4.674081 22.354204 -0.467408 -0.177566 0.000000 0.000000 0.000000 0.000000 0.000000
-1.799007 4.665144 22.359204 -0.466514 -0.179901 0.000000 0.000000 0.000000 0.000000 0.000000
-1.822310 4.656091 22.364204 -0.465609 -0.182231 0.000000 0.000000 0.000000 0.000000 0.000000
-1.845568 4.646921 22.369204 -0.464692 -0.184557 0.000000 0.000000 0.000000 0.000000 0.000000
-1.868779 4.637636 22.374204 -0.463764 -0.186878 0.000000 0.000000 0.000000 0.000000 0.000000
-1.891944 4.628234 22.379204 -0.462823 -0.189194 0.000000 0.000000 0.000000 0.000000 0.000000
-1.915062 4.618716 22.384204 -0.461872 -0.191506 0.000000 0.000000 0.000000 0.000000 0.000000
-1.938131 4.609083 22.389204 -0.460908 -0.193813 0.000000 0.000000 0.000000 0.000000 0.000000
-1.961152 4.599335 22.394204 -0.459933 -0.196115 0.000000 0.000000 0.000000 0.000000 0.000000
-1.984124 4.589472 22.399204 -0.458947 -0.198412 0.000000 0.000000 0.000000 0.000000 0.000000
-2.007047 4.579494 22.404204 -0.457949 -0.200705 0.000000 0.000000 0.000000 0.000000 0.000000
-2.029919 4.569401 22.409204 -0.456940 -0.202992 0.000000 0.000000 0.000000 0.000000 0.000000
-2.052741 4.559195 22.414204 -0.455919 -0.205274 0.000000 0.000000 0.000000 0.000000 0.000000
-2.075511 4.548874 22.419204 -0.454887 -0.207551 0.000000 0.000000 0.000000 0.000000 0.000000
-2.098229 4.538440 22.424204 -0.453844 -0.209823 0.000000 0.000000 0.000000 0.000000 0.000000
-2.120895 4.527892 22.429204 -0.452789 -0.212090 0.000000 0.000000 0.000000 0.000000 0.000000
