-329.500000 221.000000 3.141593 0.000000 0.000000 0.000000 0.000000 0.000000
-329.500001 221.000000 3.141593 0.000049 0.000000 0.000000 0.000000 0.000000
-329.500007 221.000000 3.141593 0.000197 0.000000 0.000000 0.000000 0.000000
-329.500023 221.000000 3.141593 0.000444 0.000000 0.000000 0.000000 0.000000
-329.500054 221.000000 3.141593 0.000789 0.000000 0.000000 0.000000 0.000000
-329.500105 221.000000 3.141593 0.001233 0.000000 0.000000 0.000000 0.000000
-329.500180 221.000000 3.141593 0.001775 0.000000 0.000000 0.000000 0.000000
-329.500285 221.000000 3.141593 0.002416 0.000000 0.000000 0.000000 0.000000
-329.500424 221.000000 3.141593 0.003154 0.000000 0.000000 0.000000 0.000000
-329.500603 221.000000 3.141593 0.003991 0.000000 0.000000 0.000000 0.000000
-329.500826 221.000000 3.141593 0.004925 0.000000 0.000000 0.000000 0.000000
-329.501098 221.000000 3.141593 0.005956 0.000000 0.000000 0.000000 0.000000
-329.501424 221.000000 3.141593 0.007085 0.000000 0.000000 0.000000 0.000000
-329.501809 221.000000 3.141593 0.008311 0.000000 0.000000 0.000000 0.000000
-329.502257 221.000000 3.141593 0.009633 0.000000 0.000000 0.000000 0.000000
-329.502774 221.000000 3.141593 0.011052 0.000000 0.000000 0.000000 0.000000
-329.503365 221.000000 3.141593 0.012567 0.000000 0.000000 0.000000 0.000000
-329.504033 221.000000 3.141593 0.014177 0.000000 0.000000 0.000000 0.000000
-329.504785 221.000000 3.141593 0.015883 0.000000 0.000000 0.000000 0.000000
-329.505624 221.000000 3.141593 0.017683 0.000000 0.000000 0.000000 0.000000
-329.506555 221.000000 3.141593 0.019577 0.000000 0.000000 0.000000 0.000000
-329.507584 221.000000 3.141593 0.021566 0.000000 0.000000 0.000000 0.000000
-329.508714 221.000000 3.141593 0.023648 0.000000 0.000000 0.000000 0.000000
-329.509951 221.000000 3.141593 0.025822 0.000000 0.000000 0.000000 0.000000
-329.511299 221.000000 3.141593 0.028089 0.000000 0.000000 0.000000 0.000000
-329.512762 221.000000 3.141593 0.030448 0.000000 0.000000 0.000000 0.000000
-329.514346 221.000000 3.141593 0.032898 0.000000 0.000000 0.000000 0.000000
-329.516054 221.000000 3.141593 0.035439 0.000000 0.000000 0.000000 0.000000
-329.517892 221.000000 3.141593 0.038069 0.000000 0.000000 0.000000 0.000000
-329.519864 221.000000 3.141593 0.040789 0.000000 0.000000 0.000000 0.000000
-329.521973 221.000000 3.141593 0.043597 0.000000 0.000000 0.000000 0.000000
-329.524226 221.000000 3.141593 0.046494 0.000000 0.000000 0.000000 0.000000
-329.526625 221.000000 3.141593 0.049477 0.000000 0.000000 0.000000 0.000000
-329.529175 221.000000 3.141593 0.052547 0.000000 0.000000 0.000000 0.000000
-329.531882 221.000000 3.141593 0.055703 0.000000 0.000000 0.000000 0.000000
-329.534748 221.000000 3.141593 0.058944 0.000000 0.000000 0.000000 0.000000
-329.537778 221.000000 3.141593 0.062269 0.000000 0.000000 0.000000 0.000000
-329.540977 221.000000 3.141593 0.065677 0.000000 0.000000 0.000000 0.000000
-329.544348 221.000000 3.141593 0.069168 0.000000 0.000000 0.000000 0.000000
-329.547896 221.000000 3.141593 0.072740 0.000000 0.000000 0.000000 0.000000
-329.551624 221.000000 3.141593 0.076393 0.000000 0.000000 0.000000 0.000000
-329.555537 221.000000 3.141593 0.080126 0.000000 0.000000 0.000000 0.000000
-329.559639 221.000000 3.141593 0.083938 0.000000 0.000000 0.000000 0.000000
-329.563933 221.000000 3.141593 0.087828 0.000000 0.000000 0.000000 0.000000
-329.568423 221.000000 3.141593 0.091795 0.000000 0.000000 0.000000 0.000000
-329.573114 221.000000 3.141593 0.095838 0.000000 0.000000 0.000000 0.000000
-329.578009 221.000000 3.141593 0.099956 0.000000 0.000000 0.000000 0.000000
-329.583111 221.000000 3.141593 0.104148 0.000000 0.000000 0.000000 0.000000
-329.588425 221.000000 3.141593 0.108413 0.000000 0.000000 0.000000 0.000000
-329.593955 221.000000 3.141593 0.112749 0.000000 0.000000 0.000000 0.000000
-329.599702 221.000000 3.141593 0.117157 0.000000 0.000000 0.000000 0.000000
-329.605672 221.000000 3.141593 0.121635 0.000000 0.000000 0.000000 0.000000
-329.611867 221.000000 3.141593 0.126181 0.000000 0.000000 0.000000 0.000000
-329.618292 221.000000 3.141593 0.130795 0.000000 0.000000 0.000000 0.000000
-329.624949 221.000000 3.141593 0.135475 0.000000 0.000000 0.000000 0.000000
-329.631841 221.000000 3.141593 0.140221 0.000000 0.000000 0.000000 0.000000
-329.638972 221.000000 3.141593 0.145030 0.000000 0.000000 0.000000 0.000000
-329.646346 221.000000 3.141593 0.149903 0.000000 0.000000 0.000000 0.000000
-329.653964 221.000000 3.141593 0.154837 0.000000 0.000000 0.000000 0.000000
-329.661831 221.000000 3.141593 0.159832 0.000000 0.000000 0.000000 0.000000
-329.669949 221.000000 3.141593 0.164886 0.000000 0.000000 0.000000 0.000000
-329.678321 221.000000 3.141593 0.169998 0.000000 0.000000 0.000000 0.000000
-329.686950 221.000000 3.141593 0.175167 0.000000 0.000000 0.000000 0.000000
-329.695839 221.000000 3.141593 0.180391 0.000000 0.000000 0.000000 0.000000
-329.704990 221.000000 3.141593 0.185669 0.000000 0.000000 0.000000 0.000000
-329.714407 221.000000 3.141593 0.191001 0.000000 0.000000 0.000000 0.000000
-329.724092 221.000000 3.141593 0.196383 0.000000 0.000000 0.000000 0.000000
-329.734047 221.000000 3.141593 0.201817 0.000000 0.000000 0.000000 0.000000
-329.744275 221.000000 3.141593 0.207299 0.000000 0.000000 0.000000 0.000000
-329.754778 221.000000 3.141593 0.212828 0.000000 0.000000 0.000000 0.000000
-329.765559 221.000000 3.141593 0.218404 0.000000 0.000000 0.000000 0.000000
-329.776619 221.000000 3.141593 0.224024 0.000000 0.000000 0.000000 0.000000
-329.787962 221.000000 3.141593 0.229688 0.000000 0.000000 0.000000 0.000000
-329.799589 221.000000 3.141593 0.235394 0.000000 0.000000 0.000000 0.000000
-329.811503 221.000000 3.141593 0.241141 0.000000 0.000000 0.000000 0.000000
-329.823704 221.000000 3.141593 0.246927 0.000000 0.000000 0.000000 0.000000
-329.836196 221.000000 3.141593 0.252750 0.000000 0.000000 0.000000 0.000000
-329.848980 221.000000 3.141593 0.258610 0.000000 0.000000 0.000000 0.000000
-329.862058 221.000000 3.141593 0.264505 0.000000 0.000000 0.000000 0.000000
-329.875431 221.000000 3.141593 0.270433 0.000000 0.000000 0.000000 0.000000
-329.889102 221.000000 3.141593 0.276393 0.000000 0.000000 0.000000 0.000000
-329.903072 221.000000 3.141593 0.282384 0.000000 0.000000 0.000000 0.000000
-329.917341 221.000000 3.141593 0.288404 0.000000 0.000000 0.000000 0.000000
-329.931913 221.000000 3.141593 0.294451 0.000000 0.000000 0.000000 0.000000
-329.946787 221.000000 3.141593 0.300524 0.000000 0.000000 0.000000 0.000000
-329.961966 221.000000 3.141593 0.306622 0.000000 0.000000 0.000000 0.000000
-329.977450 221.000000 3.141593 0.312743 0.000000 0.000000 0.000000 0.000000
-329.993240 221.000000 3.141593 0.318885 0.000000 0.000000 0.000000 0.000000
-330.009339 221.000000 3.141593 0.325047 0.000000 0.000000 0.000000 0.000000
-330.025746 221.000000 3.141593 0.331228 0.000000 0.000000 0.000000 0.000000
-330.042462 221.000000 3.141593 0.337426 0.000000 0.000000 0.000000 0.000000
-330.059489 221.000000 3.141593 0.343640 0.000000 0.000000 0.000000 0.000000
-330.076826 221.000000 3.141593 0.349867 0.000000 0.000000 0.000000 0.000000
-330.094476 221.000000 3.141593 0.356106 0.000000 0.000000 0.000000 0.000000
-330.112437 221.000000 3.141593 0.362357 0.000000 0.000000 0.000000 0.000000
-330.130712 221.000000 3.141593 0.368616 0.000000 0.000000 0.000000 0.000000
-330.149299 221.000000 3.141593 0.374884 0.000000 0.000000 0.000000 0.000000
-330.168200 221.000000 3.141593 0.381157 0.000000 0.000000 0.000000 0.000000
-330.187415 221.000000 3.141593 0.387436 0.000000 0.000000 0.000000 0.000000
-330.206944 221.000000 3.141593 0.393717 0.000000 0.000000 0.000000 0.000000
-330.226787 221.000000 3.141593 0.400000 0.000000 0.000000 0.000000 0.000000
-330.246944 221.000000 3.141593 0.406283 0.000000 0.000000 0.000000 0.000000
-330.267415 221.000000 3.141593 0.412564 0.000000 0.000000 0.000000 0.000000
-330.288200 221.000000 3.141593 0.418843 0.000000 0.000000 0.000000 0.000000
-330.309299 221.000000 3.141593 0.425116 0.000000 0.000000 0.000000 0.000000
-330.330712 221.000000 3.141593 0.431384 0.000000 0.000000 0.000000 0.000000
-330.352437 221.000000 3.141593 0.437643 0.000000 0.000000 0.000000 0.000000
-330.374476 221.000000 3.141593 0.443894 0.000000 0.000000 0.000000 0.000000
-330.396826 221.000000 3.141593 0.450133 0.000000 0.000000 0.000000 0.000000
-330.419489 221.000000 3.141593 0.456360 0.000000 0.000000 0.000000 0.000000
-330.442462 221.000000 3.141593 0.462574 0.000000 0.000000 0.000000 0.000000
-330.465746 221.000000 3.141593 0.468772 0.000000 0.000000 0.000000 0.000000
-330.489339 221.000000 3.141593 0.474953 0.000000 0.000000 0.000000 0.000000
-330.513240 221.000000 3.141593 0.481115 0.000000 0.000000 0.000000 0.000000
-330.537450 221.000000 3.141593 0.487257 0.000000 0.000000 0.000000 0.000000
-330.561966 221.000000 3.141593 0.493378 0.000000 0.000000 0.000000 0.000000
-330.586787 221.000000 3.141593 0.499476 0.000000 0.000000 0.000000 0.000000
-330.611913 221.000000 3.141593 0.505549 0.000000 0.000000 0.000000 0.000000
-330.637341 221.000000 3.141593 0.511596 0.000000 0.000000 0.000000 0.000000
-330.663072 221.000000 3.141593 0.517616 0.000000 0.000000 0.000000 0.000000
-330.689102 221.000000 3.141593 0.523607 0.000000 0.000000 0.000000 0.000000
-330.715431 221.000000 3.141593 0.529567 0.000000 0.000000 0.000000 0.000000
-330.742058 221.000000 3.141593 0.535495 0.000000 0.000000 0.000000 0.000000
-330.768980 221.000000 3.141593 0.541390 0.000000 0.000000 0.000000 0.000000
-330.796196 221.000000 3.141593 0.547250 0.000000 0.000000 0.000000 0.000000
-330.823704 221.000000 3.141593 0.553073 0.000000 0.000000 0.000000 0.000000
-330.851503 221.000000 3.141593 0.558859 0.000000 0.000000 0.000000 0.000000
-330.879589 221.000000 3.141593 0.564606 0.000000 0.000000 0.000000 0.000000
-330.907962 221.000000 3.141593 0.570312 0.000000 0.000000 0.000000 0.000000
-330.936619 221.000000 3.141593 0.575976 0.000000 0.000000 0.000000 0.000000
-330.965559 221.000000 3.141593 0.581596 0.000000 0.000000 0.000000 0.000000
-330.994778 221.000000 3.141593 0.587172 0.000000 0.000000 0.000000 0.000000
-331.024275 221.000000 3.141593 0.592701 0.000000 0.000000 0.000000 0.000000
-331.054047 221.000000 3.141593 0.598183 0.000000 0.000000 0.000000 0.000000
-331.084092 221.000000 3.141593 0.603617 0.000000 0.000000 0.000000 0.000000
-331.114407 221.000000 3.141593 0.608999 0.000000 0.000000 0.000000 0.000000
-331.144990 221.000000 3.141593 0.614331 0.000000 0.000000 0.000000 0.000000
-331.175839 221.000000 3.141593 0.619609 0.000000 0.000000 0.000000 0.000000
-331.206950 221.000000 3.141593 0.624833 0.000000 0.000000 0.000000 0.000000
-331.238321 221.000000 3.141593 0.630002 0.000000 0.000000 0.000000 0.000000
-331.269949 221.000000 3.141593 0.635114 0.000000 0.000000 0.000000 0.000000
-331.301831 221.000000 3.141593 0.640168 0.000000 0.000000 0.000000 0.000000
-331.333964 221.000000 3.141593 0.645163 0.000000 0.000000 0.000000 0.000000
-331.366346 221.000000 3.141593 0.650097 0.000000 0.000000 0.000000 0.000000
-331.398972 221.000000 3.141593 0.654970 0.000000 0.000000 0.000000 0.000000
-331.431841 221.000000 3.141593 0.659779 0.000000 0.000000 0.000000 0.000000
-331.464949 221.000000 3.141593 0.664525 0.000000 0.000000 0.000000 0.000000
-331.498292 221.000000 3.141593 0.669205 0.000000 0.000000 0.000000 0.000000
-331.531867 221.000000 3.141593 0.673819 0.000000 0.000000 0.000000 0.000000
-331.565672 221.000000 3.141593 0.678365 0.000000 0.000000 0.000000 0.000000
-331.599702 221.000000 3.141593 0.682843 0.000000 0.000000 0.000000 0.000000
-331.633955 221.000000 3.141593 0.687251 0.000000 0.000000 0.000000 0.000000
-331.668425 221.000000 3.141593 0.691587 0.000000 0.000000 0.000000 0.000000
-331.703111 221.000000 3.141593 0.695852 0.000000 0.000000 0.000000 0.000000
-331.738009 221.000000 3.141593 0.700044 0.000000 0.000000 0.000000 0.000000
-331.773114 221.000000 3.141593 0.704162 0.000000 0.000000 0.000000 0.000000
-331.808423 221.000000 3.141593 0.708205 0.000000 0.000000 0.000000 0.000000
-331.843933 221.000000 3.141593 0.712172 0.000000 0.000000 0.000000 0.000000
-331.879639 221.000000 3.141593 0.716062 0.000000 0.000000 0.000000 0.000000
-331.915537 221.000000 3.141593 0.719874 0.000000 0.000000 0.000000 0.000000
-331.951624 221.000000 3.141593 0.723607 0.000000 0.000000 0.000000 0.000000
-331.987896 221.000000 3.141593 0.727260 0.000000 0.000000 0.000000 0.000000
-332.024348 221.000000 3.141593 0.730832 0.000000 0.000000 0.000000 0.000000
-332.060977 221.000000 3.141593 0.734323 0.000000 0.000000 0.000000 0.000000
-332.097778 221.000000 3.141593 0.737731 0.000000 0.000000 0.000000 0.000000
-332.134748 221.000000 3.141593 0.741056 0.000000 0.000000 0.000000 0.000000
-332.171882 221.000000 3.141593 0.744297 0.000000 0.000000 0.000000 0.000000
-332.209175 221.000000 3.141593 0.747453 0.000000 0.000000 0.000000 0.000000
-332.246625 221.000000 3.141593 0.750523 0.000000 0.000000 0.000000 0.000000
-332.284226 221.000000 3.141593 0.753506 0.000000 0.000000 0.000000 0.000000
-332.321973 221.000000 3.141593 0.756403 0.000000 0.000000 0.000000 0.000000
-332.359864 221.000000 3.141593 0.759211 0.000000 0.000000 0.000000 0.000000
-332.397892 221.000000 3.141593 0.761931 0.000000 0.000000 0.000000 0.000000
-332.436054 221.000000 3.141593 0.764561 0.000000 0.000000 0.000000 0.000000
-332.474346 221.000000 3.141593 0.767102 0.000000 0.000000 0.000000 0.000000
-332.512762 221.000000 3.141593 0.769552 0.000000 0.000000 0.000000 0.000000
-332.551299 221.000000 3.141593 0.771911 0.000000 0.000000 0.000000 0.000000
-332.589951 221.000000 3.141593 0.774178 0.000000 0.000000 0.000000 0.000000
-332.628714 221.000000 3.141593 0.776352 0.000000 0.000000 0.000000 0.000000
-332.667584 221.000000 3.141593 0.778434 0.000000 0.000000 0.000000 0.000000
-332.706555 221.000000 3.141593 0.780423 0.000000 0.000000 0.000000 0.000000
-332.745624 221.000000 3.141593 0.782317 0.000000 0.000000 0.000000 0.000000
-332.784785 221.000000 3.141593 0.784117 0.000000 0.000000 0.000000 0.000000
-332.824033 221.000000 3.141593 0.785823 0.000000 0.000000 0.000000 0.000000
-332.863365 221.000000 3.141593 0.787433 0.000000 0.000000 0.000000 0.000000
-332.902774 221.000000 3.141593 0.788948 0.000000 0.000000 0.000000 0.000000
-332.942257 221.000000 3.141593 0.790367 0.000000 0.000000 0.000000 0.000000
-332.981809 221.000000 3.141593 0.791689 0.000000 0.000000 0.000000 0.000000
-333.021424 221.000000 3.141593 0.792915 0.000000 0.000000 0.000000 0.000000
-333.061098 221.000000 3.141593 0.794044 0.000000 0.000000 0.000000 0.000000
-333.100826 221.000000 3.141593 0.795075 0.000000 0.000000 0.000000 0.000000
-333.140603 221.000000 3.141593 0.796009 0.000000 0.000000 0.000000 0.000000
-333.180424 221.000000 3.141593 0.796846 0.000000 0.000000 0.000000 0.000000
-333.220285 221.000000 3.141593 0.797584 0.000000 0.000000 0.000000 0.000000
-333.260180 221.000000 3.141593 0.798225 0.000000 0.000000 0.000000 0.000000
-333.300105 221.000000 3.141593 0.798767 0.000000 0.000000 0.000000 0.000000
-333.340054 221.000000 3.141593 0.799211 0.000000 0.000000 0.000000 0.000000
-333.380023 221.000000 3.141593 0.799556 0.000000 0.000000 0.000000 0.000000
-333.420007 221.000000 3.141593 0.799803 0.000000 0.000000 0.000000 0.000000
-333.460001 221.000000 3.141593 0.799951 0.000000 0.000000 0.000000 0.000000
-333.500000 221.000000 3.141593 0.800000 0.000000 0.000000 0.000000 0.000000
-333.540000 221.000000 3.141593 0.800000 0.000000 0.000000 0.000000 0.000000
-333.580000 221.000000 3.141593 0.800000 0.000000 0.000000 0.000000 0.000000
-333.620000 221.000000 3.141593 0.800000 0.000000 0.000000 0.000000 0.000000
-333.660000 221.000000 3.141593 0.800000 0.000000 0.000000 0.000000 0.000000
-333.700000 221.000000 3.141593 0.800000 0.000000 0.000000 0.000000 0.000000
-333.740000 221.000000 3.141593 0.800000 0.000000 0.000000 0.000000 0.000000
-333.780000 221.000000 3.141593 0.800000 0.000000 0.000000 0.000000 0.000000
-333.820000 221.000000 3.141593 0.800000 0.000000 0.000000 0.000000 0.000000
-333.860000 221.000000 3.141593 0.800000 0.000000 0.000000 0.000000 0.000000
-333.900000 221.000000 3.141593 0.800000 0.000000 0.000000 0.000000 0.000000
-333.940000 221.000000 3.141593 0.800000 0.000000 0.000000 0.000000 0.000000
-333.980000 221.000000 3.141593 0.800000 0.000000 0.000000 0.000000 0.000000
-334.020000 221.000000 3.141593 0.800000 0.000000 0.000000 0.000000 0.000000
-334.060000 221.000000 3.141593 0.800000 0.000000 0.000000 0.000000 0.000000
-334.100000 221.000000 3.141593 0.800000 0.000000 0.000000 0.000000 0.000000
-334.140000 221.000000 3.141593 0.800000 0.000000 0.000000 0.000000 0.000000
-334.180000 221.000000 3.141593 0.800000 0.000000 0.000000 0.000000 0.000000
-334.220000 221.000000 3.141593 0.800000 0.000000 0.000000 0.000000 0.000000
-334.260000 221.000000 3.141593 0.800000 0.000000 0.000000 0.000000 0.000000
-334.300000 221.000000 3.141593 0.800000 0.000000 0.000000 0.000000 0.000000
-334.340000 221.000000 3.141593 0.800000 0.000000 0.000000 0.000000 0.000000
-334.380000 221.000000 3.141593 0.800000 0.000000 0.000000 0.000000 0.000000
-334.420000 221.000000 3.141593 0.800000 0.000000 0.000000 0.000000 0.000000
-334.460000 221.000000 3.141593 0.800000 0.000000 0.000000 0.000000 0.000000
-334.500000 221.000000 3.141593 0.800000 0.000000 0.000000 0.000000 0.000000
-334.540000 221.000000 3.141593 0.800000 0.000000 0.000000 0.000000 0.000000
-334.580000 221.000000 3.141593 0.800000 0.000000 0.000000 0.000000 0.000000
-334.620000 221.000000 3.141593 0.800000 0.000000 0.000000 0.000000 0.000000
-334.660000 221.000000 3.141593 0.800000 0.000000 0.000000 0.000000 0.000000
-334.700000 221.000000 3.141593 0.800000 0.000000 0.000000 0.000000 0.000000
-334.740000 221.000000 3.141593 0.800000 0.000000 0.000000 0.000000 0.000000
-334.780000 221.000000 3.141593 0.800000 0.000000 0.000000 0.000000 0.000000
-334.820000 221.000000 3.141593 0.800000 0.000000 0.000000 0.000000 0.000000
-334.860000 221.000000 3.141593 0.800000 0.000000 0.000000 0.000000 0.000000
-334.900000 221.000000 3.141593 0.800000 0.000000 0.000000 0.000000 0.000000
-334.940000 221.000000 3.141593 0.800000 0.000000 0.000000 0.000000 0.000000
-334.980000 221.000000 3.141593 0.800000 0.000000 0.000000 0.000000 0.000000
-335.020000 221.000000 3.141593 0.800000 0.000000 0.000000 0.000000 0.000000
-335.060000 221.000000 3.141593 0.800000 0.000000 0.000000 0.000000 0.000000
-335.100000 221.000000 3.141593 0.800000 0.000000 0.000000 0.000000 0.000000
-335.140000 221.000000 3.141593 0.800000 0.000000 0.000000 0.000000 0.000000
-335.180000 221.000000 3.141593 0.800000 0.000000 0.000000 0.000000 0.000000
-335.220000 221.000000 3.141593 0.800000 0.000000 0.000000 0.000000 0.000000
-335.260000 221.000000 3.141593 0.800000 0.000000 0.000000 0.000000 0.000000
-335.300000 221.000000 3.141593 0.800000 0.000000 0.000000 0.000000 0.000000
-335.340000 221.000000 3.141593 0.800000 0.000000 0.000000 0.000000 0.000000
-335.380000 221.000000 3.141593 0.800000 0.000000 0.000000 0.000000 0.000000
-335.420000 221.000000 3.141593 0.800000 0.000000 0.000000 0.000000 0.000000
-335.460000 221.000000 3.141593 0.800000 0.000000 0.000000 0.000000 0.000000
-335.500000 221.000000 3.141593 0.800000 0.000000 0.000000 0.000000 0.000000
-335.540000 221.000000 3.141593 0.800000 0.000000 0.000000 0.000000 0.000000
-335.580000 221.000000 3.141593 0.800000 0.000000 0.000000 0.000000 0.000000
-335.620000 221.000000 3.141593 0.800000 0.000000 0.000000 0.000000 0.000000
-335.660000 221.000000 3.141593 0.800000 0.000000 0.000000 0.000000 0.000000
-335.700000 221.000000 3.141593 0.800000 0.000000 0.000000 0.000000 0.000000
-335.740000 221.000000 3.141593 0.800000 0.000000 0.000000 0.000000 0.000000
-335.780000 221.000000 3.141593 0.800000 0.000000 0.000000 0.000000 0.000000
-335.820000 221.000000 3.141593 0.800000 0.000000 0.000000 0.000000 0.000000
-335.860000 221.000000 3.141593 0.800000 0.000000 0.000000 0.000000 0.000000
-335.900000 221.000000 3.141593 0.800000 0.000000 0.000000 0.000000 0.000000
-335.940000 221.000000 3.141593 0.800000 0.000000 0.000000 0.000000 0.000000
-335.980000 221.000000 3.141593 0.800000 0.000000 0.000000 0.000000 0.000000
-336.020000 221.000000 3.141593 0.800000 0.000000 0.000000 0.000000 0.000000
-336.060000 221.000000 3.141593 0.800000 0.000000 0.000000 0.000000 0.000000
-336.100000 221.000000 3.141593 0.800000 0.000000 0.000000 0.000000 0.000000
-336.140000 221.000000 3.141593 0.800000 0.000000 0.000000 0.000000 0.000000
-336.180000 221.000000 3.141593 0.800000 0.000000 0.000000 0.000000 0.000000
-336.220000 221.000000 3.141593 0.800000 0.000000 0.000000 0.000000 0.000000
-336.260000 221.000000 3.141593 0.800000 0.000000 0.000000 0.000000 0.000000
-336.300000 221.000000 3.141593 0.800000 0.000000 0.000000 0.000000 0.000000
-336.340000 221.000000 3.141593 0.800000 0.000000 0.000000 0.000000 0.000000
-336.380000 221.000000 3.141593 0.800000 0.000000 0.000000 0.000000 0.000000
-336.420000 221.000000 3.141593 0.800000 0.000000 0.000000 0.000000 0.000000
-336.460000 221.000000 3.141593 0.800000 0.000000 0.000000 0.000000 0.000000
-336.500000 221.000000 3.141593 0.800000 0.000000 0.000000 0.000000 0.000000
-336.540000 221.000000 3.141593 0.800000 0.000000 0.000000 0.000000 0.000000
-336.580000 221.000000 3.141593 0.800000 0.000000 0.000000 0.000000 0.000000
-336.620000 221.000000 3.141593 0.800000 0.000000 0.000000 0.000000 0.000000
-336.660000 221.000000 3.141593 0.800000 0.000000 0.000000 0.000000 0.000000
-336.700000 221.000000 3.141593 0.800000 0.000000 0.000000 0.000000 0.000000
-336.740000 221.000000 3.141593 0.800000 0.000000 0.000000 0.000000 0.000000
-336.780000 221.000000 3.141593 0.800000 0.000000 0.000000 0.000000 0.000000
-336.820000 221.000000 3.141593 0.800000 0.000000 0.000000 0.000000 0.000000
-336.860000 221.000000 3.141593 0.800000 0.000000 0.000000 0.000000 0.000000
-336.900000 221.000000 3.141593 0.800000 0.000000 0.000000 0.000000 0.000000
-336.940000 221.000000 3.141593 0.800000 0.000000 0.000000 0.000000 0.000000
-336.980000 221.000000 3.141593 0.800000 0.000000 0.000000 0.000000 0.000000
-337.020000 221.000000 3.141593 0.800000 0.000000 0.000000 0.000000 0.000000
-337.060000 221.000000 3.141593 0.800000 0.000000 0.000000 0.000000 0.000000
-337.100000 221.000000 3.141593 0.800000 0.000000 0.000000 0.000000 0.000000
-337.140000 221.000000 3.141593 0.800000 0.000000 0.000000 0.000000 0.000000
-337.180000 221.000000 3.141593 0.800000 0.000000 0.000000 0.000000 0.000000
-337.220000 221.000000 3.141593 0.800000 0.000000 0.000000 0.000000 0.000000
-337.260000 221.000000 3.141593 0.800000 0.000000 0.000000 0.000000 0.000000
-337.300000 221.000000 3.141593 0.800000 0.000000 0.000000 0.000000 0.000000
-337.340000 221.000000 3.141593 0.800000 0.000000 0.000000 0.000000 0.000000
-337.380000 221.000000 3.141593 0.800000 0.000000 0.000000 0.000000 0.000000
-337.420000 221.000000 3.141593 0.800000 0.000000 0.000000 0.000000 0.000000
-337.460000 221.000000 3.141593 0.800000 0.000000 0.000000 0.000000 0.000000
-337.500000 221.000000 3.141593 0.800000 0.000000 0.000000 0.000000 0.000000
-337.540000 221.000000 3.141593 0.800000 0.000000 0.000000 0.000000 0.000000
-337.580000 221.000000 3.141593 0.800000 0.000000 0.000000 0.000000 0.000000
-337.620000 221.000000 3.141593 0.800000 0.000000 0.000000 0.000000 0.000000
-337.660000 221.000000 3.141593 0.800000 0.000000 0.000000 0.000000 0.000000
-337.700000 221.000000 3.141593 0.800000 0.000000 0.000000 0.000000 0.000000
-337.740000 221.000000 3.141593 0.800000 0.000000 0.000000 0.000000 0.000000
-337.780000 221.000000 3.141593 0.800000 0.000000 0.000000 0.000000 0.000000
-337.820000 221.000000 3.141593 0.800000 0.000000 0.000000 0.000000 0.000000
-337.860000 221.000000 3.141593 0.800000 0.000000 0.000000 0.000000 0.000000
-337.900000 221.000000 3.141593 0.800000 0.000000 0.000000 0.000000 0.000000
-337.940000 221.000000 3.141593 0.800000 0.000000 0.000000 0.000000 0.000000
-337.980000 221.000000 3.141593 0.800000 0.000000 0.000000 0.000000 0.000000
-338.020000 221.000000 3.141593 0.800000 0.000000 0.000000 0.000000 0.000000
-338.060000 221.000000 3.141593 0.800000 0.000000 0.000000 0.000000 0.000000
-338.100000 221.000000 3.141593 0.800000 0.000000 0.000000 0.000000 0.000000
-338.140000 221.000000 3.141593 0.800000 0.000000 0.000000 0.000000 0.000000
-338.180000 221.000000 3.141593 0.800000 0.000000 0.000000 0.000000 0.000000
-338.220000 221.000000 3.141593 0.800000 0.000000 0.000000 0.000000 0.000000
-338.260000 221.000000 3.141593 0.800000 0.000000 0.000000 0.000000 0.000000
-338.300000 221.000000 3.141593 0.800000 0.000000 0.000000 0.000000 0.000000
-338.340000 221.000000 3.141593 0.800000 0.000000 0.000000 0.000000 0.000000
-338.380000 221.000000 3.141593 0.800000 0.000000 0.000000 0.000000 0.000000
-338.420000 221.000000 3.141593 0.800000 0.000000 0.000000 0.000000 0.000000
-338.460000 221.000000 3.141593 0.800000 0.000000 0.000000 0.000000 0.000000
-338.500000 221.000000 3.141593 0.800000 0.000000 0.000000 0.000000 0.000000
-338.540000 221.000000 3.141593 0.800000 0.000000 0.000000 0.000000 0.000000
-338.580000 221.000000 3.141593 0.800000 0.000000 0.000000 0.000000 0.000000
-338.620000 221.000000 3.141593 0.800000 0.000000 0.000000 0.000000 0.000000
-338.660000 221.000000 3.141593 0.800000 0.000000 0.000000 0.000000 0.000000
-338.700000 221.000000 3.141593 0.800000 0.000000 0.000000 0.000000 0.000000
-338.740000 221.000000 3.141593 0.800000 0.000000 0.000000 0.000000 0.000000
-338.780000 221.000000 3.141593 0.800000 0.000000 0.000000 0.000000 0.000000
-338.820000 221.000000 3.141593 0.800000 0.000000 0.000000 0.000000 0.000000
-338.860000 221.000000 3.141593 0.800000 0.000000 0.000000 0.000000 0.000000
-338.900000 221.000000 3.141593 0.800000 0.000000 0.000000 0.000000 0.000000
-338.940000 221.000000 3.141593 0.800000 0.000000 0.000000 0.000000 0.000000
-338.980000 221.000000 3.141593 0.800000 0.000000 0.000000 0.000000 0.000000
-339.020000 221.000000 3.141593 0.800000 0.000000 0.000000 0.000000 0.000000
-339.060000 221.000000 3.141593 0.800000 0.000000 0.000000 0.000000 0.000000
-339.100000 221.000000 3.141593 0.800000 0.000000 0.000000 0.000000 0.000000
-339.140000 221.000000 3.141593 0.800000 0.000000 0.000000 0.000000 0.000000
-339.180000 221.000000 3.141593 0.800000 0.000000 0.000000 0.000000 0.000000
-339.220000 221.000000 3.141593 0.800000 0.000000 0.000000 0.000000 0.000000
-339.260000 221.000000 3.141593 0.800000 0.000000 0.000000 0.000000 0.000000
-339.300000 221.000000 3.141593 0.800000 0.000000 0.000000 0.000000 0.000000
-339.340000 221.000000 3.141593 0.800000 0.000000 0.000000 0.000000 0.000000
-339.380000 221.000000 3.141593 0.800000 0.000000 0.000000 0.000000 0.000000
-339.420000 221.000000 3.141593 0.800000 0.000000 0.000000 0.000000 0.000000
-339.460000 221.000000 3.141593 0.800000 0.000000 0.000000 0.000000 0.000000
-339.500000 221.000000 3.141593 0.800000 0.000000 0.000000 0.000000 0.000000
-339.540000 221.000000 3.141593 0.800000 0.000000 0.000000 0.000000 0.000000
-339.580000 221.000000 3.141593 0.800000 0.000000 0.000000 0.000000 0.000000
-339.620000 221.000000 3.141593 0.800000 0.000000 0.000000 0.000000 0.000000
-339.660000 221.000000 3.141593 0.800000 0.000000 0.000000 0.000000 0.000000
-339.700000 221.000000 3.141593 0.800000 0.000000 0.000000 0.000000 0.000000
-339.740000 221.000000 3.141593 0.800000 0.000000 0.000000 0.000000 0.000000
-339.780000 221.000000 3.141593 0.800000 0.000000 0.000000 0.000000 0.000000
-339.820000 221.000000 3.141593 0.800000 0.000000 0.000000 0.000000 0.000000
-339.860000 221.000000 3.141593 0.800000 0.000000 0.000000 0.000000 0.000000
-339.900000 221.000000 3.141593 0.800000 0.000000 0.000000 0.000000 0.000000
-339.940000 221.000000 3.141593 0.800000 0.000000 0.000000 0.000000 0.000000
-339.980000 221.000000 3.141593 0.800000 0.000000 0.000000 0.000000 0.000000
-340.020000 221.000000 3.141593 0.800000 0.000000 0.000000 0.000000 0.000000
-340.060000 221.000000 3.141593 0.800000 0.000000 0.000000 0.000000 0.000000
-340.100000 221.000000 3.141593 0.800000 0.000000 0.000000 0.000000 0.000000
-340.140000 221.000000 3.141593 0.800000 0.000000 0.000000 0.000000 0.000000
-340.180000 221.000000 3.141593 0.800000 0.000000 0.000000 0.000000 0.000000
-340.220000 221.000000 3.141593 0.800000 0.000000 0.000000 0.000000 0.000000
-340.260000 221.000000 3.141593 0.800000 0.000000 0.000000 0.000000 0.000000
-340.300000 221.000000 3.141593 0.800000 0.000000 0.000000 0.000000 0.000000
-340.340000 221.000000 3.141593 0.800000 0.000000 0.000000 0.000000 0.000000
-340.380000 221.000000 3.141593 0.800000 0.000000 0.000000 0.000000 0.000000
-340.420000 221.000000 3.141593 0.800000 0.000000 0.000000 0.000000 0.000000
-340.460000 221.000000 3.141593 0.800000 0.000000 0.000000 0.000000 0.000000
-340.500000 221.000000 3.141593 0.800000 0.000000 0.000000 0.000000 0.000000
-340.540000 221.000000 3.141593 0.800000 0.000000 0.000000 0.000000 0.000000
-340.580000 221.000000 3.141593 0.800000 0.000000 0.000000 0.000000 0.000000
-340.620000 221.000000 3.141593 0.800000 0.000000 0.000000 0.000000 0.000000
-340.660000 221.000000 3.141593 0.800000 0.000000 0.000000 0.000000 0.000000
-340.700000 221.000000 3.141593 0.800000 0.000000 0.000000 0.000000 0.000000
-340.740000 221.000000 3.141593 0.800000 0.000000 0.000000 0.000000 0.000000
-340.780000 221.000000 3.141593 0.800000 0.000000 0.000000 0.000000 0.000000
-340.820000 221.000000 3.141593 0.800000 0.000000 0.000000 0.000000 0.000000
-340.860000 221.000000 3.141593 0.800000 0.000000 0.000000 0.000000 0.000000
-340.900000 221.000000 3.141593 0.800000 0.000000 0.000000 0.000000 0.000000
-340.940000 221.000000 3.141593 0.800000 0.000000 0.000000 0.000000 0.000000
-340.980000 221.000000 3.141593 0.800000 0.000000 0.000000 0.000000 0.000000
-341.020000 221.000000 3.141593 0.800000 0.000000 0.000000 0.000000 0.000000
-341.060000 221.000000 3.141593 0.800000 0.000000 0.000000 0.000000 0.000000
-341.100000 221.000000 3.141593 0.800000 0.000000 0.000000 0.000000 0.000000
-341.140000 221.000000 3.141593 0.800000 0.000000 0.000000 0.000000 0.000000
-341.180000 221.000000 3.141593 0.800000 0.000000 0.000000 0.000000 0.000000
-341.220000 221.000000 3.141593 0.800000 0.000000 0.000000 0.000000 0.000000
-341.260000 221.000000 3.141593 0.800000 0.000000 0.000000 0.000000 0.000000
-341.300000 221.000000 3.141593 0.800000 0.000000 0.000000 0.000000 0.000000
-341.340000 221.000000 3.141593 0.800000 0.000000 0.000000 0.000000 0.000000
-341.380000 221.000000 3.141593 0.800000 0.000000 0.000000 0.000000 0.000000
-341.420000 221.000000 3.141593 0.800000 0.000000 0.000000 0.000000 0.000000
-341.460000 221.000000 3.141593 0.800000 0.000000 0.000000 0.000000 0.000000
-341.500000 221.000000 3.141593 0.800000 0.000000 0.000000 0.000000 0.000000
-341.540000 221.000000 3.141593 0.800000 0.000000 0.000000 0.000000 0.000000
-341.580000 221.000000 3.141593 0.800000 0.000000 0.000000 0.000000 0.000000
-341.620000 221.000000 3.141593 0.800000 0.000000 0.000000 0.000000 0.000000
-341.660000 221.000000 3.141593 0.800000 0.000000 0.000000 0.000000 0.000000
-341.700000 221.000000 3.141593 0.800000 0.000000 0.000000 0.000000 0.000000
-341.740000 221.000000 3.141593 0.800000 0.000000 0.000000 0.000000 0.000000
-341.780000 221.000000 3.141593 0.800000 0.000000 0.000000 0.000000 0.000000
-341.820000 221.000000 3.141593 0.800000 0.000000 0.000000 0.000000 0.000000
-341.860000 221.000000 3.141593 0.800000 0.000000 0.000000 0.000000 0.000000
-341.900000 221.000000 3.141593 0.800000 0.000000 0.000000 0.000000 0.000000
-341.940000 221.000000 3.141593 0.800000 0.000000 0.000000 0.000000 0.000000
-341.980000 221.000000 3.141593 0.800000 0.000000 0.000000 0.000000 0.000000
-342.020000 221.000000 3.141593 0.800000 0.000000 0.000000 0.000000 0.000000
-342.060000 221.000000 3.141593 0.800000 0.000000 0.000000 0.000000 0.000000
-342.100000 221.000000 3.141593 0.800000 0.000000 0.000000 0.000000 0.000000
-342.140000 221.000000 3.141593 0.800000 0.000000 0.000000 0.000000 0.000000
-342.180000 221.000000 3.141593 0.800000 0.000000 0.000000 0.000000 0.000000
-342.220000 221.000000 3.141593 0.800000 0.000000 0.000000 0.000000 0.000000
-342.260000 221.000000 3.141593 0.800000 0.000000 0.000000 0.000000 0.000000
-342.300000 221.000000 3.141593 0.800000 0.000000 0.000000 0.000000 0.000000
-342.340000 221.000000 3.141593 0.800000 0.000000 0.000000 0.000000 0.000000
-342.380000 221.000000 3.141593 0.800000 0.000000 0.000000 0.000000 0.000000
-342.420000 221.000000 3.141593 0.800000 0.000000 0.000000 0.000000 0.000000
-342.460000 221.000000 3.141593 0.800000 0.000000 0.000000 0.000000 0.000000
-342.500000 221.000000 3.141593 0.800000 0.000000 0.000000 0.000000 0.000000
-342.540000 221.000000 3.141593 0.800000 0.000000 0.000000 0.000000 0.000000
-342.580000 221.000000 3.141593 0.800000 0.000000 0.000000 0.000000 0.000000
-342.620000 221.000000 3.141593 0.800000 0.000000 0.000000 0.000000 0.000000
-342.660000 221.000000 3.141593 0.800000 0.000000 0.000000 0.000000 0.000000
-342.700000 221.000000 3.141593 0.800000 0.000000 0.000000 0.000000 0.000000
-342.740000 221.000000 3.141593 0.800000 0.000000 0.000000 0.000000 0.000000
-342.780000 221.000000 3.141593 0.800000 0.000000 0.000000 0.000000 0.000000
-342.820000 221.000000 3.141593 0.800000 0.000000 0.000000 0.000000 0.000000
-342.860000 221.000000 3.141593 0.800000 0.000000 0.000000 0.000000 0.000000
-342.900000 221.000000 3.141593 0.800000 0.000000 0.000000 0.000000 0.000000
-342.940000 221.000000 3.141593 0.800000 0.000000 0.000000 0.000000 0.000000
-342.980000 221.000000 3.141593 0.800000 0.000000 0.000000 0.000000 0.000000
-343.020000 221.000000 3.141593 0.800000 0.000000 0.000000 0.000000 0.000000
-343.060000 221.000000 3.141593 0.800000 0.000000 0.000000 0.000000 0.000000
-343.100000 221.000000 3.141593 0.800000 0.000000 0.000000 0.000000 0.000000
-343.140000 221.000000 3.141593 0.800000 0.000000 0.000000 0.000000 0.000000
-343.180000 221.000000 3.141593 0.800000 0.000000 0.000000 0.000000 0.000000
-343.220000 221.000000 3.141593 0.800000 0.000000 0.000000 0.000000 0.000000
-343.260000 221.000000 3.141593 0.800000 0.000000 0.000000 0.000000 0.000000
-343.300000 221.000000 3.141593 0.800000 0.000000 0.000000 0.000000 0.000000
-343.340000 221.000000 3.141593 0.800000 0.000000 0.000000 0.000000 0.000000
-343.380000 221.000000 3.141593 0.800000 0.000000 0.000000 0.000000 0.000000
-343.420000 221.000000 3.141593 0.800000 0.000000 0.000000 0.000000 0.000000
-343.460000 221.000000 3.141593 0.800000 0.000000 0.000000 0.000000 0.000000
-343.500000 221.000000 3.141593 0.800000 0.000000 0.000000 0.000000 0.000000
-343.540000 221.000000 3.141593 0.800000 0.000000 0.000000 0.000000 0.000000
-343.580000 221.000000 3.141593 0.800000 0.000000 0.000000 0.000000 0.000000
-343.620000 221.000000 3.141593 0.800000 0.000000 0.000000 0.000000 0.000000
-343.660000 221.000000 3.141593 0.800000 0.000000 0.000000 0.000000 0.000000
-343.700000 221.000000 3.141593 0.800000 0.000000 0.000000 0.000000 0.000000
-343.740000 221.000000 3.141593 0.800000 0.000000 0.000000 0.000000 0.000000
-343.780000 221.000000 3.141593 0.800000 0.000000 0.000000 0.000000 0.000000
-343.820000 221.000000 3.141593 0.800000 0.000000 0.000000 0.000000 0.000000
-343.860000 221.000000 3.141593 0.800000 0.000000 0.000000 0.000000 0.000000
-343.900000 221.000000 3.141593 0.800000 0.000000 0.000000 0.000000 0.000000
-343.940000 221.000000 3.141593 0.800000 0.000000 0.000000 0.000000 0.000000
-343.980000 221.000000 3.141593 0.800000 0.000000 0.000000 0.000000 0.000000
-344.020000 221.000000 3.141593 0.800000 0.000000 0.000000 0.000000 0.000000
-344.060000 221.000000 3.141593 0.800000 0.000000 0.000000 0.000000 0.000000
-344.100000 221.000000 3.141593 0.800000 0.000000 0.000000 0.000000 0.000000
-344.140000 221.000000 3.141593 0.800000 0.000000 0.000000 0.000000 0.000000
-344.180000 221.000000 3.141593 0.800000 0.000000 0.000000 0.000000 0.000000
-344.220000 221.000000 3.141593 0.800000 0.000000 0.000000 0.000000 0.000000
-344.260000 221.000000 3.141593 0.800000 0.000000 0.000000 0.000000 0.000000
-344.300000 221.000000 3.141593 0.800000 0.000000 0.000000 0.000000 0.000000
-344.340000 221.000000 3.141593 0.800000 0.000000 0.000000 0.000000 0.000000
-344.380000 221.000000 3.141593 0.800000 0.000000 0.000000 0.000000 0.000000
-344.420000 221.000000 3.141593 0.800000 0.000000 0.000000 0.000000 0.000000
-344.460000 221.000000 3.141593 0.800000 0.000000 0.000000 0.000000 0.000000
-344.500000 221.000000 3.141593 0.800000 0.000000 0.000000 0.000000 0.000000
-344.540000 221.000000 3.141593 0.800000 0.000000 0.000000 0.000000 0.000000
-344.580000 221.000000 3.141593 0.800000 0.000000 0.000000 0.000000 0.000000
-344.620000 221.000000 3.141593 0.800000 0.000000 0.000000 0.000000 0.000000
-344.660000 221.000000 3.141593 0.800000 0.000000 0.000000 0.000000 0.000000
-344.700000 221.000000 3.141593 0.800000 0.000000 0.000000 0.000000 0.000000
-344.740000 221.000000 3.141593 0.800000 0.000000 0.000000 0.000000 0.000000
-344.780000 221.000000 3.141593 0.800000 0.000000 0.000000 0.000000 0.000000
-344.820000 221.000000 3.141593 0.800000 0.000000 0.000000 0.000000 0.000000
-344.860000 221.000000 3.141593 0.800000 0.000000 0.000000 0.000000 0.000000
-344.900000 221.000000 3.141593 0.800000 0.000000 0.000000 0.000000 0.000000
-344.940000 221.000000 3.141593 0.800000 0.000000 0.000000 0.000000 0.000000
-344.980000 221.000000 3.141593 0.800000 0.000000 0.000000 0.000000 0.000000
-345.020000 221.000000 3.141593 0.800000 0.000000 0.000000 0.000000 0.000000
-345.060000 221.000000 3.141593 0.800000 0.000000 0.000000 0.000000 0.000000
-345.100000 221.000000 3.141593 0.800000 0.000000 0.000000 0.000000 0.000000
-345.140000 221.000000 3.141593 0.800000 0.000000 0.000000 0.000000 0.000000
-345.180000 221.000000 3.141593 0.800000 0.000000 0.000000 0.000000 0.000000
-345.220000 221.000000 3.141593 0.800000 0.000000 0.000000 0.000000 0.000000
-345.260000 221.000000 3.141593 0.800000 0.000000 0.000000 0.000000 0.000000
-345.300000 221.000000 3.141593 0.800000 0.000000 0.000000 0.000000 0.000000
-345.340000 221.000000 3.141593 0.800000 0.000000 0.000000 0.000000 0.000000
-345.380000 221.000000 3.141593 0.800000 0.000000 0.000000 0.000000 0.000000
-345.420000 221.000000 3.141593 0.800000 0.000000 0.000000 0.000000 0.000000
-345.460000 221.000000 3.141593 0.800000 0.000000 0.000000 0.000000 0.000000
-345.500000 221.000000 3.141593 0.800000 0.000000 0.000000 0.000000 0.000000
-345.540000 221.000000 3.141593 0.800000 0.000000 0.000000 0.000000 0.000000
-345.580000 221.000000 3.141593 0.800000 0.000000 0.000000 0.000000 0.000000
-345.620000 221.000000 3.141593 0.800000 0.000000 0.000000 0.000000 0.000000
-345.660000 221.000000 3.141593 0.800000 0.000000 0.000000 0.000000 0.000000
-345.700000 221.000000 3.141593 0.800000 0.000000 0.000000 0.000000 0.000000
-345.740000 221.000000 3.141593 0.800000 0.000000 0.000000 0.000000 0.000000
-345.780000 221.000000 3.141593 0.800000 0.000000 0.000000 0.000000 0.000000
-345.820000 221.000000 3.141593 0.800000 0.000000 0.000000 0.000000 0.000000
-345.860000 221.000000 3.141593 0.800000 0.000000 0.000000 0.000000 0.000000
-345.900000 221.000000 3.141593 0.800000 0.000000 0.000000 0.000000 0.000000
-345.940000 221.000000 3.141593 0.800000 0.000000 0.000000 0.000000 0.000000
-345.980000 221.000000 3.141593 0.800000 0.000000 0.000000 0.000000 0.000000
-346.020000 221.000000 3.141593 0.800000 0.000000 0.000000 0.000000 0.000000
-346.060000 221.000000 3.141593 0.800000 0.000000 0.000000 0.000000 0.000000
-346.100000 221.000000 3.141593 0.800000 0.000000 0.000000 0.000000 0.000000
-346.140000 221.000000 3.141593 0.800000 0.000000 0.000000 0.000000 0.000000
-346.180000 221.000000 3.141593 0.800000 0.000000 0.000000 0.000000 0.000000
-346.220000 221.000000 3.141593 0.800000 0.000000 0.000000 0.000000 0.000000
-346.260000 221.000000 3.141593 0.800000 0.000000 0.000000 0.000000 0.000000
-346.300000 221.000000 3.141593 0.800000 0.000000 0.000000 0.000000 0.000000
-346.340000 221.000000 3.141593 0.800000 0.000000 0.000000 0.000000 0.000000
-346.380000 221.000000 3.141593 0.800000 0.000000 0.000000 0.000000 0.000000
-346.420000 221.000000 3.141593 0.800000 0.000000 0.000000 0.000000 0.000000
-346.460000 221.000000 3.141593 0.800000 0.000000 0.000000 0.000000 0.000000
-346.500000 221.000000 3.141593 0.800000 0.000000 0.000000 0.000000 0.000000
-346.540000 221.000000 3.141593 0.800000 0.000000 0.000000 0.000000 0.000000
-346.580000 221.000000 3.141593 0.800000 0.000000 0.000000 0.000000 0.000000
-346.620000 221.000000 3.141593 0.800000 0.000000 0.000000 0.000000 0.000000
-346.660000 221.000000 3.141593 0.800000 0.000000 0.000000 0.000000 0.000000
-346.700000 221.000000 3.141593 0.800000 0.000000 0.000000 0.000000 0.000000
-346.740000 221.000000 3.141593 0.800000 0.000000 0.000000 0.000000 0.000000
-346.780000 221.000000 3.141593 0.800000 0.000000 0.000000 0.000000 0.000000
-346.820000 221.000000 3.141593 0.800000 0.000000 0.000000 0.000000 0.000000
-346.860000 221.000000 3.141593 0.800000 0.000000 0.000000 0.000000 0.000000
-346.900000 221.000000 3.141593 0.800000 0.000000 0.000000 0.000000 0.000000
-346.940000 221.000000 3.141593 0.800000 0.000000 0.000000 0.000000 0.000000
-346.980000 221.000000 3.141593 0.800000 0.000000 0.000000 0.000000 0.000000
-347.020000 221.000000 3.141593 0.800000 0.000000 0.000000 0.000000 0.000000
-347.060000 221.000000 3.141593 0.800000 0.000000 0.000000 0.000000 0.000000
-347.100000 221.000000 3.141593 0.800000 0.000000 0.000000 0.000000 0.000000
-347.140000 221.000000 3.141593 0.800000 0.000000 0.000000 0.000000 0.000000
-347.180000 221.000000 3.141593 0.800000 0.000000 0.000000 0.000000 0.000000
-347.220000 221.000000 3.141593 0.800000 0.000000 0.000000 0.000000 0.000000
-347.260000 221.000000 3.141593 0.800000 0.000000 0.000000 0.000000 0.000000
-347.300000 221.000000 3.141593 0.800000 0.000000 0.000000 0.000000 0.000000
-347.340000 221.000000 3.141593 0.800000 0.000000 0.000000 0.000000 0.000000
-347.380000 221.000000 3.141593 0.800000 0.000000 0.000000 0.000000 0.000000
-347.420000 221.000000 3.141593 0.800000 0.000000 0.000000 0.000000 0.000000
-347.460000 221.000000 3.141593 0.800000 0.000000 0.000000 0.000000 0.000000
-347.500000 221.000000 3.141593 0.800000 0.000000 0.000000 0.000000 0.000000
-347.540000 221.000000 3.141593 0.800000 0.000000 0.000000 0.000000 0.000000
-347.580000 221.000000 3.141593 0.800000 0.000000 0.000000 0.000000 0.000000
-347.620000 221.000000 3.141593 0.800000 0.000000 0.000000 0.000000 0.000000
-347.660000 221.000000 3.141593 0.800000 0.000000 0.000000 0.000000 0.000000
-347.700000 221.000000 3.141593 0.800000 0.000000 0.000000 0.000000 0.000000
-347.740000 221.000000 3.141593 0.800000 0.000000 0.000000 0.000000 0.000000
-347.780000 221.000000 3.141593 0.800000 0.000000 0.000000 0.000000 0.000000
-347.820000 221.000000 3.141593 0.800000 0.000000 0.000000 0.000000 0.000000
-347.860000 221.000000 3.141593 0.800000 0.000000 0.000000 0.000000 0.000000
-347.900000 221.000000 3.141593 0.800000 0.000000 0.000000 0.000000 0.000000
-347.940000 221.000000 3.141593 0.800000 0.000000 0.000000 0.000000 0.000000
-347.980000 221.000000 3.141593 0.800000 0.000000 0.000000 0.000000 0.000000
-348.020000 221.000000 3.141593 0.800000 0.000000 0.000000 0.000000 0.000000
-348.060000 221.000000 3.141593 0.800000 0.000000 0.000000 0.000000 0.000000
-348.100000 221.000000 3.141593 0.800000 0.000000 0.000000 0.000000 0.000000
-348.140000 221.000000 3.141593 0.800000 0.000000 0.000000 0.000000 0.000000
-348.180000 221.000000 3.141593 0.800000 0.000000 0.000000 0.000000 0.000000
-348.220000 221.000000 3.141593 0.800000 0.000000 0.000000 0.000000 0.000000
-348.260000 221.000000 3.141593 0.800000 0.000000 0.000000 0.000000 0.000000
-348.300000 221.000000 3.141593 0.800000 0.000000 0.000000 0.000000 0.000000
-348.340000 221.000000 3.141593 0.800000 0.000000 0.000000 0.000000 0.000000
-348.380000 221.000000 3.141593 0.800000 0.000000 0.000000 0.000000 0.000000
-348.420000 221.000000 3.141593 0.800000 0.000000 0.000000 0.000000 0.000000
-348.460000 221.000000 3.141593 0.800000 0.000000 0.000000 0.000000 0.000000
-348.500000 221.000000 3.141593 0.800000 0.000000 0.000000 0.000000 0.000000
-348.540000 221.000000 3.141593 0.800000 0.000000 0.000000 0.000000 0.000000
-348.580000 221.000000 3.141593 0.800000 0.000000 0.000000 0.000000 0.000000
-348.620000 221.000000 3.141593 0.800000 0.000000 0.000000 0.000000 0.000000
-348.660000 221.000000 3.141593 0.800000 0.000000 0.000000 0.000000 0.000000
-348.700000 221.000000 3.141593 0.800000 0.000000 0.000000 0.000000 0.000000
-348.740000 221.000000 3.141593 0.800000 0.000000 0.000000 0.000000 0.000000
-348.780000 221.000000 3.141593 0.800000 0.000000 0.000000 0.000000 0.000000
-348.820000 221.000000 3.141593 0.800000 0.000000 0.000000 0.000000 0.000000
-348.860000 221.000000 3.141593 0.800000 0.000000 0.000000 0.000000 0.000000
-348.900000 221.000000 3.141593 0.800000 0.000000 0.000000 0.000000 0.000000
-348.940000 221.000000 3.141593 0.800000 0.000000 0.000000 0.000000 0.000000
-348.980000 221.000000 3.141593 0.800000 0.000000 0.000000 0.000000 0.000000
-349.020000 221.000000 3.141593 0.800000 0.000000 0.000000 0.000000 0.000000
-349.060000 221.000000 3.141593 0.800000 0.000000 0.000000 0.000000 0.000000
-349.100000 221.000000 3.141593 0.800000 0.000000 0.000000 0.000000 0.000000
-349.140000 221.000000 3.141593 0.800000 0.000000 0.000000 0.000000 0.000000
-349.180000 221.000000 3.141593 0.800000 0.000000 0.000000 0.000000 0.000000
-349.220000 221.000000 3.141593 0.800000 0.000000 0.000000 0.000000 0.000000
-349.260000 221.000000 3.141593 0.800000 0.000000 0.000000 0.000000 0.000000
-349.300000 221.000000 3.141593 0.800000 0.000000 0.000000 0.000000 0.000000
-349.340000 221.000000 3.141593 0.800000 0.000000 0.000000 0.000000 0.000000
-349.380000 221.000000 3.141593 0.800000 0.000000 0.000000 0.000000 0.000000
-349.420000 221.000000 3.141593 0.800000 0.000000 0.000000 0.000000 0.000000
-349.460000 221.000000 3.141593 0.800000 0.000000 0.000000 0.000000 0.000000
-349.500000 221.000000 3.141593 0.800000 0.000000 0.000000 0.000000 0.000000
-349.540000 221.000000 3.141593 0.800000 0.000000 0.000000 0.000000 0.000000
-349.580000 221.000000 3.141593 0.800000 0.000000 0.000000 0.000000 0.000000
-349.620000 221.000000 3.141593 0.800000 0.000000 0.000000 0.000000 0.000000
-349.660000 221.000000 3.141593 0.800000 0.000000 0.000000 0.000000 0.000000
-349.700000 221.000000 3.141593 0.800000 0.000000 0.000000 0.000000 0.000000
-349.740000 221.000000 3.141593 0.800000 0.000000 0.000000 0.000000 0.000000
-349.780000 221.000000 3.141593 0.800000 0.000000 0.000000 0.000000 0.000000
-349.820000 221.000000 3.141593 0.800000 0.000000 0.000000 0.000000 0.000000
-349.860000 221.000000 3.141593 0.800000 0.000000 0.000000 0.000000 0.000000
-349.900000 221.000000 3.141593 0.800000 0.000000 0.000000 0.000000 0.000000
-349.940000 221.000000 3.141593 0.800000 0.000000 0.000000 0.000000 0.000000
-349.980000 221.000000 3.141593 0.800000 0.000000 0.000000 0.000000 0.000000
-350.020000 221.000000 3.141593 0.800000 0.000000 0.000000 0.000000 0.000000
-350.060000 221.000000 3.141593 0.800000 0.000000 0.000000 0.000000 0.000000
-350.100000 221.000000 3.141593 0.800000 0.000000 0.000000 0.000000 0.000000
-350.140000 221.000000 3.141593 0.800000 0.000000 0.000000 0.000000 0.000000
-350.180000 221.000000 3.141593 0.800000 0.000000 0.000000 0.000000 0.000000
-350.220000 221.000000 3.141593 0.800000 0.000000 0.000000 0.000000 0.000000
-350.260000 221.000000 3.141593 0.800000 0.000000 0.000000 0.000000 0.000000
-350.300000 221.000000 3.141593 0.800000 0.000000 0.000000 0.000000 0.000000
-350.340000 221.000000 3.141593 0.800000 0.000000 0.000000 0.000000 0.000000
-350.380000 221.000000 3.141593 0.800000 0.000000 0.000000 0.000000 0.000000
-350.420000 221.000000 3.141593 0.800000 0.000000 0.000000 0.000000 0.000000
-350.460000 221.000000 3.141593 0.800000 0.000000 0.000000 0.000000 0.000000
-350.500000 221.000000 3.141593 0.800000 0.000000 0.000000 0.000000 0.000000
-350.540000 221.000000 3.141593 0.800000 0.000000 0.000000 0.000000 0.000000
-350.580000 221.000000 3.141593 0.800000 0.000000 0.000000 0.000000 0.000000
-350.620000 221.000000 3.141593 0.800000 0.000000 0.000000 0.000000 0.000000
-350.660000 221.000000 3.141593 0.800000 0.000000 0.000000 0.000000 0.000000
-350.700000 221.000000 3.141593 0.800000 0.000000 0.000000 0.000000 0.000000
-350.740000 221.000000 3.141593 0.800000 0.000000 0.000000 0.000000 0.000000
-350.780000 221.000000 3.141593 0.800000 0.000000 0.000000 0.000000 0.000000
-350.820000 221.000000 3.141593 0.800000 0.000000 0.000000 0.000000 0.000000
-350.860000 221.000000 3.141593 0.800000 0.000000 0.000000 0.000000 0.000000
-350.900000 221.000000 3.141593 0.800000 0.000000 0.000000 0.000000 0.000000
-350.940000 221.000000 3.141593 0.800000 0.000000 0.000000 0.000000 0.000000
-350.980000 221.000000 3.141593 0.800000 0.000000 0.000000 0.000000 0.000000
-351.020000 221.000000 3.141593 0.800000 0.000000 0.000000 0.000000 0.000000
-351.060000 221.000000 3.141593 0.800000 0.000000 0.000000 0.000000 0.000000
-351.100000 221.000000 3.141593 0.800000 0.000000 0.000000 0.000000 0.000000
-351.140000 221.000000 3.141593 0.800000 0.000000 0.000000 0.000000 0.000000
-351.180000 221.000000 3.141593 0.800000 0.000000 0.000000 0.000000 0.000000
-351.220000 221.000000 3.141593 0.800000 0.000000 0.000000 0.000000 0.000000
-351.260000 221.000000 3.141593 0.800000 0.000000 0.000000 0.000000 0.000000
-351.300000 221.000000 3.141593 0.800000 0.000000 0.000000 0.000000 0.000000
-351.340000 221.000000 3.141593 0.800000 0.000000 0.000000 0.000000 0.000000
-351.380000 221.000000 3.141593 0.800000 0.000000 0.000000 0.000000 0.000000
-351.420000 221.000000 3.141593 0.800000 0.000000 0.000000 0.000000 0.000000
-351.460000 221.000000 3.141593 0.800000 0.000000 0.000000 0.000000 0.000000
-351.500000 221.000000 3.141593 0.800000 0.000000 0.000000 0.000000 0.000000
-351.540000 221.000000 3.141593 0.800000 0.000000 0.000000 0.000000 0.000000
-351.580000 221.000000 3.141593 0.800000 0.000000 0.000000 0.000000 0.000000
-351.620000 221.000000 3.141593 0.800000 0.000000 0.000000 0.000000 0.000000
-351.660000 221.000000 3.141593 0.800000 0.000000 0.000000 0.000000 0.000000
-351.700000 221.000000 3.141593 0.800000 0.000000 0.000000 0.000000 0.000000
-351.740000 221.000000 3.141593 0.800000 0.000000 0.000000 0.000000 0.000000
-351.780000 221.000000 3.141593 0.800000 0.000000 0.000000 0.000000 0.000000
-351.820000 221.000000 3.141593 0.800000 0.000000 0.000000 0.000000 0.000000
-351.860000 221.000000 3.141593 0.800000 0.000000 0.000000 0.000000 0.000000
-351.900000 221.000000 3.141593 0.800000 0.000000 0.000000 0.000000 0.000000
-351.940000 221.000000 3.141593 0.800000 0.000000 0.000000 0.000000 0.000000
-351.980000 221.000000 3.141593 0.800000 0.000000 0.000000 0.000000 0.000000
-352.020000 221.000000 3.141593 0.800000 0.000000 0.000000 0.000000 0.000000
-352.060000 221.000000 3.141593 0.800000 0.000000 0.000000 0.000000 0.000000
-352.100000 221.000000 3.141593 0.800000 0.000000 0.000000 0.000000 0.000000
-352.140000 221.000000 3.141593 0.800000 0.000000 0.000000 0.000000 0.000000
-352.180000 221.000000 3.141593 0.800000 0.000000 0.000000 0.000000 0.000000
-352.220000 221.000000 3.141593 0.800000 0.000000 0.000000 0.000000 0.000000
-352.260000 221.000000 3.141593 0.800000 0.000000 0.000000 0.000000 0.000000
-352.300000 221.000000 3.141593 0.800000 0.000000 0.000000 0.000000 0.000000
-352.340000 221.000000 3.141593 0.800000 0.000000 0.000000 0.000000 0.000000
-352.380000 221.000000 3.141593 0.800000 0.000000 0.000000 0.000000 0.000000
-352.420000 221.000000 3.141593 0.800000 0.000000 0.000000 0.000000 0.000000
-352.460000 221.000000 3.141593 0.800000 0.000000 0.000000 0.000000 0.000000
-352.500000 221.000000 3.141593 0.800000 0.000000 0.000000 0.000000 0.000000
-352.540000 221.000000 3.141593 0.800000 0.000000 0.000000 0.000000 0.000000
-352.580000 221.000000 3.141593 0.800000 0.000000 0.000000 0.000000 0.000000
-352.620000 221.000000 3.141593 0.800000 0.000000 0.000000 0.000000 0.000000
-352.660000 221.000000 3.141593 0.800000 0.000000 0.000000 0.000000 0.000000
-352.700000 221.000000 3.141593 0.800000 0.000000 0.000000 0.000000 0.000000
-352.740000 221.000000 3.141593 0.800000 0.000000 0.000000 0.000000 0.000000
-352.780000 221.000000 3.141593 0.800000 0.000000 0.000000 0.000000 0.000000
-352.820000 221.000000 3.141593 0.800000 0.000000 0.000000 0.000000 0.000000
-352.860000 221.000000 3.141593 0.800000 0.000000 0.000000 0.000000 0.000000
-352.900000 221.000000 3.141593 0.800000 0.000000 0.000000 0.000000 0.000000
-352.940000 221.000000 3.141593 0.800000 0.000000 0.000000 0.000000 0.000000
-352.980000 221.000000 3.141593 0.800000 0.000000 0.000000 0.000000 0.000000
-353.020000 221.000000 3.141593 0.800000 0.000000 0.000000 0.000000 0.000000
-353.060000 221.000000 3.141593 0.800000 0.000000 0.000000 0.000000 0.000000
-353.100000 221.000000 3.141593 0.800000 0.000000 0.000000 0.000000 0.000000
-353.140000 221.000000 3.141593 0.800000 0.000000 0.000000 0.000000 0.000000
-353.180000 221.000000 3.141593 0.800000 0.000000 0.000000 0.000000 0.000000
-353.220000 221.000000 3.141593 0.800000 0.000000 0.000000 0.000000 0.000000
-353.260000 221.000000 3.141593 0.800000 0.000000 0.000000 0.000000 0.000000
-353.300000 221.000000 3.141593 0.800000 0.000000 0.000000 0.000000 0.000000
-353.340000 221.000000 3.141593 0.800000 0.000000 0.000000 0.000000 0.000000
-353.380000 221.000000 3.141593 0.800000 0.000000 0.000000 0.000000 0.000000
-353.420000 221.000000 3.141593 0.800000 0.000000 0.000000 0.000000 0.000000
-353.460000 221.000000 3.141593 0.800000 0.000000 0.000000 0.000000 0.000000
-353.500000 221.000000 3.141593 0.800000 0.000000 0.000000 0.000000 0.000000
-353.540000 221.000000 3.141593 0.800000 0.000000 0.000000 0.000000 0.000000
-353.580000 221.000000 3.141593 0.800000 0.000000 0.000000 0.000000 0.000000
-353.620000 221.000000 3.141593 0.800000 0.000000 0.000000 0.000000 0.000000
-353.660000 221.000000 3.141593 0.800000 0.000000 0.000000 0.000000 0.000000
-353.700000 221.000000 3.141593 0.800000 0.000000 0.000000 0.000000 0.000000
-353.740000 221.000000 3.141593 0.800000 0.000000 0.000000 0.000000 0.000000
-353.780000 221.000000 3.141593 0.800000 0.000000 0.000000 0.000000 0.000000
-353.820000 221.000000 3.141593 0.800000 0.000000 0.000000 0.000000 0.000000
-353.860000 221.000000 3.141593 0.800000 0.000000 0.000000 0.000000 0.000000
-353.900000 221.000000 3.141593 0.800000 0.000000 0.000000 0.000000 0.000000
-353.940000 221.000000 3.141593 0.800000 0.000000 0.000000 0.000000 0.000000
-353.980000 221.000000 3.141593 0.800000 0.000000 0.000000 0.000000 0.000000
-354.020000 221.000000 3.141593 0.800000 0.000000 0.000000 0.000000 0.000000
-354.060000 221.000000 3.141593 0.800000 0.000000 0.000000 0.000000 0.000000
-354.100000 221.000000 3.141593 0.800000 0.000000 0.000000 0.000000 0.000000
-354.140000 221.000000 3.141593 0.800000 0.000000 0.000000 0.000000 0.000000
-354.180000 221.000000 3.141593 0.800000 0.000000 0.000000 0.000000 0.000000
-354.220000 221.000000 3.141593 0.800000 0.000000 0.000000 0.000000 0.000000
-354.260000 221.000000 3.141593 0.800000 0.000000 0.000000 0.000000 0.000000
-354.300000 221.000000 3.141593 0.800000 0.000000 0.000000 0.000000 0.000000
-354.340000 221.000000 3.141593 0.800000 0.000000 0.000000 0.000000 0.000000
-354.380000 221.000000 3.141593 0.800000 0.000000 0.000000 0.000000 0.000000
-354.420000 221.000000 3.141593 0.800000 0.000000 0.000000 0.000000 0.000000
-354.460000 221.000000 3.141593 0.800000 0.000000 0.000000 0.000000 0.000000
-354.500000 221.000000 3.141593 0.800000 0.000000 0.000000 0.000000 0.000000
-354.540000 221.000000 3.141593 0.800000 0.000000 0.000000 0.000000 0.000000
-354.580000 221.000000 3.141593 0.800000 0.000000 0.000000 0.000000 0.000000
-354.620000 221.000000 3.141593 0.800000 0.000000 0.000000 0.000000 0.000000
-354.660000 221.000000 3.141593 0.800000 0.000000 0.000000 0.000000 0.000000
-354.700000 221.000000 3.141593 0.800000 0.000000 0.000000 0.000000 0.000000
-354.740000 221.000000 3.141593 0.800000 0.000000 0.000000 0.000000 0.000000
-354.780000 221.000000 3.141593 0.800000 0.000000 0.000000 0.000000 0.000000
-354.820000 221.000000 3.141593 0.800000 0.000000 0.000000 0.000000 0.000000
-354.860000 221.000000 3.141593 0.800000 0.000000 0.000000 0.000000 0.000000
-354.900000 221.000000 3.141593 0.800000 0.000000 0.000000 0.000000 0.000000
-354.940000 221.000000 3.141593 0.800000 0.000000 0.000000 0.000000 0.000000
-354.980000 221.000000 3.141593 0.800000 0.000000 0.000000 0.000000 0.000000
-355.020000 221.000000 3.141593 0.800000 0.000000 0.000000 0.000000 0.000000
-355.060000 221.000000 3.141593 0.800000 0.000000 0.000000 0.000000 0.000000
-355.100000 221.000000 3.141593 0.800000 0.000000 0.000000 0.000000 0.000000
-355.140000 221.000000 3.141593 0.800000 0.000000 0.000000 0.000000 0.000000
-355.180000 221.000000 3.141593 0.800000 0.000000 0.000000 0.000000 0.000000
-355.220000 221.000000 3.141593 0.800000 0.000000 0.000000 0.000000 0.000000
-355.260000 221.000000 3.141593 0.800000 0.000000 0.000000 0.000000 0.000000
-355.300000 221.000000 3.141593 0.800000 0.000000 0.000000 0.000000 0.000000
-355.340000 221.000000 3.141593 0.800000 0.000000 0.000000 0.000000 0.000000
-355.380000 221.000000 3.141593 0.800000 0.000000 0.000000 0.000000 0.000000
-355.420000 221.000000 3.141593 0.800000 0.000000 0.000000 0.000000 0.000000
-355.460000 221.000000 3.141593 0.800000 0.000000 0.000000 0.000000 0.000000
-355.500000 221.000000 3.141593 0.800000 0.000000 0.000000 0.000000 0.000000
-355.540000 221.000000 3.141593 0.800000 0.000000 0.000000 0.000000 0.000000
-355.580000 221.000000 3.141593 0.800000 0.000000 0.000000 0.000000 0.000000
-355.620000 221.000000 3.141593 0.800000 0.000000 0.000000 0.000000 0.000000
-355.660000 221.000000 3.141593 0.800000 0.000000 0.000000 0.000000 0.000000
-355.700000 221.000000 3.141593 0.800000 0.000000 0.000000 0.000000 0.000000
-355.740000 221.000000 3.141593 0.800000 0.000000 0.000000 0.000000 0.000000
-355.780000 221.000000 3.141593 0.800000 0.000000 0.000000 0.000000 0.000000
-355.820000 221.000000 3.141593 0.800000 0.000000 0.000000 0.000000 0.000000
-355.860000 221.000000 3.141593 0.800000 0.000000 0.000000 0.000000 0.000000
-355.900000 221.000000 3.141593 0.800000 0.000000 0.000000 0.000000 0.000000
-355.940000 221.000000 3.141593 0.800000 0.000000 0.000000 0.000000 0.000000
-355.980000 221.000000 3.141593 0.800000 0.000000 0.000000 0.000000 0.000000
-356.020000 221.000000 3.141593 0.800000 0.000000 0.000000 0.000000 0.000000
-356.060000 221.000000 3.141593 0.800000 0.000000 0.000000 0.000000 0.000000
-356.100000 221.000000 3.141593 0.800000 0.000000 0.000000 0.000000 0.000000
-356.140000 221.000000 3.141593 0.800000 0.000000 0.000000 0.000000 0.000000
-356.180000 221.000000 3.141593 0.800000 0.000000 0.000000 0.000000 0.000000
-356.220000 221.000000 3.141593 0.800000 0.000000 0.000000 0.000000 0.000000
-356.260000 221.000000 3.141593 0.800000 0.000000 0.000000 0.000000 0.000000
-356.300000 221.000000 3.141593 0.800000 0.000000 0.000000 0.000000 0.000000
-356.340000 221.000000 3.141593 0.800000 0.000000 0.000000 0.000000 0.000000
-356.380000 221.000000 3.141593 0.800000 0.000000 0.000000 0.000000 0.000000
-356.420000 221.000000 3.141593 0.800000 0.000000 0.000000 0.000000 0.000000
-356.460000 221.000000 3.141593 0.800000 0.000000 0.000000 0.000000 0.000000
-356.500000 221.000000 3.141593 0.800000 0.000000 0.000000 0.000000 0.000000
-356.540000 221.000000 3.141593 0.800000 0.000000 0.000000 0.000000 0.000000
-356.580000 221.000000 3.141593 0.800000 0.000000 0.000000 0.000000 0.000000
-356.620000 221.000000 3.141593 0.800000 0.000000 0.000000 0.000000 0.000000
-356.660000 221.000000 3.141593 0.800000 0.000000 0.000000 0.000000 0.000000
-356.700000 221.000000 3.141593 0.800000 0.000000 0.000000 0.000000 0.000000
-356.740000 221.000000 3.141593 0.800000 0.000000 0.000000 0.000000 0.000000
-356.780000 221.000000 3.141593 0.800000 0.000000 0.000000 0.000000 0.000000
-356.820000 221.000000 3.141593 0.800000 0.000000 0.000000 0.000000 0.000000
-356.860000 221.000000 3.141593 0.800000 0.000000 0.000000 0.000000 0.000000
-356.900000 221.000000 3.141593 0.800000 0.000000 0.000000 0.000000 0.000000
-356.940000 221.000000 3.141593 0.800000 0.000000 0.000000 0.000000 0.000000
-356.980000 221.000000 3.141593 0.800000 0.000000 0.000000 0.000000 0.000000
-357.020000 221.000000 3.141593 0.800000 0.000000 0.000000 0.000000 0.000000
-357.060000 221.000000 3.141593 0.800000 0.000000 0.000000 0.000000 0.000000
-357.100000 221.000000 3.141593 0.800000 0.000000 0.000000 0.000000 0.000000
-357.140000 221.000000 3.141593 0.800000 0.000000 0.000000 0.000000 0.000000
-357.180000 221.000000 3.141593 0.800000 0.000000 0.000000 0.000000 0.000000
-357.220000 221.000000 3.141593 0.800000 0.000000 0.000000 0.000000 0.000000
-357.260000 221.000000 3.141593 0.800000 0.000000 0.000000 0.000000 0.000000
-357.300000 221.000000 3.141593 0.800000 0.000000 0.000000 0.000000 0.000000
-357.340000 221.000000 3.141593 0.800000 0.000000 0.000000 0.000000 0.000000
-357.380000 221.000000 3.141593 0.800000 0.000000 0.000000 0.000000 0.000000
-357.420000 221.000000 3.141593 0.800000 0.000000 0.000000 0.000000 0.000000
-357.460000 221.000000 3.141593 0.800000 0.000000 0.000000 0.000000 0.000000
-357.500000 221.000000 3.141593 0.800000 0.000000 0.000000 0.000000 0.000000
-357.540000 221.000000 3.141593 0.800000 0.000000 0.000000 0.000000 0.000000
-357.580000 221.000000 3.141593 0.800000 0.000000 0.000000 0.000000 0.000000
-357.620000 221.000000 3.141593 0.800000 0.000000 0.000000 0.000000 0.000000
-357.660000 221.000000 3.141593 0.800000 0.000000 0.000000 0.000000 0.000000
-357.700000 221.000000 3.141593 0.800000 0.000000 0.000000 0.000000 0.000000
-357.740000 221.000000 3.141593 0.800000 0.000000 0.000000 0.000000 0.000000
-357.780000 221.000000 3.141593 0.800000 0.000000 0.000000 0.000000 0.000000
-357.820000 221.000000 3.141593 0.800000 0.000000 0.000000 0.000000 0.000000
-357.860000 221.000000 3.141593 0.800000 0.000000 0.000000 0.000000 0.000000
-357.900000 221.000000 3.141593 0.800000 0.000000 0.000000 0.000000 0.000000
-357.940000 221.000000 3.141593 0.800000 0.000000 0.000000 0.000000 0.000000
-357.980000 221.000000 3.141593 0.800000 0.000000 0.000000 0.000000 0.000000
-358.020000 221.000000 3.141593 0.800000 0.000000 0.000000 0.000000 0.000000
-358.060000 221.000000 3.141593 0.800000 0.000000 0.000000 0.000000 0.000000
-358.100000 221.000000 3.141593 0.800000 0.000000 0.000000 0.000000 0.000000
-358.140000 221.000000 3.141593 0.800000 0.000000 0.000000 0.000000 0.000000
-358.180000 221.000000 3.141593 0.800000 0.000000 0.000000 0.000000 0.000000
-358.220000 221.000000 3.141593 0.800000 0.000000 0.000000 0.000000 0.000000
-358.260000 221.000000 3.141593 0.800000 0.000000 0.000000 0.000000 0.000000
-358.300000 221.000000 3.141593 0.800000 0.000000 0.000000 0.000000 0.000000
-358.340000 221.000000 3.141593 0.800000 0.000000 0.000000 0.000000 0.000000
-358.380000 221.000000 3.141593 0.800000 0.000000 0.000000 0.000000 0.000000
-358.420000 221.000000 3.141593 0.800000 0.000000 0.000000 0.000000 0.000000
-358.460000 221.000000 3.141593 0.800000 0.000000 0.000000 0.000000 0.000000
-358.500000 221.000000 3.141593 0.800000 0.000000 0.000000 0.000000 0.000000
-358.540000 221.000000 3.141593 0.800000 0.000000 0.000000 0.000000 0.000000
-358.580000 221.000000 3.141593 0.800000 0.000000 0.000000 0.000000 0.000000
-358.620000 221.000000 3.141593 0.800000 0.000000 0.000000 0.000000 0.000000
-358.660000 221.000000 3.141593 0.800000 0.000000 0.000000 0.000000 0.000000
-358.700000 221.000000 3.141593 0.800000 0.000000 0.000000 0.000000 0.000000
-358.740000 221.000000 3.141593 0.800000 0.000000 0.000000 0.000000 0.000000
-358.780000 221.000000 3.141593 0.800000 0.000000 0.000000 0.000000 0.000000
-358.820000 221.000000 3.141593 0.800000 0.000000 0.000000 0.000000 0.000000
-358.860000 221.000000 3.141593 0.800000 0.000000 0.000000 0.000000 0.000000
-358.900000 221.000000 3.141593 0.800000 0.000000 0.000000 0.000000 0.000000
-358.940000 221.000000 3.141593 0.800000 0.000000 0.000000 0.000000 0.000000
-358.980000 221.000000 3.141593 0.800000 0.000000 0.000000 0.000000 0.000000
-359.020000 221.000000 3.141593 0.800000 0.000000 0.000000 0.000000 0.000000
-359.060000 221.000000 3.141593 0.800000 0.000000 0.000000 0.000000 0.000000
-359.100000 221.000000 3.141593 0.800000 0.000000 0.000000 0.000000 0.000000
-359.140000 221.000000 3.141593 0.800000 0.000000 0.000000 0.000000 0.000000
-359.180000 221.000000 3.141593 0.800000 0.000000 0.000000 0.000000 0.000000
-359.220000 221.000000 3.141593 0.800000 0.000000 0.000000 0.000000 0.000000
-359.260000 221.000000 3.141593 0.800000 0.000000 0.000000 0.000000 0.000000
-359.300000 221.000000 3.141593 0.800000 0.000000 0.000000 0.000000 0.000000
-359.340000 221.000000 3.141593 0.800000 0.000000 0.000000 0.000000 0.000000
-359.380000 221.000000 3.141593 0.800000 0.000000 0.000000 0.000000 0.000000
-359.420000 221.000000 3.141593 0.800000 0.000000 0.000000 0.000000 0.000000
-359.460000 221.000000 3.141593 0.800000 0.000000 0.000000 0.000000 0.000000
-359.500000 221.000000 3.141593 0.800000 0.000000 0.000000 0.000000 0.000000
-359.540000 221.000000 3.141593 0.800000 0.000000 0.000000 0.000000 0.000000
-359.580000 221.000000 3.141593 0.800000 0.000000 0.000000 0.000000 0.000000
-359.620000 221.000000 3.141593 0.800000 0.000000 0.000000 0.000000 0.000000
-359.660000 221.000000 3.141593 0.800000 0.000000 0.000000 0.000000 0.000000
-359.700000 221.000000 3.141593 0.800000 0.000000 0.000000 0.000000 0.000000
-359.740000 221.000000 3.141593 0.800000 0.000000 0.000000 0.000000 0.000000
-359.780000 221.000000 3.141593 0.800000 0.000000 0.000000 0.000000 0.000000
-359.820000 221.000000 3.141593 0.800000 0.000000 0.000000 0.000000 0.000000
-359.860000 221.000000 3.141593 0.800000 0.000000 0.000000 0.000000 0.000000
-359.900000 221.000000 3.141593 0.800000 0.000000 0.000000 0.000000 0.000000
-359.940000 221.000000 3.141593 0.800000 0.000000 0.000000 0.000000 0.000000
-359.980000 221.000000 3.141593 0.800000 0.000000 0.000000 0.000000 0.000000
-360.020000 221.000000 3.141593 0.800000 0.000000 0.000000 0.000000 0.000000
-360.060000 221.000000 3.141593 0.800000 0.000000 0.000000 0.000000 0.000000
-360.100000 221.000000 3.141593 0.800000 0.000000 0.000000 0.000000 0.000000
-360.140000 221.000000 3.141593 0.800000 0.000000 0.000000 0.000000 0.000000
-360.180000 221.000000 3.141593 0.800000 0.000000 0.000000 0.000000 0.000000
-360.220000 221.000000 3.141593 0.800000 0.000000 0.000000 0.000000 0.000000
-360.260000 221.000000 3.141593 0.800000 0.000000 0.000000 0.000000 0.000000
-360.300000 221.000000 3.141593 0.800000 0.000000 0.000000 0.000000 0.000000
-360.340000 221.000000 3.141593 0.800000 0.000000 0.000000 0.000000 0.000000
-360.380000 221.000000 3.141593 0.800000 0.000000 0.000000 0.000000 0.000000
-360.420000 221.000000 3.141593 0.800000 0.000000 0.000000 0.000000 0.000000
-360.460000 221.000000 3.141593 0.800000 0.000000 0.000000 0.000000 0.000000
-360.500000 221.000000 3.141593 0.800000 0.000000 0.000000 0.000000 0.000000
-360.540000 221.000000 3.141593 0.800000 0.000000 0.000000 0.000000 0.000000
-360.580000 221.000000 3.141593 0.800000 0.000000 0.000000 0.000000 0.000000
-360.620000 221.000000 3.141593 0.800000 0.000000 0.000000 0.000000 0.000000
-360.660000 221.000000 3.141593 0.800000 0.000000 0.000000 0.000000 0.000000
-360.700000 221.000000 3.141593 0.800000 0.000000 0.000000 0.000000 0.000000
-360.740000 221.000000 3.141593 0.800000 0.000000 0.000000 0.000000 0.000000
-360.780000 221.000000 3.141593 0.800000 0.000000 0.000000 0.000000 0.000000
-360.820000 221.000000 3.141593 0.800000 0.000000 0.000000 0.000000 0.000000
-360.860000 221.000000 3.141593 0.800000 0.000000 0.000000 0.000000 0.000000
-360.900000 221.000000 3.141593 0.800000 0.000000 0.000000 0.000000 0.000000
-360.940000 221.000000 3.141593 0.800000 0.000000 0.000000 0.000000 0.000000
-360.980000 221.000000 3.141593 0.800000 0.000000 0.000000 0.000000 0.000000
-361.020000 221.000000 3.141593 0.800000 0.000000 0.000000 0.000000 0.000000
-361.060000 221.000000 3.141593 0.800000 0.000000 0.000000 0.000000 0.000000
-361.100000 221.000000 3.141593 0.800000 0.000000 0.000000 0.000000 0.000000
-361.140000 221.000000 3.141593 0.800000 0.000000 0.000000 0.000000 0.000000
-361.180000 221.000000 3.141593 0.800000 0.000000 0.000000 0.000000 0.000000
-361.220000 221.000000 3.141593 0.800000 0.000000 0.000000 0.000000 0.000000
-361.260000 221.000000 3.141593 0.800000 0.000000 0.000000 0.000000 0.000000
-361.300000 221.000000 3.141593 0.800000 0.000000 0.000000 0.000000 0.000000
-361.340000 221.000000 3.141593 0.800000 0.000000 0.000000 0.000000 0.000000
-361.380000 221.000000 3.141593 0.800000 0.000000 0.000000 0.000000 0.000000
-361.420000 221.000000 3.141593 0.800000 0.000000 0.000000 0.000000 0.000000
-361.460000 221.000000 3.141593 0.800000 0.000000 0.000000 0.000000 0.000000
-361.500000 221.000000 3.141593 0.800000 0.000000 0.000000 0.000000 0.000000
-361.540000 221.000000 3.141593 0.800000 0.000000 0.000000 0.000000 0.000000
-361.580000 221.000000 3.141593 0.800000 0.000000 0.000000 0.000000 0.000000
-361.620000 221.000000 3.141593 0.800000 0.000000 0.000000 0.000000 0.000000
-361.660000 221.000000 3.141593 0.800000 0.000000 0.000000 0.000000 0.000000
-361.700000 221.000000 3.141593 0.800000 0.000000 0.000000 0.000000 0.000000
-361.740000 221.000000 3.141593 0.800000 0.000000 0.000000 0.000000 0.000000
-361.780000 221.000000 3.141593 0.800000 0.000000 0.000000 0.000000 0.000000
-361.820000 221.000000 3.141593 0.800000 0.000000 0.000000 0.000000 0.000000
-361.860000 221.000000 3.141593 0.800000 0.000000 0.000000 0.000000 0.000000
-361.900000 221.000000 3.141593 0.800000 0.000000 0.000000 0.000000 0.000000
-361.940000 221.000000 3.141593 0.800000 0.000000 0.000000 0.000000 0.000000
-361.980000 221.000000 3.141593 0.800000 0.000000 0.000000 0.000000 0.000000
-362.020000 221.000000 3.141593 0.800000 0.000000 0.000000 0.000000 0.000000
-362.060000 221.000000 3.141593 0.800000 0.000000 0.000000 0.000000 0.000000
-362.100000 221.000000 3.141593 0.800000 0.000000 0.000000 0.000000 0.000000
-362.140000 221.000000 3.141593 0.800000 0.000000 0.000000 0.000000 0.000000
-362.180000 221.000000 3.141593 0.800000 0.000000 0.000000 0.000000 0.000000
-362.220000 221.000000 3.141593 0.800000 0.000000 0.000000 0.000000 0.000000
-362.260000 221.000000 3.141593 0.800000 0.000000 0.000000 0.000000 0.000000
-362.300000 221.000000 3.141593 0.800000 0.000000 0.000000 0.000000 0.000000
-362.340000 221.000000 3.141593 0.800000 0.000000 0.000000 0.000000 0.000000
-362.380000 221.000000 3.141593 0.800000 0.000000 0.000000 0.000000 0.000000
-362.420000 221.000000 3.141593 0.800000 0.000000 0.000000 0.000000 0.000000
-362.460000 221.000000 3.141593 0.800000 0.000000 0.000000 0.000000 0.000000
-362.500000 221.000000 3.141593 0.800000 0.000000 0.000000 0.000000 0.000000
-362.540000 221.000000 3.141593 0.800000 0.000000 0.000000 0.000000 0.000000
-362.580000 221.000000 3.141593 0.800000 0.000000 0.000000 0.000000 0.000000
-362.620000 221.000000 3.141593 0.800000 0.000000 0.000000 0.000000 0.000000
-362.660000 221.000000 3.141593 0.800000 0.000000 0.000000 0.000000 0.000000
-362.700000 221.000000 3.141593 0.800000 0.000000 0.000000 0.000000 0.000000
-362.740000 221.000000 3.141593 0.800000 0.000000 0.000000 0.000000 0.000000
-362.780000 221.000000 3.141593 0.800000 0.000000 0.000000 0.000000 0.000000
-362.820000 221.000000 3.141593 0.800000 0.000000 0.000000 0.000000 0.000000
-362.860000 221.000000 3.141593 0.800000 0.000000 0.000000 0.000000 0.000000
-362.900000 221.000000 3.141593 0.800000 0.000000 0.000000 0.000000 0.000000
-362.940000 221.000000 3.141593 0.800000 0.000000 0.000000 0.000000 0.000000
-362.980000 221.000000 3.141593 0.800000 0.000000 0.000000 0.000000 0.000000
-363.020000 221.000000 3.141593 0.800000 0.000000 0.000000 0.000000 0.000000
-363.060000 221.000000 3.141593 0.800000 0.000000 0.000000 0.000000 0.000000
-363.100000 221.000000 3.141593 0.800000 0.000000 0.000000 0.000000 0.000000
-363.140000 221.000000 3.141593 0.800000 0.000000 0.000000 0.000000 0.000000
-363.180000 221.000000 3.141593 0.800000 0.000000 0.000000 0.000000 0.000000
-363.220000 221.000000 3.141593 0.800000 0.000000 0.000000 0.000000 0.000000
-363.260000 221.000000 3.141593 0.800000 0.000000 0.000000 0.000000 0.000000
-363.300000 221.000000 3.141593 0.800000 0.000000 0.000000 0.000000 0.000000
-363.340000 221.000000 3.141593 0.800000 0.000000 0.000000 0.000000 0.000000
-363.380000 221.000000 3.141593 0.800000 0.000000 0.000000 0.000000 0.000000
-363.420000 221.000000 3.141593 0.800000 0.000000 0.000000 0.000000 0.000000
-363.460000 221.000000 3.141593 0.800000 0.000000 0.000000 0.000000 0.000000
-363.500000 221.000000 3.141593 0.800000 0.000000 0.000000 0.000000 0.000000
-363.540000 221.000000 3.141593 0.800000 0.000000 0.000000 0.000000 0.000000
-363.580000 221.000000 3.141593 0.800000 0.000000 0.000000 0.000000 0.000000
-363.620000 221.000000 3.141593 0.800000 0.000000 0.000000 0.000000 0.000000
-363.660000 221.000000 3.141593 0.800000 0.000000 0.000000 0.000000 0.000000
-363.700000 221.000000 3.141593 0.800000 0.000000 0.000000 0.000000 0.000000
-363.740000 221.000000 3.141593 0.800000 0.000000 0.000000 0.000000 0.000000
-363.780000 221.000000 3.141593 0.800000 0.000000 0.000000 0.000000 0.000000
-363.820000 221.000000 3.141593 0.800000 0.000000 0.000000 0.000000 0.000000
-363.860000 221.000000 3.141593 0.800000 0.000000 0.000000 0.000000 0.000000
-363.900000 221.000000 3.141593 0.800000 0.000000 0.000000 0.000000 0.000000
-363.940000 221.000000 3.141593 0.800000 0.000000 0.000000 0.000000 0.000000
-363.980000 221.000000 3.141593 0.800000 0.000000 0.000000 0.000000 0.000000
-364.020000 221.000000 3.141593 0.800000 0.000000 0.000000 0.000000 0.000000
-364.060000 221.000000 3.141593 0.800000 0.000000 0.000000 0.000000 0.000000
-364.100000 221.000000 3.141593 0.800000 0.000000 0.000000 0.000000 0.000000
-364.140000 221.000000 3.141593 0.800000 0.000000 0.000000 0.000000 0.000000
-364.180000 221.000000 3.141593 0.800000 0.000000 0.000000 0.000000 0.000000
-364.220000 221.000000 3.141593 0.800000 0.000000 0.000000 0.000000 0.000000
-364.260000 221.000000 3.141593 0.800000 0.000000 0.000000 0.000000 0.000000
-364.300000 221.000000 3.141593 0.800000 0.000000 0.000000 0.000000 0.000000
-364.340000 221.000000 3.141593 0.800000 0.000000 0.000000 0.000000 0.000000
-364.380000 221.000000 3.141593 0.800000 0.000000 0.000000 0.000000 0.000000
-364.420000 221.000000 3.141593 0.800000 0.000000 0.000000 0.000000 0.000000
-364.460000 221.000000 3.141593 0.800000 0.000000 0.000000 0.000000 0.000000
-364.500000 221.000000 3.141593 0.800000 0.000000 0.000000 0.000000 0.000000
-364.540000 221.000000 3.141593 0.800000 0.000000 0.000000 0.000000 0.000000
-364.580000 221.000000 3.141593 0.800000 0.000000 0.000000 0.000000 0.000000
-364.620000 221.000000 3.141593 0.800000 0.000000 0.000000 0.000000 0.000000
-364.660000 221.000000 3.141593 0.800000 0.000000 0.000000 0.000000 0.000000
-364.700000 221.000000 3.141593 0.800000 0.000000 0.000000 0.000000 0.000000
-364.740000 221.000000 3.141593 0.800000 0.000000 0.000000 0.000000 0.000000
-364.780000 221.000000 3.141593 0.800000 0.000000 0.000000 0.000000 0.000000
-364.820000 221.000000 3.141593 0.800000 0.000000 0.000000 0.000000 0.000000
-364.860000 221.000000 3.141593 0.800000 0.000000 0.000000 0.000000 0.000000
-364.900000 221.000000 3.141593 0.800000 0.000000 0.000000 0.000000 0.000000
-364.940000 221.000000 3.141593 0.800000 0.000000 0.000000 0.000000 0.000000
-364.980000 221.000000 3.141593 0.800000 0.000000 0.000000 0.000000 0.000000
-365.020000 221.000000 3.141593 0.800000 0.000000 0.000000 0.000000 0.000000
-365.060000 221.000000 3.141593 0.800000 0.000000 0.000000 0.000000 0.000000
-365.100000 221.000000 3.141593 0.800000 0.000000 0.000000 0.000000 0.000000
-365.140000 221.000000 3.141593 0.800000 0.000000 0.000000 0.000000 0.000000
-365.180000 221.000000 3.141593 0.800000 0.000000 0.000000 0.000000 0.000000
-365.220000 221.000000 3.141593 0.800000 0.000000 0.000000 0.000000 0.000000
-365.260000 221.000000 3.141593 0.800000 0.000000 0.000000 0.000000 0.000000
-365.300000 221.000000 3.141593 0.800000 0.000000 0.000000 0.000000 0.000000
-365.340000 221.000000 3.141593 0.800000 0.000000 0.000000 0.000000 0.000000
-365.380000 221.000000 3.141593 0.800000 0.000000 0.000000 0.000000 0.000000
-365.420000 221.000000 3.141593 0.800000 0.000000 0.000000 0.000000 0.000000
-365.460000 221.000000 3.141593 0.800000 0.000000 0.000000 0.000000 0.000000
-365.500000 221.000000 3.141593 0.800000 0.000000 0.000000 0.000000 0.000000
-365.540000 221.000000 3.141593 0.800000 0.000000 0.000000 0.000000 0.000000
-365.580000 221.000000 3.141593 0.800000 0.000000 0.000000 0.000000 0.000000
-365.620000 221.000000 3.141593 0.800000 0.000000 0.000000 0.000000 0.000000
-365.660000 221.000000 3.141593 0.800000 0.000000 0.000000 0.000000 0.000000
-365.700000 221.000000 3.141593 0.800000 0.000000 0.000000 0.000000 0.000000
-365.740000 221.000000 3.141593 0.800000 0.000000 0.000000 0.000000 0.000000
-365.780000 221.000000 3.141593 0.800000 0.000000 0.000000 0.000000 0.000000
-365.820000 221.000000 3.141593 0.800000 0.000000 0.000000 0.000000 0.000000
-365.860000 221.000000 3.141593 0.800000 0.000000 0.000000 0.000000 0.000000
-365.900000 221.000000 3.141593 0.800000 0.000000 0.000000 0.000000 0.000000
-365.940000 221.000000 3.141593 0.800000 0.000000 0.000000 0.000000 0.000000
-365.980000 221.000000 3.141593 0.800000 0.000000 0.000000 0.000000 0.000000
-366.020000 221.000000 3.141593 0.800000 0.000000 0.000000 0.000000 0.000000
-366.060000 221.000000 3.141593 0.800000 0.000000 0.000000 0.000000 0.000000
-366.100000 221.000000 3.141593 0.800000 0.000000 0.000000 0.000000 0.000000
-366.140000 221.000000 3.141593 0.800000 0.000000 0.000000 0.000000 0.000000
-366.180000 221.000000 3.141593 0.800000 0.000000 0.000000 0.000000 0.000000
-366.220000 221.000000 3.141593 0.800000 0.000000 0.000000 0.000000 0.000000
-366.260000 221.000000 3.141593 0.800000 0.000000 0.000000 0.000000 0.000000
-366.300000 221.000000 3.141593 0.800000 0.000000 0.000000 0.000000 0.000000
-366.340000 221.000000 3.141593 0.800000 0.000000 0.000000 0.000000 0.000000
-366.380000 221.000000 3.141593 0.800000 0.000000 0.000000 0.000000 0.000000
-366.420000 221.000000 3.141593 0.800000 0.000000 0.000000 0.000000 0.000000
-366.460000 221.000000 3.141593 0.800000 0.000000 0.000000 0.000000 0.000000
-366.500000 221.000000 3.141593 0.800000 0.000000 0.000000 0.000000 0.000000
-366.540000 221.000000 3.141593 0.800000 0.000000 0.000000 0.000000 0.000000
-366.580000 221.000000 3.141593 0.800000 0.000000 0.000000 0.000000 0.000000
-366.620000 221.000000 3.141593 0.800000 0.000000 0.000000 0.000000 0.000000
-366.660000 221.000000 3.141593 0.800000 0.000000 0.000000 0.000000 0.000000
-366.700000 221.000000 3.141593 0.800000 0.000000 0.000000 0.000000 0.000000
-366.740000 221.000000 3.141593 0.800000 0.000000 0.000000 0.000000 0.000000
-366.780000 221.000000 3.141593 0.800000 0.000000 0.000000 0.000000 0.000000
-366.820000 221.000000 3.141593 0.800000 0.000000 0.000000 0.000000 0.000000
-366.860000 221.000000 3.141593 0.800000 0.000000 0.000000 0.000000 0.000000
-366.900000 221.000000 3.141593 0.800000 0.000000 0.000000 0.000000 0.000000
-366.940000 221.000000 3.141593 0.800000 0.000000 0.000000 0.000000 0.000000
-366.980000 221.000000 3.141593 0.800000 0.000000 0.000000 0.000000 0.000000
-367.020000 221.000000 3.141593 0.800000 0.000000 0.000000 0.000000 0.000000
-367.060000 221.000000 3.141593 0.800000 0.000000 0.000000 0.000000 0.000000
-367.100000 221.000000 3.141593 0.800000 0.000000 0.000000 0.000000 0.000000
-367.140000 221.000000 3.141593 0.800000 0.000000 0.000000 0.000000 0.000000
-367.180000 221.000000 3.141593 0.800000 0.000000 0.000000 0.000000 0.000000
-367.220000 221.000000 3.141593 0.800000 0.000000 0.000000 0.000000 0.000000
-367.260000 221.000000 3.141593 0.800000 0.000000 0.000000 0.000000 0.000000
-367.300000 221.000000 3.141593 0.800000 0.000000 0.000000 0.000000 0.000000
-367.340000 221.000000 3.141593 0.800000 0.000000 0.000000 0.000000 0.000000
-367.380000 221.000000 3.141593 0.800000 0.000000 0.000000 0.000000 0.000000
-367.420000 221.000000 3.141593 0.800000 0.000000 0.000000 0.000000 0.000000
-367.460000 221.000000 3.141593 0.800000 0.000000 0.000000 0.000000 0.000000
-367.500000 221.000000 3.141593 0.800000 0.000000 0.000000 0.000000 0.000000
-367.540000 221.000000 3.141593 0.800000 0.000000 0.000000 0.000000 0.000000
-367.580000 221.000000 3.141593 0.800000 0.000000 0.000000 0.000000 0.000000
-367.620000 221.000000 3.141593 0.800000 0.000000 0.000000 0.000000 0.000000
-367.660000 221.000000 3.141593 0.800000 0.000000 0.000000 0.000000 0.000000
-367.700000 221.000000 3.141593 0.800000 0.000000 0.000000 0.000000 0.000000
-367.740000 221.000000 3.141593 0.800000 0.000000 0.000000 0.000000 0.000000
-367.780000 221.000000 3.141593 0.800000 0.000000 0.000000 0.000000 0.000000
-367.820000 221.000000 3.141593 0.800000 0.000000 0.000000 0.000000 0.000000
-367.860000 221.000000 3.141593 0.800000 0.000000 0.000000 0.000000 0.000000
-367.900000 221.000000 3.141593 0.800000 0.000000 0.000000 0.000000 0.000000
-367.940000 221.000000 3.141593 0.800000 0.000000 0.000000 0.000000 0.000000
-367.980000 221.000000 3.141593 0.800000 0.000000 0.000000 0.000000 0.000000
-368.020000 221.000000 3.141593 0.800000 0.000000 0.000000 0.000000 0.000000
-368.060000 221.000000 3.141593 0.800000 0.000000 0.000000 0.000000 0.000000
-368.100000 221.000000 3.141593 0.800000 0.000000 0.000000 0.000000 0.000000
-368.140000 221.000000 3.141593 0.800000 0.000000 0.000000 0.000000 0.000000
-368.180000 221.000000 3.141593 0.800000 0.000000 0.000000 0.000000 0.000000
-368.220000 221.000000 3.141593 0.800000 0.000000 0.000000 0.000000 0.000000
-368.260000 221.000000 3.141593 0.800000 0.000000 0.000000 0.000000 0.000000
-368.300000 221.000000 3.141593 0.800000 0.000000 0.000000 0.000000 0.000000
-368.340000 221.000000 3.141593 0.800000 0.000000 0.000000 0.000000 0.000000
-368.380000 221.000000 3.141593 0.800000 0.000000 0.000000 0.000000 0.000000
-368.420000 221.000000 3.141593 0.800000 0.000000 0.000000 0.000000 0.000000
-368.460000 221.000000 3.141593 0.800000 0.000000 0.000000 0.000000 0.000000
-368.500000 221.000000 3.141593 0.800000 0.000000 0.000000 0.000000 0.000000
-368.540000 221.000000 3.141593 0.800000 0.000000 0.000000 0.000000 0.000000
-368.580000 221.000000 3.141593 0.800000 0.000000 0.000000 0.000000 0.000000
-368.620000 221.000000 3.141593 0.800000 0.000000 0.000000 0.000000 0.000000
-368.660000 221.000000 3.141593 0.800000 0.000000 0.000000 0.000000 0.000000
-368.700000 221.000000 3.141593 0.800000 0.000000 0.000000 0.000000 0.000000
-368.740000 221.000000 3.141593 0.800000 0.000000 0.000000 0.000000 0.000000
-368.780000 221.000000 3.141593 0.800000 0.000000 0.000000 0.000000 0.000000
-368.820000 221.000000 3.141593 0.800000 0.000000 0.000000 0.000000 0.000000
-368.860000 221.000000 3.141593 0.800000 0.000000 0.000000 0.000000 0.000000
-368.900000 221.000000 3.141593 0.800000 0.000000 0.000000 0.000000 0.000000
-368.940000 221.000000 3.141593 0.800000 0.000000 0.000000 0.000000 0.000000
-368.980000 221.000000 3.141593 0.800000 0.000000 0.000000 0.000000 0.000000
-369.020000 221.000000 3.141593 0.800000 0.000000 0.000000 0.000000 0.000000
-369.060000 221.000000 3.141593 0.800000 0.000000 0.000000 0.000000 0.000000
-369.100000 221.000000 3.141593 0.800000 0.000000 0.000000 0.000000 0.000000
-369.140000 221.000000 3.141593 0.800000 0.000000 0.000000 0.000000 0.000000
-369.180000 221.000000 3.141593 0.800000 0.000000 0.000000 0.000000 0.000000
-369.220000 221.000000 3.141593 0.800000 0.000000 0.000000 0.000000 0.000000
-369.260000 221.000000 3.141593 0.800000 0.000000 0.000000 0.000000 0.000000
-369.300000 221.000000 3.141593 0.800000 0.000000 0.000000 0.000000 0.000000
-369.340000 221.000000 3.141593 0.800000 0.000000 0.000000 0.000000 0.000000
-369.380000 221.000000 3.141593 0.800000 0.000000 0.000000 0.000000 0.000000
-369.420000 221.000000 3.141593 0.800000 0.000000 0.000000 0.000000 0.000000
-369.460000 221.000000 3.141593 0.800000 0.000000 0.000000 0.000000 0.000000
-369.500000 221.000000 3.141593 0.800000 0.000000 0.000000 0.000000 0.000000
-369.540000 221.000000 3.141593 0.800000 0.000000 0.000000 0.000000 0.000000
-369.580000 221.000000 3.141593 0.800000 0.000000 0.000000 0.000000 0.000000
-369.620000 221.000000 3.141593 0.800000 0.000000 0.000000 0.000000 0.000000
-369.660000 221.000000 3.141593 0.800000 0.000000 0.000000 0.000000 0.000000
-369.700000 221.000000 3.141593 0.800000 0.000000 0.000000 0.000000 0.000000
-369.740000 221.000000 3.141593 0.800000 0.000000 0.000000 0.000000 0.000000
-369.780000 221.000000 3.141593 0.800000 0.000000 0.000000 0.000000 0.000000
-369.820000 221.000000 3.141593 0.800000 0.000000 0.000000 0.000000 0.000000
-369.860000 221.000000 3.141593 0.800000 0.000000 0.000000 0.000000 0.000000
-369.900000 221.000000 3.141593 0.800000 0.000000 0.000000 0.000000 0.000000
-369.940000 221.000000 3.141593 0.800000 0.000000 0.000000 0.000000 0.000000
-369.980000 221.000000 3.141593 0.800000 0.000000 0.000000 0.000000 0.000000
-370.020000 221.000000 3.141593 0.800000 0.000000 0.000000 0.000000 0.000000
-370.060000 221.000000 3.141593 0.800000 0.000000 0.000000 0.000000 0.000000
-370.100000 221.000000 3.141593 0.800000 0.000000 0.000000 0.000000 0.000000
-370.140000 221.000000 3.141593 0.800000 0.000000 0.000000 0.000000 0.000000
-370.180000 221.000000 3.141593 0.800000 0.000000 0.000000 0.000000 0.000000
-370.220000 221.000000 3.141593 0.800000 0.000000 0.000000 0.000000 0.000000
-370.260000 221.000000 3.141593 0.800000 0.000000 0.000000 0.000000 0.000000
-370.300000 221.000000 3.141593 0.800000 0.000000 0.000000 0.000000 0.000000
-370.340000 221.000000 3.141593 0.800000 0.000000 0.000000 0.000000 0.000000
-370.380000 221.000000 3.141593 0.800000 0.000000 0.000000 0.000000 0.000000
-370.420000 221.000000 3.141593 0.800000 0.000000 0.000000 0.000000 0.000000
-370.460000 221.000000 3.141593 0.800000 0.000000 0.000000 0.000000 0.000000
-370.500000 221.000000 3.141593 0.800000 0.000000 0.000000 0.000000 0.000000
-370.540000 221.000000 3.141593 0.800000 0.000000 0.000000 0.000000 0.000000
-370.580000 221.000000 3.141593 0.800000 0.000000 0.000000 0.000000 0.000000
-370.620000 221.000000 3.141593 0.800000 0.000000 0.000000 0.000000 0.000000
-370.660000 221.000000 3.141593 0.800000 0.000000 0.000000 0.000000 0.000000
-370.700000 221.000000 3.141593 0.800000 0.000000 0.000000 0.000000 0.000000
-370.740000 221.000000 3.141593 0.800000 0.000000 0.000000 0.000000 0.000000
-370.780000 221.000000 3.141593 0.800000 0.000000 0.000000 0.000000 0.000000
-370.820000 221.000000 3.141593 0.800000 0.000000 0.000000 0.000000 0.000000
-370.860000 221.000000 3.141593 0.800000 0.000000 0.000000 0.000000 0.000000
-370.900000 221.000000 3.141593 0.800000 0.000000 0.000000 0.000000 0.000000
-370.940000 221.000000 3.141593 0.800000 0.000000 0.000000 0.000000 0.000000
-370.980000 221.000000 3.141593 0.800000 0.000000 0.000000 0.000000 0.000000
-371.020000 221.000000 3.141593 0.800000 0.000000 0.000000 0.000000 0.000000
-371.060000 221.000000 3.141593 0.800000 0.000000 0.000000 0.000000 0.000000
-371.100000 221.000000 3.141593 0.800000 0.000000 0.000000 0.000000 0.000000
-371.140000 221.000000 3.141593 0.800000 0.000000 0.000000 0.000000 0.000000
-371.180000 221.000000 3.141593 0.800000 0.000000 0.000000 0.000000 0.000000
-371.220000 221.000000 3.141593 0.800000 0.000000 0.000000 0.000000 0.000000
-371.260000 221.000000 3.141593 0.800000 0.000000 0.000000 0.000000 0.000000
-371.300000 221.000000 3.141593 0.800000 0.000000 0.000000 0.000000 0.000000
-371.340000 221.000000 3.141593 0.800000 0.000000 0.000000 0.000000 0.000000
-371.380000 221.000000 3.141593 0.800000 0.000000 0.000000 0.000000 0.000000
-371.420000 221.000000 3.141593 0.800000 0.000000 0.000000 0.000000 0.000000
-371.460000 221.000000 3.141593 0.800000 0.000000 0.000000 0.000000 0.000000
-371.500000 221.000000 3.141593 0.800000 0.000000 0.000000 0.000000 0.000000
-371.540000 221.000000 3.141593 0.800000 0.000000 0.000000 0.000000 0.000000
-371.580000 221.000000 3.141593 0.800000 0.000000 0.000000 0.000000 0.000000
-371.620000 221.000000 3.141593 0.800000 0.000000 0.000000 0.000000 0.000000
-371.660000 221.000000 3.141593 0.800000 0.000000 0.000000 0.000000 0.000000
-371.700000 221.000000 3.141593 0.800000 0.000000 0.000000 0.000000 0.000000
-371.740000 221.000000 3.141593 0.800000 0.000000 0.000000 0.000000 0.000000
-371.780000 221.000000 3.141593 0.800000 0.000000 0.000000 0.000000 0.000000
-371.820000 221.000000 3.141593 0.800000 0.000000 0.000000 0.000000 0.000000
-371.860000 221.000000 3.141593 0.800000 0.000000 0.000000 0.000000 0.000000
-371.900000 221.000000 3.141593 0.800000 0.000000 0.000000 0.000000 0.000000
-371.940000 221.000000 3.141593 0.800000 0.000000 0.000000 0.000000 0.000000
-371.980000 221.000000 3.141593 0.800000 0.000000 0.000000 0.000000 0.000000
-372.020000 221.000000 3.141593 0.800000 0.000000 0.000000 0.000000 0.000000
-372.060000 221.000000 3.141593 0.800000 0.000000 0.000000 0.000000 0.000000
-372.100000 221.000000 3.141593 0.800000 0.000000 0.000000 0.000000 0.000000
-372.140000 221.000000 3.141593 0.800000 0.000000 0.000000 0.000000 0.000000
-372.180000 221.000000 3.141593 0.800000 0.000000 0.000000 0.000000 0.000000
-372.220000 221.000000 3.141593 0.800000 0.000000 0.000000 0.000000 0.000000
-372.260000 221.000000 3.141593 0.800000 0.000000 0.000000 0.000000 0.000000
-372.300000 221.000000 3.141593 0.800000 0.000000 0.000000 0.000000 0.000000
-372.340000 221.000000 3.141593 0.800000 0.000000 0.000000 0.000000 0.000000
-372.380000 221.000000 3.141593 0.800000 0.000000 0.000000 0.000000 0.000000
-372.420000 221.000000 3.141593 0.800000 0.000000 0.000000 0.000000 0.000000
-372.460000 221.000000 3.141593 0.800000 0.000000 0.000000 0.000000 0.000000
-372.500000 221.000000 3.141593 0.800000 0.000000 0.000000 0.000000 0.000000
-372.540000 221.000000 3.141593 0.800000 0.000000 0.000000 0.000000 0.000000
-372.580000 221.000000 3.141593 0.800000 0.000000 0.000000 0.000000 0.000000
-372.620000 221.000000 3.141593 0.800000 0.000000 0.000000 0.000000 0.000000
-372.660000 221.000000 3.141593 0.800000 0.000000 0.000000 0.000000 0.000000
-372.700000 221.000000 3.141593 0.800000 0.000000 0.000000 0.000000 0.000000
-372.740000 221.000000 3.141593 0.800000 0.000000 0.000000 0.000000 0.000000
-372.780000 221.000000 3.141593 0.800000 0.000000 0.000000 0.000000 0.000000
-372.820000 221.000000 3.141593 0.800000 0.000000 0.000000 0.000000 0.000000
-372.860000 221.000000 3.141593 0.800000 0.000000 0.000000 0.000000 0.000000
-372.900000 221.000000 3.141593 0.800000 0.000000 0.000000 0.000000 0.000000
-372.940000 221.000000 3.141593 0.800000 0.000000 0.000000 0.000000 0.000000
-372.980000 221.000000 3.141593 0.800000 0.000000 0.000000 0.000000 0.000000
-373.020000 221.000000 3.141593 0.800000 0.000000 0.000000 0.000000 0.000000
-373.060000 221.000000 3.141593 0.800000 0.000000 0.000000 0.000000 0.000000
-373.100000 221.000000 3.141593 0.800000 0.000000 0.000000 0.000000 0.000000
-373.140000 221.000000 3.141593 0.800000 0.000000 0.000000 0.000000 0.000000
-373.180000 221.000000 3.141593 0.800000 0.000000 0.000000 0.000000 0.000000
-373.220000 221.000000 3.141593 0.800000 0.000000 0.000000 0.000000 0.000000
-373.260000 221.000000 3.141593 0.800000 0.000000 0.000000 0.000000 0.000000
-373.300000 221.000000 3.141593 0.800000 0.000000 0.000000 0.000000 0.000000
-373.340000 221.000000 3.141593 0.800000 0.000000 0.000000 0.000000 0.000000
-373.380000 221.000000 3.141593 0.800000 0.000000 0.000000 0.000000 0.000000
-373.420000 221.000000 3.141593 0.800000 0.000000 0.000000 0.000000 0.000000
-373.460000 221.000000 3.141593 0.800000 0.000000 0.000000 0.000000 0.000000
-373.500000 221.000000 3.141593 0.800000 0.000000 0.000000 0.000000 0.000000
-373.540000 221.000000 3.141593 0.800000 0.000000 0.000000 0.000000 0.000000
-373.580000 221.000000 3.141593 0.800000 0.000000 0.000000 0.000000 0.000000
-373.620000 221.000000 3.141593 0.800000 0.000000 0.000000 0.000000 0.000000
-373.660000 221.000000 3.141593 0.800000 0.000000 0.000000 0.000000 0.000000
-373.700000 221.000000 3.141593 0.800000 0.000000 0.000000 0.000000 0.000000
-373.740000 221.000000 3.141593 0.800000 0.000000 0.000000 0.000000 0.000000
-373.780000 221.000000 3.141593 0.800000 0.000000 0.000000 0.000000 0.000000
-373.820000 221.000000 3.141593 0.800000 0.000000 0.000000 0.000000 0.000000
-373.860000 221.000000 3.141593 0.800000 0.000000 0.000000 0.000000 0.000000
-373.900000 221.000000 3.141593 0.800000 0.000000 0.000000 0.000000 0.000000
-373.940000 221.000000 3.141593 0.800000 0.000000 0.000000 0.000000 0.000000
-373.980000 221.000000 3.141593 0.800000 0.000000 0.000000 0.000000 0.000000
-374.020000 221.000000 3.141593 0.800000 0.000000 0.000000 0.000000 0.000000
-374.060000 221.000000 3.141593 0.800000 0.000000 0.000000 0.000000 0.000000
-374.100000 221.000000 3.141593 0.800000 0.000000 0.000000 0.000000 0.000000
-374.140000 221.000000 3.141593 0.800000 0.000000 0.000000 0.000000 0.000000
-374.180000 221.000000 3.141593 0.800000 0.000000 0.000000 0.000000 0.000000
-374.220000 221.000000 3.141593 0.800000 0.000000 0.000000 0.000000 0.000000
-374.260000 221.000000 3.141593 0.800000 0.000000 0.000000 0.000000 0.000000
-374.300000 221.000000 3.141593 0.800000 0.000000 0.000000 0.000000 0.000000
-374.340000 221.000000 3.141593 0.800000 0.000000 0.000000 0.000000 0.000000
-374.380000 221.000000 3.141593 0.800000 0.000000 0.000000 0.000000 0.000000
-374.420000 221.000000 3.141593 0.800000 0.000000 0.000000 0.000000 0.000000
-374.460000 221.000000 3.141593 0.800000 0.000000 0.000000 0.000000 0.000000
-374.500000 221.000000 3.141593 0.800000 0.000000 0.000000 0.000000 0.000000
-374.540000 221.000000 3.141593 0.800000 0.000000 0.000000 0.000000 0.000000
-374.580000 221.000000 3.141593 0.800000 0.000000 0.000000 0.000000 0.000000
-374.620000 221.000000 3.141593 0.800000 0.000000 0.000000 0.000000 0.000000
-374.660000 221.000000 3.141593 0.800000 0.000000 0.000000 0.000000 0.000000
-374.700000 221.000000 3.141593 0.800000 0.000000 0.000000 0.000000 0.000000
-374.740000 221.000000 3.141593 0.800000 0.000000 0.000000 0.000000 0.000000
-374.780000 221.000000 3.141593 0.800000 0.000000 0.000000 0.000000 0.000000
-374.820000 221.000000 3.141593 0.800000 0.000000 0.000000 0.000000 0.000000
-374.860000 221.000000 3.141593 0.800000 0.000000 0.000000 0.000000 0.000000
-374.900000 221.000000 3.141593 0.800000 0.000000 0.000000 0.000000 0.000000
-374.940000 221.000000 3.141593 0.800000 0.000000 0.000000 0.000000 0.000000
-374.980000 221.000000 3.141593 0.800000 0.000000 0.000000 0.000000 0.000000
-375.020000 221.000000 3.141593 0.800000 0.000000 0.000000 0.000000 0.000000
-375.060000 221.000000 3.141593 0.800000 0.000000 0.000000 0.000000 0.000000
-375.100000 221.000000 3.141593 0.800000 0.000000 0.000000 0.000000 0.000000
-375.140000 221.000000 3.141593 0.800000 0.000000 0.000000 0.000000 0.000000
-375.180000 221.000000 3.141593 0.800000 0.000000 0.000000 0.000000 0.000000
-375.220000 221.000000 3.141593 0.800000 0.000000 0.000000 0.000000 0.000000
-375.260000 221.000000 3.141593 0.800000 0.000000 0.000000 0.000000 0.000000
-375.300000 221.000000 3.141593 0.800000 0.000000 0.000000 0.000000 0.000000
-375.340000 221.000000 3.141593 0.800000 0.000000 0.000000 0.000000 0.000000
-375.380000 221.000000 3.141593 0.800000 0.000000 0.000000 0.000000 0.000000
-375.420000 221.000000 3.141593 0.800000 0.000000 0.000000 0.000000 0.000000
-375.460000 221.000000 3.141593 0.800000 0.000000 0.000000 0.000000 0.000000
-375.500000 221.000000 3.141593 0.800000 0.000000 0.000000 0.000000 0.000000
-375.540000 221.000000 3.141593 0.800000 0.000000 0.000000 0.000000 0.000000
-375.580000 221.000000 3.141593 0.800000 0.000000 0.000000 0.000000 0.000000
-375.620000 221.000000 3.141593 0.800000 0.000000 0.000000 0.000000 0.000000
-375.660000 221.000000 3.141593 0.800000 0.000000 0.000000 0.000000 0.000000
-375.700000 221.000000 3.141593 0.800000 0.000000 0.000000 0.000000 0.000000
-375.740000 221.000000 3.141593 0.800000 0.000000 0.000000 0.000000 0.000000
-375.780000 221.000000 3.141593 0.800000 0.000000 0.000000 0.000000 0.000000
-375.820000 221.000000 3.141593 0.800000 0.000000 0.000000 0.000000 0.000000
-375.860000 221.000000 3.141593 0.800000 0.000000 0.000000 0.000000 0.000000
-375.900000 221.000000 3.141593 0.800000 0.000000 0.000000 0.000000 0.000000
-375.940000 221.000000 3.141593 0.800000 0.000000 0.000000 0.000000 0.000000
-375.980000 221.000000 3.141593 0.800000 0.000000 0.000000 0.000000 0.000000
-376.020000 221.000000 3.141593 0.800000 0.000000 0.000000 0.000000 0.000000
-376.060000 221.000000 3.141593 0.800000 0.000000 0.000000 0.000000 0.000000
-376.100000 221.000000 3.141593 0.800000 0.000000 0.000000 0.000000 0.000000
-376.140000 221.000000 3.141593 0.800000 0.000000 0.000000 0.000000 0.000000
-376.180000 221.000000 3.141593 0.800000 0.000000 0.000000 0.000000 0.000000
-376.220000 221.000000 3.141593 0.800000 0.000000 0.000000 0.000000 0.000000
-376.260000 221.000000 3.141593 0.800000 0.000000 0.000000 0.000000 0.000000
-376.300000 221.000000 3.141593 0.800000 0.000000 0.000000 0.000000 0.000000
-376.340000 221.000000 3.141593 0.800000 0.000000 0.000000 0.000000 0.000000
-376.380000 221.000000 3.141593 0.800000 0.000000 0.000000 0.000000 0.000000
-376.420000 221.000000 3.141593 0.800000 0.000000 0.000000 0.000000 0.000000
-376.460000 221.000000 3.141593 0.800000 0.000000 0.000000 0.000000 0.000000
-376.500000 221.000000 3.141593 0.800000 0.000000 0.000000 0.000000 0.000000
-376.540000 221.000000 3.141593 0.800000 0.000000 0.000000 0.000000 0.000000
-376.580000 221.000000 3.141593 0.800000 0.000000 0.000000 0.000000 0.000000
-376.620000 221.000000 3.141593 0.800000 0.000000 0.000000 0.000000 0.000000
-376.660000 221.000000 3.141593 0.800000 0.000000 0.000000 0.000000 0.000000
-376.700000 221.000000 3.141593 0.800000 0.000000 0.000000 0.000000 0.000000
-376.740000 221.000000 3.141593 0.800000 0.000000 0.000000 0.000000 0.000000
-376.780000 221.000000 3.141593 0.800000 0.000000 0.000000 0.000000 0.000000
-376.820000 221.000000 3.141593 0.800000 0.000000 0.000000 0.000000 0.000000
-376.860000 221.000000 3.141593 0.800000 0.000000 0.000000 0.000000 0.000000
-376.900000 221.000000 3.141593 0.800000 0.000000 0.000000 0.000000 0.000000
-376.940000 221.000000 3.141593 0.800000 0.000000 0.000000 0.000000 0.000000
-376.980000 221.000000 3.141593 0.800000 0.000000 0.000000 0.000000 0.000000
-377.020000 221.000000 3.141593 0.800000 0.000000 0.000000 0.000000 0.000000
-377.060000 221.000000 3.141593 0.800000 0.000000 0.000000 0.000000 0.000000
-377.100000 221.000000 3.141593 0.800000 0.000000 0.000000 0.000000 0.000000
-377.140000 221.000000 3.141593 0.800000 0.000000 0.000000 0.000000 0.000000
-377.180000 221.000000 3.141593 0.800000 0.000000 0.000000 0.000000 0.000000
-377.220000 221.000000 3.141593 0.800000 0.000000 0.000000 0.000000 0.000000
-377.260000 221.000000 3.141593 0.800000 0.000000 0.000000 0.000000 0.000000
-377.300000 221.000000 3.141593 0.800000 0.000000 0.000000 0.000000 0.000000
-377.340000 221.000000 3.141593 0.800000 0.000000 0.000000 0.000000 0.000000
-377.380000 221.000000 3.141593 0.800000 0.000000 0.000000 0.000000 0.000000
-377.420000 221.000000 3.141593 0.800000 0.000000 0.000000 0.000000 0.000000
-377.460000 221.000000 3.141593 0.800000 0.000000 0.000000 0.000000 0.000000
-377.500000 221.000000 3.141593 0.800000 0.000000 0.000000 0.000000 0.000000
-377.540000 221.000000 3.141593 0.800000 0.000000 0.000000 0.000000 0.000000
-377.580000 221.000000 3.141593 0.800000 0.000000 0.000000 0.000000 0.000000
-377.620000 221.000000 3.141593 0.800000 0.000000 0.000000 0.000000 0.000000
-377.660000 221.000000 3.141593 0.800000 0.000000 0.000000 0.000000 0.000000
-377.700000 221.000000 3.141593 0.800000 0.000000 0.000000 0.000000 0.000000
-377.740000 221.000000 3.141593 0.800000 0.000000 0.000000 0.000000 0.000000
-377.780000 221.000000 3.141593 0.800000 0.000000 0.000000 0.000000 0.000000
-377.820000 221.000000 3.141593 0.800000 0.000000 0.000000 0.000000 0.000000
-377.860000 221.000000 3.141593 0.800000 0.000000 0.000000 0.000000 0.000000
-377.900000 221.000000 3.141593 0.800000 0.000000 0.000000 0.000000 0.000000
-377.940000 221.000000 3.141593 0.800000 0.000000 0.000000 0.000000 0.000000
-377.980000 221.000000 3.141593 0.800000 0.000000 0.000000 0.000000 0.000000
-378.020000 221.000000 3.141593 0.800000 0.000000 0.000000 0.000000 0.000000
-378.060000 221.000000 3.141593 0.800000 0.000000 0.000000 0.000000 0.000000
-378.100000 221.000000 3.141593 0.800000 0.000000 0.000000 0.000000 0.000000
-378.140000 221.000000 3.141593 0.800000 0.000000 0.000000 0.000000 0.000000
-378.180000 221.000000 3.141593 0.800000 0.000000 0.000000 0.000000 0.000000
-378.220000 221.000000 3.141593 0.800000 0.000000 0.000000 0.000000 0.000000
-378.260000 221.000000 3.141593 0.800000 0.000000 0.000000 0.000000 0.000000
-378.300000 221.000000 3.141593 0.800000 0.000000 0.000000 0.000000 0.000000
-378.340000 221.000000 3.141593 0.800000 0.000000 0.000000 0.000000 0.000000
-378.380000 221.000000 3.141593 0.800000 0.000000 0.000000 0.000000 0.000000
-378.420000 221.000000 3.141593 0.800000 0.000000 0.000000 0.000000 0.000000
-378.460000 221.000000 3.141593 0.800000 0.000000 0.000000 0.000000 0.000000
-378.500000 221.000000 3.141593 0.800000 0.000000 0.000000 0.000000 0.000000
-378.540000 221.000000 3.141593 0.800000 0.000000 0.000000 0.000000 0.000000
-378.580000 221.000000 3.141593 0.800000 0.000000 0.000000 0.000000 0.000000
-378.620000 221.000000 3.141593 0.800000 0.000000 0.000000 0.000000 0.000000
-378.660000 221.000000 3.141593 0.800000 0.000000 0.000000 0.000000 0.000000
-378.700000 221.000000 3.141593 0.800000 0.000000 0.000000 0.000000 0.000000
-378.740000 221.000000 3.141593 0.800000 0.000000 0.000000 0.000000 0.000000
-378.780000 221.000000 3.141593 0.800000 0.000000 0.000000 0.000000 0.000000
-378.820000 221.000000 3.141593 0.800000 0.000000 0.000000 0.000000 0.000000
-378.860000 221.000000 3.141593 0.800000 0.000000 0.000000 0.000000 0.000000
-378.900000 221.000000 3.141593 0.800000 0.000000 0.000000 0.000000 0.000000
-378.940000 221.000000 3.141593 0.800000 0.000000 0.000000 0.000000 0.000000
-378.980000 221.000000 3.141593 0.800000 0.000000 0.000000 0.000000 0.000000
-379.020000 221.000000 3.141593 0.800000 0.000000 0.000000 0.000000 0.000000
-379.060000 221.000000 3.141593 0.800000 0.000000 0.000000 0.000000 0.000000
-379.100000 221.000000 3.141593 0.800000 0.000000 0.000000 0.000000 0.000000
-379.140000 221.000000 3.141593 0.800000 0.000000 0.000000 0.000000 0.000000
-379.180000 221.000000 3.141593 0.800000 0.000000 0.000000 0.000000 0.000000
-379.220000 221.000000 3.141593 0.800000 0.000000 0.000000 0.000000 0.000000
-379.260000 221.000000 3.141593 0.800000 0.000000 0.000000 0.000000 0.000000
-379.300000 221.000000 3.141593 0.800000 0.000000 0.000000 0.000000 0.000000
-379.340000 221.000000 3.141593 0.800000 0.000000 0.000000 0.000000 0.000000
-379.380000 221.000000 3.141593 0.800000 0.000000 0.000000 0.000000 0.000000
-379.420000 221.000000 3.141593 0.800000 0.000000 0.000000 0.000000 0.000000
-379.460000 221.000000 3.141593 0.800000 0.000000 0.000000 0.000000 0.000000
-379.500000 221.000000 3.141593 0.800000 0.000000 0.000000 0.000000 0.000000
-379.540000 221.000000 3.141593 0.800000 0.000000 0.000000 0.000000 0.000000
-379.580000 221.000000 3.141593 0.800000 0.000000 0.000000 0.000000 0.000000
-379.620000 221.000000 3.141593 0.800000 0.000000 0.000000 0.000000 0.000000
-379.660000 221.000000 3.141593 0.800000 0.000000 0.000000 0.000000 0.000000
-379.700000 221.000000 3.141593 0.800000 0.000000 0.000000 0.000000 0.000000
-379.740000 221.000000 3.141593 0.800000 0.000000 0.000000 0.000000 0.000000
-379.780000 221.000000 3.141593 0.800000 0.000000 0.000000 0.000000 0.000000
-379.820000 221.000000 3.141593 0.800000 0.000000 0.000000 0.000000 0.000000
-379.860000 221.000000 3.141593 0.800000 0.000000 0.000000 0.000000 0.000000
-379.900000 221.000000 3.141593 0.800000 0.000000 0.000000 0.000000 0.000000
-379.940000 221.000000 3.141593 0.800000 0.000000 0.000000 0.000000 0.000000
-379.980000 221.000000 3.141593 0.800000 0.000000 0.000000 0.000000 0.000000
-380.020000 221.000000 3.141593 0.800000 0.000000 0.000000 0.000000 0.000000
-380.060000 221.000000 3.141593 0.800000 0.000000 0.000000 0.000000 0.000000
-380.100000 221.000000 3.141593 0.800000 0.000000 0.000000 0.000000 0.000000
-380.140000 221.000000 3.141593 0.800000 0.000000 0.000000 0.000000 0.000000
-380.180000 221.000000 3.141593 0.800000 0.000000 0.000000 0.000000 0.000000
-380.220000 221.000000 3.141593 0.800000 0.000000 0.000000 0.000000 0.000000
-380.260000 221.000000 3.141593 0.800000 0.000000 0.000000 0.000000 0.000000
-380.300000 221.000000 3.141593 0.800000 0.000000 0.000000 0.000000 0.000000
-380.340000 221.000000 3.141593 0.800000 0.000000 0.000000 0.000000 0.000000
-380.380000 221.000000 3.141593 0.800000 0.000000 0.000000 0.000000 0.000000
-380.420000 221.000000 3.141593 0.800000 0.000000 0.000000 0.000000 0.000000
-380.460000 221.000000 3.141593 0.800000 0.000000 0.000000 0.000000 0.000000
-380.500000 221.000000 3.141593 0.800000 0.000000 0.000000 0.000000 0.000000
-380.540000 221.000000 3.141593 0.800000 0.000000 0.000000 0.000000 0.000000
-380.580000 221.000000 3.141593 0.800000 0.000000 0.000000 0.000000 0.000000
-380.620000 221.000000 3.141593 0.800000 0.000000 0.000000 0.000000 0.000000
-380.660000 221.000000 3.141593 0.800000 0.000000 0.000000 0.000000 0.000000
-380.700000 221.000000 3.141593 0.800000 0.000000 0.000000 0.000000 0.000000
-380.740000 221.000000 3.141593 0.800000 0.000000 0.000000 0.000000 0.000000
-380.780000 221.000000 3.141593 0.800000 0.000000 0.000000 0.000000 0.000000
-380.820000 221.000000 3.141593 0.800000 0.000000 0.000000 0.000000 0.000000
-380.860000 221.000000 3.141593 0.800000 0.000000 0.000000 0.000000 0.000000
-380.900000 221.000000 3.141593 0.800000 0.000000 0.000000 0.000000 0.000000
-380.940000 221.000000 3.141593 0.800000 0.000000 0.000000 0.000000 0.000000
-380.980000 221.000000 3.141593 0.800000 0.000000 0.000000 0.000000 0.000000
-381.020000 221.000000 3.141593 0.800000 0.000000 0.000000 0.000000 0.000000
-381.060000 221.000000 3.141593 0.800000 0.000000 0.000000 0.000000 0.000000
-381.100000 221.000000 3.141593 0.800000 0.000000 0.000000 0.000000 0.000000
-381.140000 221.000000 3.141593 0.800000 0.000000 0.000000 0.000000 0.000000
-381.180000 221.000000 3.141593 0.800000 0.000000 0.000000 0.000000 0.000000
-381.220000 221.000000 3.141593 0.800000 0.000000 0.000000 0.000000 0.000000
-381.260000 221.000000 3.141593 0.800000 0.000000 0.000000 0.000000 0.000000
-381.300000 221.000000 3.141593 0.800000 0.000000 0.000000 0.000000 0.000000
-381.340000 221.000000 3.141593 0.800000 0.000000 0.000000 0.000000 0.000000
-381.380000 221.000000 3.141593 0.800000 0.000000 0.000000 0.000000 0.000000
-381.420000 221.000000 3.141593 0.800000 0.000000 0.000000 0.000000 0.000000
-381.460000 221.000000 3.141593 0.800000 0.000000 0.000000 0.000000 0.000000
-381.500000 221.000000 3.141593 0.800000 0.000000 0.000000 0.000000 0.000000
-381.540000 221.000000 3.141593 0.800000 0.000000 0.000000 0.000000 0.000000
-381.580000 221.000000 3.141593 0.800000 0.000000 0.000000 0.000000 0.000000
-381.620000 221.000000 3.141593 0.800000 0.000000 0.000000 0.000000 0.000000
-381.660000 221.000000 3.141593 0.800000 0.000000 0.000000 0.000000 0.000000
-381.700000 221.000000 3.141593 0.800000 0.000000 0.000000 0.000000 0.000000
-381.740000 221.000000 3.141593 0.800000 0.000000 0.000000 0.000000 0.000000
-381.780000 221.000000 3.141593 0.800000 0.000000 0.000000 0.000000 0.000000
-381.820000 221.000000 3.141593 0.800000 0.000000 0.000000 0.000000 0.000000
-381.860000 221.000000 3.141593 0.800000 0.000000 0.000000 0.000000 0.000000
-381.900000 221.000000 3.141593 0.800000 0.000000 0.000000 0.000000 0.000000
-381.940000 221.000000 3.141593 0.800000 0.000000 0.000000 0.000000 0.000000
-381.980000 221.000000 3.141593 0.800000 0.000000 0.000000 0.000000 0.000000
-382.020000 221.000000 3.141593 0.800000 0.000000 0.000000 0.000000 0.000000
-382.060000 221.000000 3.141593 0.800000 0.000000 0.000000 0.000000 0.000000
-382.100000 221.000000 3.141593 0.800000 0.000000 0.000000 0.000000 0.000000
-382.140000 221.000000 3.141593 0.800000 0.000000 0.000000 0.000000 0.000000
-382.180000 221.000000 3.141593 0.800000 0.000000 0.000000 0.000000 0.000000
-382.220000 221.000000 3.141593 0.800000 0.000000 0.000000 0.000000 0.000000
-382.260000 221.000000 3.141593 0.800000 0.000000 0.000000 0.000000 0.000000
-382.300000 221.000000 3.141593 0.800000 0.000000 0.000000 0.000000 0.000000
-382.340000 221.000000 3.141593 0.800000 0.000000 0.000000 0.000000 0.000000
-382.380000 221.000000 3.141593 0.800000 0.000000 0.000000 0.000000 0.000000
-382.420000 221.000000 3.141593 0.800000 0.000000 0.000000 0.000000 0.000000
-382.460000 221.000000 3.141593 0.800000 0.000000 0.000000 0.000000 0.000000
-382.500000 221.000000 3.141593 0.800000 0.000000 0.000000 0.000000 0.000000
-382.540000 221.000000 3.141593 0.800000 0.000000 0.000000 0.000000 0.000000
-382.580000 221.000000 3.141593 0.800000 0.000000 0.000000 0.000000 0.000000
-382.620000 221.000000 3.141593 0.800000 0.000000 0.000000 0.000000 0.000000
-382.660000 221.000000 3.141593 0.800000 0.000000 0.000000 0.000000 0.000000
-382.700000 221.000000 3.141593 0.800000 0.000000 0.000000 0.000000 0.000000
-382.740000 221.000000 3.141593 0.800000 0.000000 0.000000 0.000000 0.000000
-382.780000 221.000000 3.141593 0.800000 0.000000 0.000000 0.000000 0.000000
-382.820000 221.000000 3.141593 0.800000 0.000000 0.000000 0.000000 0.000000
-382.860000 221.000000 3.141593 0.800000 0.000000 0.000000 0.000000 0.000000
-382.900000 221.000000 3.141593 0.800000 0.000000 0.000000 0.000000 0.000000
-382.940000 221.000000 3.141593 0.800000 0.000000 0.000000 0.000000 0.000000
-382.980000 221.000000 3.141593 0.800000 0.000000 0.000000 0.000000 0.000000
-383.020000 221.000000 3.141593 0.800000 0.000000 0.000000 0.000000 0.000000
-383.060000 221.000000 3.141593 0.800000 0.000000 0.000000 0.000000 0.000000
-383.100000 221.000000 3.141593 0.800000 0.000000 0.000000 0.000000 0.000000
-383.140000 221.000000 3.141593 0.800000 0.000000 0.000000 0.000000 0.000000
-383.180000 221.000000 3.141593 0.800000 0.000000 0.000000 0.000000 0.000000
-383.220000 221.000000 3.141593 0.800000 0.000000 0.000000 0.000000 0.000000
-383.260000 221.000000 3.141593 0.800000 0.000000 0.000000 0.000000 0.000000
-383.300000 221.000000 3.141593 0.800000 0.000000 0.000000 0.000000 0.000000
-383.340000 221.000000 3.141593 0.800000 0.000000 0.000000 0.000000 0.000000
-383.380000 221.000000 3.141593 0.800000 0.000000 0.000000 0.000000 0.000000
-383.420000 221.000000 3.141593 0.800000 0.000000 0.000000 0.000000 0.000000
-383.460000 221.000000 3.141593 0.800000 0.000000 0.000000 0.000000 0.000000
-383.500000 221.000000 3.141593 0.800000 0.000000 0.000000 0.000000 0.000000
-383.540000 221.000000 3.141593 0.800000 0.000000 0.000000 0.000000 0.000000
-383.580000 221.000000 3.141593 0.800000 0.000000 0.000000 0.000000 0.000000
-383.620000 221.000000 3.141593 0.800000 0.000000 0.000000 0.000000 0.000000
-383.660000 221.000000 3.141593 0.800000 0.000000 0.000000 0.000000 0.000000
-383.700000 221.000000 3.141593 0.800000 0.000000 0.000000 0.000000 0.000000
-383.740000 221.000000 3.141593 0.800000 0.000000 0.000000 0.000000 0.000000
-383.780000 221.000000 3.141593 0.800000 0.000000 0.000000 0.000000 0.000000
-383.820000 221.000000 3.141593 0.800000 0.000000 0.000000 0.000000 0.000000
-383.860000 221.000000 3.141593 0.800000 0.000000 0.000000 0.000000 0.000000
-383.900000 221.000000 3.141593 0.800000 0.000000 0.000000 0.000000 0.000000
-383.940000 221.000000 3.141593 0.800000 0.000000 0.000000 0.000000 0.000000
-383.980000 221.000000 3.141593 0.800000 0.000000 0.000000 0.000000 0.000000
-384.020000 221.000000 3.141593 0.800000 0.000000 0.000000 0.000000 0.000000
-384.060000 221.000000 3.141593 0.800000 0.000000 0.000000 0.000000 0.000000
-384.100000 221.000000 3.141593 0.800000 0.000000 0.000000 0.000000 0.000000
-384.140000 221.000000 3.141593 0.800000 0.000000 0.000000 0.000000 0.000000
-384.180000 221.000000 3.141593 0.800000 0.000000 0.000000 0.000000 0.000000
-384.220000 221.000000 3.141593 0.800000 0.000000 0.000000 0.000000 0.000000
-384.260000 221.000000 3.141593 0.800000 0.000000 0.000000 0.000000 0.000000
-384.300000 221.000000 3.141593 0.800000 0.000000 0.000000 0.000000 0.000000
-384.340000 221.000000 3.141593 0.800000 0.000000 0.000000 0.000000 0.000000
-384.380000 221.000000 3.141593 0.800000 0.000000 0.000000 0.000000 0.000000
-384.420000 221.000000 3.141593 0.800000 0.000000 0.000000 0.000000 0.000000
-384.460000 221.000000 3.141593 0.800000 0.000000 0.000000 0.000000 0.000000
-384.500000 221.000000 3.141593 0.800000 0.000000 0.000000 0.000000 0.000000
-384.540000 221.000000 3.141593 0.800000 0.000000 0.000000 0.000000 0.000000
-384.580000 221.000000 3.141593 0.800000 0.000000 0.000000 0.000000 0.000000
-384.620000 221.000000 3.141593 0.800000 0.000000 0.000000 0.000000 0.000000
-384.660000 221.000000 3.141593 0.800000 0.000000 0.000000 0.000000 0.000000
-384.700000 221.000000 3.141593 0.800000 0.000000 0.000000 0.000000 0.000000
-384.740000 221.000000 3.141593 0.800000 0.000000 0.000000 0.000000 0.000000
-384.780000 221.000000 3.141593 0.800000 0.000000 0.000000 0.000000 0.000000
-384.820000 221.000000 3.141593 0.800000 0.000000 0.000000 0.000000 0.000000
-384.860000 221.000000 3.141593 0.800000 0.000000 0.000000 0.000000 0.000000
-384.900000 221.000000 3.141593 0.800000 0.000000 0.000000 0.000000 0.000000
-384.940000 221.000000 3.141593 0.800000 0.000000 0.000000 0.000000 0.000000
-384.980000 221.000000 3.141593 0.800000 0.000000 0.000000 0.000000 0.000000
-385.020000 221.000000 3.141593 0.800000 0.000000 0.000000 0.000000 0.000000
-385.060000 221.000000 3.141593 0.800000 0.000000 0.000000 0.000000 0.000000
-385.100000 221.000000 3.141593 0.800000 0.000000 0.000000 0.000000 0.000000
-385.140000 221.000000 3.141593 0.800000 0.000000 0.000000 0.000000 0.000000
-385.180000 221.000000 3.141593 0.800000 0.000000 0.000000 0.000000 0.000000
-385.220000 221.000000 3.141593 0.800000 0.000000 0.000000 0.000000 0.000000
-385.260000 221.000000 3.141593 0.800000 0.000000 0.000000 0.000000 0.000000
-385.300000 221.000000 3.141593 0.800000 0.000000 0.000000 0.000000 0.000000
-385.340000 221.000000 3.141593 0.800000 0.000000 0.000000 0.000000 0.000000
-385.380000 221.000000 3.141593 0.800000 0.000000 0.000000 0.000000 0.000000
-385.420000 221.000000 3.141593 0.800000 0.000000 0.000000 0.000000 0.000000
-385.460000 221.000000 3.141593 0.800000 0.000000 0.000000 0.000000 0.000000
-385.500000 221.000000 3.141593 0.800000 0.000000 0.000000 0.000000 0.000000
-385.540000 221.000000 3.141593 0.800000 0.000000 0.000000 0.000000 0.000000
-385.580000 221.000000 3.141593 0.800000 0.000000 0.000000 0.000000 0.000000
-385.620000 221.000000 3.141593 0.800000 0.000000 0.000000 0.000000 0.000000
-385.660000 221.000000 3.141593 0.800000 0.000000 0.000000 0.000000 0.000000
-385.700000 221.000000 3.141593 0.800000 0.000000 0.000000 0.000000 0.000000
-385.740000 221.000000 3.141593 0.800000 0.000000 0.000000 0.000000 0.000000
-385.780000 221.000000 3.141593 0.800000 0.000000 0.000000 0.000000 0.000000
-385.820000 221.000000 3.141593 0.800000 0.000000 0.000000 0.000000 0.000000
-385.860000 221.000000 3.141593 0.800000 0.000000 0.000000 0.000000 0.000000
-385.900000 221.000000 3.141593 0.800000 0.000000 0.000000 0.000000 0.000000
-385.940000 221.000000 3.141593 0.800000 0.000000 0.000000 0.000000 0.000000
-385.980000 221.000000 3.141593 0.800000 0.000000 0.000000 0.000000 0.000000
-386.020000 221.000000 3.141593 0.800000 0.000000 0.000000 0.000000 0.000000
-386.060000 221.000000 3.141593 0.800000 0.000000 0.000000 0.000000 0.000000
-386.100000 221.000000 3.141593 0.800000 0.000000 0.000000 0.000000 0.000000
-386.140000 221.000000 3.141593 0.800000 0.000000 0.000000 0.000000 0.000000
-386.180000 221.000000 3.141593 0.800000 0.000000 0.000000 0.000000 0.000000
-386.220000 221.000000 3.141593 0.800000 0.000000 0.000000 0.000000 0.000000
-386.260000 221.000000 3.141593 0.800000 0.000000 0.000000 0.000000 0.000000
-386.300000 221.000000 3.141593 0.800000 0.000000 0.000000 0.000000 0.000000
-386.340000 221.000000 3.141593 0.800000 0.000000 0.000000 0.000000 0.000000
-386.380000 221.000000 3.141593 0.800000 0.000000 0.000000 0.000000 0.000000
-386.420000 221.000000 3.141593 0.800000 0.000000 0.000000 0.000000 0.000000
-386.460000 221.000000 3.141593 0.800000 0.000000 0.000000 0.000000 0.000000
-386.500000 221.000000 3.141593 0.800000 0.000000 0.000000 0.000000 0.000000
-386.540000 221.000000 3.141593 0.800000 0.000000 0.000000 0.000000 0.000000
-386.580000 221.000000 3.141593 0.800000 0.000000 0.000000 0.000000 0.000000
-386.620000 221.000000 3.141593 0.800000 0.000000 0.000000 0.000000 0.000000
-386.660000 221.000000 3.141593 0.800000 0.000000 0.000000 0.000000 0.000000
-386.700000 221.000000 3.141593 0.800000 0.000000 0.000000 0.000000 0.000000
-386.740000 221.000000 3.141593 0.800000 0.000000 0.000000 0.000000 0.000000
-386.780000 221.000000 3.141593 0.800000 0.000000 0.000000 0.000000 0.000000
-386.820000 221.000000 3.141593 0.800000 0.000000 0.000000 0.000000 0.000000
-386.860000 221.000000 3.141593 0.800000 0.000000 0.000000 0.000000 0.000000
-386.900000 221.000000 3.141593 0.800000 0.000000 0.000000 0.000000 0.000000
-386.940000 221.000000 3.141593 0.800000 0.000000 0.000000 0.000000 0.000000
-386.980000 221.000000 3.141593 0.800000 0.000000 0.000000 0.000000 0.000000
-387.020000 221.000000 3.141593 0.800000 0.000000 0.000000 0.000000 0.000000
-387.060000 221.000000 3.141593 0.800000 0.000000 0.000000 0.000000 0.000000
-387.100000 221.000000 3.141593 0.800000 0.000000 0.000000 0.000000 0.000000
-387.140000 221.000000 3.141593 0.800000 0.000000 0.000000 0.000000 0.000000
-387.180000 221.000000 3.141593 0.800000 0.000000 0.000000 0.000000 0.000000
-387.220000 221.000000 3.141593 0.800000 0.000000 0.000000 0.000000 0.000000
-387.260000 221.000000 3.141593 0.800000 0.000000 0.000000 0.000000 0.000000
-387.300000 221.000000 3.141593 0.800000 0.000000 0.000000 0.000000 0.000000
-387.340000 221.000000 3.141593 0.800000 0.000000 0.000000 0.000000 0.000000
-387.380000 221.000000 3.141593 0.800000 0.000000 0.000000 0.000000 0.000000
-387.420000 221.000000 3.141593 0.800000 0.000000 0.000000 0.000000 0.000000
-387.460000 221.000000 3.141593 0.800000 0.000000 0.000000 0.000000 0.000000
-387.500000 221.000000 3.141593 0.800000 0.000000 0.000000 0.000000 0.000000
-387.540000 221.000000 3.141593 0.800000 0.000000 0.000000 0.000000 0.000000
-387.580000 221.000000 3.141593 0.800000 0.000000 0.000000 0.000000 0.000000
-387.620000 221.000000 3.141593 0.800000 0.000000 0.000000 0.000000 0.000000
-387.660000 221.000000 3.141593 0.800000 0.000000 0.000000 0.000000 0.000000
-387.700000 221.000000 3.141593 0.800000 0.000000 0.000000 0.000000 0.000000
-387.740000 221.000000 3.141593 0.800000 0.000000 0.000000 0.000000 0.000000
-387.780000 221.000000 3.141593 0.800000 0.000000 0.000000 0.000000 0.000000
-387.820000 221.000000 3.141593 0.800000 0.000000 0.000000 0.000000 0.000000
-387.860000 221.000000 3.141593 0.800000 0.000000 0.000000 0.000000 0.000000
-387.900000 221.000000 3.141593 0.800000 0.000000 0.000000 0.000000 0.000000
-387.940000 221.000000 3.141593 0.800000 0.000000 0.000000 0.000000 0.000000
-387.980000 221.000000 3.141593 0.800000 0.000000 0.000000 0.000000 0.000000
-388.020000 221.000000 3.141593 0.800000 0.000000 0.000000 0.000000 0.000000
-388.060000 221.000000 3.141593 0.800000 0.000000 0.000000 0.000000 0.000000
-388.100000 221.000000 3.141593 0.800000 0.000000 0.000000 0.000000 0.000000
-388.140000 221.000000 3.141593 0.800000 0.000000 0.000000 0.000000 0.000000
-388.180000 221.000000 3.141593 0.800000 0.000000 0.000000 0.000000 0.000000
-388.220000 221.000000 3.141593 0.800000 0.000000 0.000000 0.000000 0.000000
-388.260000 221.000000 3.141593 0.800000 0.000000 0.000000 0.000000 0.000000
-388.300000 221.000000 3.141593 0.800000 0.000000 0.000000 0.000000 0.000000
-388.340000 221.000000 3.141593 0.800000 0.000000 0.000000 0.000000 0.000000
-388.380000 221.000000 3.141593 0.800000 0.000000 0.000000 0.000000 0.000000
-388.420000 221.000000 3.141593 0.800000 0.000000 0.000000 0.000000 0.000000
-388.460000 221.000000 3.141593 0.800000 0.000000 0.000000 0.000000 0.000000
-388.500000 221.000000 3.141593 0.800000 0.000000 0.000000 0.000000 0.000000
-388.540000 221.000000 3.141593 0.800000 0.000000 0.000000 0.000000 0.000000
-388.580000 221.000000 3.141593 0.800000 0.000000 0.000000 0.000000 0.000000
-388.620000 221.000000 3.141593 0.800000 0.000000 0.000000 0.000000 0.000000
-388.660000 221.000000 3.141593 0.800000 0.000000 0.000000 0.000000 0.000000
-388.700000 221.000000 3.141593 0.800000 0.000000 0.000000 0.000000 0.000000
-388.740000 221.000000 3.141593 0.800000 0.000000 0.000000 0.000000 0.000000
-388.780000 221.000000 3.141593 0.800000 0.000000 0.000000 0.000000 0.000000
-388.820000 221.000000 3.141593 0.800000 0.000000 0.000000 0.000000 0.000000
-388.860000 221.000000 3.141593 0.800000 0.000000 0.000000 0.000000 0.000000
-388.900000 221.000000 3.141593 0.800000 0.000000 0.000000 0.000000 0.000000
-388.940000 221.000000 3.141593 0.800000 0.000000 0.000000 0.000000 0.000000
-388.980000 221.000000 3.141593 0.800000 0.000000 0.000000 0.000000 0.000000
-389.020000 221.000000 3.141593 0.800000 0.000000 0.000000 0.000000 0.000000
-389.060000 221.000000 3.141593 0.800000 0.000000 0.000000 0.000000 0.000000
-389.100000 221.000000 3.141593 0.800000 0.000000 0.000000 0.000000 0.000000
-389.140000 221.000000 3.141593 0.800000 0.000000 0.000000 0.000000 0.000000
-389.180000 221.000000 3.141593 0.800000 0.000000 0.000000 0.000000 0.000000
-389.220000 221.000000 3.141593 0.800000 0.000000 0.000000 0.000000 0.000000
-389.260000 221.000000 3.141593 0.800000 0.000000 0.000000 0.000000 0.000000
-389.300000 221.000000 3.141593 0.800000 0.000000 0.000000 0.000000 0.000000
-389.340000 221.000000 3.141593 0.800000 0.000000 0.000000 0.000000 0.000000
-389.380000 221.000000 3.141593 0.800000 0.000000 0.000000 0.000000 0.000000
-389.420000 221.000000 3.141593 0.800000 0.000000 0.000000 0.000000 0.000000
-389.460000 221.000000 3.141593 0.800000 0.000000 0.000000 0.000000 0.000000
-389.500000 221.000000 3.141593 0.800000 0.000000 0.000000 0.000000 0.000000
-389.540000 221.000000 3.141593 0.800000 0.000000 0.000000 0.000000 0.000000
-389.580000 221.000000 3.141593 0.800000 0.000000 0.000000 0.000000 0.000000
-389.620000 221.000000 3.141593 0.800000 0.000000 0.000000 0.000000 0.000000
-389.660000 221.000000 3.141593 0.800000 0.000000 0.000000 0.000000 0.000000
-389.700000 221.000000 3.141593 0.800000 0.000000 0.000000 0.000000 0.000000
-389.740000 221.000000 3.141593 0.800000 0.000000 0.000000 0.000000 0.000000
-389.780000 221.000000 3.141593 0.800000 0.000000 0.000000 0.000000 0.000000
-389.820000 221.000000 3.141593 0.800000 0.000000 0.000000 0.000000 0.000000
-389.860000 221.000000 3.141593 0.800000 0.000000 0.000000 0.000000 0.000000
-389.900000 221.000000 3.141593 0.800000 0.000000 0.000000 0.000000 0.000000
-389.940000 221.000000 3.141593 0.800000 0.000000 0.000000 0.000000 0.000000
-389.980000 221.000000 3.141593 0.800000 0.000000 0.000000 0.000000 0.000000
-390.020000 221.000000 3.141593 0.800000 0.000000 0.000000 0.000000 0.000000
-390.060000 221.000000 3.141593 0.800000 0.000000 0.000000 0.000000 0.000000
-390.100000 221.000000 3.141593 0.800000 0.000000 0.000000 0.000000 0.000000
-390.140000 221.000000 3.141593 0.800000 0.000000 0.000000 0.000000 0.000000
-390.180000 221.000000 3.141593 0.800000 0.000000 0.000000 0.000000 0.000000
-390.220000 221.000000 3.141593 0.800000 0.000000 0.000000 0.000000 0.000000
-390.260000 221.000000 3.141593 0.800000 0.000000 0.000000 0.000000 0.000000
-390.300000 221.000000 3.141593 0.800000 0.000000 0.000000 0.000000 0.000000
-390.340000 221.000000 3.141593 0.800000 0.000000 0.000000 0.000000 0.000000
-390.380000 221.000000 3.141593 0.800000 0.000000 0.000000 0.000000 0.000000
-390.420000 221.000000 3.141593 0.800000 0.000000 0.000000 0.000000 0.000000
-390.460000 221.000000 3.141593 0.800000 0.000000 0.000000 0.000000 0.000000
-390.500000 221.000000 3.141593 0.800000 0.000000 0.000000 0.000000 0.000000
-390.540000 221.000000 3.141593 0.800000 0.000000 0.000000 0.000000 0.000000
-390.580000 221.000000 3.141593 0.800000 0.000000 0.000000 0.000000 0.000000
-390.620000 221.000000 3.141593 0.800000 0.000000 0.000000 0.000000 0.000000
-390.660000 221.000000 3.141593 0.800000 0.000000 0.000000 0.000000 0.000000
-390.700000 221.000000 3.141593 0.800000 0.000000 0.000000 0.000000 0.000000
-390.740000 221.000000 3.141593 0.800000 0.000000 0.000000 0.000000 0.000000
-390.780000 221.000000 3.141593 0.800000 0.000000 0.000000 0.000000 0.000000
-390.820000 221.000000 3.141593 0.800000 0.000000 0.000000 0.000000 0.000000
-390.860000 221.000000 3.141593 0.800000 0.000000 0.000000 0.000000 0.000000
-390.900000 221.000000 3.141593 0.800000 0.000000 0.000000 0.000000 0.000000
-390.940000 221.000000 3.141593 0.800000 0.000000 0.000000 0.000000 0.000000
-390.980000 221.000000 3.141593 0.800000 0.000000 0.000000 0.000000 0.000000
-391.020000 221.000000 3.141593 0.800000 0.000000 0.000000 0.000000 0.000000
-391.060000 221.000000 3.141593 0.800000 0.000000 0.000000 0.000000 0.000000
-391.100000 221.000000 3.141593 0.800000 0.000000 0.000000 0.000000 0.000000
-391.140000 221.000000 3.141593 0.800000 0.000000 0.000000 0.000000 0.000000
-391.180000 221.000000 3.141593 0.800000 0.000000 0.000000 0.000000 0.000000
-391.220000 221.000000 3.141593 0.800000 0.000000 0.000000 0.000000 0.000000
-391.260000 221.000000 3.141593 0.800000 0.000000 0.000000 0.000000 0.000000
-391.300000 221.000000 3.141593 0.800000 0.000000 0.000000 0.000000 0.000000
-391.340000 221.000000 3.141593 0.800000 0.000000 0.000000 0.000000 0.000000
-391.380000 221.000000 3.141593 0.800000 0.000000 0.000000 0.000000 0.000000
-391.420000 221.000000 3.141593 0.800000 0.000000 0.000000 0.000000 0.000000
-391.460000 221.000000 3.141593 0.800000 0.000000 0.000000 0.000000 0.000000
-391.500000 221.000000 3.141593 0.800000 0.000000 0.000000 0.000000 0.000000
-391.540000 221.000000 3.141593 0.800000 0.000000 0.000000 0.000000 0.000000
-391.580000 221.000000 3.141593 0.800000 0.000000 0.000000 0.000000 0.000000
-391.620000 221.000000 3.141593 0.800000 0.000000 0.000000 0.000000 0.000000
-391.660000 221.000000 3.141593 0.800000 0.000000 0.000000 0.000000 0.000000
-391.700000 221.000000 3.141593 0.800000 0.000000 0.000000 0.000000 0.000000
-391.740000 221.000000 3.141593 0.800000 0.000000 0.000000 0.000000 0.000000
-391.780000 221.000000 3.141593 0.800000 0.000000 0.000000 0.000000 0.000000
-391.820000 221.000000 3.141593 0.800000 0.000000 0.000000 0.000000 0.000000
-391.860000 221.000000 3.141593 0.800000 0.000000 0.000000 0.000000 0.000000
-391.900000 221.000000 3.141593 0.800000 0.000000 0.000000 0.000000 0.000000
-391.940000 221.000000 3.141593 0.800000 0.000000 0.000000 0.000000 0.000000
-391.980000 221.000000 3.141593 0.800000 0.000000 0.000000 0.000000 0.000000
-392.020000 221.000000 3.141593 0.800000 0.000000 0.000000 0.000000 0.000000
-392.060000 221.000000 3.141593 0.800000 0.000000 0.000000 0.000000 0.000000
-392.100000 221.000000 3.141593 0.800000 0.000000 0.000000 0.000000 0.000000
-392.140000 221.000000 3.141593 0.800000 0.000000 0.000000 0.000000 0.000000
-392.180000 221.000000 3.141593 0.800000 0.000000 0.000000 0.000000 0.000000
-392.220000 221.000000 3.141593 0.800000 0.000000 0.000000 0.000000 0.000000
-392.260000 221.000000 3.141593 0.800000 0.000000 0.000000 0.000000 0.000000
-392.300000 221.000000 3.141593 0.800000 0.000000 0.000000 0.000000 0.000000
-392.340000 221.000000 3.141593 0.800000 0.000000 0.000000 0.000000 0.000000
-392.380000 221.000000 3.141593 0.800000 0.000000 0.000000 0.000000 0.000000
-392.420000 221.000000 3.141593 0.800000 0.000000 0.000000 0.000000 0.000000
-392.460000 221.000000 3.141593 0.800000 0.000000 0.000000 0.000000 0.000000
-392.500000 221.000000 3.141593 0.800000 0.000000 0.000000 0.000000 0.000000
-392.540000 221.000000 3.141593 0.800000 0.000000 0.000000 0.000000 0.000000
-392.580000 221.000000 3.141593 0.800000 0.000000 0.000000 0.000000 0.000000
-392.620000 221.000000 3.141593 0.800000 0.000000 0.000000 0.000000 0.000000
-392.660000 221.000000 3.141593 0.800000 0.000000 0.000000 0.000000 0.000000
-392.700000 221.000000 3.141593 0.800000 0.000000 0.000000 0.000000 0.000000
-392.740000 221.000000 3.141593 0.800000 0.000000 0.000000 0.000000 0.000000
-392.780000 221.000000 3.141593 0.800000 0.000000 0.000000 0.000000 0.000000
-392.820000 221.000000 3.141593 0.800000 0.000000 0.000000 0.000000 0.000000
-392.860000 221.000000 3.141593 0.800000 0.000000 0.000000 0.000000 0.000000
-392.900000 221.000000 3.141593 0.800000 0.000000 0.000000 0.000000 0.000000
-392.940000 221.000000 3.141593 0.800000 0.000000 0.000000 0.000000 0.000000
-392.980000 221.000000 3.141593 0.800000 0.000000 0.000000 0.000000 0.000000
-393.020000 221.000000 3.141593 0.800000 0.000000 0.000000 0.000000 0.000000
-393.060000 221.000000 3.141593 0.800000 0.000000 0.000000 0.000000 0.000000
-393.100000 221.000000 3.141593 0.800000 0.000000 0.000000 0.000000 0.000000
-393.140000 221.000000 3.141593 0.800000 0.000000 0.000000 0.000000 0.000000
-393.180000 221.000000 3.141593 0.800000 0.000000 0.000000 0.000000 0.000000
-393.220000 221.000000 3.141593 0.800000 0.000000 0.000000 0.000000 0.000000
-393.260000 221.000000 3.141593 0.800000 0.000000 0.000000 0.000000 0.000000
-393.300000 221.000000 3.141593 0.800000 0.000000 0.000000 0.000000 0.000000
-393.340000 221.000000 3.141593 0.800000 0.000000 0.000000 0.000000 0.000000
-393.380000 221.000000 3.141593 0.800000 0.000000 0.000000 0.000000 0.000000
-393.420000 221.000000 3.141593 0.800000 0.000000 0.000000 0.000000 0.000000
-393.460000 221.000000 3.141593 0.800000 0.000000 0.000000 0.000000 0.000000
-393.500000 221.000000 3.141593 0.800000 0.000000 0.000000 0.000000 0.000000
-393.540000 221.000000 3.141593 0.800000 0.000000 0.000000 0.000000 0.000000
-393.580000 221.000000 3.141593 0.800000 0.000000 0.000000 0.000000 0.000000
-393.620000 221.000000 3.141593 0.800000 0.000000 0.000000 0.000000 0.000000
-393.660000 221.000000 3.141593 0.800000 0.000000 0.000000 0.000000 0.000000
-393.700000 221.000000 3.141593 0.800000 0.000000 0.000000 0.000000 0.000000
-393.740000 221.000000 3.141593 0.800000 0.000000 0.000000 0.000000 0.000000
-393.780000 221.000000 3.141593 0.800000 0.000000 0.000000 0.000000 0.000000
-393.820000 221.000000 3.141593 0.800000 0.000000 0.000000 0.000000 0.000000
-393.860000 221.000000 3.141593 0.800000 0.000000 0.000000 0.000000 0.000000
-393.900000 221.000000 3.141593 0.800000 0.000000 0.000000 0.000000 0.000000
-393.940000 221.000000 3.141593 0.800000 0.000000 0.000000 0.000000 0.000000
-393.980000 221.000000 3.141593 0.800000 0.000000 0.000000 0.000000 0.000000
-394.020000 221.000000 3.141593 0.800000 0.000000 0.000000 0.000000 0.000000
-394.060000 221.000000 3.141593 0.800000 0.000000 0.000000 0.000000 0.000000
-394.100000 221.000000 3.141593 0.800000 0.000000 0.000000 0.000000 0.000000
-394.140000 221.000000 3.141593 0.800000 0.000000 0.000000 0.000000 0.000000
-394.180000 221.000000 3.141593 0.800000 0.000000 0.000000 0.000000 0.000000
-394.220000 221.000000 3.141593 0.800000 0.000000 0.000000 0.000000 0.000000
-394.260000 221.000000 3.141593 0.800000 0.000000 0.000000 0.000000 0.000000
-394.300000 221.000000 3.141593 0.800000 0.000000 0.000000 0.000000 0.000000
-394.340000 221.000000 3.141593 0.800000 0.000000 0.000000 0.000000 0.000000
-394.380000 221.000000 3.141593 0.800000 0.000000 0.000000 0.000000 0.000000
-394.420000 221.000000 3.141593 0.800000 0.000000 0.000000 0.000000 0.000000
-394.460000 221.000000 3.141593 0.800000 0.000000 0.000000 0.000000 0.000000
-394.500000 221.000000 3.141593 0.800000 0.000000 0.000000 0.000000 0.000000
-394.540000 221.000000 3.141593 0.800000 0.000000 0.000000 0.000000 0.000000
-394.580000 221.000000 3.141593 0.800000 0.000000 0.000000 0.000000 0.000000
-394.620000 221.000000 3.141593 0.800000 0.000000 0.000000 0.000000 0.000000
-394.660000 221.000000 3.141593 0.800000 0.000000 0.000000 0.000000 0.000000
-394.700000 221.000000 3.141593 0.800000 0.000000 0.000000 0.000000 0.000000
-394.740000 221.000000 3.141593 0.800000 0.000000 0.000000 0.000000 0.000000
-394.780000 221.000000 3.141593 0.800000 0.000000 0.000000 0.000000 0.000000
-394.820000 221.000000 3.141593 0.800000 0.000000 0.000000 0.000000 0.000000
-394.860000 221.000000 3.141593 0.800000 0.000000 0.000000 0.000000 0.000000
-394.900000 221.000000 3.141593 0.800000 0.000000 0.000000 0.000000 0.000000
-394.940000 221.000000 3.141593 0.800000 0.000000 0.000000 0.000000 0.000000
-394.980000 221.000000 3.141593 0.800000 0.000000 0.000000 0.000000 0.000000
-395.020000 221.000000 3.141593 0.800000 0.000000 0.000000 0.000000 0.000000
-395.060000 221.000000 3.141593 0.800000 0.000000 0.000000 0.000000 0.000000
-395.100000 221.000000 3.141593 0.800000 0.000000 0.000000 0.000000 0.000000
-395.140000 221.000000 3.141593 0.800000 0.000000 0.000000 0.000000 0.000000
-395.180000 221.000000 3.141593 0.800000 0.000000 0.000000 0.000000 0.000000
-395.220000 221.000000 3.141593 0.800000 0.000000 0.000000 0.000000 0.000000
-395.260000 221.000000 3.141593 0.800000 0.000000 0.000000 0.000000 0.000000
-395.300000 221.000000 3.141593 0.800000 0.000000 0.000000 0.000000 0.000000
-395.340000 221.000000 3.141593 0.800000 0.000000 0.000000 0.000000 0.000000
-395.380000 221.000000 3.141593 0.800000 0.000000 0.000000 0.000000 0.000000
-395.420000 221.000000 3.141593 0.800000 0.000000 0.000000 0.000000 0.000000
-395.460000 221.000000 3.141593 0.800000 0.000000 0.000000 0.000000 0.000000
-395.500000 221.000000 3.141593 0.800000 0.000000 0.000000 0.000000 0.000000
-395.540000 221.000000 3.141593 0.800000 0.000000 0.000000 0.000000 0.000000
-395.580000 221.000000 3.141593 0.800000 0.000000 0.000000 0.000000 0.000000
-395.620000 221.000000 3.141593 0.800000 0.000000 0.000000 0.000000 0.000000
-395.660000 221.000000 3.141593 0.800000 0.000000 0.000000 0.000000 0.000000
-395.700000 221.000000 3.141593 0.800000 0.000000 0.000000 0.000000 0.000000
-395.740000 221.000000 3.141593 0.800000 0.000000 0.000000 0.000000 0.000000
-395.780000 221.000000 3.141593 0.800000 0.000000 0.000000 0.000000 0.000000
-395.820000 221.000000 3.141593 0.800000 0.000000 0.000000 0.000000 0.000000
-395.860000 221.000000 3.141593 0.800000 0.000000 0.000000 0.000000 0.000000
-395.900000 221.000000 3.141593 0.800000 0.000000 0.000000 0.000000 0.000000
-395.940000 221.000000 3.141593 0.800000 0.000000 0.000000 0.000000 0.000000
-395.980000 221.000000 3.141593 0.800000 0.000000 0.000000 0.000000 0.000000
-396.020000 221.000000 3.141593 0.800000 0.000000 0.000000 0.000000 0.000000
-396.060000 221.000000 3.141593 0.800000 0.000000 0.000000 0.000000 0.000000
-396.100000 221.000000 3.141593 0.800000 0.000000 0.000000 0.000000 0.000000
-396.140000 221.000000 3.141593 0.800000 0.000000 0.000000 0.000000 0.000000
-396.180000 221.000000 3.141593 0.800000 0.000000 0.000000 0.000000 0.000000
-396.220000 221.000000 3.141593 0.800000 0.000000 0.000000 0.000000 0.000000
-396.260000 221.000000 3.141593 0.800000 0.000000 0.000000 0.000000 0.000000
-396.300000 221.000000 3.141593 0.800000 0.000000 0.000000 0.000000 0.000000
-396.340000 221.000000 3.141593 0.800000 0.000000 0.000000 0.000000 0.000000
-396.380000 221.000000 3.141593 0.800000 0.000000 0.000000 0.000000 0.000000
-396.420000 221.000000 3.141593 0.800000 0.000000 0.000000 0.000000 0.000000
-396.460000 221.000000 3.141593 0.800000 0.000000 0.000000 0.000000 0.000000
-396.500000 221.000000 3.141593 0.800000 0.000000 0.000000 0.000000 0.000000
-396.540000 221.000000 3.141593 0.800000 0.000000 0.000000 0.000000 0.000000
-396.580000 221.000000 3.141593 0.800000 0.000000 0.000000 0.000000 0.000000
-396.620000 221.000000 3.141593 0.800000 0.000000 0.000000 0.000000 0.000000
-396.660000 221.000000 3.141593 0.800000 0.000000 0.000000 0.000000 0.000000
-396.700000 221.000000 3.141593 0.800000 0.000000 0.000000 0.000000 0.000000
-396.740000 221.000000 3.141593 0.800000 0.000000 0.000000 0.000000 0.000000
-396.780000 221.000000 3.141593 0.800000 0.000000 0.000000 0.000000 0.000000
-396.820000 221.000000 3.141593 0.800000 0.000000 0.000000 0.000000 0.000000
-396.860000 221.000000 3.141593 0.800000 0.000000 0.000000 0.000000 0.000000
-396.900000 221.000000 3.141593 0.800000 0.000000 0.000000 0.000000 0.000000
-396.940000 221.000000 3.141593 0.800000 0.000000 0.000000 0.000000 0.000000
-396.980000 221.000000 3.141593 0.800000 0.000000 0.000000 0.000000 0.000000
-397.020000 221.000000 3.141593 0.800000 0.000000 0.000000 0.000000 0.000000
-397.060000 221.000000 3.141593 0.800000 0.000000 0.000000 0.000000 0.000000
-397.100000 221.000000 3.141593 0.800000 0.000000 0.000000 0.000000 0.000000
-397.140000 221.000000 3.141593 0.800000 0.000000 0.000000 0.000000 0.000000
-397.180000 221.000000 3.141593 0.800000 0.000000 0.000000 0.000000 0.000000
-397.220000 221.000000 3.141593 0.800000 0.000000 0.000000 0.000000 0.000000
-397.260000 221.000000 3.141593 0.800000 0.000000 0.000000 0.000000 0.000000
-397.300000 221.000000 3.141593 0.800000 0.000000 0.000000 0.000000 0.000000
-397.340000 221.000000 3.141593 0.800000 0.000000 0.000000 0.000000 0.000000
-397.380000 221.000000 3.141593 0.800000 0.000000 0.000000 0.000000 0.000000
-397.420000 221.000000 3.141593 0.800000 0.000000 0.000000 0.000000 0.000000
-397.460000 221.000000 3.141593 0.800000 0.000000 0.000000 0.000000 0.000000
-397.500000 221.000000 3.141593 0.800000 0.000000 0.000000 0.000000 0.000000
-397.540000 221.000000 3.141593 0.800000 0.000000 0.000000 0.000000 0.000000
-397.580000 221.000000 3.141593 0.800000 0.000000 0.000000 0.000000 0.000000
-397.620000 221.000000 3.141593 0.800000 0.000000 0.000000 0.000000 0.000000
-397.660000 221.000000 3.141593 0.800000 0.000000 0.000000 0.000000 0.000000
-397.700000 221.000000 3.141593 0.800000 0.000000 0.000000 0.000000 0.000000
-397.740000 221.000000 3.141593 0.800000 0.000000 0.000000 0.000000 0.000000
-397.780000 221.000000 3.141593 0.800000 0.000000 0.000000 0.000000 0.000000
-397.820000 221.000000 3.141593 0.800000 0.000000 0.000000 0.000000 0.000000
-397.860000 221.000000 3.141593 0.800000 0.000000 0.000000 0.000000 0.000000
-397.900000 221.000000 3.141593 0.800000 0.000000 0.000000 0.000000 0.000000
-397.940000 221.000000 3.141593 0.800000 0.000000 0.000000 0.000000 0.000000
-397.980000 221.000000 3.141593 0.800000 0.000000 0.000000 0.000000 0.000000
-398.020000 221.000000 3.141593 0.800000 0.000000 0.000000 0.000000 0.000000
-398.060000 221.000000 3.141593 0.800000 0.000000 0.000000 0.000000 0.000000
-398.100000 221.000000 3.141593 0.800000 0.000000 0.000000 0.000000 0.000000
-398.140000 221.000000 3.141593 0.800000 0.000000 0.000000 0.000000 0.000000
-398.180000 221.000000 3.141593 0.800000 0.000000 0.000000 0.000000 0.000000
-398.220000 221.000000 3.141593 0.800000 0.000000 0.000000 0.000000 0.000000
-398.260000 221.000000 3.141593 0.800000 0.000000 0.000000 0.000000 0.000000
-398.300000 221.000000 3.141593 0.800000 0.000000 0.000000 0.000000 0.000000
-398.340000 221.000000 3.141593 0.800000 0.000000 0.000000 0.000000 0.000000
-398.380000 221.000000 3.141593 0.800000 0.000000 0.000000 0.000000 0.000000
-398.420000 221.000000 3.141593 0.800000 0.000000 0.000000 0.000000 0.000000
-398.460000 221.000000 3.141593 0.800000 0.000000 0.000000 0.000000 0.000000
-398.500000 221.000000 3.141593 0.800000 0.000000 0.000000 0.000000 0.000000
-398.540000 221.000000 3.141593 0.800000 0.000000 0.000000 0.000000 0.000000
-398.580000 221.000000 3.141593 0.800000 0.000000 0.000000 0.000000 0.000000
-398.620000 221.000000 3.141593 0.800000 0.000000 0.000000 0.000000 0.000000
-398.660000 221.000000 3.141593 0.800000 0.000000 0.000000 0.000000 0.000000
-398.700000 221.000000 3.141593 0.800000 0.000000 0.000000 0.000000 0.000000
-398.740000 221.000000 3.141593 0.800000 0.000000 0.000000 0.000000 0.000000
-398.780000 221.000000 3.141593 0.800000 0.000000 0.000000 0.000000 0.000000
-398.820000 221.000000 3.141593 0.800000 0.000000 0.000000 0.000000 0.000000
-398.860000 221.000000 3.141593 0.800000 0.000000 0.000000 0.000000 0.000000
-398.900000 221.000000 3.141593 0.800000 0.000000 0.000000 0.000000 0.000000
-398.940000 221.000000 3.141593 0.800000 0.000000 0.000000 0.000000 0.000000
-398.980000 221.000000 3.141593 0.800000 0.000000 0.000000 0.000000 0.000000
-399.020000 221.000000 3.141593 0.800000 0.000000 0.000000 0.000000 0.000000
-399.060000 221.000000 3.141593 0.800000 0.000000 0.000000 0.000000 0.000000
-399.100000 221.000000 3.141593 0.800000 0.000000 0.000000 0.000000 0.000000
-399.140000 221.000000 3.141593 0.800000 0.000000 0.000000 0.000000 0.000000
-399.180000 221.000000 3.141593 0.800000 0.000000 0.000000 0.000000 0.000000
-399.220000 221.000000 3.141593 0.800000 0.000000 0.000000 0.000000 0.000000
-399.260000 221.000000 3.141593 0.800000 0.000000 0.000000 0.000000 0.000000
-399.300000 221.000000 3.141593 0.800000 0.000000 0.000000 0.000000 0.000000
-399.340000 221.000000 3.141593 0.800000 0.000000 0.000000 0.000000 0.000000
-399.380000 221.000000 3.141593 0.800000 0.000000 0.000000 0.000000 0.000000
-399.420000 221.000000 3.141593 0.800000 0.000000 0.000000 0.000000 0.000000
-399.460000 221.000000 3.141593 0.800000 0.000000 0.000000 0.000000 0.000000
-399.500000 221.000000 3.141593 0.800000 0.000000 0.000000 0.000000 0.000000
-399.540000 221.000000 3.141593 0.800000 0.000000 0.000000 0.000000 0.000000
-399.580000 221.000000 3.141593 0.800000 0.000000 0.000000 0.000000 0.000000
-399.620000 221.000000 3.141593 0.800000 0.000000 0.000000 0.000000 0.000000
-399.660000 221.000000 3.141593 0.800000 0.000000 0.000000 0.000000 0.000000
-399.700000 221.000000 3.141593 0.800000 0.000000 0.000000 0.000000 0.000000
-399.740000 221.000000 3.141593 0.800000 0.000000 0.000000 0.000000 0.000000
-399.780000 221.000000 3.141593 0.800000 0.000000 0.000000 0.000000 0.000000
-399.820000 221.000000 3.141593 0.800000 0.000000 0.000000 0.000000 0.000000
-399.860000 221.000000 3.141593 0.800000 0.000000 0.000000 0.000000 0.000000
-399.900000 221.000000 3.141593 0.800000 0.000000 0.000000 0.000000 0.000000
-399.940000 221.000000 3.141593 0.800000 0.000000 0.000000 0.000000 0.000000
-399.980000 221.000000 3.141593 0.800000 0.000000 0.000000 0.000000 0.000000
-400.020000 221.000000 3.141593 0.800000 0.000000 0.000000 0.000000 0.000000
-400.060000 221.000000 3.141593 0.800000 0.000000 0.000000 0.000000 0.000000
-400.100000 221.000000 3.141593 0.800000 0.000000 0.000000 0.000000 0.000000
-400.140000 221.000000 3.141593 0.800000 0.000000 0.000000 0.000000 0.000000
-400.180000 221.000000 3.141593 0.800000 0.000000 0.000000 0.000000 0.000000
-400.220000 221.000000 3.141593 0.800000 0.000000 0.000000 0.000000 0.000000
-400.260000 221.000000 3.141593 0.800000 0.000000 0.000000 0.000000 0.000000
-400.300000 221.000000 3.141593 0.800000 0.000000 0.000000 0.000000 0.000000
-400.340000 221.000000 3.141593 0.800000 0.000000 0.000000 0.000000 0.000000
-400.380000 221.000000 3.141593 0.800000 0.000000 0.000000 0.000000 0.000000
-400.420000 221.000000 3.141593 0.800000 0.000000 0.000000 0.000000 0.000000
-400.460000 221.000000 3.141593 0.800000 0.000000 0.000000 0.000000 0.000000
-400.500000 221.000000 3.141593 0.800000 0.000000 0.000000 0.000000 0.000000
-400.540000 221.000000 3.141593 0.800000 0.000000 0.000000 0.000000 0.000000
-400.580000 221.000000 3.141593 0.800000 0.000000 0.000000 0.000000 0.000000
-400.620000 221.000000 3.141593 0.800000 0.000000 0.000000 0.000000 0.000000
-400.660000 221.000000 3.141593 0.800000 0.000000 0.000000 0.000000 0.000000
-400.700000 221.000000 3.141593 0.800000 0.000000 0.000000 0.000000 0.000000
-400.740000 221.000000 3.141593 0.800000 0.000000 0.000000 0.000000 0.000000
-400.780000 221.000000 3.141593 0.800000 0.000000 0.000000 0.000000 0.000000
-400.820000 221.000000 3.141593 0.800000 0.000000 0.000000 0.000000 0.000000
-400.860000 221.000000 3.141593 0.800000 0.000000 0.000000 0.000000 0.000000
-400.900000 221.000000 3.141593 0.800000 0.000000 0.000000 0.000000 0.000000
-400.940000 221.000000 3.141593 0.800000 0.000000 0.000000 0.000000 0.000000
-400.980000 221.000000 3.141593 0.800000 0.000000 0.000000 0.000000 0.000000
-401.020000 221.000000 3.141593 0.800000 0.000000 0.000000 0.000000 0.000000
-401.060000 221.000000 3.141593 0.800000 0.000000 0.000000 0.000000 0.000000
-401.100000 221.000000 3.141593 0.800000 0.000000 0.000000 0.000000 0.000000
-401.140000 221.000000 3.141593 0.800000 0.000000 0.000000 0.000000 0.000000
-401.180000 221.000000 3.141593 0.800000 0.000000 0.000000 0.000000 0.000000
-401.220000 221.000000 3.141593 0.800000 0.000000 0.000000 0.000000 0.000000
-401.260000 221.000000 3.141593 0.800000 0.000000 0.000000 0.000000 0.000000
-401.300000 221.000000 3.141593 0.800000 0.000000 0.000000 0.000000 0.000000
-401.340000 221.000000 3.141593 0.800000 0.000000 0.000000 0.000000 0.000000
-401.380000 221.000000 3.141593 0.800000 0.000000 0.000000 0.000000 0.000000
-401.420000 221.000000 3.141593 0.800000 0.000000 0.000000 0.000000 0.000000
-401.460000 221.000000 3.141593 0.800000 0.000000 0.000000 0.000000 0.000000
-401.500000 221.000000 3.141593 0.800000 0.000000 0.000000 0.000000 0.000000
-401.540000 221.000000 3.141593 0.800000 0.000000 0.000000 0.000000 0.000000
-401.580000 221.000000 3.141593 0.800000 0.000000 0.000000 0.000000 0.000000
-401.620000 221.000000 3.141593 0.800000 0.000000 0.000000 0.000000 0.000000
-401.660000 221.000000 3.141593 0.800000 0.000000 0.000000 0.000000 0.000000
-401.700000 221.000000 3.141593 0.800000 0.000000 0.000000 0.000000 0.000000
-401.740000 221.000000 3.141593 0.800000 0.000000 0.000000 0.000000 0.000000
-401.780000 221.000000 3.141593 0.800000 0.000000 0.000000 0.000000 0.000000
-401.820000 221.000000 3.141593 0.800000 0.000000 0.000000 0.000000 0.000000
-401.860000 221.000000 3.141593 0.800000 0.000000 0.000000 0.000000 0.000000
-401.900000 221.000000 3.141593 0.800000 0.000000 0.000000 0.000000 0.000000
-401.940000 221.000000 3.141593 0.800000 0.000000 0.000000 0.000000 0.000000
-401.980000 221.000000 3.141593 0.800000 0.000000 0.000000 0.000000 0.000000
-402.020000 221.000000 3.141593 0.800000 0.000000 0.000000 0.000000 0.000000
-402.060000 221.000000 3.141593 0.800000 0.000000 0.000000 0.000000 0.000000
-402.100000 221.000000 3.141593 0.800000 0.000000 0.000000 0.000000 0.000000
-402.140000 221.000000 3.141593 0.800000 0.000000 0.000000 0.000000 0.000000
-402.180000 221.000000 3.141593 0.800000 0.000000 0.000000 0.000000 0.000000
-402.220000 221.000000 3.141593 0.800000 0.000000 0.000000 0.000000 0.000000
-402.260000 221.000000 3.141593 0.800000 0.000000 0.000000 0.000000 0.000000
-402.300000 221.000000 3.141593 0.800000 0.000000 0.000000 0.000000 0.000000
-402.340000 221.000000 3.141593 0.800000 0.000000 0.000000 0.000000 0.000000
-402.380000 221.000000 3.141593 0.800000 0.000000 0.000000 0.000000 0.000000
-402.420000 221.000000 3.141593 0.800000 0.000000 0.000000 0.000000 0.000000
-402.460000 221.000000 3.141593 0.800000 0.000000 0.000000 0.000000 0.000000
-402.500000 221.000000 3.141593 0.800000 0.000000 0.000000 0.000000 0.000000
-402.540000 221.000000 3.141593 0.800000 0.000000 0.000000 0.000000 0.000000
-402.580000 221.000000 3.141593 0.800000 0.000000 0.000000 0.000000 0.000000
-402.620000 221.000000 3.141593 0.800000 0.000000 0.000000 0.000000 0.000000
-402.660000 221.000000 3.141593 0.800000 0.000000 0.000000 0.000000 0.000000
-402.700000 221.000000 3.141593 0.800000 0.000000 0.000000 0.000000 0.000000
-402.740000 221.000000 3.141593 0.800000 0.000000 0.000000 0.000000 0.000000
-402.780000 221.000000 3.141593 0.800000 0.000000 0.000000 0.000000 0.000000
-402.820000 221.000000 3.141593 0.800000 0.000000 0.000000 0.000000 0.000000
-402.860000 221.000000 3.141593 0.800000 0.000000 0.000000 0.000000 0.000000
-402.900000 221.000000 3.141593 0.800000 0.000000 0.000000 0.000000 0.000000
-402.940000 221.000000 3.141593 0.800000 0.000000 0.000000 0.000000 0.000000
-402.980000 221.000000 3.141593 0.800000 0.000000 0.000000 0.000000 0.000000
-403.020000 221.000000 3.141593 0.800000 0.000000 0.000000 0.000000 0.000000
-403.060000 221.000000 3.141593 0.800000 0.000000 0.000000 0.000000 0.000000
-403.100000 221.000000 3.141593 0.800000 0.000000 0.000000 0.000000 0.000000
-403.140000 221.000000 3.141593 0.800000 0.000000 0.000000 0.000000 0.000000
-403.180000 221.000000 3.141593 0.800000 0.000000 0.000000 0.000000 0.000000
-403.220000 221.000000 3.141593 0.800000 0.000000 0.000000 0.000000 0.000000
-403.260000 221.000000 3.141593 0.800000 0.000000 0.000000 0.000000 0.000000
-403.300000 221.000000 3.141593 0.800000 0.000000 0.000000 0.000000 0.000000
-403.340000 221.000000 3.141593 0.800000 0.000000 0.000000 0.000000 0.000000
-403.380000 221.000000 3.141593 0.800000 0.000000 0.000000 0.000000 0.000000
-403.420000 221.000000 3.141593 0.800000 0.000000 0.000000 0.000000 0.000000
-403.460000 221.000000 3.141593 0.800000 0.000000 0.000000 0.000000 0.000000
-403.500000 221.000000 3.141593 0.800000 0.000000 0.000000 0.000000 0.000000
-403.540000 221.000000 3.141593 0.800000 0.000000 0.000000 0.000000 0.000000
-403.580000 221.000000 3.141593 0.800000 0.000000 0.000000 0.000000 0.000000
-403.620000 221.000000 3.141593 0.800000 0.000000 0.000000 0.000000 0.000000
-403.660000 221.000000 3.141593 0.800000 0.000000 0.000000 0.000000 0.000000
-403.700000 221.000000 3.141593 0.800000 0.000000 0.000000 0.000000 0.000000
-403.740000 221.000000 3.141593 0.800000 0.000000 0.000000 0.000000 0.000000
-403.780000 221.000000 3.141593 0.800000 0.000000 0.000000 0.000000 0.000000
-403.820000 221.000000 3.141593 0.800000 0.000000 0.000000 0.000000 0.000000
-403.860000 221.000000 3.141593 0.800000 0.000000 0.000000 0.000000 0.000000
-403.900000 221.000000 3.141593 0.800000 0.000000 0.000000 0.000000 0.000000
-403.940000 221.000000 3.141593 0.800000 0.000000 0.000000 0.000000 0.000000
-403.980000 221.000000 3.141593 0.800000 0.000000 0.000000 0.000000 0.000000
-404.020000 221.000000 3.141593 0.800000 0.000000 0.000000 0.000000 0.000000
-404.060000 221.000000 3.141593 0.800000 0.000000 0.000000 0.000000 0.000000
-404.100000 221.000000 3.141593 0.800000 0.000000 0.000000 0.000000 0.000000
-404.140000 221.000000 3.141593 0.800000 0.000000 0.000000 0.000000 0.000000
-404.180000 221.000000 3.141593 0.800000 0.000000 0.000000 0.000000 0.000000
-404.220000 221.000000 3.141593 0.800000 0.000000 0.000000 0.000000 0.000000
-404.260000 221.000000 3.141593 0.800000 0.000000 0.000000 0.000000 0.000000
-404.300000 221.000000 3.141593 0.800000 0.000000 0.000000 0.000000 0.000000
-404.340000 221.000000 3.141593 0.800000 0.000000 0.000000 0.000000 0.000000
-404.380000 221.000000 3.141593 0.800000 0.000000 0.000000 0.000000 0.000000
-404.420000 221.000000 3.141593 0.800000 0.000000 0.000000 0.000000 0.000000
-404.460000 221.000000 3.141593 0.800000 0.000000 0.000000 0.000000 0.000000
-404.500000 221.000000 3.141593 0.800000 0.000000 0.000000 0.000000 0.000000
-404.540000 221.000000 3.141593 0.800000 0.000000 0.000000 0.000000 0.000000
-404.580000 221.000000 3.141593 0.800000 0.000000 0.000000 0.000000 0.000000
-404.620000 221.000000 3.141593 0.800000 0.000000 0.000000 0.000000 0.000000
-404.660000 221.000000 3.141593 0.800000 0.000000 0.000000 0.000000 0.000000
-404.700000 221.000000 3.141593 0.800000 0.000000 0.000000 0.000000 0.000000
-404.740000 221.000000 3.141593 0.800000 0.000000 0.000000 0.000000 0.000000
-404.780000 221.000000 3.141593 0.800000 0.000000 0.000000 0.000000 0.000000
-404.820000 221.000000 3.141593 0.800000 0.000000 0.000000 0.000000 0.000000
-404.860000 221.000000 3.141593 0.800000 0.000000 0.000000 0.000000 0.000000
-404.900000 221.000000 3.141593 0.800000 0.000000 0.000000 0.000000 0.000000
-404.940000 221.000000 3.141593 0.800000 0.000000 0.000000 0.000000 0.000000
-404.980000 221.000000 3.141593 0.800000 0.000000 0.000000 0.000000 0.000000
-405.020000 221.000000 3.141593 0.800000 0.000000 0.000000 0.000000 0.000000
-405.060000 221.000000 3.141593 0.800000 0.000000 0.000000 0.000000 0.000000
-405.100000 221.000000 3.141593 0.800000 0.000000 0.000000 0.000000 0.000000
-405.140000 221.000000 3.141593 0.800000 0.000000 0.000000 0.000000 0.000000
-405.180000 221.000000 3.141593 0.800000 0.000000 0.000000 0.000000 0.000000
-405.220000 221.000000 3.141593 0.800000 0.000000 0.000000 0.000000 0.000000
-405.260000 221.000000 3.141593 0.800000 0.000000 0.000000 0.000000 0.000000
-405.300000 221.000000 3.141593 0.800000 0.000000 0.000000 0.000000 0.000000
-405.340000 221.000000 3.141593 0.800000 0.000000 0.000000 0.000000 0.000000
-405.380000 221.000000 3.141593 0.800000 0.000000 0.000000 0.000000 0.000000
-405.420000 221.000000 3.141593 0.800000 0.000000 0.000000 0.000000 0.000000
-405.460000 221.000000 3.141593 0.800000 0.000000 0.000000 0.000000 0.000000
-405.500000 221.000000 3.141593 0.800000 0.000000 0.000000 0.000000 0.000000
-405.540000 221.000000 3.141593 0.800000 0.000000 0.000000 0.000000 0.000000
-405.580000 221.000000 3.141593 0.800000 0.000000 0.000000 0.000000 0.000000
-405.620000 221.000000 3.141593 0.800000 0.000000 0.000000 0.000000 0.000000
-405.660000 221.000000 3.141593 0.800000 0.000000 0.000000 0.000000 0.000000
-405.700000 221.000000 3.141593 0.800000 0.000000 0.000000 0.000000 0.000000
-405.740000 221.000000 3.141593 0.800000 0.000000 0.000000 0.000000 0.000000
-405.780000 221.000000 3.141593 0.800000 0.000000 0.000000 0.000000 0.000000
-405.820000 221.000000 3.141593 0.800000 0.000000 0.000000 0.000000 0.000000
-405.860000 221.000000 3.141593 0.800000 0.000000 0.000000 0.000000 0.000000
-405.900000 221.000000 3.141593 0.800000 0.000000 0.000000 0.000000 0.000000
-405.940000 221.000000 3.141593 0.800000 0.000000 0.000000 0.000000 0.000000
-405.980000 221.000000 3.141593 0.800000 0.000000 0.000000 0.000000 0.000000
-406.020000 221.000000 3.141593 0.800000 0.000000 0.000000 0.000000 0.000000
-406.060000 221.000000 3.141593 0.800000 0.000000 0.000000 0.000000 0.000000
-406.100000 221.000000 3.141593 0.800000 0.000000 0.000000 0.000000 0.000000
-406.140000 221.000000 3.141593 0.800000 0.000000 0.000000 0.000000 0.000000
-406.180000 221.000000 3.141593 0.800000 0.000000 0.000000 0.000000 0.000000
-406.220000 221.000000 3.141593 0.800000 0.000000 0.000000 0.000000 0.000000
-406.260000 221.000000 3.141593 0.800000 0.000000 0.000000 0.000000 0.000000
-406.300000 221.000000 3.141593 0.800000 0.000000 0.000000 0.000000 0.000000
-406.340000 221.000000 3.141593 0.800000 0.000000 0.000000 0.000000 0.000000
-406.380000 221.000000 3.141593 0.800000 0.000000 0.000000 0.000000 0.000000
-406.420000 221.000000 3.141593 0.800000 0.000000 0.000000 0.000000 0.000000
-406.460000 221.000000 3.141593 0.800000 0.000000 0.000000 0.000000 0.000000
-406.500000 221.000000 3.141593 0.800000 0.000000 0.000000 0.000000 0.000000
-406.540000 221.000000 3.141593 0.800000 0.000000 0.000000 0.000000 0.000000
-406.580000 221.000000 3.141593 0.800000 0.000000 0.000000 0.000000 0.000000
-406.620000 221.000000 3.141593 0.800000 0.000000 0.000000 0.000000 0.000000
-406.660000 221.000000 3.141593 0.800000 0.000000 0.000000 0.000000 0.000000
-406.700000 221.000000 3.141593 0.800000 0.000000 0.000000 0.000000 0.000000
-406.740000 221.000000 3.141593 0.800000 0.000000 0.000000 0.000000 0.000000
-406.780000 221.000000 3.141593 0.800000 0.000000 0.000000 0.000000 0.000000
-406.820000 221.000000 3.141593 0.800000 0.000000 0.000000 0.000000 0.000000
-406.860000 221.000000 3.141593 0.800000 0.000000 0.000000 0.000000 0.000000
-406.900000 221.000000 3.141593 0.800000 0.000000 0.000000 0.000000 0.000000
-406.940000 221.000000 3.141593 0.800000 0.000000 0.000000 0.000000 0.000000
-406.980000 221.000000 3.141593 0.800000 0.000000 0.000000 0.000000 0.000000
-407.020000 221.000000 3.141593 0.800000 0.000000 0.000000 0.000000 0.000000
-407.060000 221.000000 3.141593 0.800000 0.000000 0.000000 0.000000 0.000000
-407.100000 221.000000 3.141593 0.800000 0.000000 0.000000 0.000000 0.000000
-407.140000 221.000000 3.141593 0.800000 0.000000 0.000000 0.000000 0.000000
-407.180000 221.000000 3.141593 0.800000 0.000000 0.000000 0.000000 0.000000
-407.220000 221.000000 3.141593 0.800000 0.000000 0.000000 0.000000 0.000000
-407.260000 221.000000 3.141593 0.800000 0.000000 0.000000 0.000000 0.000000
-407.300000 221.000000 3.141593 0.800000 0.000000 0.000000 0.000000 0.000000
-407.340000 221.000000 3.141593 0.800000 0.000000 0.000000 0.000000 0.000000
-407.380000 221.000000 3.141593 0.800000 0.000000 0.000000 0.000000 0.000000
-407.420000 221.000000 3.141593 0.800000 0.000000 0.000000 0.000000 0.000000
-407.460000 221.000000 3.141593 0.800000 0.000000 0.000000 0.000000 0.000000
-407.500000 221.000000 3.141593 0.800000 0.000000 0.000000 0.000000 0.000000
-407.540000 221.000000 3.141593 0.800000 0.000000 0.000000 0.000000 0.000000
-407.580000 221.000000 3.141593 0.800000 0.000000 0.000000 0.000000 0.000000
-407.620000 221.000000 3.141593 0.800000 0.000000 0.000000 0.000000 0.000000
-407.660000 221.000000 3.141593 0.800000 0.000000 0.000000 0.000000 0.000000
-407.700000 221.000000 3.141593 0.800000 0.000000 0.000000 0.000000 0.000000
-407.740000 221.000000 3.141593 0.800000 0.000000 0.000000 0.000000 0.000000
-407.780000 221.000000 3.141593 0.800000 0.000000 0.000000 0.000000 0.000000
-407.820000 221.000000 3.141593 0.800000 0.000000 0.000000 0.000000 0.000000
-407.860000 221.000000 3.141593 0.800000 0.000000 0.000000 0.000000 0.000000
-407.900000 221.000000 3.141593 0.800000 0.000000 0.000000 0.000000 0.000000
-407.940000 221.000000 3.141593 0.800000 0.000000 0.000000 0.000000 0.000000
-407.980000 221.000000 3.141593 0.800000 0.000000 0.000000 0.000000 0.000000
-408.020000 221.000000 3.141593 0.800000 0.000000 0.000000 0.000000 0.000000
-408.060000 221.000000 3.141593 0.800000 0.000000 0.000000 0.000000 0.000000
-408.100000 221.000000 3.141593 0.800000 0.000000 0.000000 0.000000 0.000000
-408.140000 221.000000 3.141593 0.800000 0.000000 0.000000 0.000000 0.000000
-408.180000 221.000000 3.141593 0.800000 0.000000 0.000000 0.000000 0.000000
-408.220000 221.000000 3.141593 0.800000 0.000000 0.000000 0.000000 0.000000
-408.260000 221.000000 3.141593 0.800000 0.000000 0.000000 0.000000 0.000000
-408.300000 221.000000 3.141593 0.800000 0.000000 0.000000 0.000000 0.000000
-408.340000 221.000000 3.141593 0.800000 0.000000 0.000000 0.000000 0.000000
-408.380000 221.000000 3.141593 0.800000 0.000000 0.000000 0.000000 0.000000
-408.420000 221.000000 3.141593 0.800000 0.000000 0.000000 0.000000 0.000000
-408.460000 221.000000 3.141593 0.800000 0.000000 0.000000 0.000000 0.000000
-408.500000 221.000000 3.141593 0.800000 0.000000 0.000000 0.000000 0.000000
-408.540000 221.000000 3.141593 0.800000 0.000000 0.000000 0.000000 0.000000
-408.580000 221.000000 3.141593 0.800000 0.000000 0.000000 0.000000 0.000000
-408.620000 221.000000 3.141593 0.800000 0.000000 0.000000 0.000000 0.000000
-408.660000 221.000000 3.141593 0.800000 0.000000 0.000000 0.000000 0.000000
-408.700000 221.000000 3.141593 0.800000 0.000000 0.000000 0.000000 0.000000
-408.740000 221.000000 3.141593 0.800000 0.000000 0.000000 0.000000 0.000000
-408.780000 221.000000 3.141593 0.800000 0.000000 0.000000 0.000000 0.000000
-408.820000 221.000000 3.141593 0.800000 0.000000 0.000000 0.000000 0.000000
-408.860000 221.000000 3.141593 0.800000 0.000000 0.000000 0.000000 0.000000
-408.900000 221.000000 3.141593 0.800000 0.000000 0.000000 0.000000 0.000000
-408.940000 221.000000 3.141593 0.800000 0.000000 0.000000 0.000000 0.000000
-408.980000 221.000000 3.141593 0.800000 0.000000 0.000000 0.000000 0.000000
-409.020000 221.000000 3.141593 0.800000 0.000000 0.000000 0.000000 0.000000
-409.060000 221.000000 3.141593 0.800000 0.000000 0.000000 0.000000 0.000000
-409.100000 221.000000 3.141593 0.800000 0.000000 0.000000 0.000000 0.000000
-409.140000 221.000000 3.141593 0.800000 0.000000 0.000000 0.000000 0.000000
-409.180000 221.000000 3.141593 0.800000 0.000000 0.000000 0.000000 0.000000
-409.220000 221.000000 3.141593 0.800000 0.000000 0.000000 0.000000 0.000000
-409.260000 221.000000 3.141593 0.800000 0.000000 0.000000 0.000000 0.000000
-409.300000 221.000000 3.141593 0.800000 0.000000 0.000000 0.000000 0.000000
-409.340000 221.000000 3.141593 0.800000 0.000000 0.000000 0.000000 0.000000
-409.380000 221.000000 3.141593 0.800000 0.000000 0.000000 0.000000 0.000000
-409.420000 221.000000 3.141593 0.800000 0.000000 0.000000 0.000000 0.000000
-409.460000 221.000000 3.141593 0.800000 0.000000 0.000000 0.000000 0.000000
-409.500000 221.000000 3.141593 0.800000 0.000000 0.000000 0.000000 0.000000
-409.540000 221.000000 3.141593 0.800000 0.000000 0.000000 0.000000 0.000000
-409.580000 221.000000 3.141593 0.800000 0.000000 0.000000 0.000000 0.000000
-409.620000 221.000000 3.141593 0.800000 0.000000 0.000000 0.000000 0.000000
-409.660000 221.000000 3.141593 0.800000 0.000000 0.000000 0.000000 0.000000
-409.700000 221.000000 3.141593 0.800000 0.000000 0.000000 0.000000 0.000000
-409.740000 221.000000 3.141593 0.800000 0.000000 0.000000 0.000000 0.000000
-409.780000 221.000000 3.141593 0.800000 0.000000 0.000000 0.000000 0.000000
-409.820000 221.000000 3.141593 0.800000 0.000000 0.000000 0.000000 0.000000
-409.860000 221.000000 3.141593 0.800000 0.000000 0.000000 0.000000 0.000000
-409.900000 221.000000 3.141593 0.800000 0.000000 0.000000 0.000000 0.000000
-409.940000 221.000000 3.141593 0.800000 0.000000 0.000000 0.000000 0.000000
-409.980000 221.000000 3.141593 0.800000 0.000000 0.000000 0.000000 0.000000
-410.020000 221.000000 3.141593 0.800000 0.000000 0.000000 0.000000 0.000000
-410.060000 221.000000 3.141593 0.800000 0.000000 0.000000 0.000000 0.000000
-410.100000 221.000000 3.141593 0.800000 0.000000 0.000000 0.000000 0.000000
-410.140000 221.000000 3.141593 0.800000 0.000000 0.000000 0.000000 0.000000
-410.180000 221.000000 3.141593 0.800000 0.000000 0.000000 0.000000 0.000000
-410.220000 221.000000 3.141593 0.800000 0.000000 0.000000 0.000000 0.000000
-410.260000 221.000000 3.141593 0.800000 0.000000 0.000000 0.000000 0.000000
-410.300000 221.000000 3.141593 0.800000 0.000000 0.000000 0.000000 0.000000
-410.340000 221.000000 3.141593 0.800000 0.000000 0.000000 0.000000 0.000000
-410.380000 221.000000 3.141593 0.800000 0.000000 0.000000 0.000000 0.000000
-410.420000 221.000000 3.141593 0.800000 0.000000 0.000000 0.000000 0.000000
-410.460000 221.000000 3.141593 0.800000 0.000000 0.000000 0.000000 0.000000
-410.500000 221.000000 3.141593 0.800000 0.000000 0.000000 0.000000 0.000000
-410.540000 221.000000 3.141593 0.800000 0.000000 0.000000 0.000000 0.000000
-410.580000 221.000000 3.141593 0.800000 0.000000 0.000000 0.000000 0.000000
-410.620000 221.000000 3.141593 0.800000 0.000000 0.000000 0.000000 0.000000
-410.660000 221.000000 3.141593 0.800000 0.000000 0.000000 0.000000 0.000000
-410.700000 221.000000 3.141593 0.800000 0.000000 0.000000 0.000000 0.000000
-410.740000 221.000000 3.141593 0.800000 0.000000 0.000000 0.000000 0.000000
-410.780000 221.000000 3.141593 0.800000 0.000000 0.000000 0.000000 0.000000
-410.820000 221.000000 3.141593 0.800000 0.000000 0.000000 0.000000 0.000000
-410.860000 221.000000 3.141593 0.800000 0.000000 0.000000 0.000000 0.000000
-410.900000 221.000000 3.141593 0.800000 0.000000 0.000000 0.000000 0.000000
-410.940000 221.000000 3.141593 0.800000 0.000000 0.000000 0.000000 0.000000
-410.980000 221.000000 3.141593 0.800000 0.000000 0.000000 0.000000 0.000000
-411.020000 221.000000 3.141593 0.800000 0.000000 0.000000 0.000000 0.000000
-411.060000 221.000000 3.141593 0.800000 0.000000 0.000000 0.000000 0.000000
-411.100000 221.000000 3.141593 0.800000 0.000000 0.000000 0.000000 0.000000
-411.140000 221.000000 3.141593 0.800000 0.000000 0.000000 0.000000 0.000000
-411.180000 221.000000 3.141593 0.800000 0.000000 0.000000 0.000000 0.000000
-411.220000 221.000000 3.141593 0.800000 0.000000 0.000000 0.000000 0.000000
-411.260000 221.000000 3.141593 0.800000 0.000000 0.000000 0.000000 0.000000
-411.300000 221.000000 3.141593 0.800000 0.000000 0.000000 0.000000 0.000000
-411.340000 221.000000 3.141593 0.800000 0.000000 0.000000 0.000000 0.000000
-411.380000 221.000000 3.141593 0.800000 0.000000 0.000000 0.000000 0.000000
-411.420000 221.000000 3.141593 0.800000 0.000000 0.000000 0.000000 0.000000
-411.460000 221.000000 3.141593 0.800000 0.000000 0.000000 0.000000 0.000000
-411.500000 221.000000 3.141593 0.800000 0.000000 0.000000 0.000000 0.000000
-411.540000 221.000000 3.141593 0.800000 0.000000 0.000000 0.000000 0.000000
-411.580000 221.000000 3.141593 0.800000 0.000000 0.000000 0.000000 0.000000
-411.620000 221.000000 3.141593 0.800000 0.000000 0.000000 0.000000 0.000000
-411.660000 221.000000 3.141593 0.800000 0.000000 0.000000 0.000000 0.000000
-411.700000 221.000000 3.141593 0.800000 0.000000 0.000000 0.000000 0.000000
-411.740000 221.000000 3.141593 0.800000 0.000000 0.000000 0.000000 0.000000
-411.780000 221.000000 3.141593 0.800000 0.000000 0.000000 0.000000 0.000000
-411.820000 221.000000 3.141593 0.800000 0.000000 0.000000 0.000000 0.000000
-411.860000 221.000000 3.141593 0.800000 0.000000 0.000000 0.000000 0.000000
-411.900000 221.000000 3.141593 0.800000 0.000000 0.000000 0.000000 0.000000
-411.940000 221.000000 3.141593 0.800000 0.000000 0.000000 0.000000 0.000000
-411.980000 221.000000 3.141593 0.800000 0.000000 0.000000 0.000000 0.000000
-412.020000 221.000000 3.141593 0.800000 0.000000 0.000000 0.000000 0.000000
-412.060000 221.000000 3.141593 0.800000 0.000000 0.000000 0.000000 0.000000
-412.100000 221.000000 3.141593 0.800000 0.000000 0.000000 0.000000 0.000000
-412.140000 221.000000 3.141593 0.800000 0.000000 0.000000 0.000000 0.000000
-412.180000 221.000000 3.141593 0.800000 0.000000 0.000000 0.000000 0.000000
-412.220000 221.000000 3.141593 0.800000 0.000000 0.000000 0.000000 0.000000
-412.260000 221.000000 3.141593 0.800000 0.000000 0.000000 0.000000 0.000000
-412.300000 221.000000 3.141593 0.800000 0.000000 0.000000 0.000000 0.000000
-412.340000 221.000000 3.141593 0.800000 0.000000 0.000000 0.000000 0.000000
-412.380000 221.000000 3.141593 0.800000 0.000000 0.000000 0.000000 0.000000
-412.420000 221.000000 3.141593 0.800000 0.000000 0.000000 0.000000 0.000000
-412.460000 221.000000 3.141593 0.800000 0.000000 0.000000 0.000000 0.000000
-412.500000 221.000000 3.141593 0.800000 0.000000 0.000000 0.000000 0.000000
-412.540000 221.000000 3.141593 0.800000 0.000000 0.000000 0.000000 0.000000
-412.580000 221.000000 3.141593 0.800000 0.000000 0.000000 0.000000 0.000000
-412.620000 221.000000 3.141593 0.800000 0.000000 0.000000 0.000000 0.000000
-412.660000 221.000000 3.141593 0.800000 0.000000 0.000000 0.000000 0.000000
-412.700000 221.000000 3.141593 0.800000 0.000000 0.000000 0.000000 0.000000
-412.740000 221.000000 3.141593 0.800000 0.000000 0.000000 0.000000 0.000000
-412.780000 221.000000 3.141593 0.800000 0.000000 0.000000 0.000000 0.000000
-412.820000 221.000000 3.141593 0.800000 0.000000 0.000000 0.000000 0.000000
-412.860000 221.000000 3.141593 0.800000 0.000000 0.000000 0.000000 0.000000
-412.900000 221.000000 3.141593 0.800000 0.000000 0.000000 0.000000 0.000000
-412.940000 221.000000 3.141593 0.800000 0.000000 0.000000 0.000000 0.000000
-412.980000 221.000000 3.141593 0.800000 0.000000 0.000000 0.000000 0.000000
-413.020000 221.000000 3.141593 0.800000 0.000000 0.000000 0.000000 0.000000
-413.060000 221.000000 3.141593 0.800000 0.000000 0.000000 0.000000 0.000000
-413.100000 221.000000 3.141593 0.800000 0.000000 0.000000 0.000000 0.000000
-413.140000 221.000000 3.141593 0.800000 0.000000 0.000000 0.000000 0.000000
-413.180000 221.000000 3.141593 0.800000 0.000000 0.000000 0.000000 0.000000
-413.220000 221.000000 3.141593 0.800000 0.000000 0.000000 0.000000 0.000000
-413.260000 221.000000 3.141593 0.800000 0.000000 0.000000 0.000000 0.000000
-413.300000 221.000000 3.141593 0.800000 0.000000 0.000000 0.000000 0.000000
-413.340000 221.000000 3.141593 0.800000 0.000000 0.000000 0.000000 0.000000
-413.380000 221.000000 3.141593 0.800000 0.000000 0.000000 0.000000 0.000000
-413.420000 221.000000 3.141593 0.800000 0.000000 0.000000 0.000000 0.000000
-413.460000 221.000000 3.141593 0.800000 0.000000 0.000000 0.000000 0.000000
-413.500000 221.000000 3.141593 0.800000 0.000000 0.000000 0.000000 0.000000
-413.540000 221.000000 3.141593 0.800000 0.000000 0.000000 0.000000 0.000000
-413.580000 221.000000 3.141593 0.800000 0.000000 0.000000 0.000000 0.000000
-413.620000 221.000000 3.141593 0.800000 0.000000 0.000000 0.000000 0.000000
-413.660000 221.000000 3.141593 0.800000 0.000000 0.000000 0.000000 0.000000
-413.700000 221.000000 3.141593 0.800000 0.000000 0.000000 0.000000 0.000000
-413.740000 221.000000 3.141593 0.800000 0.000000 0.000000 0.000000 0.000000
-413.780000 221.000000 3.141593 0.800000 0.000000 0.000000 0.000000 0.000000
-413.820000 221.000000 3.141593 0.800000 0.000000 0.000000 0.000000 0.000000
-413.860000 221.000000 3.141593 0.800000 0.000000 0.000000 0.000000 0.000000
-413.900000 221.000000 3.141593 0.800000 0.000000 0.000000 0.000000 0.000000
-413.940000 221.000000 3.141593 0.800000 0.000000 0.000000 0.000000 0.000000
-413.980000 221.000000 3.141593 0.800000 0.000000 0.000000 0.000000 0.000000
-414.020000 221.000000 3.141593 0.800000 0.000000 0.000000 0.000000 0.000000
-414.060000 221.000000 3.141593 0.800000 0.000000 0.000000 0.000000 0.000000
-414.100000 221.000000 3.141593 0.800000 0.000000 0.000000 0.000000 0.000000
-414.140000 221.000000 3.141593 0.800000 0.000000 0.000000 0.000000 0.000000
-414.180000 221.000000 3.141593 0.800000 0.000000 0.000000 0.000000 0.000000
-414.220000 221.000000 3.141593 0.800000 0.000000 0.000000 0.000000 0.000000
-414.260000 221.000000 3.141593 0.800000 0.000000 0.000000 0.000000 0.000000
-414.300000 221.000000 3.141593 0.800000 0.000000 0.000000 0.000000 0.000000
-414.340000 221.000000 3.141593 0.800000 0.000000 0.000000 0.000000 0.000000
-414.380000 221.000000 3.141593 0.800000 0.000000 0.000000 0.000000 0.000000
-414.420000 221.000000 3.141593 0.800000 0.000000 0.000000 0.000000 0.000000
-414.460000 221.000000 3.141593 0.800000 0.000000 0.000000 0.000000 0.000000
-414.500000 221.000000 3.141593 0.800000 0.000000 0.000000 0.000000 0.000000
-414.540000 221.000000 3.141593 0.800000 0.000000 0.000000 0.000000 0.000000
-414.580000 221.000000 3.141593 0.800000 0.000000 0.000000 0.000000 0.000000
-414.620000 221.000000 3.141593 0.800000 0.000000 0.000000 0.000000 0.000000
-414.660000 221.000000 3.141593 0.800000 0.000000 0.000000 0.000000 0.000000
-414.700000 221.000000 3.141593 0.800000 0.000000 0.000000 0.000000 0.000000
-414.740000 221.000000 3.141593 0.800000 0.000000 0.000000 0.000000 0.000000
-414.780000 221.000000 3.141593 0.800000 0.000000 0.000000 0.000000 0.000000
-414.820000 221.000000 3.141593 0.800000 0.000000 0.000000 0.000000 0.000000
-414.860000 221.000000 3.141593 0.800000 0.000000 0.000000 0.000000 0.000000
-414.900000 221.000000 3.141593 0.800000 0.000000 0.000000 0.000000 0.000000
-414.940000 221.000000 3.141593 0.800000 0.000000 0.000000 0.000000 0.000000
-414.980000 221.000000 3.141593 0.800000 0.000000 0.000000 0.000000 0.000000
-415.020000 221.000000 3.141593 0.800000 0.000000 0.000000 0.000000 0.000000
-415.060000 221.000000 3.141593 0.800000 0.000000 0.000000 0.000000 0.000000
-415.100000 221.000000 3.141593 0.800000 0.000000 0.000000 0.000000 0.000000
-415.140000 221.000000 3.141593 0.800000 0.000000 0.000000 0.000000 0.000000
-415.180000 221.000000 3.141593 0.800000 0.000000 0.000000 0.000000 0.000000
-415.220000 221.000000 3.141593 0.800000 0.000000 0.000000 0.000000 0.000000
-415.260000 221.000000 3.141593 0.800000 0.000000 0.000000 0.000000 0.000000
-415.300000 221.000000 3.141593 0.800000 0.000000 0.000000 0.000000 0.000000
-415.340000 221.000000 3.141593 0.800000 0.000000 0.000000 0.000000 0.000000
-415.380000 221.000000 3.141593 0.800000 0.000000 0.000000 0.000000 0.000000
-415.420000 221.000000 3.141593 0.800000 0.000000 0.000000 0.000000 0.000000
-415.460000 221.000000 3.141593 0.800000 0.000000 0.000000 0.000000 0.000000
-415.500000 221.000000 3.141593 0.800000 0.000000 0.000000 0.000000 0.000000
-415.540000 221.000000 3.141593 0.800000 0.000000 0.000000 0.000000 0.000000
-415.580000 221.000000 3.141593 0.800000 0.000000 0.000000 0.000000 0.000000
-415.620000 221.000000 3.141593 0.800000 0.000000 0.000000 0.000000 0.000000
-415.660000 221.000000 3.141593 0.800000 0.000000 0.000000 0.000000 0.000000
-415.700000 221.000000 3.141593 0.800000 0.000000 0.000000 0.000000 0.000000
-415.740000 221.000000 3.141593 0.800000 0.000000 0.000000 0.000000 0.000000
-415.780000 221.000000 3.141593 0.800000 0.000000 0.000000 0.000000 0.000000
-415.820000 221.000000 3.141593 0.800000 0.000000 0.000000 0.000000 0.000000
-415.860000 221.000000 3.141593 0.800000 0.000000 0.000000 0.000000 0.000000
-415.900000 221.000000 3.141593 0.800000 0.000000 0.000000 0.000000 0.000000
-415.940000 221.000000 3.141593 0.800000 0.000000 0.000000 0.000000 0.000000
-415.980000 221.000000 3.141593 0.800000 0.000000 0.000000 0.000000 0.000000
-416.020000 221.000000 3.141593 0.800000 0.000000 0.000000 0.000000 0.000000
-416.060000 221.000000 3.141593 0.800000 0.000000 0.000000 0.000000 0.000000
-416.100000 221.000000 3.141593 0.800000 0.000000 0.000000 0.000000 0.000000
-416.140000 221.000000 3.141593 0.800000 0.000000 0.000000 0.000000 0.000000
-416.180000 221.000000 3.141593 0.800000 0.000000 0.000000 0.000000 0.000000
-416.220000 221.000000 3.141593 0.800000 0.000000 0.000000 0.000000 0.000000
-416.260000 221.000000 3.141593 0.800000 0.000000 0.000000 0.000000 0.000000
-416.300000 221.000000 3.141593 0.800000 0.000000 0.000000 0.000000 0.000000
-416.340000 221.000000 3.141593 0.800000 0.000000 0.000000 0.000000 0.000000
-416.380000 221.000000 3.141593 0.800000 0.000000 0.000000 0.000000 0.000000
-416.420000 221.000000 3.141593 0.800000 0.000000 0.000000 0.000000 0.000000
-416.460000 221.000000 3.141593 0.800000 0.000000 0.000000 0.000000 0.000000
-416.500000 221.000000 3.141593 0.800000 0.000000 0.000000 0.000000 0.000000
-416.540000 221.000000 3.141593 0.800000 0.000000 0.000000 0.000000 0.000000
-416.580000 221.000000 3.141593 0.800000 0.000000 0.000000 0.000000 0.000000
-416.620000 221.000000 3.141593 0.800000 0.000000 0.000000 0.000000 0.000000
-416.660000 221.000000 3.141593 0.800000 0.000000 0.000000 0.000000 0.000000
-416.700000 221.000000 3.141593 0.800000 0.000000 0.000000 0.000000 0.000000
-416.740000 221.000000 3.141593 0.800000 0.000000 0.000000 0.000000 0.000000
-416.780000 221.000000 3.141593 0.800000 0.000000 0.000000 0.000000 0.000000
-416.820000 221.000000 3.141593 0.800000 0.000000 0.000000 0.000000 0.000000
-416.860000 221.000000 3.141593 0.800000 0.000000 0.000000 0.000000 0.000000
-416.900000 221.000000 3.141593 0.800000 0.000000 0.000000 0.000000 0.000000
-416.940000 221.000000 3.141593 0.800000 0.000000 0.000000 0.000000 0.000000
-416.980000 221.000000 3.141593 0.800000 0.000000 0.000000 0.000000 0.000000
-417.020000 221.000000 3.141593 0.800000 0.000000 0.000000 0.000000 0.000000
-417.060000 221.000000 3.141593 0.800000 0.000000 0.000000 0.000000 0.000000
-417.100000 221.000000 3.141593 0.800000 0.000000 0.000000 0.000000 0.000000
-417.140000 221.000000 3.141593 0.800000 0.000000 0.000000 0.000000 0.000000
-417.180000 221.000000 3.141593 0.800000 0.000000 0.000000 0.000000 0.000000
-417.220000 221.000000 3.141593 0.800000 0.000000 0.000000 0.000000 0.000000
-417.260000 221.000000 3.141593 0.800000 0.000000 0.000000 0.000000 0.000000
-417.300000 221.000000 3.141593 0.800000 0.000000 0.000000 0.000000 0.000000
-417.340000 221.000000 3.141593 0.800000 0.000000 0.000000 0.000000 0.000000
-417.380000 221.000000 3.141593 0.800000 0.000000 0.000000 0.000000 0.000000
-417.420000 221.000000 3.141593 0.800000 0.000000 0.000000 0.000000 0.000000
-417.460000 221.000000 3.141593 0.800000 0.000000 0.000000 0.000000 0.000000
-417.500000 221.000000 3.141593 0.800000 0.000000 0.000000 0.000000 0.000000
-417.540000 221.000000 3.141593 0.800000 0.000000 0.000000 0.000000 0.000000
-417.580000 221.000000 3.141593 0.800000 0.000000 0.000000 0.000000 0.000000
-417.620000 221.000000 3.141593 0.800000 0.000000 0.000000 0.000000 0.000000
-417.660000 221.000000 3.141593 0.800000 0.000000 0.000000 0.000000 0.000000
-417.700000 221.000000 3.141593 0.800000 0.000000 0.000000 0.000000 0.000000
-417.740000 221.000000 3.141593 0.800000 0.000000 0.000000 0.000000 0.000000
-417.780000 221.000000 3.141593 0.800000 0.000000 0.000000 0.000000 0.000000
-417.820000 221.000000 3.141593 0.800000 0.000000 0.000000 0.000000 0.000000
-417.860000 221.000000 3.141593 0.800000 0.000000 0.000000 0.000000 0.000000
-417.900000 221.000000 3.141593 0.800000 0.000000 0.000000 0.000000 0.000000
-417.940000 221.000000 3.141593 0.800000 0.000000 0.000000 0.000000 0.000000
-417.980000 221.000000 3.141593 0.800000 0.000000 0.000000 0.000000 0.000000
-418.020000 221.000000 3.141593 0.800000 0.000000 0.000000 0.000000 0.000000
-418.060000 221.000000 3.141593 0.800000 0.000000 0.000000 0.000000 0.000000
-418.100000 221.000000 3.141593 0.800000 0.000000 0.000000 0.000000 0.000000
-418.140000 221.000000 3.141593 0.800000 0.000000 0.000000 0.000000 0.000000
-418.180000 221.000000 3.141593 0.800000 0.000000 0.000000 0.000000 0.000000
-418.220000 221.000000 3.141593 0.800000 0.000000 0.000000 0.000000 0.000000
-418.260000 221.000000 3.141593 0.800000 0.000000 0.000000 0.000000 0.000000
-418.300000 221.000000 3.141593 0.800000 0.000000 0.000000 0.000000 0.000000
-418.340000 221.000000 3.141593 0.800000 0.000000 0.000000 0.000000 0.000000
-418.380000 221.000000 3.141593 0.800000 0.000000 0.000000 0.000000 0.000000
-418.420000 221.000000 3.141593 0.800000 0.000000 0.000000 0.000000 0.000000
-418.460000 221.000000 3.141593 0.800000 0.000000 0.000000 0.000000 0.000000
-418.500000 221.000000 3.141593 0.800000 0.000000 0.000000 0.000000 0.000000
-418.540000 221.000000 3.141593 0.800000 0.000000 0.000000 0.000000 0.000000
-418.580000 221.000000 3.141593 0.800000 0.000000 0.000000 0.000000 0.000000
-418.620000 221.000000 3.141593 0.800000 0.000000 0.000000 0.000000 0.000000
-418.660000 221.000000 3.141593 0.800000 0.000000 0.000000 0.000000 0.000000
-418.700000 221.000000 3.141593 0.800000 0.000000 0.000000 0.000000 0.000000
-418.740000 221.000000 3.141593 0.800000 0.000000 0.000000 0.000000 0.000000
-418.780000 221.000000 3.141593 0.800000 0.000000 0.000000 0.000000 0.000000
-418.820000 221.000000 3.141593 0.800000 0.000000 0.000000 0.000000 0.000000
-418.860000 221.000000 3.141593 0.800000 0.000000 0.000000 0.000000 0.000000
-418.900000 221.000000 3.141593 0.800000 0.000000 0.000000 0.000000 0.000000
-418.940000 221.000000 3.141593 0.800000 0.000000 0.000000 0.000000 0.000000
-418.980000 221.000000 3.141593 0.800000 0.000000 0.000000 0.000000 0.000000
-419.020000 221.000000 3.141593 0.800000 0.000000 0.000000 0.000000 0.000000
-419.060000 221.000000 3.141593 0.800000 0.000000 0.000000 0.000000 0.000000
-419.100000 221.000000 3.141593 0.800000 0.000000 0.000000 0.000000 0.000000
-419.140000 221.000000 3.141593 0.800000 0.000000 0.000000 0.000000 0.000000
-419.180000 221.000000 3.141593 0.800000 0.000000 0.000000 0.000000 0.000000
-419.220000 221.000000 3.141593 0.800000 0.000000 0.000000 0.000000 0.000000
-419.260000 221.000000 3.141593 0.800000 0.000000 0.000000 0.000000 0.000000
-419.300000 221.000000 3.141593 0.800000 0.000000 0.000000 0.000000 0.000000
-419.340000 221.000000 3.141593 0.800000 0.000000 0.000000 0.000000 0.000000
-419.380000 221.000000 3.141593 0.800000 0.000000 0.000000 0.000000 0.000000
-419.420000 221.000000 3.141593 0.800000 0.000000 0.000000 0.000000 0.000000
-419.460000 221.000000 3.141593 0.800000 0.000000 0.000000 0.000000 0.000000
-419.500000 221.000000 3.141593 0.800000 0.000000 0.000000 0.000000 0.000000
-419.540000 221.000000 3.141593 0.800000 0.000000 0.000000 0.000000 0.000000
-419.580000 221.000000 3.141593 0.800000 0.000000 0.000000 0.000000 0.000000
-419.620000 221.000000 3.141593 0.800000 0.000000 0.000000 0.000000 0.000000
-419.660000 221.000000 3.141593 0.800000 0.000000 0.000000 0.000000 0.000000
-419.700000 221.000000 3.141593 0.800000 0.000000 0.000000 0.000000 0.000000
-419.740000 221.000000 3.141593 0.800000 0.000000 0.000000 0.000000 0.000000
-419.780000 221.000000 3.141593 0.800000 0.000000 0.000000 0.000000 0.000000
-419.820000 221.000000 3.141593 0.800000 0.000000 0.000000 0.000000 0.000000
-419.860000 221.000000 3.141593 0.800000 0.000000 0.000000 0.000000 0.000000
-419.900000 221.000000 3.141593 0.800000 0.000000 0.000000 0.000000 0.000000
-419.940000 221.000000 3.141593 0.800000 0.000000 0.000000 0.000000 0.000000
-419.980000 221.000000 3.141593 0.800000 0.000000 0.000000 0.000000 0.000000
-420.020000 221.000000 3.141593 0.800000 0.000000 0.000000 0.000000 0.000000
-420.060000 221.000000 3.141593 0.800000 0.000000 0.000000 0.000000 0.000000
-420.100000 221.000000 3.141593 0.800000 0.000000 0.000000 0.000000 0.000000
-420.140000 221.000000 3.141593 0.800000 0.000000 0.000000 0.000000 0.000000
-420.180000 221.000000 3.141593 0.800000 0.000000 0.000000 0.000000 0.000000
-420.220000 221.000000 3.141593 0.800000 0.000000 0.000000 0.000000 0.000000
-420.260000 221.000000 3.141593 0.800000 0.000000 0.000000 0.000000 0.000000
-420.300000 221.000000 3.141593 0.800000 0.000000 0.000000 0.000000 0.000000
-420.340000 221.000000 3.141593 0.800000 0.000000 0.000000 0.000000 0.000000
-420.380000 221.000000 3.141593 0.800000 0.000000 0.000000 0.000000 0.000000
-420.420000 221.000000 3.141593 0.800000 0.000000 0.000000 0.000000 0.000000
-420.460000 221.000000 3.141593 0.800000 0.000000 0.000000 0.000000 0.000000
-420.500000 221.000000 3.141593 0.800000 0.000000 0.000000 0.000000 0.000000
-420.540000 221.000000 3.141593 0.800000 0.000000 0.000000 0.000000 0.000000
-420.580000 221.000000 3.141593 0.800000 0.000000 0.000000 0.000000 0.000000
-420.620000 221.000000 3.141593 0.800000 0.000000 0.000000 0.000000 0.000000
-420.660000 221.000000 3.141593 0.800000 0.000000 0.000000 0.000000 0.000000
-420.700000 221.000000 3.141593 0.800000 0.000000 0.000000 0.000000 0.000000
-420.740000 221.000000 3.141593 0.800000 0.000000 0.000000 0.000000 0.000000
-420.780000 221.000000 3.141593 0.800000 0.000000 0.000000 0.000000 0.000000
-420.820000 221.000000 3.141593 0.800000 0.000000 0.000000 0.000000 0.000000
-420.860000 221.000000 3.141593 0.800000 0.000000 0.000000 0.000000 0.000000
-420.900000 221.000000 3.141593 0.800000 0.000000 0.000000 0.000000 0.000000
-420.940000 221.000000 3.141593 0.800000 0.000000 0.000000 0.000000 0.000000
-420.980000 221.000000 3.141593 0.800000 0.000000 0.000000 0.000000 0.000000
-421.020000 221.000000 3.141593 0.800000 0.000000 0.000000 0.000000 0.000000
-421.060000 221.000000 3.141593 0.800000 0.000000 0.000000 0.000000 0.000000
-421.100000 221.000000 3.141593 0.800000 0.000000 0.000000 0.000000 0.000000
-421.140000 221.000000 3.141593 0.800000 0.000000 0.000000 0.000000 0.000000
-421.180000 221.000000 3.141593 0.800000 0.000000 0.000000 0.000000 0.000000
-421.220000 221.000000 3.141593 0.800000 0.000000 0.000000 0.000000 0.000000
-421.260000 221.000000 3.141593 0.800000 0.000000 0.000000 0.000000 0.000000
-421.300000 221.000000 3.141593 0.800000 0.000000 0.000000 0.000000 0.000000
-421.340000 221.000000 3.141593 0.800000 0.000000 0.000000 0.000000 0.000000
-421.380000 221.000000 3.141593 0.800000 0.000000 0.000000 0.000000 0.000000
-421.420000 221.000000 3.141593 0.800000 0.000000 0.000000 0.000000 0.000000
-421.460000 221.000000 3.141593 0.800000 0.000000 0.000000 0.000000 0.000000
-421.500000 221.000000 3.141593 0.800000 0.000000 0.000000 0.000000 0.000000
-421.540000 221.000000 3.141593 0.800000 0.000000 0.000000 0.000000 0.000000
-421.580000 221.000000 3.141593 0.800000 0.000000 0.000000 0.000000 0.000000
-421.620000 221.000000 3.141593 0.800000 0.000000 0.000000 0.000000 0.000000
-421.660000 221.000000 3.141593 0.800000 0.000000 0.000000 0.000000 0.000000
-421.700000 221.000000 3.141593 0.800000 0.000000 0.000000 0.000000 0.000000
-421.740000 221.000000 3.141593 0.800000 0.000000 0.000000 0.000000 0.000000
-421.780000 221.000000 3.141593 0.800000 0.000000 0.000000 0.000000 0.000000
-421.820000 221.000000 3.141593 0.800000 0.000000 0.000000 0.000000 0.000000
-421.860000 221.000000 3.141593 0.800000 0.000000 0.000000 0.000000 0.000000
-421.900000 221.000000 3.141593 0.800000 0.000000 0.000000 0.000000 0.000000
-421.940000 221.000000 3.141593 0.800000 0.000000 0.000000 0.000000 0.000000
-421.980000 221.000000 3.141593 0.800000 0.000000 0.000000 0.000000 0.000000
-422.020000 221.000000 3.141593 0.800000 0.000000 0.000000 0.000000 0.000000
-422.060000 221.000000 3.141593 0.800000 0.000000 0.000000 0.000000 0.000000
-422.100000 221.000000 3.141593 0.800000 0.000000 0.000000 0.000000 0.000000
-422.140000 221.000000 3.141593 0.800000 0.000000 0.000000 0.000000 0.000000
-422.180000 221.000000 3.141593 0.800000 0.000000 0.000000 0.000000 0.000000
-422.220000 221.000000 3.141593 0.800000 0.000000 0.000000 0.000000 0.000000
-422.260000 221.000000 3.141593 0.800000 0.000000 0.000000 0.000000 0.000000
-422.300000 221.000000 3.141593 0.800000 0.000000 0.000000 0.000000 0.000000
-422.340000 221.000000 3.141593 0.800000 0.000000 0.000000 0.000000 0.000000
-422.380000 221.000000 3.141593 0.800000 0.000000 0.000000 0.000000 0.000000
-422.420000 221.000000 3.141593 0.800000 0.000000 0.000000 0.000000 0.000000
-422.460000 221.000000 3.141593 0.800000 0.000000 0.000000 0.000000 0.000000
-422.500000 221.000000 3.141593 0.800000 0.000000 0.000000 0.000000 0.000000
-422.540000 221.000000 3.141593 0.800000 0.000000 0.000000 0.000000 0.000000
-422.580000 221.000000 3.141593 0.800000 0.000000 0.000000 0.000000 0.000000
-422.620000 221.000000 3.141593 0.800000 0.000000 0.000000 0.000000 0.000000
-422.660000 221.000000 3.141593 0.800000 0.000000 0.000000 0.000000 0.000000
-422.700000 221.000000 3.141593 0.800000 0.000000 0.000000 0.000000 0.000000
-422.740000 221.000000 3.141593 0.800000 0.000000 0.000000 0.000000 0.000000
-422.780000 221.000000 3.141593 0.800000 0.000000 0.000000 0.000000 0.000000
-422.820000 221.000000 3.141593 0.800000 0.000000 0.000000 0.000000 0.000000
-422.860000 221.000000 3.141593 0.800000 0.000000 0.000000 0.000000 0.000000
-422.900000 221.000000 3.141593 0.800000 0.000000 0.000000 0.000000 0.000000
-422.940000 221.000000 3.141593 0.800000 0.000000 0.000000 0.000000 0.000000
-422.980000 221.000000 3.141593 0.800000 0.000000 0.000000 0.000000 0.000000
-423.020000 221.000000 3.141593 0.800000 0.000000 0.000000 0.000000 0.000000
-423.060000 221.000000 3.141593 0.800000 0.000000 0.000000 0.000000 0.000000
-423.100000 221.000000 3.141593 0.800000 0.000000 0.000000 0.000000 0.000000
-423.140000 221.000000 3.141593 0.800000 0.000000 0.000000 0.000000 0.000000
-423.180000 221.000000 3.141593 0.800000 0.000000 0.000000 0.000000 0.000000
-423.220000 221.000000 3.141593 0.800000 0.000000 0.000000 0.000000 0.000000
-423.260000 221.000000 3.141593 0.800000 0.000000 0.000000 0.000000 0.000000
-423.300000 221.000000 3.141593 0.800000 0.000000 0.000000 0.000000 0.000000
-423.340000 221.000000 3.141593 0.800000 0.000000 0.000000 0.000000 0.000000
-423.380000 221.000000 3.141593 0.800000 0.000000 0.000000 0.000000 0.000000
-423.420000 221.000000 3.141593 0.800000 0.000000 0.000000 0.000000 0.000000
-423.460000 221.000000 3.141593 0.800000 0.000000 0.000000 0.000000 0.000000
-423.500000 221.000000 3.141593 0.800000 0.000000 0.000000 0.000000 0.000000
-423.540000 221.000000 3.141593 0.800000 0.000000 0.000000 0.000000 0.000000
-423.580000 221.000000 3.141593 0.800000 0.000000 0.000000 0.000000 0.000000
-423.620000 221.000000 3.141593 0.800000 0.000000 0.000000 0.000000 0.000000
-423.660000 221.000000 3.141593 0.800000 0.000000 0.000000 0.000000 0.000000
-423.700000 221.000000 3.141593 0.800000 0.000000 0.000000 0.000000 0.000000
-423.740000 221.000000 3.141593 0.800000 0.000000 0.000000 0.000000 0.000000
-423.780000 221.000000 3.141593 0.800000 0.000000 0.000000 0.000000 0.000000
-423.820000 221.000000 3.141593 0.800000 0.000000 0.000000 0.000000 0.000000
-423.860000 221.000000 3.141593 0.800000 0.000000 0.000000 0.000000 0.000000
-423.900000 221.000000 3.141593 0.800000 0.000000 0.000000 0.000000 0.000000
-423.940000 221.000000 3.141593 0.800000 0.000000 0.000000 0.000000 0.000000
-423.980000 221.000000 3.141593 0.800000 0.000000 0.000000 0.000000 0.000000
-424.020000 221.000000 3.141593 0.800000 0.000000 0.000000 0.000000 0.000000
-424.060000 221.000000 3.141593 0.800000 0.000000 0.000000 0.000000 0.000000
-424.100000 221.000000 3.141593 0.800000 0.000000 0.000000 0.000000 0.000000
-424.140000 221.000000 3.141593 0.800000 0.000000 0.000000 0.000000 0.000000
-424.180000 221.000000 3.141593 0.800000 0.000000 0.000000 0.000000 0.000000
-424.220000 221.000000 3.141593 0.800000 0.000000 0.000000 0.000000 0.000000
-424.260000 221.000000 3.141593 0.800000 0.000000 0.000000 0.000000 0.000000
-424.300000 221.000000 3.141593 0.800000 0.000000 0.000000 0.000000 0.000000
-424.340000 221.000000 3.141593 0.800000 0.000000 0.000000 0.000000 0.000000
-424.380000 221.000000 3.141593 0.800000 0.000000 0.000000 0.000000 0.000000
-424.420000 221.000000 3.141593 0.800000 0.000000 0.000000 0.000000 0.000000
-424.460000 221.000000 3.141593 0.800000 0.000000 0.000000 0.000000 0.000000
-424.500000 221.000000 3.141593 0.800000 0.000000 0.000000 0.000000 0.000000
-424.540000 221.000000 3.141593 0.800000 0.000000 0.000000 0.000000 0.000000
-424.580000 221.000000 3.141593 0.800000 0.000000 0.000000 0.000000 0.000000
-424.620000 221.000000 3.141593 0.800000 0.000000 0.000000 0.000000 0.000000
-424.660000 221.000000 3.141593 0.800000 0.000000 0.000000 0.000000 0.000000
-424.700000 221.000000 3.141593 0.800000 0.000000 0.000000 0.000000 0.000000
-424.740000 221.000000 3.141593 0.800000 0.000000 0.000000 0.000000 0.000000
-424.780000 221.000000 3.141593 0.800000 0.000000 0.000000 0.000000 0.000000
-424.820000 221.000000 3.141593 0.800000 0.000000 0.000000 0.000000 0.000000
-424.860000 221.000000 3.141593 0.800000 0.000000 0.000000 0.000000 0.000000
-424.900000 221.000000 3.141593 0.800000 0.000000 0.000000 0.000000 0.000000
-424.940000 221.000000 3.141593 0.800000 0.000000 0.000000 0.000000 0.000000
-424.980000 221.000000 3.141593 0.800000 0.000000 0.000000 0.000000 0.000000
-425.020000 221.000000 3.141593 0.800000 0.000000 0.000000 0.000000 0.000000
-425.060000 221.000000 3.141593 0.800000 0.000000 0.000000 0.000000 0.000000
-425.100000 221.000000 3.141593 0.800000 0.000000 0.000000 0.000000 0.000000
-425.140000 221.000000 3.141593 0.800000 0.000000 0.000000 0.000000 0.000000
-425.180000 221.000000 3.141593 0.800000 0.000000 0.000000 0.000000 0.000000
-425.220000 221.000000 3.141593 0.800000 0.000000 0.000000 0.000000 0.000000
-425.260000 221.000000 3.141593 0.800000 0.000000 0.000000 0.000000 0.000000
-425.300000 221.000000 3.141593 0.800000 0.000000 0.000000 0.000000 0.000000
-425.340000 221.000000 3.141593 0.800000 0.000000 0.000000 0.000000 0.000000
-425.380000 221.000000 3.141593 0.800000 0.000000 0.000000 0.000000 0.000000
-425.420000 221.000000 3.141593 0.800000 0.000000 0.000000 0.000000 0.000000
-425.460000 221.000000 3.141593 0.800000 0.000000 0.000000 0.000000 0.000000
-425.500000 221.000000 3.141593 0.800000 0.000000 0.000000 0.000000 0.000000
-425.540000 221.000000 3.141593 0.800000 0.000000 0.000000 0.000000 0.000000
-425.580000 221.000000 3.141593 0.800000 0.000000 0.000000 0.000000 0.000000
-425.620000 221.000000 3.141593 0.800000 0.000000 0.000000 0.000000 0.000000
-425.660000 221.000000 3.141593 0.800000 0.000000 0.000000 0.000000 0.000000
-425.700000 221.000000 3.141593 0.800000 0.000000 0.000000 0.000000 0.000000
-425.740000 221.000000 3.141593 0.800000 0.000000 0.000000 0.000000 0.000000
-425.780000 221.000000 3.141593 0.800000 0.000000 0.000000 0.000000 0.000000
-425.820000 221.000000 3.141593 0.800000 0.000000 0.000000 0.000000 0.000000
-425.860000 221.000000 3.141593 0.800000 0.000000 0.000000 0.000000 0.000000
-425.900000 221.000000 3.141593 0.800000 0.000000 0.000000 0.000000 0.000000
-425.940000 221.000000 3.141593 0.800000 0.000000 0.000000 0.000000 0.000000
-425.980000 221.000000 3.141593 0.800000 0.000000 0.000000 0.000000 0.000000
-426.020000 221.000000 3.141593 0.800000 0.000000 0.000000 0.000000 0.000000
-426.060000 221.000000 3.141593 0.800000 0.000000 0.000000 0.000000 0.000000
-426.100000 221.000000 3.141593 0.800000 0.000000 0.000000 0.000000 0.000000
-426.140000 221.000000 3.141593 0.800000 0.000000 0.000000 0.000000 0.000000
-426.180000 221.000000 3.141593 0.800000 0.000000 0.000000 0.000000 0.000000
-426.220000 221.000000 3.141593 0.800000 0.000000 0.000000 0.000000 0.000000
-426.260000 221.000000 3.141593 0.800000 0.000000 0.000000 0.000000 0.000000
-426.300000 221.000000 3.141593 0.800000 0.000000 0.000000 0.000000 0.000000
-426.340000 221.000000 3.141593 0.800000 0.000000 0.000000 0.000000 0.000000
-426.380000 221.000000 3.141593 0.800000 0.000000 0.000000 0.000000 0.000000
-426.420000 221.000000 3.141593 0.800000 0.000000 0.000000 0.000000 0.000000
-426.460000 221.000000 3.141593 0.800000 0.000000 0.000000 0.000000 0.000000
-426.500000 221.000000 3.141593 0.800000 0.000000 0.000000 0.000000 0.000000
-426.540000 221.000000 3.141593 0.800000 0.000000 0.000000 0.000000 0.000000
-426.580000 221.000000 3.141593 0.800000 0.000000 0.000000 0.000000 0.000000
-426.620000 221.000000 3.141593 0.800000 0.000000 0.000000 0.000000 0.000000
-426.660000 221.000000 3.141593 0.800000 0.000000 0.000000 0.000000 0.000000
-426.700000 221.000000 3.141593 0.800000 0.000000 0.000000 0.000000 0.000000
-426.740000 221.000000 3.141593 0.800000 0.000000 0.000000 0.000000 0.000000
-426.780000 221.000000 3.141593 0.800000 0.000000 0.000000 0.000000 0.000000
-426.820000 221.000000 3.141593 0.800000 0.000000 0.000000 0.000000 0.000000
-426.860000 221.000000 3.141593 0.800000 0.000000 0.000000 0.000000 0.000000
-426.900000 221.000000 3.141593 0.800000 0.000000 0.000000 0.000000 0.000000
-426.940000 221.000000 3.141593 0.800000 0.000000 0.000000 0.000000 0.000000
-426.980000 221.000000 3.141593 0.800000 0.000000 0.000000 0.000000 0.000000
-427.020000 221.000000 3.141593 0.800000 0.000000 0.000000 0.000000 0.000000
-427.060000 221.000000 3.141593 0.800000 0.000000 0.000000 0.000000 0.000000
-427.100000 221.000000 3.141593 0.800000 0.000000 0.000000 0.000000 0.000000
-427.140000 221.000000 3.141593 0.800000 0.000000 0.000000 0.000000 0.000000
-427.180000 221.000000 3.141593 0.800000 0.000000 0.000000 0.000000 0.000000
-427.220000 221.000000 3.141593 0.800000 0.000000 0.000000 0.000000 0.000000
-427.260000 221.000000 3.141593 0.800000 0.000000 0.000000 0.000000 0.000000
-427.300000 221.000000 3.141593 0.800000 0.000000 0.000000 0.000000 0.000000
-427.340000 221.000000 3.141593 0.800000 0.000000 0.000000 0.000000 0.000000
-427.380000 221.000000 3.141593 0.800000 0.000000 0.000000 0.000000 0.000000
-427.420000 221.000000 3.141593 0.800000 0.000000 0.000000 0.000000 0.000000
-427.460000 221.000000 3.141593 0.800000 0.000000 0.000000 0.000000 0.000000
-427.500000 221.000000 3.141593 0.800000 0.000000 0.000000 0.000000 0.000000
-427.540000 221.000000 3.141593 0.800000 0.000000 0.000000 0.000000 0.000000
-427.580000 221.000000 3.141593 0.800000 0.000000 0.000000 0.000000 0.000000
-427.620000 221.000000 3.141593 0.800000 0.000000 0.000000 0.000000 0.000000
-427.660000 221.000000 3.141593 0.800000 0.000000 0.000000 0.000000 0.000000
-427.700000 221.000000 3.141593 0.800000 0.000000 0.000000 0.000000 0.000000
-427.740000 221.000000 3.141593 0.800000 0.000000 0.000000 0.000000 0.000000
-427.780000 221.000000 3.141593 0.800000 0.000000 0.000000 0.000000 0.000000
-427.820000 221.000000 3.141593 0.800000 0.000000 0.000000 0.000000 0.000000
-427.860000 221.000000 3.141593 0.800000 0.000000 0.000000 0.000000 0.000000
-427.900000 221.000000 3.141593 0.800000 0.000000 0.000000 0.000000 0.000000
-427.940000 221.000000 3.141593 0.800000 0.000000 0.000000 0.000000 0.000000
-427.980000 221.000000 3.141593 0.800000 0.000000 0.000000 0.000000 0.000000
-428.020000 221.000000 3.141593 0.800000 0.000000 0.000000 0.000000 0.000000
-428.060000 221.000000 3.141593 0.800000 0.000000 0.000000 0.000000 0.000000
-428.100000 221.000000 3.141593 0.800000 0.000000 0.000000 0.000000 0.000000
-428.140000 221.000000 3.141593 0.800000 0.000000 0.000000 0.000000 0.000000
-428.180000 221.000000 3.141593 0.800000 0.000000 0.000000 0.000000 0.000000
-428.220000 221.000000 3.141593 0.800000 0.000000 0.000000 0.000000 0.000000
-428.260000 221.000000 3.141593 0.800000 0.000000 0.000000 0.000000 0.000000
-428.300000 221.000000 3.141593 0.800000 0.000000 0.000000 0.000000 0.000000
-428.340000 221.000000 3.141593 0.800000 0.000000 0.000000 0.000000 0.000000
-428.380000 221.000000 3.141593 0.800000 0.000000 0.000000 0.000000 0.000000
-428.420000 221.000000 3.141593 0.800000 0.000000 0.000000 0.000000 0.000000
-428.460000 221.000000 3.141593 0.800000 0.000000 0.000000 0.000000 0.000000
-428.500000 221.000000 3.141593 0.800000 0.000000 0.000000 0.000000 0.000000
-428.540000 221.000000 3.141593 0.800000 0.000000 0.000000 0.000000 0.000000
-428.580000 221.000000 3.141593 0.800000 0.000000 0.000000 0.000000 0.000000
-428.620000 221.000000 3.141593 0.800000 0.000000 0.000000 0.000000 0.000000
-428.660000 221.000000 3.141593 0.800000 0.000000 0.000000 0.000000 0.000000
-428.700000 221.000000 3.141593 0.800000 0.000000 0.000000 0.000000 0.000000
-428.740000 221.000000 3.141593 0.800000 0.000000 0.000000 0.000000 0.000000
-428.780000 221.000000 3.141593 0.800000 0.000000 0.000000 0.000000 0.000000
-428.820000 221.000000 3.141593 0.800000 0.000000 0.000000 0.000000 0.000000
-428.860000 221.000000 3.141593 0.800000 0.000000 0.000000 0.000000 0.000000
-428.900000 221.000000 3.141593 0.800000 0.000000 0.000000 0.000000 0.000000
-428.940000 221.000000 3.141593 0.800000 0.000000 0.000000 0.000000 0.000000
-428.980000 221.000000 3.141593 0.800000 0.000000 0.000000 0.000000 0.000000
-429.020000 221.000000 3.141593 0.800000 0.000000 0.000000 0.000000 0.000000
-429.060000 221.000000 3.141593 0.800000 0.000000 0.000000 0.000000 0.000000
-429.100000 221.000000 3.141593 0.800000 0.000000 0.000000 0.000000 0.000000
-429.140000 221.000000 3.141593 0.800000 0.000000 0.000000 0.000000 0.000000
-429.180000 221.000000 3.141593 0.800000 0.000000 0.000000 0.000000 0.000000
-429.220000 221.000000 3.141593 0.800000 0.000000 0.000000 0.000000 0.000000
-429.260000 221.000000 3.141593 0.800000 0.000000 0.000000 0.000000 0.000000
-429.300000 221.000000 3.141593 0.800000 0.000000 0.000000 0.000000 0.000000
-429.340000 221.000000 3.141593 0.800000 0.000000 0.000000 0.000000 0.000000
-429.380000 221.000000 3.141593 0.800000 0.000000 0.000000 0.000000 0.000000
-429.420000 221.000000 3.141593 0.800000 0.000000 0.000000 0.000000 0.000000
-429.460000 221.000000 3.141593 0.800000 0.000000 0.000000 0.000000 0.000000
-429.500000 221.000000 3.141593 0.800000 0.000000 0.000000 0.000000 0.000000
-429.540000 221.000000 3.141593 0.800000 0.000000 0.000000 0.000000 0.000000
-429.580000 221.000000 3.141593 0.800000 0.000000 0.000000 0.000000 0.000000
-429.620000 221.000000 3.141593 0.800000 0.000000 0.000000 0.000000 0.000000
-429.660000 221.000000 3.141593 0.800000 0.000000 0.000000 0.000000 0.000000
-429.700000 221.000000 3.141593 0.800000 0.000000 0.000000 0.000000 0.000000
-429.740000 221.000000 3.141593 0.800000 0.000000 0.000000 0.000000 0.000000
-429.780000 221.000000 3.141593 0.800000 0.000000 0.000000 0.000000 0.000000
-429.820000 221.000000 3.141593 0.800000 0.000000 0.000000 0.000000 0.000000
-429.860000 221.000000 3.141593 0.800000 0.000000 0.000000 0.000000 0.000000
-429.900000 221.000000 3.141593 0.800000 0.000000 0.000000 0.000000 0.000000
-429.940000 221.000000 3.141593 0.800000 0.000000 0.000000 0.000000 0.000000
-429.980000 221.000000 3.141593 0.800000 0.000000 0.000000 0.000000 0.000000
-430.020000 221.000000 3.141593 0.800000 0.000000 0.000000 0.000000 0.000000
-430.060000 221.000000 3.141593 0.800000 0.000000 0.000000 0.000000 0.000000
-430.100000 221.000000 3.141593 0.800000 0.000000 0.000000 0.000000 0.000000
-430.140000 221.000000 3.141593 0.800000 0.000000 0.000000 0.000000 0.000000
-430.180000 221.000000 3.141593 0.800000 0.000000 0.000000 0.000000 0.000000
-430.220000 221.000000 3.141593 0.800000 0.000000 0.000000 0.000000 0.000000
-430.260000 221.000000 3.141593 0.800000 0.000000 0.000000 0.000000 0.000000
-430.300000 221.000000 3.141593 0.800000 0.000000 0.000000 0.000000 0.000000
-430.340000 221.000000 3.141593 0.800000 0.000000 0.000000 0.000000 0.000000
-430.380000 221.000000 3.141593 0.800000 0.000000 0.000000 0.000000 0.000000
-430.420000 221.000000 3.141593 0.800000 0.000000 0.000000 0.000000 0.000000
-430.460000 221.000000 3.141593 0.800000 0.000000 0.000000 0.000000 0.000000
-430.500000 221.000000 3.141593 0.800000 0.000000 0.000000 0.000000 0.000000
-430.540000 221.000000 3.141593 0.800000 0.000000 0.000000 0.000000 0.000000
-430.580000 221.000000 3.141593 0.800000 0.000000 0.000000 0.000000 0.000000
-430.620000 221.000000 3.141593 0.800000 0.000000 0.000000 0.000000 0.000000
-430.660000 221.000000 3.141593 0.800000 0.000000 0.000000 0.000000 0.000000
-430.700000 221.000000 3.141593 0.800000 0.000000 0.000000 0.000000 0.000000
-430.740000 221.000000 3.141593 0.800000 0.000000 0.000000 0.000000 0.000000
-430.780000 221.000000 3.141593 0.800000 0.000000 0.000000 0.000000 0.000000
-430.820000 221.000000 3.141593 0.800000 0.000000 0.000000 0.000000 0.000000
-430.860000 221.000000 3.141593 0.800000 0.000000 0.000000 0.000000 0.000000
-430.900000 221.000000 3.141593 0.800000 0.000000 0.000000 0.000000 0.000000
-430.940000 221.000000 3.141593 0.800000 0.000000 0.000000 0.000000 0.000000
-430.980000 221.000000 3.141593 0.800000 0.000000 0.000000 0.000000 0.000000
-431.020000 221.000000 3.141593 0.800000 0.000000 0.000000 0.000000 0.000000
-431.060000 221.000000 3.141593 0.800000 0.000000 0.000000 0.000000 0.000000
-431.100000 221.000000 3.141593 0.800000 0.000000 0.000000 0.000000 0.000000
-431.140000 221.000000 3.141593 0.800000 0.000000 0.000000 0.000000 0.000000
-431.180000 221.000000 3.141593 0.800000 0.000000 0.000000 0.000000 0.000000
-431.220000 221.000000 3.141593 0.800000 0.000000 0.000000 0.000000 0.000000
-431.260000 221.000000 3.141593 0.800000 0.000000 0.000000 0.000000 0.000000
-431.300000 221.000000 3.141593 0.800000 0.000000 0.000000 0.000000 0.000000
-431.340000 221.000000 3.141593 0.800000 0.000000 0.000000 0.000000 0.000000
-431.380000 221.000000 3.141593 0.800000 0.000000 0.000000 0.000000 0.000000
-431.420000 221.000000 3.141593 0.800000 0.000000 0.000000 0.000000 0.000000
-431.460000 221.000000 3.141593 0.800000 0.000000 0.000000 0.000000 0.000000
-431.500000 221.000000 3.141593 0.800000 0.000000 0.000000 0.000000 0.000000
-431.540000 221.000000 3.141593 0.800000 0.000000 0.000000 0.000000 0.000000
-431.580000 221.000000 3.141593 0.800000 0.000000 0.000000 0.000000 0.000000
-431.620000 221.000000 3.141593 0.800000 0.000000 0.000000 0.000000 0.000000
-431.660000 221.000000 3.141593 0.800000 0.000000 0.000000 0.000000 0.000000
-431.700000 221.000000 3.141593 0.800000 0.000000 0.000000 0.000000 0.000000
-431.740000 221.000000 3.141593 0.800000 0.000000 0.000000 0.000000 0.000000
-431.780000 221.000000 3.141593 0.800000 0.000000 0.000000 0.000000 0.000000
-431.820000 221.000000 3.141593 0.800000 0.000000 0.000000 0.000000 0.000000
-431.860000 221.000000 3.141593 0.800000 0.000000 0.000000 0.000000 0.000000
-431.900000 221.000000 3.141593 0.800000 0.000000 0.000000 0.000000 0.000000
-431.940000 221.000000 3.141593 0.800000 0.000000 0.000000 0.000000 0.000000
-431.980000 221.000000 3.141593 0.800000 0.000000 0.000000 0.000000 0.000000
-432.020000 221.000000 3.141593 0.800000 0.000000 0.000000 0.000000 0.000000
-432.060000 221.000000 3.141593 0.800000 0.000000 0.000000 0.000000 0.000000
-432.100000 221.000000 3.141593 0.800000 0.000000 0.000000 0.000000 0.000000
-432.140000 221.000000 3.141593 0.800000 0.000000 0.000000 0.000000 0.000000
-432.180000 221.000000 3.141593 0.800000 0.000000 0.000000 0.000000 0.000000
-432.220000 221.000000 3.141593 0.800000 0.000000 0.000000 0.000000 0.000000
-432.260000 221.000000 3.141593 0.800000 0.000000 0.000000 0.000000 0.000000
-432.300000 221.000000 3.141593 0.800000 0.000000 0.000000 0.000000 0.000000
-432.340000 221.000000 3.141593 0.800000 0.000000 0.000000 0.000000 0.000000
-432.380000 221.000000 3.141593 0.800000 0.000000 0.000000 0.000000 0.000000
-432.420000 221.000000 3.141593 0.800000 0.000000 0.000000 0.000000 0.000000
-432.460000 221.000000 3.141593 0.800000 0.000000 0.000000 0.000000 0.000000
-432.500000 221.000000 3.141593 0.800000 0.000000 0.000000 0.000000 0.000000
-432.540000 221.000000 3.141593 0.800000 0.000000 0.000000 0.000000 0.000000
-432.580000 221.000000 3.141593 0.800000 0.000000 0.000000 0.000000 0.000000
-432.620000 221.000000 3.141593 0.800000 0.000000 0.000000 0.000000 0.000000
-432.660000 221.000000 3.141593 0.800000 0.000000 0.000000 0.000000 0.000000
-432.700000 221.000000 3.141593 0.800000 0.000000 0.000000 0.000000 0.000000
-432.740000 221.000000 3.141593 0.800000 0.000000 0.000000 0.000000 0.000000
-432.780000 221.000000 3.141593 0.800000 0.000000 0.000000 0.000000 0.000000
-432.820000 221.000000 3.141593 0.800000 0.000000 0.000000 0.000000 0.000000
-432.860000 221.000000 3.141593 0.800000 0.000000 0.000000 0.000000 0.000000
-432.900000 221.000000 3.141593 0.800000 0.000000 0.000000 0.000000 0.000000
-432.940000 221.000000 3.141593 0.800000 0.000000 0.000000 0.000000 0.000000
-432.980000 221.000000 3.141593 0.800000 0.000000 0.000000 0.000000 0.000000
-433.020000 221.000000 3.141593 0.800000 0.000000 0.000000 0.000000 0.000000
-433.060000 221.000000 3.141593 0.800000 0.000000 0.000000 0.000000 0.000000
-433.100000 221.000000 3.141593 0.800000 0.000000 0.000000 0.000000 0.000000
-433.140000 221.000000 3.141593 0.800000 0.000000 0.000000 0.000000 0.000000
-433.180000 221.000000 3.141593 0.800000 0.000000 0.000000 0.000000 0.000000
-433.220000 221.000000 3.141593 0.800000 0.000000 0.000000 0.000000 0.000000
-433.260000 221.000000 3.141593 0.800000 0.000000 0.000000 0.000000 0.000000
-433.300000 221.000000 3.141593 0.800000 0.000000 0.000000 0.000000 0.000000
-433.340000 221.000000 3.141593 0.800000 0.000000 0.000000 0.000000 0.000000
-433.380000 221.000000 3.141593 0.800000 0.000000 0.000000 0.000000 0.000000
-433.420000 221.000000 3.141593 0.800000 0.000000 0.000000 0.000000 0.000000
-433.460000 221.000000 3.141593 0.800000 0.000000 0.000000 0.000000 0.000000
-433.500000 221.000000 3.141593 0.800000 0.000000 0.000000 0.000000 0.000000
-433.540000 221.000000 3.141593 0.800000 0.000000 0.000000 0.000000 0.000000
-433.580000 221.000000 3.141593 0.800000 0.000000 0.000000 0.000000 0.000000
-433.620000 221.000000 3.141593 0.800000 0.000000 0.000000 0.000000 0.000000
-433.660000 221.000000 3.141593 0.800000 0.000000 0.000000 0.000000 0.000000
-433.700000 221.000000 3.141593 0.800000 0.000000 0.000000 0.000000 0.000000
-433.740000 221.000000 3.141593 0.800000 0.000000 0.000000 0.000000 0.000000
-433.780000 221.000000 3.141593 0.800000 0.000000 0.000000 0.000000 0.000000
-433.820000 221.000000 3.141593 0.800000 0.000000 0.000000 0.000000 0.000000
-433.860000 221.000000 3.141593 0.800000 0.000000 0.000000 0.000000 0.000000
-433.900000 221.000000 3.141593 0.800000 0.000000 0.000000 0.000000 0.000000
-433.940000 221.000000 3.141593 0.800000 0.000000 0.000000 0.000000 0.000000
-433.980000 221.000000 3.141593 0.800000 0.000000 0.000000 0.000000 0.000000
-434.020000 221.000000 3.141593 0.800000 0.000000 0.000000 0.000000 0.000000
-434.060000 221.000000 3.141593 0.800000 0.000000 0.000000 0.000000 0.000000
-434.100000 221.000000 3.141593 0.800000 0.000000 0.000000 0.000000 0.000000
-434.140000 221.000000 3.141593 0.800000 0.000000 0.000000 0.000000 0.000000
-434.180000 221.000000 3.141593 0.800000 0.000000 0.000000 0.000000 0.000000
-434.220000 221.000000 3.141593 0.800000 0.000000 0.000000 0.000000 0.000000
-434.260000 221.000000 3.141593 0.800000 0.000000 0.000000 0.000000 0.000000
-434.300000 221.000000 3.141593 0.800000 0.000000 0.000000 0.000000 0.000000
-434.340000 221.000000 3.141593 0.800000 0.000000 0.000000 0.000000 0.000000
-434.380000 221.000000 3.141593 0.800000 0.000000 0.000000 0.000000 0.000000
-434.420000 221.000000 3.141593 0.800000 0.000000 0.000000 0.000000 0.000000
-434.460000 221.000000 3.141593 0.800000 0.000000 0.000000 0.000000 0.000000
-434.500000 221.000000 3.141593 0.800000 0.000000 0.000000 0.000000 0.000000
-434.540000 221.000000 3.141593 0.800000 0.000000 0.000000 0.000000 0.000000
-434.580000 221.000000 3.141593 0.800000 0.000000 0.000000 0.000000 0.000000
-434.620000 221.000000 3.141593 0.800000 0.000000 0.000000 0.000000 0.000000
-434.660000 221.000000 3.141593 0.800000 0.000000 0.000000 0.000000 0.000000
-434.700000 221.000000 3.141593 0.800000 0.000000 0.000000 0.000000 0.000000
-434.740000 221.000000 3.141593 0.800000 0.000000 0.000000 0.000000 0.000000
-434.780000 221.000000 3.141593 0.800000 0.000000 0.000000 0.000000 0.000000
-434.820000 221.000000 3.141593 0.800000 0.000000 0.000000 0.000000 0.000000
-434.860000 221.000000 3.141593 0.800000 0.000000 0.000000 0.000000 0.000000
-434.900000 221.000000 3.141593 0.800000 0.000000 0.000000 0.000000 0.000000
-434.940000 221.000000 3.141593 0.800000 0.000000 0.000000 0.000000 0.000000
-434.980000 221.000000 3.141593 0.800000 0.000000 0.000000 0.000000 0.000000
-435.020000 221.000000 3.141593 0.800000 0.000000 0.000000 0.000000 0.000000
-435.060000 221.000000 3.141593 0.800000 0.000000 0.000000 0.000000 0.000000
-435.100000 221.000000 3.141593 0.800000 0.000000 0.000000 0.000000 0.000000
-435.140000 221.000000 3.141593 0.800000 0.000000 0.000000 0.000000 0.000000
-435.180000 221.000000 3.141593 0.800000 0.000000 0.000000 0.000000 0.000000
-435.220000 221.000000 3.141593 0.800000 0.000000 0.000000 0.000000 0.000000
-435.260000 221.000000 3.141593 0.800000 0.000000 0.000000 0.000000 0.000000
-435.300000 221.000000 3.141593 0.800000 0.000000 0.000000 0.000000 0.000000
-435.340000 221.000000 3.141593 0.800000 0.000000 0.000000 0.000000 0.000000
-435.380000 221.000000 3.141593 0.800000 0.000000 0.000000 0.000000 0.000000
-435.420000 221.000000 3.141593 0.800000 0.000000 0.000000 0.000000 0.000000
-435.460000 221.000000 3.141593 0.800000 0.000000 0.000000 0.000000 0.000000
-435.500000 221.000000 3.141593 0.800000 0.000000 0.000000 0.000000 0.000000
-435.540000 221.000000 3.141593 0.800000 0.000000 0.000000 0.000000 0.000000
-435.580000 221.000000 3.141593 0.800000 0.000000 0.000000 0.000000 0.000000
-435.620000 221.000000 3.141593 0.800000 0.000000 0.000000 0.000000 0.000000
-435.660000 221.000000 3.141593 0.800000 0.000000 0.000000 0.000000 0.000000
-435.700000 221.000000 3.141593 0.800000 0.000000 0.000000 0.000000 0.000000
-435.740000 221.000000 3.141593 0.800000 0.000000 0.000000 0.000000 0.000000
-435.780000 221.000000 3.141593 0.800000 0.000000 0.000000 0.000000 0.000000
-435.820000 221.000000 3.141593 0.800000 0.000000 0.000000 0.000000 0.000000
-435.860000 221.000000 3.141593 0.800000 0.000000 0.000000 0.000000 0.000000
-435.900000 221.000000 3.141593 0.800000 0.000000 0.000000 0.000000 0.000000
-435.940000 221.000000 3.141593 0.800000 0.000000 0.000000 0.000000 0.000000
-435.980000 221.000000 3.141593 0.800000 0.000000 0.000000 0.000000 0.000000
-436.020000 221.000000 3.141593 0.800000 0.000000 0.000000 0.000000 0.000000
-436.060000 221.000000 3.141593 0.800000 0.000000 0.000000 0.000000 0.000000
-436.100000 221.000000 3.141593 0.800000 0.000000 0.000000 0.000000 0.000000
-436.140000 221.000000 3.141593 0.800000 0.000000 0.000000 0.000000 0.000000
-436.180000 221.000000 3.141593 0.800000 0.000000 0.000000 0.000000 0.000000
-436.220000 221.000000 3.141593 0.800000 0.000000 0.000000 0.000000 0.000000
-436.260000 221.000000 3.141593 0.800000 0.000000 0.000000 0.000000 0.000000
-436.300000 221.000000 3.141593 0.800000 0.000000 0.000000 0.000000 0.000000
-436.340000 221.000000 3.141593 0.800000 0.000000 0.000000 0.000000 0.000000
-436.380000 221.000000 3.141593 0.800000 0.000000 0.000000 0.000000 0.000000
-436.420000 221.000000 3.141593 0.800000 0.000000 0.000000 0.000000 0.000000
-436.460000 221.000000 3.141593 0.800000 0.000000 0.000000 0.000000 0.000000
-436.500000 221.000000 3.141593 0.800000 0.000000 0.000000 0.000000 0.000000
-436.540000 221.000000 3.141593 0.800000 0.000000 0.000000 0.000000 0.000000
-436.580000 221.000000 3.141593 0.800000 0.000000 0.000000 0.000000 0.000000
-436.620000 221.000000 3.141593 0.800000 0.000000 0.000000 0.000000 0.000000
-436.660000 221.000000 3.141593 0.800000 0.000000 0.000000 0.000000 0.000000
-436.700000 221.000000 3.141593 0.800000 0.000000 0.000000 0.000000 0.000000
-436.740000 221.000000 3.141593 0.800000 0.000000 0.000000 0.000000 0.000000
-436.780000 221.000000 3.141593 0.800000 0.000000 0.000000 0.000000 0.000000
-436.820000 221.000000 3.141593 0.800000 0.000000 0.000000 0.000000 0.000000
-436.860000 221.000000 3.141593 0.800000 0.000000 0.000000 0.000000 0.000000
-436.900000 221.000000 3.141593 0.800000 0.000000 0.000000 0.000000 0.000000
-436.940000 221.000000 3.141593 0.800000 0.000000 0.000000 0.000000 0.000000
-436.980000 221.000000 3.141593 0.800000 0.000000 0.000000 0.000000 0.000000
-437.020000 221.000000 3.141593 0.800000 0.000000 0.000000 0.000000 0.000000
-437.060000 221.000000 3.141593 0.800000 0.000000 0.000000 0.000000 0.000000
-437.100000 221.000000 3.141593 0.800000 0.000000 0.000000 0.000000 0.000000
-437.140000 221.000000 3.141593 0.800000 0.000000 0.000000 0.000000 0.000000
-437.180000 221.000000 3.141593 0.800000 0.000000 0.000000 0.000000 0.000000
-437.220000 221.000000 3.141593 0.800000 0.000000 0.000000 0.000000 0.000000
-437.260000 221.000000 3.141593 0.800000 0.000000 0.000000 0.000000 0.000000
-437.300000 221.000000 3.141593 0.800000 0.000000 0.000000 0.000000 0.000000
-437.340000 221.000000 3.141593 0.800000 0.000000 0.000000 0.000000 0.000000
-437.380000 221.000000 3.141593 0.800000 0.000000 0.000000 0.000000 0.000000
-437.420000 221.000000 3.141593 0.800000 0.000000 0.000000 0.000000 0.000000
-437.460000 221.000000 3.141593 0.800000 0.000000 0.000000 0.000000 0.000000
-437.500000 221.000000 3.141593 0.800000 0.000000 0.000000 0.000000 0.000000
-437.540000 221.000000 3.141593 0.800000 0.000000 0.000000 0.000000 0.000000
-437.580000 221.000000 3.141593 0.800000 0.000000 0.000000 0.000000 0.000000
-437.620000 221.000000 3.141593 0.800000 0.000000 0.000000 0.000000 0.000000
-437.660000 221.000000 3.141593 0.800000 0.000000 0.000000 0.000000 0.000000
-437.700000 221.000000 3.141593 0.800000 0.000000 0.000000 0.000000 0.000000
-437.740000 221.000000 3.141593 0.800000 0.000000 0.000000 0.000000 0.000000
-437.780000 221.000000 3.141593 0.800000 0.000000 0.000000 0.000000 0.000000
-437.820000 221.000000 3.141593 0.800000 0.000000 0.000000 0.000000 0.000000
-437.860000 221.000000 3.141593 0.800000 0.000000 0.000000 0.000000 0.000000
-437.900000 221.000000 3.141593 0.800000 0.000000 0.000000 0.000000 0.000000
-437.940000 221.000000 3.141593 0.800000 0.000000 0.000000 0.000000 0.000000
-437.980000 221.000000 3.141593 0.800000 0.000000 0.000000 0.000000 0.000000
-438.020000 221.000000 3.141593 0.800000 0.000000 0.000000 0.000000 0.000000
-438.060000 221.000000 3.141593 0.800000 0.000000 0.000000 0.000000 0.000000
-438.100000 221.000000 3.141593 0.800000 0.000000 0.000000 0.000000 0.000000
-438.140000 221.000000 3.141593 0.800000 0.000000 0.000000 0.000000 0.000000
-438.180000 221.000000 3.141593 0.800000 0.000000 0.000000 0.000000 0.000000
-438.220000 221.000000 3.141593 0.800000 0.000000 0.000000 0.000000 0.000000
-438.260000 221.000000 3.141593 0.800000 0.000000 0.000000 0.000000 0.000000
-438.300000 221.000000 3.141593 0.800000 0.000000 0.000000 0.000000 0.000000
-438.340000 221.000000 3.141593 0.800000 0.000000 0.000000 0.000000 0.000000
-438.380000 221.000000 3.141593 0.800000 0.000000 0.000000 0.000000 0.000000
-438.420000 221.000000 3.141593 0.800000 0.000000 0.000000 0.000000 0.000000
-438.460000 221.000000 3.141593 0.800000 0.000000 0.000000 0.000000 0.000000
-438.500000 221.000000 3.141593 0.800000 0.000000 0.000000 0.000000 0.000000
-438.540000 221.000000 3.141593 0.800000 0.000000 0.000000 0.000000 0.000000
-438.580000 221.000000 3.141593 0.800000 0.000000 0.000000 0.000000 0.000000
-438.620000 221.000000 3.141593 0.800000 0.000000 0.000000 0.000000 0.000000
-438.660000 221.000000 3.141593 0.800000 0.000000 0.000000 0.000000 0.000000
-438.700000 221.000000 3.141593 0.800000 0.000000 0.000000 0.000000 0.000000
-438.740000 221.000000 3.141593 0.800000 0.000000 0.000000 0.000000 0.000000
-438.780000 221.000000 3.141593 0.800000 0.000000 0.000000 0.000000 0.000000
-438.820000 221.000000 3.141593 0.800000 0.000000 0.000000 0.000000 0.000000
-438.860000 221.000000 3.141593 0.800000 0.000000 0.000000 0.000000 0.000000
-438.900000 221.000000 3.141593 0.800000 0.000000 0.000000 0.000000 0.000000
-438.940000 221.000000 3.141593 0.800000 0.000000 0.000000 0.000000 0.000000
-438.980000 221.000000 3.141593 0.800000 0.000000 0.000000 0.000000 0.000000
-439.020000 221.000000 3.141593 0.800000 0.000000 0.000000 0.000000 0.000000
-439.060000 221.000000 3.141593 0.800000 0.000000 0.000000 0.000000 0.000000
-439.100000 221.000000 3.141593 0.800000 0.000000 0.000000 0.000000 0.000000
-439.140000 221.000000 3.141593 0.800000 0.000000 0.000000 0.000000 0.000000
-439.180000 221.000000 3.141593 0.800000 0.000000 0.000000 0.000000 0.000000
-439.220000 221.000000 3.141593 0.800000 0.000000 0.000000 0.000000 0.000000
-439.260000 221.000000 3.141593 0.800000 0.000000 0.000000 0.000000 0.000000
-439.300000 221.000000 3.141593 0.800000 0.000000 0.000000 0.000000 0.000000
-439.340000 221.000000 3.141593 0.800000 0.000000 0.000000 0.000000 0.000000
-439.380000 221.000000 3.141593 0.800000 0.000000 0.000000 0.000000 0.000000
-439.420000 221.000000 3.141593 0.800000 0.000000 0.000000 0.000000 0.000000
-439.460000 221.000000 3.141593 0.800000 0.000000 0.000000 0.000000 0.000000
-439.500000 221.000000 3.141593 0.800000 0.000000 0.000000 0.000000 0.000000
-439.540000 221.000000 3.141593 0.800000 0.000000 0.000000 0.000000 0.000000
-439.580000 221.000000 3.141593 0.800000 0.000000 0.000000 0.000000 0.000000
-439.620000 221.000000 3.141593 0.800000 0.000000 0.000000 0.000000 0.000000
-439.660000 221.000000 3.141593 0.800000 0.000000 0.000000 0.000000 0.000000
-439.700000 221.000000 3.141593 0.800000 0.000000 0.000000 0.000000 0.000000
-439.740000 221.000000 3.141593 0.800000 0.000000 0.000000 0.000000 0.000000
-439.780000 221.000000 3.141593 0.800000 0.000000 0.000000 0.000000 0.000000
-439.820000 221.000000 3.141593 0.800000 0.000000 0.000000 0.000000 0.000000
-439.860000 221.000000 3.141593 0.800000 0.000000 0.000000 0.000000 0.000000
-439.900000 221.000000 3.141593 0.800000 0.000000 0.000000 0.000000 0.000000
-439.940000 221.000000 3.141593 0.800000 0.000000 0.000000 0.000000 0.000000
-439.980000 221.000000 3.141593 0.800000 0.000000 0.000000 0.000000 0.000000
-440.020000 221.000000 3.141593 0.800000 0.000000 0.000000 0.000000 0.000000
-440.060000 221.000000 3.141593 0.800000 0.000000 0.000000 0.000000 0.000000
-440.100000 221.000000 3.141593 0.800000 0.000000 0.000000 0.000000 0.000000
-440.140000 221.000000 3.141593 0.800000 0.000000 0.000000 0.000000 0.000000
-440.180000 221.000000 3.141593 0.800000 0.000000 0.000000 0.000000 0.000000
-440.220000 221.000000 3.141593 0.800000 0.000000 0.000000 0.000000 0.000000
-440.260000 221.000000 3.141593 0.800000 0.000000 0.000000 0.000000 0.000000
-440.300000 221.000000 3.141593 0.800000 0.000000 0.000000 0.000000 0.000000
-440.340000 221.000000 3.141593 0.800000 0.000000 0.000000 0.000000 0.000000
-440.380000 221.000000 3.141593 0.800000 0.000000 0.000000 0.000000 0.000000
-440.420000 221.000000 3.141593 0.800000 0.000000 0.000000 0.000000 0.000000
-440.460000 221.000000 3.141593 0.800000 0.000000 0.000000 0.000000 0.000000
-440.500000 221.000000 3.141593 0.800000 0.000000 0.000000 0.000000 0.000000
-440.540000 221.000000 3.141593 0.800000 0.000000 0.000000 0.000000 0.000000
-440.580000 221.000000 3.141593 0.800000 0.000000 0.000000 0.000000 0.000000
-440.620000 221.000000 3.141593 0.800000 0.000000 0.000000 0.000000 0.000000
-440.660000 221.000000 3.141593 0.800000 0.000000 0.000000 0.000000 0.000000
-440.700000 221.000000 3.141593 0.800000 0.000000 0.000000 0.000000 0.000000
-440.740000 221.000000 3.141593 0.800000 0.000000 0.000000 0.000000 0.000000
-440.780000 221.000000 3.141593 0.800000 0.000000 0.000000 0.000000 0.000000
-440.820000 221.000000 3.141593 0.800000 0.000000 0.000000 0.000000 0.000000
-440.860000 221.000000 3.141593 0.800000 0.000000 0.000000 0.000000 0.000000
-440.900000 221.000000 3.141593 0.800000 0.000000 0.000000 0.000000 0.000000
-440.940000 221.000000 3.141593 0.800000 0.000000 0.000000 0.000000 0.000000
-440.980000 221.000000 3.141593 0.800000 0.000000 0.000000 0.000000 0.000000
-441.020000 221.000000 3.141593 0.800000 0.000000 0.000000 0.000000 0.000000
-441.060000 221.000000 3.141593 0.800000 0.000000 0.000000 0.000000 0.000000
-441.100000 221.000000 3.141593 0.800000 0.000000 0.000000 0.000000 0.000000
-441.140000 221.000000 3.141593 0.800000 0.000000 0.000000 0.000000 0.000000
-441.180000 221.000000 3.141593 0.800000 0.000000 0.000000 0.000000 0.000000
-441.220000 221.000000 3.141593 0.800000 0.000000 0.000000 0.000000 0.000000
-441.260000 221.000000 3.141593 0.800000 0.000000 0.000000 0.000000 0.000000
-441.300000 221.000000 3.141593 0.800000 0.000000 0.000000 0.000000 0.000000
-441.340000 221.000000 3.141593 0.800000 0.000000 0.000000 0.000000 0.000000
-441.380000 221.000000 3.141593 0.800000 0.000000 0.000000 0.000000 0.000000
-441.420000 221.000000 3.141593 0.800000 0.000000 0.000000 0.000000 0.000000
-441.460000 221.000000 3.141593 0.800000 0.000000 0.000000 0.000000 0.000000
-441.500000 221.000000 3.141593 0.800000 0.000000 0.000000 0.000000 0.000000
-441.540000 221.000000 3.141593 0.800000 0.000000 0.000000 0.000000 0.000000
-441.580000 221.000000 3.141593 0.800000 0.000000 0.000000 0.000000 0.000000
-441.620000 221.000000 3.141593 0.800000 0.000000 0.000000 0.000000 0.000000
-441.660000 221.000000 3.141593 0.800000 0.000000 0.000000 0.000000 0.000000
-441.700000 221.000000 3.141593 0.800000 0.000000 0.000000 0.000000 0.000000
-441.740000 221.000000 3.141593 0.800000 0.000000 0.000000 0.000000 0.000000
-441.780000 221.000000 3.141593 0.800000 0.000000 0.000000 0.000000 0.000000
-441.820000 221.000000 3.141593 0.800000 0.000000 0.000000 0.000000 0.000000
-441.860000 221.000000 3.141593 0.800000 0.000000 0.000000 0.000000 0.000000
-441.900000 221.000000 3.141593 0.800000 0.000000 0.000000 0.000000 0.000000
-441.940000 221.000000 3.141593 0.800000 0.000000 0.000000 0.000000 0.000000
-441.980000 221.000000 3.141593 0.800000 0.000000 0.000000 0.000000 0.000000
-442.020000 221.000000 3.141593 0.800000 0.000000 0.000000 0.000000 0.000000
-442.060000 221.000000 3.141593 0.800000 0.000000 0.000000 0.000000 0.000000
-442.100000 221.000000 3.141593 0.800000 0.000000 0.000000 0.000000 0.000000
-442.140000 221.000000 3.141593 0.800000 0.000000 0.000000 0.000000 0.000000
-442.180000 221.000000 3.141593 0.800000 0.000000 0.000000 0.000000 0.000000
-442.220000 221.000000 3.141593 0.800000 0.000000 0.000000 0.000000 0.000000
-442.260000 221.000000 3.141593 0.800000 0.000000 0.000000 0.000000 0.000000
-442.300000 221.000000 3.141593 0.800000 0.000000 0.000000 0.000000 0.000000
-442.340000 221.000000 3.141593 0.800000 0.000000 0.000000 0.000000 0.000000
-442.380000 221.000000 3.141593 0.800000 0.000000 0.000000 0.000000 0.000000
-442.420000 221.000000 3.141593 0.800000 0.000000 0.000000 0.000000 0.000000
-442.460000 221.000000 3.141593 0.800000 0.000000 0.000000 0.000000 0.000000
-442.500000 221.000000 3.141593 0.800000 0.000000 0.000000 0.000000 0.000000
-442.540000 221.000000 3.141593 0.800000 0.000000 0.000000 0.000000 0.000000
-442.580000 221.000000 3.141593 0.800000 0.000000 0.000000 0.000000 0.000000
-442.620000 221.000000 3.141593 0.800000 0.000000 0.000000 0.000000 0.000000
-442.660000 221.000000 3.141593 0.800000 0.000000 0.000000 0.000000 0.000000
-442.700000 221.000000 3.141593 0.800000 0.000000 0.000000 0.000000 0.000000
-442.740000 221.000000 3.141593 0.800000 0.000000 0.000000 0.000000 0.000000
-442.780000 221.000000 3.141593 0.800000 0.000000 0.000000 0.000000 0.000000
-442.820000 221.000000 3.141593 0.800000 0.000000 0.000000 0.000000 0.000000
-442.860000 221.000000 3.141593 0.800000 0.000000 0.000000 0.000000 0.000000
-442.900000 221.000000 3.141593 0.800000 0.000000 0.000000 0.000000 0.000000
-442.940000 221.000000 3.141593 0.800000 0.000000 0.000000 0.000000 0.000000
-442.980000 221.000000 3.141593 0.800000 0.000000 0.000000 0.000000 0.000000
-443.020000 221.000000 3.141593 0.800000 0.000000 0.000000 0.000000 0.000000
-443.060000 221.000000 3.141593 0.800000 0.000000 0.000000 0.000000 0.000000
-443.100000 221.000000 3.141593 0.800000 0.000000 0.000000 0.000000 0.000000
-443.140000 221.000000 3.141593 0.800000 0.000000 0.000000 0.000000 0.000000
-443.180000 221.000000 3.141593 0.800000 0.000000 0.000000 0.000000 0.000000
-443.220000 221.000000 3.141593 0.800000 0.000000 0.000000 0.000000 0.000000
-443.260000 221.000000 3.141593 0.800000 0.000000 0.000000 0.000000 0.000000
-443.300000 221.000000 3.141593 0.800000 0.000000 0.000000 0.000000 0.000000
-443.340000 221.000000 3.141593 0.800000 0.000000 0.000000 0.000000 0.000000
-443.380000 221.000000 3.141593 0.800000 0.000000 0.000000 0.000000 0.000000
-443.420000 221.000000 3.141593 0.800000 0.000000 0.000000 0.000000 0.000000
-443.460000 221.000000 3.141593 0.800000 0.000000 0.000000 0.000000 0.000000
-443.500000 221.000000 3.141593 0.800000 0.000000 0.000000 0.000000 0.000000
-443.540000 221.000000 3.141593 0.800000 0.000000 0.000000 0.000000 0.000000
-443.580000 221.000000 3.141593 0.800000 0.000000 0.000000 0.000000 0.000000
-443.620000 221.000000 3.141593 0.800000 0.000000 0.000000 0.000000 0.000000
-443.660000 221.000000 3.141593 0.800000 0.000000 0.000000 0.000000 0.000000
-443.700000 221.000000 3.141593 0.800000 0.000000 0.000000 0.000000 0.000000
-443.740000 221.000000 3.141593 0.800000 0.000000 0.000000 0.000000 0.000000
-443.780000 221.000000 3.141593 0.800000 0.000000 0.000000 0.000000 0.000000
-443.820000 221.000000 3.141593 0.800000 0.000000 0.000000 0.000000 0.000000
-443.860000 221.000000 3.141593 0.800000 0.000000 0.000000 0.000000 0.000000
-443.900000 221.000000 3.141593 0.800000 0.000000 0.000000 0.000000 0.000000
-443.940000 221.000000 3.141593 0.800000 0.000000 0.000000 0.000000 0.000000
-443.980000 221.000000 3.141593 0.800000 0.000000 0.000000 0.000000 0.000000
-444.020000 221.000000 3.141593 0.800000 0.000000 0.000000 0.000000 0.000000
-444.060000 221.000000 3.141593 0.800000 0.000000 0.000000 0.000000 0.000000
-444.100000 221.000000 3.141593 0.800000 0.000000 0.000000 0.000000 0.000000
-444.140000 221.000000 3.141593 0.800000 0.000000 0.000000 0.000000 0.000000
-444.180000 221.000000 3.141593 0.800000 0.000000 0.000000 0.000000 0.000000
-444.220000 221.000000 3.141593 0.800000 0.000000 0.000000 0.000000 0.000000
-444.260000 221.000000 3.141593 0.800000 0.000000 0.000000 0.000000 0.000000
-444.300000 221.000000 3.141593 0.800000 0.000000 0.000000 0.000000 0.000000
-444.340000 221.000000 3.141593 0.800000 0.000000 0.000000 0.000000 0.000000
-444.380000 221.000000 3.141593 0.800000 0.000000 0.000000 0.000000 0.000000
-444.420000 221.000000 3.141593 0.800000 0.000000 0.000000 0.000000 0.000000
-444.460000 221.000000 3.141593 0.800000 0.000000 0.000000 0.000000 0.000000
-444.500000 221.000000 3.141593 0.800000 0.000000 0.000000 0.000000 0.000000
-444.540000 221.000000 3.141593 0.800000 0.000000 0.000000 0.000000 0.000000
-444.580000 221.000000 3.141593 0.800000 0.000000 0.000000 0.000000 0.000000
-444.620000 221.000000 3.141593 0.800000 0.000000 0.000000 0.000000 0.000000
-444.660000 221.000000 3.141593 0.800000 0.000000 0.000000 0.000000 0.000000
-444.700000 221.000000 3.141593 0.800000 0.000000 0.000000 0.000000 0.000000
-444.740000 221.000000 3.141593 0.800000 0.000000 0.000000 0.000000 0.000000
-444.780000 221.000000 3.141593 0.800000 0.000000 0.000000 0.000000 0.000000
-444.820000 221.000000 3.141593 0.800000 0.000000 0.000000 0.000000 0.000000
-444.860000 221.000000 3.141593 0.800000 0.000000 0.000000 0.000000 0.000000
-444.900000 221.000000 3.141593 0.800000 0.000000 0.000000 0.000000 0.000000
-444.940000 221.000000 3.141593 0.800000 0.000000 0.000000 0.000000 0.000000
-444.980000 221.000000 3.141593 0.800000 0.000000 0.000000 0.000000 0.000000
-445.020000 221.000000 3.141593 0.800000 0.000000 0.000000 0.000000 0.000000
-445.060000 221.000000 3.141593 0.800000 0.000000 0.000000 0.000000 0.000000
-445.100000 221.000000 3.141593 0.800000 0.000000 0.000000 0.000000 0.000000
-445.140000 221.000000 3.141593 0.800000 0.000000 0.000000 0.000000 0.000000
-445.180000 221.000000 3.141593 0.800000 0.000000 0.000000 0.000000 0.000000
-445.220000 221.000000 3.141593 0.800000 0.000000 0.000000 0.000000 0.000000
-445.260000 221.000000 3.141593 0.800000 0.000000 0.000000 0.000000 0.000000
-445.300000 221.000000 3.141593 0.800000 0.000000 0.000000 0.000000 0.000000
-445.340000 221.000000 3.141593 0.800000 0.000000 0.000000 0.000000 0.000000
-445.380000 221.000000 3.141593 0.800000 0.000000 0.000000 0.000000 0.000000
-445.420000 221.000000 3.141593 0.800000 0.000000 0.000000 0.000000 0.000000
-445.460000 221.000000 3.141593 0.800000 0.000000 0.000000 0.000000 0.000000
-445.500000 221.000000 3.141593 0.800000 0.000000 0.000000 0.000000 0.000000
-445.540000 221.000000 3.141593 0.800000 0.000000 0.000000 0.000000 0.000000
-445.580000 221.000000 3.141593 0.800000 0.000000 0.000000 0.000000 0.000000
-445.620000 221.000000 3.141593 0.800000 0.000000 0.000000 0.000000 0.000000
-445.660000 221.000000 3.141593 0.800000 0.000000 0.000000 0.000000 0.000000
-445.700000 221.000000 3.141593 0.800000 0.000000 0.000000 0.000000 0.000000
-445.740000 221.000000 3.141593 0.800000 0.000000 0.000000 0.000000 0.000000
-445.780000 221.000000 3.141593 0.800000 0.000000 0.000000 0.000000 0.000000
-445.820000 221.000000 3.141593 0.800000 0.000000 0.000000 0.000000 0.000000
-445.860000 221.000000 3.141593 0.800000 0.000000 0.000000 0.000000 0.000000
-445.900000 221.000000 3.141593 0.800000 0.000000 0.000000 0.000000 0.000000
-445.940000 221.000000 3.141593 0.800000 0.000000 0.000000 0.000000 0.000000
-445.980000 221.000000 3.141593 0.800000 0.000000 0.000000 0.000000 0.000000
-446.020000 221.000000 3.141593 0.800000 0.000000 0.000000 0.000000 0.000000
-446.060000 221.000000 3.141593 0.800000 0.000000 0.000000 0.000000 0.000000
-446.100000 221.000000 3.141593 0.800000 0.000000 0.000000 0.000000 0.000000
-446.140000 221.000000 3.141593 0.800000 0.000000 0.000000 0.000000 0.000000
-446.180000 221.000000 3.141593 0.800000 0.000000 0.000000 0.000000 0.000000
-446.220000 221.000000 3.141593 0.800000 0.000000 0.000000 0.000000 0.000000
-446.260000 221.000000 3.141593 0.800000 0.000000 0.000000 0.000000 0.000000
-446.300000 221.000000 3.141593 0.800000 0.000000 0.000000 0.000000 0.000000
-446.340000 221.000000 3.141593 0.800000 0.000000 0.000000 0.000000 0.000000
-446.380000 221.000000 3.141593 0.800000 0.000000 0.000000 0.000000 0.000000
-446.420000 221.000000 3.141593 0.800000 0.000000 0.000000 0.000000 0.000000
-446.460000 221.000000 3.141593 0.800000 0.000000 0.000000 0.000000 0.000000
-446.500000 221.000000 3.141593 0.800000 0.000000 0.000000 0.000000 0.000000
-446.540000 221.000000 3.141593 0.800000 0.000000 0.000000 0.000000 0.000000
-446.580000 221.000000 3.141593 0.800000 0.000000 0.000000 0.000000 0.000000
-446.620000 221.000000 3.141593 0.800000 0.000000 0.000000 0.000000 0.000000
-446.660000 221.000000 3.141593 0.800000 0.000000 0.000000 0.000000 0.000000
-446.700000 221.000000 3.141593 0.800000 0.000000 0.000000 0.000000 0.000000
-446.740000 221.000000 3.141593 0.800000 0.000000 0.000000 0.000000 0.000000
-446.780000 221.000000 3.141593 0.800000 0.000000 0.000000 0.000000 0.000000
-446.820000 221.000000 3.141593 0.800000 0.000000 0.000000 0.000000 0.000000
-446.860000 221.000000 3.141593 0.800000 0.000000 0.000000 0.000000 0.000000
-446.900000 221.000000 3.141593 0.800000 0.000000 0.000000 0.000000 0.000000
-446.940000 221.000000 3.141593 0.800000 0.000000 0.000000 0.000000 0.000000
-446.980000 221.000000 3.141593 0.800000 0.000000 0.000000 0.000000 0.000000
-447.020000 221.000000 3.141593 0.800000 0.000000 0.000000 0.000000 0.000000
-447.060000 221.000000 3.141593 0.800000 0.000000 0.000000 0.000000 0.000000
-447.100000 221.000000 3.141593 0.800000 0.000000 0.000000 0.000000 0.000000
-447.140000 221.000000 3.141593 0.800000 0.000000 0.000000 0.000000 0.000000
-447.180000 221.000000 3.141593 0.800000 0.000000 0.000000 0.000000 0.000000
-447.220000 221.000000 3.141593 0.800000 0.000000 0.000000 0.000000 0.000000
-447.260000 221.000000 3.141593 0.800000 0.000000 0.000000 0.000000 0.000000
-447.300000 221.000000 3.141593 0.800000 0.000000 0.000000 0.000000 0.000000
-447.340000 221.000000 3.141593 0.800000 0.000000 0.000000 0.000000 0.000000
-447.380000 221.000000 3.141593 0.800000 0.000000 0.000000 0.000000 0.000000
-447.420000 221.000000 3.141593 0.800000 0.000000 0.000000 0.000000 0.000000
-447.460000 221.000000 3.141593 0.800000 0.000000 0.000000 0.000000 0.000000
-447.500000 221.000000 3.141593 0.800000 0.000000 0.000000 0.000000 0.000000
-447.540000 221.000000 3.141593 0.800000 0.000000 0.000000 0.000000 0.000000
-447.580000 221.000000 3.141593 0.800000 0.000000 0.000000 0.000000 0.000000
-447.620000 221.000000 3.141593 0.800000 0.000000 0.000000 0.000000 0.000000
-447.660000 221.000000 3.141593 0.800000 0.000000 0.000000 0.000000 0.000000
-447.700000 221.000000 3.141593 0.800000 0.000000 0.000000 0.000000 0.000000
-447.740000 221.000000 3.141593 0.800000 0.000000 0.000000 0.000000 0.000000
-447.780000 221.000000 3.141593 0.800000 0.000000 0.000000 0.000000 0.000000
-447.820000 221.000000 3.141593 0.800000 0.000000 0.000000 0.000000 0.000000
-447.860000 221.000000 3.141593 0.800000 0.000000 0.000000 0.000000 0.000000
-447.900000 221.000000 3.141593 0.800000 0.000000 0.000000 0.000000 0.000000
-447.940000 221.000000 3.141593 0.800000 0.000000 0.000000 0.000000 0.000000
-447.980000 221.000000 3.141593 0.800000 0.000000 0.000000 0.000000 0.000000
-448.020000 221.000000 3.141593 0.800000 0.000000 0.000000 0.000000 0.000000
-448.060000 221.000000 3.141593 0.800000 0.000000 0.000000 0.000000 0.000000
-448.100000 221.000000 3.141593 0.800000 0.000000 0.000000 0.000000 0.000000
-448.140000 221.000000 3.141593 0.800000 0.000000 0.000000 0.000000 0.000000
-448.180000 221.000000 3.141593 0.800000 0.000000 0.000000 0.000000 0.000000
-448.220000 221.000000 3.141593 0.800000 0.000000 0.000000 0.000000 0.000000
-448.260000 221.000000 3.141593 0.800000 0.000000 0.000000 0.000000 0.000000
-448.300000 221.000000 3.141593 0.800000 0.000000 0.000000 0.000000 0.000000
-448.340000 221.000000 3.141593 0.800000 0.000000 0.000000 0.000000 0.000000
-448.380000 221.000000 3.141593 0.800000 0.000000 0.000000 0.000000 0.000000
-448.420000 221.000000 3.141593 0.800000 0.000000 0.000000 0.000000 0.000000
-448.460000 221.000000 3.141593 0.800000 0.000000 0.000000 0.000000 0.000000
-448.500000 221.000000 3.141593 0.800000 0.000000 0.000000 0.000000 0.000000
-448.540000 221.000000 3.141593 0.800000 0.000000 0.000000 0.000000 0.000000
-448.580000 221.000000 3.141593 0.800000 0.000000 0.000000 0.000000 0.000000
-448.620000 221.000000 3.141593 0.800000 0.000000 0.000000 0.000000 0.000000
-448.660000 221.000000 3.141593 0.800000 0.000000 0.000000 0.000000 0.000000
-448.700000 221.000000 3.141593 0.800000 0.000000 0.000000 0.000000 0.000000
-448.740000 221.000000 3.141593 0.800000 0.000000 0.000000 0.000000 0.000000
-448.780000 221.000000 3.141593 0.800000 0.000000 0.000000 0.000000 0.000000
-448.820000 221.000000 3.141593 0.800000 0.000000 0.000000 0.000000 0.000000
-448.860000 221.000000 3.141593 0.800000 0.000000 0.000000 0.000000 0.000000
-448.900000 221.000000 3.141593 0.800000 0.000000 0.000000 0.000000 0.000000
-448.940000 221.000000 3.141593 0.800000 0.000000 0.000000 0.000000 0.000000
-448.980000 221.000000 3.141593 0.800000 0.000000 0.000000 0.000000 0.000000
-449.020000 221.000000 3.141593 0.800000 0.000000 0.000000 0.000000 0.000000
-449.060000 221.000000 3.141593 0.800000 0.000000 0.000000 0.000000 0.000000
-449.100000 221.000000 3.141593 0.800000 0.000000 0.000000 0.000000 0.000000
-449.140000 221.000000 3.141593 0.800000 0.000000 0.000000 0.000000 0.000000
-449.180000 221.000000 3.141593 0.800000 0.000000 0.000000 0.000000 0.000000
-449.220000 221.000000 3.141593 0.800000 0.000000 0.000000 0.000000 0.000000
-449.260000 221.000000 3.141593 0.800000 0.000000 0.000000 0.000000 0.000000
-449.300000 221.000000 3.141593 0.800000 0.000000 0.000000 0.000000 0.000000
-449.340000 221.000000 3.141593 0.800000 0.000000 0.000000 0.000000 0.000000
-449.380000 221.000000 3.141593 0.800000 0.000000 0.000000 0.000000 0.000000
-449.420000 221.000000 3.141593 0.800000 0.000000 0.000000 0.000000 0.000000
-449.460000 221.000000 3.141593 0.800000 0.000000 0.000000 0.000000 0.000000
-449.500000 221.000000 3.141593 0.800000 0.000000 0.000000 0.000000 0.000000
-449.540000 221.000000 3.141593 0.800000 0.000000 0.000000 0.000000 0.000000
-449.580000 221.000000 3.141593 0.800000 0.000000 0.000000 0.000000 0.000000
-449.620000 221.000000 3.141593 0.800000 0.000000 0.000000 0.000000 0.000000
-449.660000 221.000000 3.141593 0.800000 0.000000 0.000000 0.000000 0.000000
-449.700000 221.000000 3.141593 0.800000 0.000000 0.000000 0.000000 0.000000
-449.740000 221.000000 3.141593 0.800000 0.000000 0.000000 0.000000 0.000000
-449.780000 221.000000 3.141593 0.800000 0.000000 0.000000 0.000000 0.000000
-449.820000 221.000000 3.141593 0.800000 0.000000 0.000000 0.000000 0.000000
-449.860000 221.000000 3.141593 0.800000 0.000000 0.000000 0.000000 0.000000
-449.900000 221.000000 3.141593 0.800000 0.000000 0.000000 0.000000 0.000000
-449.940000 221.000000 3.141593 0.800000 0.000000 0.000000 0.000000 0.000000
-449.980000 221.000000 3.141593 0.800000 0.000000 0.000000 0.000000 0.000000
-450.020000 221.000000 3.141593 0.800000 0.000000 0.000000 0.000000 0.000000
-450.060000 221.000000 3.141593 0.800000 0.000000 0.000000 0.000000 0.000000
-450.100000 221.000000 3.141593 0.800000 0.000000 0.000000 0.000000 0.000000
-450.140000 221.000000 3.141593 0.800000 0.000000 0.000000 0.000000 0.000000
-450.180000 221.000000 3.141593 0.800000 0.000000 0.000000 0.000000 0.000000
-450.220000 221.000000 3.141593 0.800000 0.000000 0.000000 0.000000 0.000000
-450.260000 221.000000 3.141593 0.800000 0.000000 0.000000 0.000000 0.000000
-450.300000 221.000000 3.141593 0.800000 0.000000 0.000000 0.000000 0.000000
-450.340000 221.000000 3.141593 0.800000 0.000000 0.000000 0.000000 0.000000
-450.380000 221.000000 3.141593 0.800000 0.000000 0.000000 0.000000 0.000000
-450.420000 221.000000 3.141593 0.800000 0.000000 0.000000 0.000000 0.000000
-450.460000 221.000000 3.141593 0.800000 0.000000 0.000000 0.000000 0.000000
-450.500000 221.000000 3.141593 0.800000 0.000000 0.000000 0.000000 0.000000
-450.540000 221.000000 3.141593 0.800000 0.000000 0.000000 0.000000 0.000000
-450.580000 221.000000 3.141593 0.800000 0.000000 0.000000 0.000000 0.000000
-450.620000 221.000000 3.141593 0.800000 0.000000 0.000000 0.000000 0.000000
-450.660000 221.000000 3.141593 0.800000 0.000000 0.000000 0.000000 0.000000
-450.700000 221.000000 3.141593 0.800000 0.000000 0.000000 0.000000 0.000000
-450.740000 221.000000 3.141593 0.800000 0.000000 0.000000 0.000000 0.000000
-450.780000 221.000000 3.141593 0.800000 0.000000 0.000000 0.000000 0.000000
-450.820000 221.000000 3.141593 0.800000 0.000000 0.000000 0.000000 0.000000
-450.860000 221.000000 3.141593 0.800000 0.000000 0.000000 0.000000 0.000000
-450.900000 221.000000 3.141593 0.800000 0.000000 0.000000 0.000000 0.000000
-450.940000 221.000000 3.141593 0.800000 0.000000 0.000000 0.000000 0.000000
-450.980000 221.000000 3.141593 0.800000 0.000000 0.000000 0.000000 0.000000
-451.020000 221.000000 3.141593 0.800000 0.000000 0.000000 0.000000 0.000000
-451.060000 221.000000 3.141593 0.800000 0.000000 0.000000 0.000000 0.000000
-451.100000 221.000000 3.141593 0.800000 0.000000 0.000000 0.000000 0.000000
-451.140000 221.000000 3.141593 0.800000 0.000000 0.000000 0.000000 0.000000
-451.180000 221.000000 3.141593 0.800000 0.000000 0.000000 0.000000 0.000000
-451.220000 221.000000 3.141593 0.800000 0.000000 0.000000 0.000000 0.000000
-451.260000 221.000000 3.141593 0.800000 0.000000 0.000000 0.000000 0.000000
-451.300000 221.000000 3.141593 0.800000 0.000000 0.000000 0.000000 0.000000
-451.340000 221.000000 3.141593 0.800000 0.000000 0.000000 0.000000 0.000000
-451.380000 221.000000 3.141593 0.800000 0.000000 0.000000 0.000000 0.000000
-451.420000 221.000000 3.141593 0.800000 0.000000 0.000000 0.000000 0.000000
-451.460000 221.000000 3.141593 0.800000 0.000000 0.000000 0.000000 0.000000
-451.500000 221.000000 3.141593 0.800000 0.000000 0.000000 0.000000 0.000000
-451.540000 221.000000 3.141593 0.800000 0.000000 0.000000 0.000000 0.000000
-451.580000 221.000000 3.141593 0.800000 0.000000 0.000000 0.000000 0.000000
-451.620000 221.000000 3.141593 0.800000 0.000000 0.000000 0.000000 0.000000
-451.660000 221.000000 3.141593 0.800000 0.000000 0.000000 0.000000 0.000000
-451.700000 221.000000 3.141593 0.800000 0.000000 0.000000 0.000000 0.000000
-451.740000 221.000000 3.141593 0.800000 0.000000 0.000000 0.000000 0.000000
-451.780000 221.000000 3.141593 0.800000 0.000000 0.000000 0.000000 0.000000
-451.820000 221.000000 3.141593 0.800000 0.000000 0.000000 0.000000 0.000000
-451.860000 221.000000 3.141593 0.800000 0.000000 0.000000 0.000000 0.000000
-451.900000 221.000000 3.141593 0.800000 0.000000 0.000000 0.000000 0.000000
-451.940000 221.000000 3.141593 0.800000 0.000000 0.000000 0.000000 0.000000
-451.980000 221.000000 3.141593 0.800000 0.000000 0.000000 0.000000 0.000000
-452.020000 221.000000 3.141593 0.800000 0.000000 0.000000 0.000000 0.000000
-452.060000 221.000000 3.141593 0.800000 0.000000 0.000000 0.000000 0.000000
-452.100000 221.000000 3.141593 0.800000 0.000000 0.000000 0.000000 0.000000
-452.140000 221.000000 3.141593 0.800000 0.000000 0.000000 0.000000 0.000000
-452.180000 221.000000 3.141593 0.800000 0.000000 0.000000 0.000000 0.000000
-452.220000 221.000000 3.141593 0.800000 0.000000 0.000000 0.000000 0.000000
-452.260000 221.000000 3.141593 0.800000 0.000000 0.000000 0.000000 0.000000
-452.300000 221.000000 3.141593 0.800000 0.000000 0.000000 0.000000 0.000000
-452.340000 221.000000 3.141593 0.800000 0.000000 0.000000 0.000000 0.000000
-452.380000 221.000000 3.141593 0.800000 0.000000 0.000000 0.000000 0.000000
-452.420000 221.000000 3.141593 0.800000 0.000000 0.000000 0.000000 0.000000
-452.460000 221.000000 3.141593 0.800000 0.000000 0.000000 0.000000 0.000000
-452.500000 221.000000 3.141593 0.800000 0.000000 0.000000 0.000000 0.000000
-452.540000 221.000000 3.141593 0.800000 0.000000 0.000000 0.000000 0.000000
-452.580000 221.000000 3.141593 0.800000 0.000000 0.000000 0.000000 0.000000
-452.620000 221.000000 3.141593 0.800000 0.000000 0.000000 0.000000 0.000000
-452.660000 221.000000 3.141593 0.800000 0.000000 0.000000 0.000000 0.000000
-452.700000 221.000000 3.141593 0.800000 0.000000 0.000000 0.000000 0.000000
-452.740000 221.000000 3.141593 0.800000 0.000000 0.000000 0.000000 0.000000
-452.780000 221.000000 3.141593 0.800000 0.000000 0.000000 0.000000 0.000000
-452.820000 221.000000 3.141593 0.800000 0.000000 0.000000 0.000000 0.000000
-452.860000 221.000000 3.141593 0.800000 0.000000 0.000000 0.000000 0.000000
-452.900000 221.000000 3.141593 0.800000 0.000000 0.000000 0.000000 0.000000
-452.940000 221.000000 3.141593 0.800000 0.000000 0.000000 0.000000 0.000000
-452.980000 221.000000 3.141593 0.800000 0.000000 0.000000 0.000000 0.000000
-453.020000 221.000000 3.141593 0.800000 0.000000 0.000000 0.000000 0.000000
-453.060000 221.000000 3.141593 0.800000 0.000000 0.000000 0.000000 0.000000
-453.100000 221.000000 3.141593 0.800000 0.000000 0.000000 0.000000 0.000000
-453.140000 221.000000 3.141593 0.800000 0.000000 0.000000 0.000000 0.000000
-453.180000 221.000000 3.141593 0.800000 0.000000 0.000000 0.000000 0.000000
-453.220000 221.000000 3.141593 0.800000 0.000000 0.000000 0.000000 0.000000
-453.260000 221.000000 3.141593 0.800000 0.000000 0.000000 0.000000 0.000000
-453.300000 221.000000 3.141593 0.800000 0.000000 0.000000 0.000000 0.000000
-453.340000 221.000000 3.141593 0.800000 0.000000 0.000000 0.000000 0.000000
-453.380000 221.000000 3.141593 0.800000 0.000000 0.000000 0.000000 0.000000
-453.420000 221.000000 3.141593 0.800000 0.000000 0.000000 0.000000 0.000000
-453.460000 221.000000 3.141593 0.800000 0.000000 0.000000 0.000000 0.000000
-453.500000 221.000000 3.141593 0.800000 0.000000 0.000000 0.000000 0.000000
-453.540000 221.000000 3.141593 0.800000 0.000000 0.000000 0.000000 0.000000
-453.580000 221.000000 3.141593 0.800000 0.000000 0.000000 0.000000 0.000000
-453.620000 221.000000 3.141593 0.800000 0.000000 0.000000 0.000000 0.000000
-453.660000 221.000000 3.141593 0.800000 0.000000 0.000000 0.000000 0.000000
-453.700000 221.000000 3.141593 0.800000 0.000000 0.000000 0.000000 0.000000
-453.740000 221.000000 3.141593 0.800000 0.000000 0.000000 0.000000 0.000000
-453.780000 221.000000 3.141593 0.800000 0.000000 0.000000 0.000000 0.000000
-453.820000 221.000000 3.141593 0.800000 0.000000 0.000000 0.000000 0.000000
-453.860000 221.000000 3.141593 0.800000 0.000000 0.000000 0.000000 0.000000
-453.900000 221.000000 3.141593 0.800000 0.000000 0.000000 0.000000 0.000000
-453.940000 221.000000 3.141593 0.800000 0.000000 0.000000 0.000000 0.000000
-453.980000 221.000000 3.141593 0.800000 0.000000 0.000000 0.000000 0.000000
-454.020000 221.000000 3.141593 0.800000 0.000000 0.000000 0.000000 0.000000
-454.060000 221.000000 3.141593 0.800000 0.000000 0.000000 0.000000 0.000000
-454.100000 221.000000 3.141593 0.800000 0.000000 0.000000 0.000000 0.000000
-454.140000 221.000000 3.141593 0.800000 0.000000 0.000000 0.000000 0.000000
-454.180000 221.000000 3.141593 0.800000 0.000000 0.000000 0.000000 0.000000
-454.220000 221.000000 3.141593 0.800000 0.000000 0.000000 0.000000 0.000000
-454.260000 221.000000 3.141593 0.800000 0.000000 0.000000 0.000000 0.000000
-454.300000 221.000000 3.141593 0.800000 0.000000 0.000000 0.000000 0.000000
-454.340000 221.000000 3.141593 0.800000 0.000000 0.000000 0.000000 0.000000
-454.380000 221.000000 3.141593 0.800000 0.000000 0.000000 0.000000 0.000000
-454.420000 221.000000 3.141593 0.800000 0.000000 0.000000 0.000000 0.000000
-454.460000 221.000000 3.141593 0.800000 0.000000 0.000000 0.000000 0.000000
-454.500000 221.000000 3.141593 0.800000 0.000000 0.000000 0.000000 0.000000
-454.540000 221.000000 3.141593 0.800000 0.000000 0.000000 0.000000 0.000000
-454.580000 221.000000 3.141593 0.800000 0.000000 0.000000 0.000000 0.000000
-454.620000 221.000000 3.141593 0.800000 0.000000 0.000000 0.000000 0.000000
-454.660000 221.000000 3.141593 0.800000 0.000000 0.000000 0.000000 0.000000
-454.700000 221.000000 3.141593 0.800000 0.000000 0.000000 0.000000 0.000000
-454.740000 221.000000 3.141593 0.800000 0.000000 0.000000 0.000000 0.000000
-454.780000 221.000000 3.141593 0.800000 0.000000 0.000000 0.000000 0.000000
-454.820000 221.000000 3.141593 0.800000 0.000000 0.000000 0.000000 0.000000
-454.860000 221.000000 3.141593 0.800000 0.000000 0.000000 0.000000 0.000000
-454.900000 221.000000 3.141593 0.800000 0.000000 0.000000 0.000000 0.000000
-454.940000 221.000000 3.141593 0.800000 0.000000 0.000000 0.000000 0.000000
-454.980000 221.000000 3.141593 0.800000 0.000000 0.000000 0.000000 0.000000
-455.020000 221.000000 3.141593 0.800000 0.000000 0.000000 0.000000 0.000000
-455.060000 221.000000 3.141593 0.800000 0.000000 0.000000 0.000000 0.000000
-455.100000 221.000000 3.141593 0.800000 0.000000 0.000000 0.000000 0.000000
-455.140000 221.000000 3.141593 0.800000 0.000000 0.000000 0.000000 0.000000
-455.180000 221.000000 3.141593 0.800000 0.000000 0.000000 0.000000 0.000000
-455.220000 221.000000 3.141593 0.800000 0.000000 0.000000 0.000000 0.000000
-455.260000 221.000000 3.141593 0.800000 0.000000 0.000000 0.000000 0.000000
-455.300000 221.000000 3.141593 0.800000 0.000000 0.000000 0.000000 0.000000
-455.340000 221.000000 3.141593 0.800000 0.000000 0.000000 0.000000 0.000000
-455.380000 221.000000 3.141593 0.800000 0.000000 0.000000 0.000000 0.000000
-455.420000 221.000000 3.141593 0.800000 0.000000 0.000000 0.000000 0.000000
-455.460000 221.000000 3.141593 0.800000 0.000000 0.000000 0.000000 0.000000
-455.500000 221.000000 3.141593 0.800000 0.000000 0.000000 0.000000 0.000000
-455.540000 221.000000 3.141593 0.800000 0.000000 0.000000 0.000000 0.000000
-455.580000 221.000000 3.141593 0.800000 0.000000 0.000000 0.000000 0.000000
-455.620000 221.000000 3.141593 0.800000 0.000000 0.000000 0.000000 0.000000
-455.660000 221.000000 3.141593 0.800000 0.000000 0.000000 0.000000 0.000000
-455.700000 221.000000 3.141593 0.800000 0.000000 0.000000 0.000000 0.000000
-455.740000 221.000000 3.141593 0.800000 0.000000 0.000000 0.000000 0.000000
-455.780000 221.000000 3.141593 0.800000 0.000000 0.000000 0.000000 0.000000
-455.820000 221.000000 3.141593 0.800000 0.000000 0.000000 0.000000 0.000000
-455.860000 221.000000 3.141593 0.800000 0.000000 0.000000 0.000000 0.000000
-455.900000 221.000000 3.141593 0.800000 0.000000 0.000000 0.000000 0.000000
-455.940000 221.000000 3.141593 0.800000 0.000000 0.000000 0.000000 0.000000
-455.980000 221.000000 3.141593 0.800000 0.000000 0.000000 0.000000 0.000000
-456.020000 221.000000 3.141593 0.800000 0.000000 0.000000 0.000000 0.000000
-456.060000 221.000000 3.141593 0.800000 0.000000 0.000000 0.000000 0.000000
-456.100000 221.000000 3.141593 0.800000 0.000000 0.000000 0.000000 0.000000
-456.140000 221.000000 3.141593 0.800000 0.000000 0.000000 0.000000 0.000000
-456.180000 221.000000 3.141593 0.800000 0.000000 0.000000 0.000000 0.000000
-456.220000 221.000000 3.141593 0.800000 0.000000 0.000000 0.000000 0.000000
-456.260000 221.000000 3.141593 0.800000 0.000000 0.000000 0.000000 0.000000
-456.300000 221.000000 3.141593 0.800000 0.000000 0.000000 0.000000 0.000000
-456.340000 221.000000 3.141593 0.800000 0.000000 0.000000 0.000000 0.000000
-456.380000 221.000000 3.141593 0.800000 0.000000 0.000000 0.000000 0.000000
-456.420000 221.000000 3.141593 0.800000 0.000000 0.000000 0.000000 0.000000
-456.460000 221.000000 3.141593 0.800000 0.000000 0.000000 0.000000 0.000000
-456.500000 221.000000 3.141593 0.800000 0.000000 0.000000 0.000000 0.000000
-456.540000 221.000000 3.141593 0.800000 0.000000 0.000000 0.000000 0.000000
-456.580000 221.000000 3.141593 0.800000 0.000000 0.000000 0.000000 0.000000
-456.620000 221.000000 3.141593 0.800000 0.000000 0.000000 0.000000 0.000000
-456.660000 221.000000 3.141593 0.800000 0.000000 0.000000 0.000000 0.000000
-456.700000 221.000000 3.141593 0.800000 0.000000 0.000000 0.000000 0.000000
-456.740000 221.000000 3.141593 0.800000 0.000000 0.000000 0.000000 0.000000
-456.780000 221.000000 3.141593 0.800000 0.000000 0.000000 0.000000 0.000000
-456.820000 221.000000 3.141593 0.800000 0.000000 0.000000 0.000000 0.000000
-456.860000 221.000000 3.141593 0.800000 0.000000 0.000000 0.000000 0.000000
-456.900000 221.000000 3.141593 0.800000 0.000000 0.000000 0.000000 0.000000
-456.940000 221.000000 3.141593 0.800000 0.000000 0.000000 0.000000 0.000000
-456.980000 221.000000 3.141593 0.800000 0.000000 0.000000 0.000000 0.000000
-457.020000 221.000000 3.141593 0.800000 0.000000 0.000000 0.000000 0.000000
-457.060000 221.000000 3.141593 0.800000 0.000000 0.000000 0.000000 0.000000
-457.100000 221.000000 3.141593 0.800000 0.000000 0.000000 0.000000 0.000000
-457.140000 221.000000 3.141593 0.800000 0.000000 0.000000 0.000000 0.000000
-457.180000 221.000000 3.141593 0.800000 0.000000 0.000000 0.000000 0.000000
-457.220000 221.000000 3.141593 0.800000 0.000000 0.000000 0.000000 0.000000
-457.260000 221.000000 3.141593 0.800000 0.000000 0.000000 0.000000 0.000000
-457.300000 221.000000 3.141593 0.800000 0.000000 0.000000 0.000000 0.000000
-457.340000 221.000000 3.141593 0.800000 0.000000 0.000000 0.000000 0.000000
-457.380000 221.000000 3.141593 0.800000 0.000000 0.000000 0.000000 0.000000
-457.420000 221.000000 3.141593 0.800000 0.000000 0.000000 0.000000 0.000000
-457.460000 221.000000 3.141593 0.800000 0.000000 0.000000 0.000000 0.000000
-457.500000 221.000000 3.141593 0.800000 0.000000 0.000000 0.000000 0.000000
-457.540000 221.000000 3.141593 0.800000 0.000000 0.000000 0.000000 0.000000
-457.580000 221.000000 3.141593 0.800000 0.000000 0.000000 0.000000 0.000000
-457.620000 221.000000 3.141593 0.800000 0.000000 0.000000 0.000000 0.000000
-457.660000 221.000000 3.141593 0.800000 0.000000 0.000000 0.000000 0.000000
-457.700000 221.000000 3.141593 0.800000 0.000000 0.000000 0.000000 0.000000
-457.740000 221.000000 3.141593 0.800000 0.000000 0.000000 0.000000 0.000000
-457.780000 221.000000 3.141593 0.800000 0.000000 0.000000 0.000000 0.000000
-457.820000 221.000000 3.141593 0.800000 0.000000 0.000000 0.000000 0.000000
-457.860000 221.000000 3.141593 0.800000 0.000000 0.000000 0.000000 0.000000
-457.900000 221.000000 3.141593 0.800000 0.000000 0.000000 0.000000 0.000000
-457.940000 221.000000 3.141593 0.800000 0.000000 0.000000 0.000000 0.000000
-457.980000 221.000000 3.141593 0.800000 0.000000 0.000000 0.000000 0.000000
-458.020000 221.000000 3.141593 0.800000 0.000000 0.000000 0.000000 0.000000
-458.060000 221.000000 3.141593 0.800000 0.000000 0.000000 0.000000 0.000000
-458.100000 221.000000 3.141593 0.800000 0.000000 0.000000 0.000000 0.000000
-458.140000 221.000000 3.141593 0.800000 0.000000 0.000000 0.000000 0.000000
-458.180000 221.000000 3.141593 0.800000 0.000000 0.000000 0.000000 0.000000
-458.220000 221.000000 3.141593 0.800000 0.000000 0.000000 0.000000 0.000000
-458.260000 221.000000 3.141593 0.800000 0.000000 0.000000 0.000000 0.000000
-458.300000 221.000000 3.141593 0.800000 0.000000 0.000000 0.000000 0.000000
-458.340000 221.000000 3.141593 0.800000 0.000000 0.000000 0.000000 0.000000
-458.380000 221.000000 3.141593 0.800000 0.000000 0.000000 0.000000 0.000000
-458.420000 221.000000 3.141593 0.800000 0.000000 0.000000 0.000000 0.000000
-458.460000 221.000000 3.141593 0.800000 0.000000 0.000000 0.000000 0.000000
-458.500000 221.000000 3.141593 0.800000 0.000000 0.000000 0.000000 0.000000
-458.540000 221.000000 3.141593 0.800000 0.000000 0.000000 0.000000 0.000000
-458.580000 221.000000 3.141593 0.800000 0.000000 0.000000 0.000000 0.000000
-458.620000 221.000000 3.141593 0.800000 0.000000 0.000000 0.000000 0.000000
-458.660000 221.000000 3.141593 0.800000 0.000000 0.000000 0.000000 0.000000
-458.700000 221.000000 3.141593 0.800000 0.000000 0.000000 0.000000 0.000000
-458.740000 221.000000 3.141593 0.800000 0.000000 0.000000 0.000000 0.000000
-458.780000 221.000000 3.141593 0.800000 0.000000 0.000000 0.000000 0.000000
-458.820000 221.000000 3.141593 0.800000 0.000000 0.000000 0.000000 0.000000
-458.860000 221.000000 3.141593 0.800000 0.000000 0.000000 0.000000 0.000000
-458.900000 221.000000 3.141593 0.800000 0.000000 0.000000 0.000000 0.000000
-458.940000 221.000000 3.141593 0.800000 0.000000 0.000000 0.000000 0.000000
-458.980000 221.000000 3.141593 0.800000 0.000000 0.000000 0.000000 0.000000
-459.020000 221.000000 3.141593 0.800000 0.000000 0.000000 0.000000 0.000000
-459.060000 221.000000 3.141593 0.800000 0.000000 0.000000 0.000000 0.000000
-459.100000 221.000000 3.141593 0.800000 0.000000 0.000000 0.000000 0.000000
-459.140000 221.000000 3.141593 0.800000 0.000000 0.000000 0.000000 0.000000
-459.180000 221.000000 3.141593 0.800000 0.000000 0.000000 0.000000 0.000000
-459.220000 221.000000 3.141593 0.800000 0.000000 0.000000 0.000000 0.000000
-459.260000 221.000000 3.141593 0.800000 0.000000 0.000000 0.000000 0.000000
-459.300000 221.000000 3.141593 0.800000 0.000000 0.000000 0.000000 0.000000
-459.340000 221.000000 3.141593 0.800000 0.000000 0.000000 0.000000 0.000000
-459.380000 221.000000 3.141593 0.800000 0.000000 0.000000 0.000000 0.000000
-459.420000 221.000000 3.141593 0.800000 0.000000 0.000000 0.000000 0.000000
-459.460000 221.000000 3.141593 0.800000 0.000000 0.000000 0.000000 0.000000
-459.500000 221.000000 3.141593 0.800000 0.000000 0.000000 0.000000 0.000000
-459.540000 221.000000 3.141593 0.800000 0.000000 0.000000 0.000000 0.000000
-459.580000 221.000000 3.141593 0.800000 0.000000 0.000000 0.000000 0.000000
-459.620000 221.000000 3.141593 0.800000 0.000000 0.000000 0.000000 0.000000
-459.660000 221.000000 3.141593 0.800000 0.000000 0.000000 0.000000 0.000000
-459.700000 221.000000 3.141593 0.800000 0.000000 0.000000 0.000000 0.000000
-459.740000 221.000000 3.141593 0.800000 0.000000 0.000000 0.000000 0.000000
-459.780000 221.000000 3.141593 0.800000 0.000000 0.000000 0.000000 0.000000
-459.820000 221.000000 3.141593 0.800000 0.000000 0.000000 0.000000 0.000000
-459.860000 221.000000 3.141593 0.800000 0.000000 0.000000 0.000000 0.000000
-459.900000 221.000000 3.141593 0.800000 0.000000 0.000000 0.000000 0.000000
-459.940000 221.000000 3.141593 0.800000 0.000000 0.000000 0.000000 0.000000
-459.980000 221.000000 3.141593 0.800000 0.000000 0.000000 0.000000 0.000000
-460.020000 221.000000 3.141593 0.800000 0.000000 0.000000 0.000000 0.000000
-460.060000 221.000000 3.141593 0.800000 0.000000 0.000000 0.000000 0.000000
-460.100000 221.000000 3.141593 0.800000 0.000000 0.000000 0.000000 0.000000
-460.140000 221.000000 3.141593 0.800000 0.000000 0.000000 0.000000 0.000000
-460.180000 221.000000 3.141593 0.800000 0.000000 0.000000 0.000000 0.000000
-460.220000 221.000000 3.141593 0.800000 0.000000 0.000000 0.000000 0.000000
-460.260000 221.000000 3.141593 0.800000 0.000000 0.000000 0.000000 0.000000
-460.300000 221.000000 3.141593 0.800000 0.000000 0.000000 0.000000 0.000000
-460.340000 221.000000 3.141593 0.800000 0.000000 0.000000 0.000000 0.000000
-460.380000 221.000000 3.141593 0.800000 0.000000 0.000000 0.000000 0.000000
-460.420000 221.000000 3.141593 0.800000 0.000000 0.000000 0.000000 0.000000
-460.460000 221.000000 3.141593 0.800000 0.000000 0.000000 0.000000 0.000000
-460.500000 221.000000 3.141593 0.800000 0.000000 0.000000 0.000000 0.000000
-460.540000 221.000000 3.141593 0.800000 0.000000 0.000000 0.000000 0.000000
-460.580000 221.000000 3.141593 0.800000 0.000000 0.000000 0.000000 0.000000
-460.620000 221.000000 3.141593 0.800000 0.000000 0.000000 0.000000 0.000000
-460.660000 221.000000 3.141593 0.800000 0.000000 0.000000 0.000000 0.000000
-460.700000 221.000000 3.141593 0.800000 0.000000 0.000000 0.000000 0.000000
-460.740000 221.000000 3.141593 0.800000 0.000000 0.000000 0.000000 0.000000
-460.780000 221.000000 3.141593 0.800000 0.000000 0.000000 0.000000 0.000000
-460.820000 221.000000 3.141593 0.800000 0.000000 0.000000 0.000000 0.000000
-460.860000 221.000000 3.141593 0.800000 0.000000 0.000000 0.000000 0.000000
-460.900000 221.000000 3.141593 0.800000 0.000000 0.000000 0.000000 0.000000
-460.940000 221.000000 3.141593 0.800000 0.000000 0.000000 0.000000 0.000000
-460.980000 221.000000 3.141593 0.800000 0.000000 0.000000 0.000000 0.000000
-461.020000 221.000000 3.141593 0.800000 0.000000 0.000000 0.000000 0.000000
-461.060000 221.000000 3.141593 0.800000 0.000000 0.000000 0.000000 0.000000
-461.100000 221.000000 3.141593 0.800000 0.000000 0.000000 0.000000 0.000000
-461.140000 221.000000 3.141593 0.800000 0.000000 0.000000 0.000000 0.000000
-461.180000 221.000000 3.141593 0.800000 0.000000 0.000000 0.000000 0.000000
-461.220000 221.000000 3.141593 0.800000 0.000000 0.000000 0.000000 0.000000
-461.260000 221.000000 3.141593 0.800000 0.000000 0.000000 0.000000 0.000000
-461.300000 221.000000 3.141593 0.800000 0.000000 0.000000 0.000000 0.000000
-461.340000 221.000000 3.141593 0.800000 0.000000 0.000000 0.000000 0.000000
-461.380000 221.000000 3.141593 0.800000 0.000000 0.000000 0.000000 0.000000
-461.420000 221.000000 3.141593 0.800000 0.000000 0.000000 0.000000 0.000000
-461.460000 221.000000 3.141593 0.800000 0.000000 0.000000 0.000000 0.000000
-461.500000 221.000000 3.141593 0.800000 0.000000 0.000000 0.000000 0.000000
-461.540000 221.000000 3.141593 0.800000 0.000000 0.000000 0.000000 0.000000
-461.580000 221.000000 3.141593 0.800000 0.000000 0.000000 0.000000 0.000000
-461.620000 221.000000 3.141593 0.800000 0.000000 0.000000 0.000000 0.000000
-461.660000 221.000000 3.141593 0.800000 0.000000 0.000000 0.000000 0.000000
-461.700000 221.000000 3.141593 0.800000 0.000000 0.000000 0.000000 0.000000
-461.740000 221.000000 3.141593 0.800000 0.000000 0.000000 0.000000 0.000000
-461.780000 221.000000 3.141593 0.800000 0.000000 0.000000 0.000000 0.000000
-461.820000 221.000000 3.141593 0.800000 0.000000 0.000000 0.000000 0.000000
-461.860000 221.000000 3.141593 0.800000 0.000000 0.000000 0.000000 0.000000
-461.900000 221.000000 3.141593 0.800000 0.000000 0.000000 0.000000 0.000000
-461.940000 221.000000 3.141593 0.800000 0.000000 0.000000 0.000000 0.000000
-461.980000 221.000000 3.141593 0.800000 0.000000 0.000000 0.000000 0.000000
-462.020000 221.000000 3.141593 0.800000 0.000000 0.000000 0.000000 0.000000
-462.060000 221.000000 3.141593 0.800000 0.000000 0.000000 0.000000 0.000000
-462.100000 221.000000 3.141593 0.800000 0.000000 0.000000 0.000000 0.000000
-462.140000 221.000000 3.141593 0.800000 0.000000 0.000000 0.000000 0.000000
-462.180000 221.000000 3.141593 0.800000 0.000000 0.000000 0.000000 0.000000
-462.220000 221.000000 3.141593 0.800000 0.000000 0.000000 0.000000 0.000000
-462.260000 221.000000 3.141593 0.800000 0.000000 0.000000 0.000000 0.000000
-462.300000 221.000000 3.141593 0.800000 0.000000 0.000000 0.000000 0.000000
-462.340000 221.000000 3.141593 0.800000 0.000000 0.000000 0.000000 0.000000
-462.380000 221.000000 3.141593 0.800000 0.000000 0.000000 0.000000 0.000000
-462.420000 221.000000 3.141593 0.800000 0.000000 0.000000 0.000000 0.000000
-462.460000 221.000000 3.141593 0.800000 0.000000 0.000000 0.000000 0.000000
-462.500000 221.000000 3.141593 0.800000 0.000000 0.000000 0.000000 0.000000
-462.540000 221.000000 3.141593 0.800000 0.000000 0.000000 0.000000 0.000000
-462.580000 221.000000 3.141593 0.800000 0.000000 0.000000 0.000000 0.000000
-462.620000 221.000000 3.141593 0.800000 0.000000 0.000000 0.000000 0.000000
-462.660000 221.000000 3.141593 0.800000 0.000000 0.000000 0.000000 0.000000
-462.700000 221.000000 3.141593 0.800000 0.000000 0.000000 0.000000 0.000000
-462.740000 221.000000 3.141593 0.800000 0.000000 0.000000 0.000000 0.000000
-462.780000 221.000000 3.141593 0.800000 0.000000 0.000000 0.000000 0.000000
-462.820000 221.000000 3.141593 0.800000 0.000000 0.000000 0.000000 0.000000
-462.860000 221.000000 3.141593 0.800000 0.000000 0.000000 0.000000 0.000000
-462.900000 221.000000 3.141593 0.800000 0.000000 0.000000 0.000000 0.000000
-462.940000 221.000000 3.141593 0.800000 0.000000 0.000000 0.000000 0.000000
-462.980000 221.000000 3.141593 0.800000 0.000000 0.000000 0.000000 0.000000
-463.020000 221.000000 3.141593 0.800000 0.000000 0.000000 0.000000 0.000000
-463.060000 221.000000 3.141593 0.800000 0.000000 0.000000 0.000000 0.000000
-463.100000 221.000000 3.141593 0.800000 0.000000 0.000000 0.000000 0.000000
-463.140000 221.000000 3.141593 0.800000 0.000000 0.000000 0.000000 0.000000
-463.180000 221.000000 3.141593 0.800000 0.000000 0.000000 0.000000 0.000000
-463.220000 221.000000 3.141593 0.800000 0.000000 0.000000 0.000000 0.000000
-463.260000 221.000000 3.141593 0.800000 0.000000 0.000000 0.000000 0.000000
-463.300000 221.000000 3.141593 0.800000 0.000000 0.000000 0.000000 0.000000
-463.340000 221.000000 3.141593 0.800000 0.000000 0.000000 0.000000 0.000000
-463.380000 221.000000 3.141593 0.800000 0.000000 0.000000 0.000000 0.000000
-463.420000 221.000000 3.141593 0.800000 0.000000 0.000000 0.000000 0.000000
-463.460000 221.000000 3.141593 0.800000 0.000000 0.000000 0.000000 0.000000
-463.500000 221.000000 3.141593 0.800000 0.000000 0.000000 0.000000 0.000000
-463.540000 221.000000 3.141593 0.800000 0.000000 0.000000 0.000000 0.000000
-463.580000 221.000000 3.141593 0.800000 0.000000 0.000000 0.000000 0.000000
-463.620000 221.000000 3.141593 0.800000 0.000000 0.000000 0.000000 0.000000
-463.660000 221.000000 3.141593 0.800000 0.000000 0.000000 0.000000 0.000000
-463.700000 221.000000 3.141593 0.800000 0.000000 0.000000 0.000000 0.000000
-463.740000 221.000000 3.141593 0.800000 0.000000 0.000000 0.000000 0.000000
-463.780000 221.000000 3.141593 0.800000 0.000000 0.000000 0.000000 0.000000
-463.820000 221.000000 3.141593 0.800000 0.000000 0.000000 0.000000 0.000000
-463.860000 221.000000 3.141593 0.800000 0.000000 0.000000 0.000000 0.000000
-463.900000 221.000000 3.141593 0.800000 0.000000 0.000000 0.000000 0.000000
-463.940000 221.000000 3.141593 0.800000 0.000000 0.000000 0.000000 0.000000
-463.980000 221.000000 3.141593 0.800000 0.000000 0.000000 0.000000 0.000000
-464.020000 221.000000 3.141593 0.800000 0.000000 0.000000 0.000000 0.000000
-464.060000 221.000000 3.141593 0.800000 0.000000 0.000000 0.000000 0.000000
-464.100000 221.000000 3.141593 0.800000 0.000000 0.000000 0.000000 0.000000
-464.140000 221.000000 3.141593 0.800000 0.000000 0.000000 0.000000 0.000000
-464.180000 221.000000 3.141593 0.800000 0.000000 0.000000 0.000000 0.000000
-464.220000 221.000000 3.141593 0.800000 0.000000 0.000000 0.000000 0.000000
-464.260000 221.000000 3.141593 0.800000 0.000000 0.000000 0.000000 0.000000
-464.300000 221.000000 3.141593 0.800000 0.000000 0.000000 0.000000 0.000000
-464.340000 221.000000 3.141593 0.800000 0.000000 0.000000 0.000000 0.000000
-464.380000 221.000000 3.141593 0.800000 0.000000 0.000000 0.000000 0.000000
-464.420000 221.000000 3.141593 0.800000 0.000000 0.000000 0.000000 0.000000
-464.460000 221.000000 3.141593 0.800000 0.000000 0.000000 0.000000 0.000000
-464.500000 221.000000 3.141593 0.800000 0.000000 0.000000 0.000000 0.000000
-464.540000 221.000000 3.141593 0.800000 0.000000 0.000000 0.000000 0.000000
-464.580000 221.000000 3.141593 0.800000 0.000000 0.000000 0.000000 0.000000
-464.620000 221.000000 3.141593 0.800000 0.000000 0.000000 0.000000 0.000000
-464.660000 221.000000 3.141593 0.800000 0.000000 0.000000 0.000000 0.000000
-464.700000 221.000000 3.141593 0.800000 0.000000 0.000000 0.000000 0.000000
-464.740000 221.000000 3.141593 0.800000 0.000000 0.000000 0.000000 0.000000
-464.780000 221.000000 3.141593 0.800000 0.000000 0.000000 0.000000 0.000000
-464.820000 221.000000 3.141593 0.800000 0.000000 0.000000 0.000000 0.000000
-464.860000 221.000000 3.141593 0.800000 0.000000 0.000000 0.000000 0.000000
-464.900000 221.000000 3.141593 0.800000 0.000000 0.000000 0.000000 0.000000
-464.940000 221.000000 3.141593 0.800000 0.000000 0.000000 0.000000 0.000000
-464.980000 221.000000 3.141593 0.800000 0.000000 0.000000 0.000000 0.000000
-465.020000 221.000000 3.141593 0.800000 0.000000 0.000000 0.000000 0.000000
-465.060000 221.000000 3.141593 0.800000 0.000000 0.000000 0.000000 0.000000
-465.100000 221.000000 3.141593 0.800000 0.000000 0.000000 0.000000 0.000000
-465.140000 221.000000 3.141593 0.800000 0.000000 0.000000 0.000000 0.000000
-465.180000 221.000000 3.141593 0.800000 0.000000 0.000000 0.000000 0.000000
-465.220000 221.000000 3.141593 0.800000 0.000000 0.000000 0.000000 0.000000
-465.260000 221.000000 3.141593 0.800000 0.000000 0.000000 0.000000 0.000000
-465.300000 221.000000 3.141593 0.800000 0.000000 0.000000 0.000000 0.000000
-465.340000 221.000000 3.141593 0.800000 0.000000 0.000000 0.000000 0.000000
-465.380000 221.000000 3.141593 0.800000 0.000000 0.000000 0.000000 0.000000
-465.420000 221.000000 3.141593 0.800000 0.000000 0.000000 0.000000 0.000000
-465.460000 221.000000 3.141593 0.800000 0.000000 0.000000 0.000000 0.000000
-465.500000 221.000000 3.141593 0.800000 0.000000 0.000000 0.000000 0.000000
-465.540000 221.000000 3.141593 0.800000 0.000000 0.000000 0.000000 0.000000
-465.580000 221.000000 3.141593 0.800000 0.000000 0.000000 0.000000 0.000000
-465.620000 221.000000 3.141593 0.800000 0.000000 0.000000 0.000000 0.000000
-465.660000 221.000000 3.141593 0.800000 0.000000 0.000000 0.000000 0.000000
-465.700000 221.000000 3.141593 0.800000 0.000000 0.000000 0.000000 0.000000
-465.740000 221.000000 3.141593 0.800000 0.000000 0.000000 0.000000 0.000000
-465.780000 221.000000 3.141593 0.800000 0.000000 0.000000 0.000000 0.000000
-465.820000 221.000000 3.141593 0.800000 0.000000 0.000000 0.000000 0.000000
-465.860000 221.000000 3.141593 0.800000 0.000000 0.000000 0.000000 0.000000
-465.900000 221.000000 3.141593 0.800000 0.000000 0.000000 0.000000 0.000000
-465.940000 221.000000 3.141593 0.800000 0.000000 0.000000 0.000000 0.000000
-465.980000 221.000000 3.141593 0.800000 0.000000 0.000000 0.000000 0.000000
-466.020000 221.000000 3.141593 0.800000 0.000000 0.000000 0.000000 0.000000
-466.060000 221.000000 3.141593 0.800000 0.000000 0.000000 0.000000 0.000000
-466.100000 221.000000 3.141593 0.800000 0.000000 0.000000 0.000000 0.000000
-466.140000 221.000000 3.141593 0.800000 0.000000 0.000000 0.000000 0.000000
-466.180000 221.000000 3.141593 0.800000 0.000000 0.000000 0.000000 0.000000
-466.220000 221.000000 3.141593 0.800000 0.000000 0.000000 0.000000 0.000000
-466.260000 221.000000 3.141593 0.800000 0.000000 0.000000 0.000000 0.000000
-466.300000 221.000000 3.141593 0.800000 0.000000 0.000000 0.000000 0.000000
-466.340000 221.000000 3.141593 0.800000 0.000000 0.000000 0.000000 0.000000
-466.380000 221.000000 3.141593 0.800000 0.000000 0.000000 0.000000 0.000000
-466.420000 221.000000 3.141593 0.800000 0.000000 0.000000 0.000000 0.000000
-466.460000 221.000000 3.141593 0.800000 0.000000 0.000000 0.000000 0.000000
-466.500000 221.000000 3.141593 0.800000 0.000000 0.000000 0.000000 0.000000
-466.540000 221.000000 3.141593 0.800000 0.000000 0.000000 0.000000 0.000000
-466.580000 221.000000 3.141593 0.800000 0.000000 0.000000 0.000000 0.000000
-466.620000 221.000000 3.141593 0.800000 0.000000 0.000000 0.000000 0.000000
-466.660000 221.000000 3.141593 0.800000 0.000000 0.000000 0.000000 0.000000
-466.700000 221.000000 3.141593 0.800000 0.000000 0.000000 0.000000 0.000000
-466.740000 221.000000 3.141593 0.800000 0.000000 0.000000 0.000000 0.000000
-466.780000 221.000000 3.141593 0.800000 0.000000 0.000000 0.000000 0.000000
-466.820000 221.000000 3.141593 0.800000 0.000000 0.000000 0.000000 0.000000
-466.860000 221.000000 3.141593 0.800000 0.000000 0.000000 0.000000 0.000000
-466.900000 221.000000 3.141593 0.800000 0.000000 0.000000 0.000000 0.000000
-466.940000 221.000000 3.141593 0.800000 0.000000 0.000000 0.000000 0.000000
-466.980000 221.000000 3.141593 0.800000 0.000000 0.000000 0.000000 0.000000
-467.020000 221.000000 3.141593 0.800000 0.000000 0.000000 0.000000 0.000000
-467.060000 221.000000 3.141593 0.800000 0.000000 0.000000 0.000000 0.000000
-467.100000 221.000000 3.141593 0.800000 0.000000 0.000000 0.000000 0.000000
-467.140000 221.000000 3.141593 0.800000 0.000000 0.000000 0.000000 0.000000
-467.180000 221.000000 3.141593 0.800000 0.000000 0.000000 0.000000 0.000000
-467.220000 221.000000 3.141593 0.800000 0.000000 0.000000 0.000000 0.000000
-467.260000 221.000000 3.141593 0.800000 0.000000 0.000000 0.000000 0.000000
-467.300000 221.000000 3.141593 0.800000 0.000000 0.000000 0.000000 0.000000
-467.340000 221.000000 3.141593 0.800000 0.000000 0.000000 0.000000 0.000000
-467.380000 221.000000 3.141593 0.800000 0.000000 0.000000 0.000000 0.000000
-467.420000 221.000000 3.141593 0.800000 0.000000 0.000000 0.000000 0.000000
-467.460000 221.000000 3.141593 0.800000 0.000000 0.000000 0.000000 0.000000
-467.500000 221.000000 3.141593 0.800000 0.000000 0.000000 0.000000 0.000000
-467.540000 221.000000 3.141593 0.800000 0.000000 0.000000 0.000000 0.000000
-467.580000 221.000000 3.141593 0.800000 0.000000 0.000000 0.000000 0.000000
-467.620000 221.000000 3.141593 0.800000 0.000000 0.000000 0.000000 0.000000
-467.660000 221.000000 3.141593 0.800000 0.000000 0.000000 0.000000 0.000000
-467.700000 221.000000 3.141593 0.800000 0.000000 0.000000 0.000000 0.000000
-467.740000 221.000000 3.141593 0.800000 0.000000 0.000000 0.000000 0.000000
-467.780000 221.000000 3.141593 0.800000 0.000000 0.000000 0.000000 0.000000
-467.820000 221.000000 3.141593 0.800000 0.000000 0.000000 0.000000 0.000000
-467.860000 221.000000 3.141593 0.800000 0.000000 0.000000 0.000000 0.000000
-467.900000 221.000000 3.141593 0.800000 0.000000 0.000000 0.000000 0.000000
-467.940000 221.000000 3.141593 0.800000 0.000000 0.000000 0.000000 0.000000
-467.980000 221.000000 3.141593 0.800000 0.000000 0.000000 0.000000 0.000000
-468.020000 221.000000 3.141593 0.800000 0.000000 0.000000 0.000000 0.000000
-468.060000 221.000000 3.141593 0.800000 0.000000 0.000000 0.000000 0.000000
-468.100000 221.000000 3.141593 0.800000 0.000000 0.000000 0.000000 0.000000
-468.140000 221.000000 3.141593 0.800000 0.000000 0.000000 0.000000 0.000000
-468.180000 221.000000 3.141593 0.800000 0.000000 0.000000 0.000000 0.000000
-468.220000 221.000000 3.141593 0.800000 0.000000 0.000000 0.000000 0.000000
-468.260000 221.000000 3.141593 0.800000 0.000000 0.000000 0.000000 0.000000
-468.300000 221.000000 3.141593 0.800000 0.000000 0.000000 0.000000 0.000000
-468.340000 221.000000 3.141593 0.800000 0.000000 0.000000 0.000000 0.000000
-468.380000 221.000000 3.141593 0.800000 0.000000 0.000000 0.000000 0.000000
-468.420000 221.000000 3.141593 0.800000 0.000000 0.000000 0.000000 0.000000
-468.460000 221.000000 3.141593 0.800000 0.000000 0.000000 0.000000 0.000000
-468.500000 221.000000 3.141593 0.800000 0.000000 0.000000 0.000000 0.000000
-468.540000 221.000000 3.141593 0.800000 0.000000 0.000000 0.000000 0.000000
-468.580000 221.000000 3.141593 0.800000 0.000000 0.000000 0.000000 0.000000
-468.620000 221.000000 3.141593 0.800000 0.000000 0.000000 0.000000 0.000000
-468.660000 221.000000 3.141593 0.800000 0.000000 0.000000 0.000000 0.000000
-468.700000 221.000000 3.141593 0.800000 0.000000 0.000000 0.000000 0.000000
-468.740000 221.000000 3.141593 0.800000 0.000000 0.000000 0.000000 0.000000
-468.780000 221.000000 3.141593 0.800000 0.000000 0.000000 0.000000 0.000000
-468.820000 221.000000 3.141593 0.800000 0.000000 0.000000 0.000000 0.000000
-468.860000 221.000000 3.141593 0.800000 0.000000 0.000000 0.000000 0.000000
-468.900000 221.000000 3.141593 0.800000 0.000000 0.000000 0.000000 0.000000
-468.940000 221.000000 3.141593 0.800000 0.000000 0.000000 0.000000 0.000000
-468.980000 221.000000 3.141593 0.800000 0.000000 0.000000 0.000000 0.000000
-469.020000 221.000000 3.141593 0.800000 0.000000 0.000000 0.000000 0.000000
-469.060000 221.000000 3.141593 0.800000 0.000000 0.000000 0.000000 0.000000
-469.100000 221.000000 3.141593 0.800000 0.000000 0.000000 0.000000 0.000000
-469.140000 221.000000 3.141593 0.800000 0.000000 0.000000 0.000000 0.000000
-469.180000 221.000000 3.141593 0.800000 0.000000 0.000000 0.000000 0.000000
-469.220000 221.000000 3.141593 0.800000 0.000000 0.000000 0.000000 0.000000
-469.260000 221.000000 3.141593 0.800000 0.000000 0.000000 0.000000 0.000000
-469.300000 221.000000 3.141593 0.800000 0.000000 0.000000 0.000000 0.000000
-469.340000 221.000000 3.141593 0.800000 0.000000 0.000000 0.000000 0.000000
-469.380000 221.000000 3.141593 0.800000 0.000000 0.000000 0.000000 0.000000
-469.420000 221.000000 3.141593 0.800000 0.000000 0.000000 0.000000 0.000000
-469.460000 221.000000 3.141593 0.800000 0.000000 0.000000 0.000000 0.000000
-469.500000 221.000000 3.141593 0.800000 0.000000 0.000000 0.000000 0.000000
-469.540000 221.000000 3.141593 0.800000 0.000000 0.000000 0.000000 0.000000
-469.580000 221.000000 3.141593 0.800000 0.000000 0.000000 0.000000 0.000000
-469.620000 221.000000 3.141593 0.800000 0.000000 0.000000 0.000000 0.000000
-469.660000 221.000000 3.141593 0.800000 0.000000 0.000000 0.000000 0.000000
-469.700000 221.000000 3.141593 0.800000 0.000000 0.000000 0.000000 0.000000
-469.740000 221.000000 3.141593 0.800000 0.000000 0.000000 0.000000 0.000000
-469.780000 221.000000 3.141593 0.800000 0.000000 0.000000 0.000000 0.000000
-469.820000 221.000000 3.141593 0.800000 0.000000 0.000000 0.000000 0.000000
-469.860000 221.000000 3.141593 0.800000 0.000000 0.000000 0.000000 0.000000
-469.900000 221.000000 3.141593 0.800000 0.000000 0.000000 0.000000 0.000000
-469.940000 221.000000 3.141593 0.800000 0.000000 0.000000 0.000000 0.000000
-469.980000 221.000000 3.141593 0.800000 0.000000 0.000000 0.000000 0.000000
-470.020000 221.000000 3.141593 0.800000 0.000000 0.000000 0.000000 0.000000
-470.060000 221.000000 3.141593 0.800000 0.000000 0.000000 0.000000 0.000000
-470.100000 221.000000 3.141593 0.800000 0.000000 0.000000 0.000000 0.000000
-470.140000 221.000000 3.141593 0.800000 0.000000 0.000000 0.000000 0.000000
-470.180000 221.000000 3.141593 0.800000 0.000000 0.000000 0.000000 0.000000
-470.220000 221.000000 3.141593 0.800000 0.000000 0.000000 0.000000 0.000000
-470.260000 221.000000 3.141593 0.800000 0.000000 0.000000 0.000000 0.000000
-470.300000 221.000000 3.141593 0.800000 0.000000 0.000000 0.000000 0.000000
-470.340000 221.000000 3.141593 0.800000 0.000000 0.000000 0.000000 0.000000
-470.380000 221.000000 3.141593 0.800000 0.000000 0.000000 0.000000 0.000000
-470.420000 221.000000 3.141593 0.800000 0.000000 0.000000 0.000000 0.000000
-470.460000 221.000000 3.141593 0.800000 0.000000 0.000000 0.000000 0.000000
-470.500000 221.000000 3.141593 0.800000 0.000000 0.000000 0.000000 0.000000
-470.540000 221.000000 3.141593 0.800000 0.000000 0.000000 0.000000 0.000000
-470.580000 221.000000 3.141593 0.800000 0.000000 0.000000 0.000000 0.000000
-470.620000 221.000000 3.141593 0.800000 0.000000 0.000000 0.000000 0.000000
-470.660000 221.000000 3.141593 0.800000 0.000000 0.000000 0.000000 0.000000
-470.700000 221.000000 3.141593 0.800000 0.000000 0.000000 0.000000 0.000000
-470.740000 221.000000 3.141593 0.800000 0.000000 0.000000 0.000000 0.000000
-470.780000 221.000000 3.141593 0.800000 0.000000 0.000000 0.000000 0.000000
-470.820000 221.000000 3.141593 0.800000 0.000000 0.000000 0.000000 0.000000
-470.860000 221.000000 3.141593 0.800000 0.000000 0.000000 0.000000 0.000000
-470.900000 221.000000 3.141593 0.800000 0.000000 0.000000 0.000000 0.000000
-470.940000 221.000000 3.141593 0.800000 0.000000 0.000000 0.000000 0.000000
-470.980000 221.000000 3.141593 0.800000 0.000000 0.000000 0.000000 0.000000
-471.020000 221.000000 3.141593 0.800000 0.000000 0.000000 0.000000 0.000000
-471.060000 221.000000 3.141593 0.800000 0.000000 0.000000 0.000000 0.000000
-471.100000 221.000000 3.141593 0.800000 0.000000 0.000000 0.000000 0.000000
-471.140000 221.000000 3.141593 0.800000 0.000000 0.000000 0.000000 0.000000
-471.180000 221.000000 3.141593 0.800000 0.000000 0.000000 0.000000 0.000000
-471.220000 221.000000 3.141593 0.800000 0.000000 0.000000 0.000000 0.000000
-471.260000 221.000000 3.141593 0.800000 0.000000 0.000000 0.000000 0.000000
-471.300000 221.000000 3.141593 0.800000 0.000000 0.000000 0.000000 0.000000
-471.340000 221.000000 3.141593 0.800000 0.000000 0.000000 0.000000 0.000000
-471.380000 221.000000 3.141593 0.800000 0.000000 0.000000 0.000000 0.000000
-471.420000 221.000000 3.141593 0.800000 0.000000 0.000000 0.000000 0.000000
-471.460000 221.000000 3.141593 0.800000 0.000000 0.000000 0.000000 0.000000
-471.500000 221.000000 3.141593 0.800000 0.000000 0.000000 0.000000 0.000000
-471.540000 221.000000 3.141593 0.800000 0.000000 0.000000 0.000000 0.000000
-471.580000 221.000000 3.141593 0.800000 0.000000 0.000000 0.000000 0.000000
-471.620000 221.000000 3.141593 0.800000 0.000000 0.000000 0.000000 0.000000
-471.660000 221.000000 3.141593 0.800000 0.000000 0.000000 0.000000 0.000000
-471.700000 221.000000 3.141593 0.800000 0.000000 0.000000 0.000000 0.000000
-471.740000 221.000000 3.141593 0.800000 0.000000 0.000000 0.000000 0.000000
-471.780000 221.000000 3.141593 0.800000 0.000000 0.000000 0.000000 0.000000
-471.820000 221.000000 3.141593 0.800000 0.000000 0.000000 0.000000 0.000000
-471.860000 221.000000 3.141593 0.800000 0.000000 0.000000 0.000000 0.000000
-471.900000 221.000000 3.141593 0.800000 0.000000 0.000000 0.000000 0.000000
-471.940000 221.000000 3.141593 0.800000 0.000000 0.000000 0.000000 0.000000
-471.980000 221.000000 3.141593 0.800000 0.000000 0.000000 0.000000 0.000000
-472.020000 221.000000 3.141593 0.800000 0.000000 0.000000 0.000000 0.000000
-472.060000 221.000000 3.141593 0.800000 0.000000 0.000000 0.000000 0.000000
-472.100000 221.000000 3.141593 0.800000 0.000000 0.000000 0.000000 0.000000
-472.140000 221.000000 3.141593 0.800000 0.000000 0.000000 0.000000 0.000000
-472.180000 221.000000 3.141593 0.800000 0.000000 0.000000 0.000000 0.000000
-472.220000 221.000000 3.141593 0.800000 0.000000 0.000000 0.000000 0.000000
-472.260000 221.000000 3.141593 0.800000 0.000000 0.000000 0.000000 0.000000
-472.300000 221.000000 3.141593 0.800000 0.000000 0.000000 0.000000 0.000000
-472.340000 221.000000 3.141593 0.800000 0.000000 0.000000 0.000000 0.000000
-472.380000 221.000000 3.141593 0.800000 0.000000 0.000000 0.000000 0.000000
-472.420000 221.000000 3.141593 0.800000 0.000000 0.000000 0.000000 0.000000
-472.460000 221.000000 3.141593 0.800000 0.000000 0.000000 0.000000 0.000000
-472.500000 221.000000 3.141593 0.800000 0.000000 0.000000 0.000000 0.000000
-472.540000 221.000000 3.141593 0.800000 0.000000 0.000000 0.000000 0.000000
-472.580000 221.000000 3.141593 0.800000 0.000000 0.000000 0.000000 0.000000
-472.620000 221.000000 3.141593 0.800000 0.000000 0.000000 0.000000 0.000000
-472.660000 221.000000 3.141593 0.800000 0.000000 0.000000 0.000000 0.000000
-472.700000 221.000000 3.141593 0.800000 0.000000 0.000000 0.000000 0.000000
-472.740000 221.000000 3.141593 0.800000 0.000000 0.000000 0.000000 0.000000
-472.780000 221.000000 3.141593 0.800000 0.000000 0.000000 0.000000 0.000000
-472.820000 221.000000 3.141593 0.800000 0.000000 0.000000 0.000000 0.000000
-472.860000 221.000000 3.141593 0.800000 0.000000 0.000000 0.000000 0.000000
-472.900000 221.000000 3.141593 0.800000 0.000000 0.000000 0.000000 0.000000
-472.940000 221.000000 3.141593 0.800000 0.000000 0.000000 0.000000 0.000000
-472.980000 221.000000 3.141593 0.800000 0.000000 0.000000 0.000000 0.000000
-473.020000 221.000000 3.141593 0.800000 0.000000 0.000000 0.000000 0.000000
-473.060000 221.000000 3.141593 0.800000 0.000000 0.000000 0.000000 0.000000
-473.100000 221.000000 3.141593 0.800000 0.000000 0.000000 0.000000 0.000000
-473.140000 221.000000 3.141593 0.800000 0.000000 0.000000 0.000000 0.000000
-473.180000 221.000000 3.141593 0.800000 0.000000 0.000000 0.000000 0.000000
-473.220000 221.000000 3.141593 0.800000 0.000000 0.000000 0.000000 0.000000
-473.260000 221.000000 3.141593 0.800000 0.000000 0.000000 0.000000 0.000000
-473.300000 221.000000 3.141593 0.800000 0.000000 0.000000 0.000000 0.000000
-473.340000 221.000000 3.141593 0.800000 0.000000 0.000000 0.000000 0.000000
-473.380000 221.000000 3.141593 0.800000 0.000000 0.000000 0.000000 0.000000
-473.420000 221.000000 3.141593 0.800000 0.000000 0.000000 0.000000 0.000000
-473.460000 221.000000 3.141593 0.800000 0.000000 0.000000 0.000000 0.000000
-473.500000 221.000000 3.141593 0.800000 0.000000 0.000000 0.000000 0.000000
-473.540000 221.000000 3.141593 0.800000 0.000000 0.000000 0.000000 0.000000
-473.580000 221.000000 3.141593 0.800000 0.000000 0.000000 0.000000 0.000000
-473.620000 221.000000 3.141593 0.800000 0.000000 0.000000 0.000000 0.000000
-473.660000 221.000000 3.141593 0.800000 0.000000 0.000000 0.000000 0.000000
-473.700000 221.000000 3.141593 0.800000 0.000000 0.000000 0.000000 0.000000
-473.740000 221.000000 3.141593 0.800000 0.000000 0.000000 0.000000 0.000000
-473.780000 221.000000 3.141593 0.800000 0.000000 0.000000 0.000000 0.000000
-473.820000 221.000000 3.141593 0.800000 0.000000 0.000000 0.000000 0.000000
-473.860000 221.000000 3.141593 0.800000 0.000000 0.000000 0.000000 0.000000
-473.900000 221.000000 3.141593 0.800000 0.000000 0.000000 0.000000 0.000000
-473.940000 221.000000 3.141593 0.800000 0.000000 0.000000 0.000000 0.000000
-473.980000 221.000000 3.141593 0.800000 0.000000 0.000000 0.000000 0.000000
-474.020000 221.000000 3.141593 0.800000 0.000000 0.000000 0.000000 0.000000
-474.060000 221.000000 3.141593 0.800000 0.000000 0.000000 0.000000 0.000000
-474.100000 221.000000 3.141593 0.800000 0.000000 0.000000 0.000000 0.000000
-474.140000 221.000000 3.141593 0.800000 0.000000 0.000000 0.000000 0.000000
-474.180000 221.000000 3.141593 0.800000 0.000000 0.000000 0.000000 0.000000
-474.220000 221.000000 3.141593 0.800000 0.000000 0.000000 0.000000 0.000000
-474.260000 221.000000 3.141593 0.800000 0.000000 0.000000 0.000000 0.000000
-474.300000 221.000000 3.141593 0.800000 0.000000 0.000000 0.000000 0.000000
-474.340000 221.000000 3.141593 0.800000 0.000000 0.000000 0.000000 0.000000
-474.380000 221.000000 3.141593 0.800000 0.000000 0.000000 0.000000 0.000000
-474.420000 221.000000 3.141593 0.800000 0.000000 0.000000 0.000000 0.000000
-474.460000 221.000000 3.141593 0.800000 0.000000 0.000000 0.000000 0.000000
-474.500000 221.000000 3.141593 0.800000 0.000000 0.000000 0.000000 0.000000
-474.540000 221.000000 3.141593 0.800000 0.000000 0.000000 0.000000 0.000000
-474.580000 221.000000 3.141593 0.800000 0.000000 0.000000 0.000000 0.000000
-474.620000 221.000000 3.141593 0.800000 0.000000 0.000000 0.000000 0.000000
-474.660000 221.000000 3.141593 0.800000 0.000000 0.000000 0.000000 0.000000
-474.700000 221.000000 3.141593 0.800000 0.000000 0.000000 0.000000 0.000000
-474.740000 221.000000 3.141593 0.800000 0.000000 0.000000 0.000000 0.000000
-474.780000 221.000000 3.141593 0.800000 0.000000 0.000000 0.000000 0.000000
-474.820000 221.000000 3.141593 0.800000 0.000000 0.000000 0.000000 0.000000
-474.860000 221.000000 3.141593 0.800000 0.000000 0.000000 0.000000 0.000000
-474.900000 221.000000 3.141593 0.800000 0.000000 0.000000 0.000000 0.000000
-474.940000 221.000000 3.141593 0.800000 0.000000 0.000000 0.000000 0.000000
-474.980000 221.000000 3.141593 0.800000 0.000000 0.000000 0.000000 0.000000
-475.020000 221.000000 3.141593 0.800000 0.000000 0.000000 0.000000 0.000000
-475.060000 221.000000 3.141593 0.800000 0.000000 0.000000 0.000000 0.000000
-475.100000 221.000000 3.141593 0.800000 0.000000 0.000000 0.000000 0.000000
-475.140000 221.000000 3.141593 0.800000 0.000000 0.000000 0.000000 0.000000
-475.180000 221.000000 3.141593 0.800000 0.000000 0.000000 0.000000 0.000000
-475.220000 221.000000 3.141593 0.800000 0.000000 0.000000 0.000000 0.000000
-475.260000 221.000000 3.141593 0.800000 0.000000 0.000000 0.000000 0.000000
-475.300000 221.000000 3.141593 0.800000 0.000000 0.000000 0.000000 0.000000
-475.340000 221.000000 3.141593 0.800000 0.000000 0.000000 0.000000 0.000000
-475.380000 221.000000 3.141593 0.800000 0.000000 0.000000 0.000000 0.000000
-475.420000 221.000000 3.141593 0.800000 0.000000 0.000000 0.000000 0.000000
-475.460000 221.000000 3.141593 0.800000 0.000000 0.000000 0.000000 0.000000
-475.500000 221.000000 3.141593 0.800000 0.000000 0.000000 0.000000 0.000000
-475.540000 221.000000 3.141593 0.800000 0.000000 0.000000 0.000000 0.000000
-475.580000 221.000000 3.141593 0.800000 0.000000 0.000000 0.000000 0.000000
-475.620000 221.000000 3.141593 0.800000 0.000000 0.000000 0.000000 0.000000
-475.660000 221.000000 3.141593 0.800000 0.000000 0.000000 0.000000 0.000000
-475.700000 221.000000 3.141593 0.800000 0.000000 0.000000 0.000000 0.000000
-475.740000 221.000000 3.141593 0.800000 0.000000 0.000000 0.000000 0.000000
-475.780000 221.000000 3.141593 0.800000 0.000000 0.000000 0.000000 0.000000
-475.820000 221.000000 3.141593 0.800000 0.000000 0.000000 0.000000 0.000000
-475.860000 221.000000 3.141593 0.800000 0.000000 0.000000 0.000000 0.000000
-475.900000 221.000000 3.141593 0.800000 0.000000 0.000000 0.000000 0.000000
-475.940000 221.000000 3.141593 0.800000 0.000000 0.000000 0.000000 0.000000
-475.980000 221.000000 3.141593 0.800000 0.000000 0.000000 0.000000 0.000000
-476.020000 221.000000 3.141593 0.800000 0.000000 0.000000 0.000000 0.000000
-476.060000 221.000000 3.141593 0.800000 0.000000 0.000000 0.000000 0.000000
-476.100000 221.000000 3.141593 0.800000 0.000000 0.000000 0.000000 0.000000
-476.140000 221.000000 3.141593 0.800000 0.000000 0.000000 0.000000 0.000000
-476.180000 221.000000 3.141593 0.800000 0.000000 0.000000 0.000000 0.000000
-476.220000 221.000000 3.141593 0.800000 0.000000 0.000000 0.000000 0.000000
-476.260000 221.000000 3.141593 0.800000 0.000000 0.000000 0.000000 0.000000
-476.300000 221.000000 3.141593 0.800000 0.000000 0.000000 0.000000 0.000000
-476.340000 221.000000 3.141593 0.800000 0.000000 0.000000 0.000000 0.000000
-476.380000 221.000000 3.141593 0.800000 0.000000 0.000000 0.000000 0.000000
-476.420000 221.000000 3.141593 0.800000 0.000000 0.000000 0.000000 0.000000
-476.460000 221.000000 3.141593 0.800000 0.000000 0.000000 0.000000 0.000000
-476.500000 221.000000 3.141593 0.800000 0.000000 0.000000 0.000000 0.000000
-476.540000 221.000000 3.141593 0.800000 0.000000 0.000000 0.000000 0.000000
-476.580000 221.000000 3.141593 0.800000 0.000000 0.000000 0.000000 0.000000
-476.620000 221.000000 3.141593 0.800000 0.000000 0.000000 0.000000 0.000000
-476.660000 221.000000 3.141593 0.800000 0.000000 0.000000 0.000000 0.000000
-476.700000 221.000000 3.141593 0.800000 0.000000 0.000000 0.000000 0.000000
-476.740000 221.000000 3.141593 0.800000 0.000000 0.000000 0.000000 0.000000
-476.780000 221.000000 3.141593 0.800000 0.000000 0.000000 0.000000 0.000000
-476.820000 221.000000 3.141593 0.800000 0.000000 0.000000 0.000000 0.000000
-476.860000 221.000000 3.141593 0.800000 0.000000 0.000000 0.000000 0.000000
-476.900000 221.000000 3.141593 0.800000 0.000000 0.000000 0.000000 0.000000
-476.940000 221.000000 3.141593 0.800000 0.000000 0.000000 0.000000 0.000000
-476.980000 221.000000 3.141593 0.800000 0.000000 0.000000 0.000000 0.000000
-477.020000 221.000000 3.141593 0.800000 0.000000 0.000000 0.000000 0.000000
-477.060000 221.000000 3.141593 0.800000 0.000000 0.000000 0.000000 0.000000
-477.100000 221.000000 3.141593 0.800000 0.000000 0.000000 0.000000 0.000000
-477.140000 221.000000 3.141593 0.800000 0.000000 0.000000 0.000000 0.000000
-477.180000 221.000000 3.141593 0.800000 0.000000 0.000000 0.000000 0.000000
-477.220000 221.000000 3.141593 0.800000 0.000000 0.000000 0.000000 0.000000
-477.260000 221.000000 3.141593 0.800000 0.000000 0.000000 0.000000 0.000000
-477.300000 221.000000 3.141593 0.800000 0.000000 0.000000 0.000000 0.000000
-477.340000 221.000000 3.141593 0.800000 0.000000 0.000000 0.000000 0.000000
-477.380000 221.000000 3.141593 0.800000 0.000000 0.000000 0.000000 0.000000
-477.420000 221.000000 3.141593 0.800000 0.000000 0.000000 0.000000 0.000000
-477.460000 221.000000 3.141593 0.800000 0.000000 0.000000 0.000000 0.000000
-477.500000 221.000000 3.141593 0.800000 0.000000 0.000000 0.000000 0.000000
-477.540000 221.000000 3.141593 0.800000 0.000000 0.000000 0.000000 0.000000
-477.580000 221.000000 3.141593 0.800000 0.000000 0.000000 0.000000 0.000000
-477.620000 221.000000 3.141593 0.800000 0.000000 0.000000 0.000000 0.000000
-477.660000 221.000000 3.141593 0.800000 0.000000 0.000000 0.000000 0.000000
-477.700000 221.000000 3.141593 0.800000 0.000000 0.000000 0.000000 0.000000
-477.740000 221.000000 3.141593 0.800000 0.000000 0.000000 0.000000 0.000000
-477.780000 221.000000 3.141593 0.800000 0.000000 0.000000 0.000000 0.000000
-477.820000 221.000000 3.141593 0.800000 0.000000 0.000000 0.000000 0.000000
-477.860000 221.000000 3.141593 0.800000 0.000000 0.000000 0.000000 0.000000
-477.900000 221.000000 3.141593 0.800000 0.000000 0.000000 0.000000 0.000000
-477.940000 221.000000 3.141593 0.800000 0.000000 0.000000 0.000000 0.000000
-477.980000 221.000000 3.141593 0.800000 0.000000 0.000000 0.000000 0.000000
-478.020000 221.000000 3.141593 0.800000 0.000000 0.000000 0.000000 0.000000
-478.060000 221.000000 3.141593 0.800000 0.000000 0.000000 0.000000 0.000000
-478.100000 221.000000 3.141593 0.800000 0.000000 0.000000 0.000000 0.000000
-478.140000 221.000000 3.141593 0.800000 0.000000 0.000000 0.000000 0.000000
-478.180000 221.000000 3.141593 0.800000 0.000000 0.000000 0.000000 0.000000
-478.220000 221.000000 3.141593 0.800000 0.000000 0.000000 0.000000 0.000000
-478.260000 221.000000 3.141593 0.800000 0.000000 0.000000 0.000000 0.000000
-478.300000 221.000000 3.141593 0.800000 0.000000 0.000000 0.000000 0.000000
-478.340000 221.000000 3.141593 0.800000 0.000000 0.000000 0.000000 0.000000
-478.380000 221.000000 3.141593 0.800000 0.000000 0.000000 0.000000 0.000000
-478.420000 221.000000 3.141593 0.800000 0.000000 0.000000 0.000000 0.000000
-478.460000 221.000000 3.141593 0.800000 0.000000 0.000000 0.000000 0.000000
-478.500000 221.000000 3.141593 0.800000 0.000000 0.000000 0.000000 0.000000
-478.540000 221.000000 3.141593 0.800000 0.000000 0.000000 0.000000 0.000000
-478.580000 221.000000 3.141593 0.800000 0.000000 0.000000 0.000000 0.000000
-478.620000 221.000000 3.141593 0.800000 0.000000 0.000000 0.000000 0.000000
-478.660000 221.000000 3.141593 0.800000 0.000000 0.000000 0.000000 0.000000
-478.700000 221.000000 3.141593 0.800000 0.000000 0.000000 0.000000 0.000000
-478.740000 221.000000 3.141593 0.800000 0.000000 0.000000 0.000000 0.000000
-478.780000 221.000000 3.141593 0.800000 0.000000 0.000000 0.000000 0.000000
-478.820000 221.000000 3.141593 0.800000 0.000000 0.000000 0.000000 0.000000
-478.860000 221.000000 3.141593 0.800000 0.000000 0.000000 0.000000 0.000000
-478.900000 221.000000 3.141593 0.800000 0.000000 0.000000 0.000000 0.000000
-478.940000 221.000000 3.141593 0.800000 0.000000 0.000000 0.000000 0.000000
-478.980000 221.000000 3.141593 0.800000 0.000000 0.000000 0.000000 0.000000
-479.020000 221.000000 3.141593 0.800000 0.000000 0.000000 0.000000 0.000000
-479.060000 221.000000 3.141593 0.800000 0.000000 0.000000 0.000000 0.000000
-479.100000 221.000000 3.141593 0.800000 0.000000 0.000000 0.000000 0.000000
-479.140000 221.000000 3.141593 0.800000 0.000000 0.000000 0.000000 0.000000
-479.180000 221.000000 3.141593 0.800000 0.000000 0.000000 0.000000 0.000000
-479.220000 221.000000 3.141593 0.800000 0.000000 0.000000 0.000000 0.000000
-479.260000 221.000000 3.141593 0.800000 0.000000 0.000000 0.000000 0.000000
-479.300000 221.000000 3.141593 0.800000 0.000000 0.000000 0.000000 0.000000
-479.340000 221.000000 3.141593 0.800000 0.000000 0.000000 0.000000 0.000000
-479.380000 221.000000 3.141593 0.800000 0.000000 0.000000 0.000000 0.000000
-479.420000 221.000000 3.141593 0.800000 0.000000 0.000000 0.000000 0.000000
-479.460000 221.000000 3.141593 0.800000 0.000000 0.000000 0.000000 0.000000
-479.500000 221.000000 3.141593 0.800000 0.000000 0.000000 0.000000 0.000000
-479.540000 221.000000 3.141593 0.800000 0.000000 0.000000 0.000000 0.000000
-479.580000 221.000000 3.141593 0.800000 0.000000 0.000000 0.000000 0.000000
-479.620000 221.000000 3.141593 0.800000 0.000000 0.000000 0.000000 0.000000
-479.660000 221.000000 3.141593 0.800000 0.000000 0.000000 0.000000 0.000000
-479.700000 221.000000 3.141593 0.800000 0.000000 0.000000 0.000000 0.000000
-479.740000 221.000000 3.141593 0.800000 0.000000 0.000000 0.000000 0.000000
-479.780000 221.000000 3.141593 0.800000 0.000000 0.000000 0.000000 0.000000
-479.820000 221.000000 3.141593 0.800000 0.000000 0.000000 0.000000 0.000000
-479.860000 221.000000 3.141593 0.800000 0.000000 0.000000 0.000000 0.000000
-479.900000 221.000000 3.141593 0.800000 0.000000 0.000000 0.000000 0.000000
-479.940000 221.000000 3.141593 0.800000 0.000000 0.000000 0.000000 0.000000
-479.980000 221.000000 3.141593 0.800000 0.000000 0.000000 0.000000 0.000000
-480.020000 221.000000 3.141593 0.800000 0.000000 0.000000 0.000000 0.000000
-480.060000 221.000000 3.141593 0.800000 0.000000 0.000000 0.000000 0.000000
-480.100000 221.000000 3.141593 0.800000 0.000000 0.000000 0.000000 0.000000
-480.140000 221.000000 3.141593 0.800000 0.000000 0.000000 0.000000 0.000000
-480.180000 221.000000 3.141593 0.800000 0.000000 0.000000 0.000000 0.000000
-480.220000 221.000000 3.141593 0.800000 0.000000 0.000000 0.000000 0.000000
-480.260000 221.000000 3.141593 0.800000 0.000000 0.000000 0.000000 0.000000
-480.300000 221.000000 3.141593 0.800000 0.000000 0.000000 0.000000 0.000000
-480.340000 221.000000 3.141593 0.800000 0.000000 0.000000 0.000000 0.000000
-480.380000 221.000000 3.141593 0.800000 0.000000 0.000000 0.000000 0.000000
-480.420000 221.000000 3.141593 0.800000 0.000000 0.000000 0.000000 0.000000
-480.460000 221.000000 3.141593 0.800000 0.000000 0.000000 0.000000 0.000000
-480.500000 221.000000 3.141593 0.800000 0.000000 0.000000 0.000000 0.000000
-480.540000 221.000000 3.141593 0.800000 0.000000 0.000000 0.000000 0.000000
-480.580000 221.000000 3.141593 0.800000 0.000000 0.000000 0.000000 0.000000
-480.620000 221.000000 3.141593 0.800000 0.000000 0.000000 0.000000 0.000000
-480.660000 221.000000 3.141593 0.800000 0.000000 0.000000 0.000000 0.000000
-480.700000 221.000000 3.141593 0.800000 0.000000 0.000000 0.000000 0.000000
-480.740000 221.000000 3.141593 0.800000 0.000000 0.000000 0.000000 0.000000
-480.780000 221.000000 3.141593 0.800000 0.000000 0.000000 0.000000 0.000000
-480.820000 221.000000 3.141593 0.800000 0.000000 0.000000 0.000000 0.000000
-480.860000 221.000000 3.141593 0.800000 0.000000 0.000000 0.000000 0.000000
-480.900000 221.000000 3.141593 0.800000 0.000000 0.000000 0.000000 0.000000
-480.940000 221.000000 3.141593 0.800000 0.000000 0.000000 0.000000 0.000000
-480.980000 221.000000 3.141593 0.800000 0.000000 0.000000 0.000000 0.000000
-481.020000 221.000000 3.141593 0.800000 0.000000 0.000000 0.000000 0.000000
-481.060000 221.000000 3.141593 0.800000 0.000000 0.000000 0.000000 0.000000
-481.100000 221.000000 3.141593 0.800000 0.000000 0.000000 0.000000 0.000000
-481.140000 221.000000 3.141593 0.800000 0.000000 0.000000 0.000000 0.000000
-481.180000 221.000000 3.141593 0.800000 0.000000 0.000000 0.000000 0.000000
-481.220000 221.000000 3.141593 0.800000 0.000000 0.000000 0.000000 0.000000
-481.260000 221.000000 3.141593 0.800000 0.000000 0.000000 0.000000 0.000000
-481.300000 221.000000 3.141593 0.800000 0.000000 0.000000 0.000000 0.000000
-481.340000 221.000000 3.141593 0.800000 0.000000 0.000000 0.000000 0.000000
-481.380000 221.000000 3.141593 0.800000 0.000000 0.000000 0.000000 0.000000
-481.420000 221.000000 3.141593 0.800000 0.000000 0.000000 0.000000 0.000000
-481.460000 221.000000 3.141593 0.800000 0.000000 0.000000 0.000000 0.000000
-481.500000 221.000000 3.141593 0.800000 0.000000 0.000000 0.000000 0.000000
-481.540000 221.000000 3.141593 0.800000 0.000000 0.000000 0.000000 0.000000
-481.580000 221.000000 3.141593 0.800000 0.000000 0.000000 0.000000 0.000000
-481.620000 221.000000 3.141593 0.800000 0.000000 0.000000 0.000000 0.000000
-481.660000 221.000000 3.141593 0.800000 0.000000 0.000000 0.000000 0.000000
-481.700000 221.000000 3.141593 0.800000 0.000000 0.000000 0.000000 0.000000
-481.740000 221.000000 3.141593 0.800000 0.000000 0.000000 0.000000 0.000000
-481.780000 221.000000 3.141593 0.800000 0.000000 0.000000 0.000000 0.000000
-481.820000 221.000000 3.141593 0.800000 0.000000 0.000000 0.000000 0.000000
-481.860000 221.000000 3.141593 0.800000 0.000000 0.000000 0.000000 0.000000
-481.900000 221.000000 3.141593 0.800000 0.000000 0.000000 0.000000 0.000000
-481.940000 221.000000 3.141593 0.800000 0.000000 0.000000 0.000000 0.000000
-481.980000 221.000000 3.141593 0.800000 0.000000 0.000000 0.000000 0.000000
-482.020000 221.000000 3.141593 0.800000 0.000000 0.000000 0.000000 0.000000
-482.060000 221.000000 3.141593 0.800000 0.000000 0.000000 0.000000 0.000000
-482.100000 221.000000 3.141593 0.800000 0.000000 0.000000 0.000000 0.000000
-482.140000 221.000000 3.141593 0.800000 0.000000 0.000000 0.000000 0.000000
-482.180000 221.000000 3.141593 0.800000 0.000000 0.000000 0.000000 0.000000
-482.220000 221.000000 3.141593 0.800000 0.000000 0.000000 0.000000 0.000000
-482.260000 221.000000 3.141593 0.800000 0.000000 0.000000 0.000000 0.000000
-482.300000 221.000000 3.141593 0.800000 0.000000 0.000000 0.000000 0.000000
-482.340000 221.000000 3.141593 0.800000 0.000000 0.000000 0.000000 0.000000
-482.380000 221.000000 3.141593 0.800000 0.000000 0.000000 0.000000 0.000000
-482.420000 221.000000 3.141593 0.800000 0.000000 0.000000 0.000000 0.000000
-482.460000 221.000000 3.141593 0.800000 0.000000 0.000000 0.000000 0.000000
-482.500000 221.000000 3.141593 0.800000 0.000000 0.000000 0.000000 0.000000
-482.540000 221.000000 3.141593 0.800000 0.000000 0.000000 0.000000 0.000000
-482.580000 221.000000 3.141593 0.800000 0.000000 0.000000 0.000000 0.000000
-482.620000 221.000000 3.141593 0.800000 0.000000 0.000000 0.000000 0.000000
-482.660000 221.000000 3.141593 0.800000 0.000000 0.000000 0.000000 0.000000
-482.700000 221.000000 3.141593 0.800000 0.000000 0.000000 0.000000 0.000000
-482.740000 221.000000 3.141593 0.800000 0.000000 0.000000 0.000000 0.000000
-482.780000 221.000000 3.141593 0.800000 0.000000 0.000000 0.000000 0.000000
-482.820000 221.000000 3.141593 0.800000 0.000000 0.000000 0.000000 0.000000
-482.860000 221.000000 3.141593 0.800000 0.000000 0.000000 0.000000 0.000000
-482.900000 221.000000 3.141593 0.800000 0.000000 0.000000 0.000000 0.000000
-482.940000 221.000000 3.141593 0.800000 0.000000 0.000000 0.000000 0.000000
-482.980000 221.000000 3.141593 0.800000 0.000000 0.000000 0.000000 0.000000
-483.020000 221.000000 3.141593 0.800000 0.000000 0.000000 0.000000 0.000000
-483.060000 221.000000 3.141593 0.800000 0.000000 0.000000 0.000000 0.000000
-483.100000 221.000000 3.141593 0.800000 0.000000 0.000000 0.000000 0.000000
-483.140000 221.000000 3.141593 0.800000 0.000000 0.000000 0.000000 0.000000
-483.180000 221.000000 3.141593 0.800000 0.000000 0.000000 0.000000 0.000000
-483.220000 221.000000 3.141593 0.800000 0.000000 0.000000 0.000000 0.000000
-483.260000 221.000000 3.141593 0.800000 0.000000 0.000000 0.000000 0.000000
-483.300000 221.000000 3.141593 0.800000 0.000000 0.000000 0.000000 0.000000
-483.340000 221.000000 3.141593 0.800000 0.000000 0.000000 0.000000 0.000000
-483.380000 221.000000 3.141593 0.800000 0.000000 0.000000 0.000000 0.000000
-483.420000 221.000000 3.141593 0.800000 0.000000 0.000000 0.000000 0.000000
-483.460000 221.000000 3.141593 0.800000 0.000000 0.000000 0.000000 0.000000
-483.500000 221.000000 3.141593 0.800000 0.000000 0.000000 0.000000 0.000000
-483.540000 221.000000 3.141593 0.800000 0.000000 0.000000 0.000000 0.000000
-483.580000 221.000000 3.141593 0.800000 0.000000 0.000000 0.000000 0.000000
-483.620000 221.000000 3.141593 0.800000 0.000000 0.000000 0.000000 0.000000
-483.660000 221.000000 3.141593 0.800000 0.000000 0.000000 0.000000 0.000000
-483.700000 221.000000 3.141593 0.800000 0.000000 0.000000 0.000000 0.000000
-483.740000 221.000000 3.141593 0.800000 0.000000 0.000000 0.000000 0.000000
-483.780000 221.000000 3.141593 0.800000 0.000000 0.000000 0.000000 0.000000
-483.820000 221.000000 3.141593 0.800000 0.000000 0.000000 0.000000 0.000000
-483.860000 221.000000 3.141593 0.800000 0.000000 0.000000 0.000000 0.000000
-483.900000 221.000000 3.141593 0.800000 0.000000 0.000000 0.000000 0.000000
-483.940000 221.000000 3.141593 0.800000 0.000000 0.000000 0.000000 0.000000
-483.980000 221.000000 3.141593 0.800000 0.000000 0.000000 0.000000 0.000000
-484.020000 221.000000 3.141593 0.800000 0.000000 0.000000 0.000000 0.000000
-484.060000 221.000000 3.141593 0.800000 0.000000 0.000000 0.000000 0.000000
-484.100000 221.000000 3.141593 0.800000 0.000000 0.000000 0.000000 0.000000
-484.140000 221.000000 3.141593 0.800000 0.000000 0.000000 0.000000 0.000000
-484.180000 221.000000 3.141593 0.800000 0.000000 0.000000 0.000000 0.000000
-484.220000 221.000000 3.141593 0.800000 0.000000 0.000000 0.000000 0.000000
-484.260000 221.000000 3.141593 0.800000 0.000000 0.000000 0.000000 0.000000
-484.300000 221.000000 3.141593 0.800000 0.000000 0.000000 0.000000 0.000000
-484.340000 221.000000 3.141593 0.800000 0.000000 0.000000 0.000000 0.000000
-484.380000 221.000000 3.141593 0.800000 0.000000 0.000000 0.000000 0.000000
-484.420000 221.000000 3.141593 0.800000 0.000000 0.000000 0.000000 0.000000
-484.460000 221.000000 3.141593 0.800000 0.000000 0.000000 0.000000 0.000000
-484.500000 221.000000 3.141593 0.800000 0.000000 0.000000 0.000000 0.000000
-484.540000 221.000000 3.141593 0.800000 0.000000 0.000000 0.000000 0.000000
-484.580000 221.000000 3.141593 0.800000 0.000000 0.000000 0.000000 0.000000
-484.620000 221.000000 3.141593 0.800000 0.000000 0.000000 0.000000 0.000000
-484.660000 221.000000 3.141593 0.800000 0.000000 0.000000 0.000000 0.000000
-484.700000 221.000000 3.141593 0.800000 0.000000 0.000000 0.000000 0.000000
-484.740000 221.000000 3.141593 0.800000 0.000000 0.000000 0.000000 0.000000
-484.780000 221.000000 3.141593 0.800000 0.000000 0.000000 0.000000 0.000000
-484.820000 221.000000 3.141593 0.800000 0.000000 0.000000 0.000000 0.000000
-484.860000 221.000000 3.141593 0.800000 0.000000 0.000000 0.000000 0.000000
-484.900000 221.000000 3.141593 0.800000 0.000000 0.000000 0.000000 0.000000
-484.940000 221.000000 3.141593 0.800000 0.000000 0.000000 0.000000 0.000000
-484.980000 221.000000 3.141593 0.800000 0.000000 0.000000 0.000000 0.000000
-485.020000 221.000000 3.141593 0.800000 0.000000 0.000000 0.000000 0.000000
-485.060000 221.000000 3.141593 0.800000 0.000000 0.000000 0.000000 0.000000
-485.100000 221.000000 3.141593 0.800000 0.000000 0.000000 0.000000 0.000000
-485.140000 221.000000 3.141593 0.800000 0.000000 0.000000 0.000000 0.000000
-485.180000 221.000000 3.141593 0.800000 0.000000 0.000000 0.000000 0.000000
-485.220000 221.000000 3.141593 0.800000 0.000000 0.000000 0.000000 0.000000
-485.260000 221.000000 3.141593 0.800000 0.000000 0.000000 0.000000 0.000000
-485.300000 221.000000 3.141593 0.800000 0.000000 0.000000 0.000000 0.000000
-485.340000 221.000000 3.141593 0.800000 0.000000 0.000000 0.000000 0.000000
-485.380000 221.000000 3.141593 0.800000 0.000000 0.000000 0.000000 0.000000
-485.420000 221.000000 3.141593 0.800000 0.000000 0.000000 0.000000 0.000000
-485.460000 221.000000 3.141593 0.800000 0.000000 0.000000 0.000000 0.000000
-485.500000 221.000000 3.141593 0.800000 0.000000 0.000000 0.000000 0.000000
-485.540000 221.000000 3.141593 0.800000 0.000000 0.000000 0.000000 0.000000
-485.580000 221.000000 3.141593 0.800000 0.000000 0.000000 0.000000 0.000000
-485.620000 221.000000 3.141593 0.800000 0.000000 0.000000 0.000000 0.000000
-485.660000 221.000000 3.141593 0.800000 0.000000 0.000000 0.000000 0.000000
-485.700000 221.000000 3.141593 0.800000 0.000000 0.000000 0.000000 0.000000
-485.740000 221.000000 3.141593 0.800000 0.000000 0.000000 0.000000 0.000000
-485.780000 221.000000 3.141593 0.800000 0.000000 0.000000 0.000000 0.000000
-485.820000 221.000000 3.141593 0.800000 0.000000 0.000000 0.000000 0.000000
-485.860000 221.000000 3.141593 0.800000 0.000000 0.000000 0.000000 0.000000
-485.900000 221.000000 3.141593 0.800000 0.000000 0.000000 0.000000 0.000000
-485.940000 221.000000 3.141593 0.800000 0.000000 0.000000 0.000000 0.000000
-485.980000 221.000000 3.141593 0.800000 0.000000 0.000000 0.000000 0.000000
-486.020000 221.000000 3.141593 0.800000 0.000000 0.000000 0.000000 0.000000
-486.060000 221.000000 3.141593 0.800000 0.000000 0.000000 0.000000 0.000000
-486.100000 221.000000 3.141593 0.800000 0.000000 0.000000 0.000000 0.000000
-486.140000 221.000000 3.141593 0.800000 0.000000 0.000000 0.000000 0.000000
-486.180000 221.000000 3.141593 0.800000 0.000000 0.000000 0.000000 0.000000
-486.220000 221.000000 3.141593 0.800000 0.000000 0.000000 0.000000 0.000000
-486.260000 221.000000 3.141593 0.800000 0.000000 0.000000 0.000000 0.000000
-486.300000 221.000000 3.141593 0.800000 0.000000 0.000000 0.000000 0.000000
-486.340000 221.000000 3.141593 0.800000 0.000000 0.000000 0.000000 0.000000
-486.380000 221.000000 3.141593 0.800000 0.000000 0.000000 0.000000 0.000000
-486.420000 221.000000 3.141593 0.800000 0.000000 0.000000 0.000000 0.000000
-486.460000 221.000000 3.141593 0.800000 0.000000 0.000000 0.000000 0.000000
-486.500000 221.000000 3.141593 0.800000 0.000000 0.000000 0.000000 0.000000
-486.540000 221.000000 3.141593 0.800000 0.000000 0.000000 0.000000 0.000000
-486.580000 221.000000 3.141593 0.800000 0.000000 0.000000 0.000000 0.000000
-486.620000 221.000000 3.141593 0.800000 0.000000 0.000000 0.000000 0.000000
-486.660000 221.000000 3.141593 0.800000 0.000000 0.000000 0.000000 0.000000
-486.700000 221.000000 3.141593 0.800000 0.000000 0.000000 0.000000 0.000000
-486.740000 221.000000 3.141593 0.800000 0.000000 0.000000 0.000000 0.000000
-486.780000 221.000000 3.141593 0.800000 0.000000 0.000000 0.000000 0.000000
-486.820000 221.000000 3.141593 0.800000 0.000000 0.000000 0.000000 0.000000
-486.860000 221.000000 3.141593 0.800000 0.000000 0.000000 0.000000 0.000000
-486.900000 221.000000 3.141593 0.800000 0.000000 0.000000 0.000000 0.000000
-486.940000 221.000000 3.141593 0.800000 0.000000 0.000000 0.000000 0.000000
-486.980000 221.000000 3.141593 0.800000 0.000000 0.000000 0.000000 0.000000
-487.020000 221.000000 3.141593 0.800000 0.000000 0.000000 0.000000 0.000000
-487.060000 221.000000 3.141593 0.800000 0.000000 0.000000 0.000000 0.000000
-487.100000 221.000000 3.141593 0.800000 0.000000 0.000000 0.000000 0.000000
-487.140000 221.000000 3.141593 0.800000 0.000000 0.000000 0.000000 0.000000
-487.180000 221.000000 3.141593 0.800000 0.000000 0.000000 0.000000 0.000000
-487.220000 221.000000 3.141593 0.800000 0.000000 0.000000 0.000000 0.000000
-487.260000 221.000000 3.141593 0.800000 0.000000 0.000000 0.000000 0.000000
-487.300000 221.000000 3.141593 0.800000 0.000000 0.000000 0.000000 0.000000
-487.340000 221.000000 3.141593 0.800000 0.000000 0.000000 0.000000 0.000000
-487.380000 221.000000 3.141593 0.800000 0.000000 0.000000 0.000000 0.000000
-487.420000 221.000000 3.141593 0.800000 0.000000 0.000000 0.000000 0.000000
-487.460000 221.000000 3.141593 0.800000 0.000000 0.000000 0.000000 0.000000
-487.500000 221.000000 3.141593 0.800000 0.000000 0.000000 0.000000 0.000000
-487.540000 221.000000 3.141593 0.800000 0.000000 0.000000 0.000000 0.000000
-487.580000 221.000000 3.141593 0.800000 0.000000 0.000000 0.000000 0.000000
-487.620000 221.000000 3.141593 0.800000 0.000000 0.000000 0.000000 0.000000
-487.660000 221.000000 3.141593 0.800000 0.000000 0.000000 0.000000 0.000000
-487.700000 221.000000 3.141593 0.800000 0.000000 0.000000 0.000000 0.000000
-487.740000 221.000000 3.141593 0.800000 0.000000 0.000000 0.000000 0.000000
-487.780000 221.000000 3.141593 0.800000 0.000000 0.000000 0.000000 0.000000
-487.820000 221.000000 3.141593 0.800000 0.000000 0.000000 0.000000 0.000000
-487.860000 221.000000 3.141593 0.800000 0.000000 0.000000 0.000000 0.000000
-487.900000 221.000000 3.141593 0.800000 0.000000 0.000000 0.000000 0.000000
-487.940000 221.000000 3.141593 0.800000 0.000000 0.000000 0.000000 0.000000
-487.980000 221.000000 3.141593 0.800000 0.000000 0.000000 0.000000 0.000000
-488.020000 221.000000 3.141593 0.800000 0.000000 0.000000 0.000000 0.000000
-488.060000 221.000000 3.141593 0.800000 0.000000 0.000000 0.000000 0.000000
-488.100000 221.000000 3.141593 0.800000 0.000000 0.000000 0.000000 0.000000
-488.140000 221.000000 3.141593 0.800000 0.000000 0.000000 0.000000 0.000000
-488.180000 221.000000 3.141593 0.800000 0.000000 0.000000 0.000000 0.000000
-488.220000 221.000000 3.141593 0.800000 0.000000 0.000000 0.000000 0.000000
-488.260000 221.000000 3.141593 0.800000 0.000000 0.000000 0.000000 0.000000
-488.300000 221.000000 3.141593 0.800000 0.000000 0.000000 0.000000 0.000000
-488.340000 221.000000 3.141593 0.800000 0.000000 0.000000 0.000000 0.000000
-488.380000 221.000000 3.141593 0.800000 0.000000 0.000000 0.000000 0.000000
-488.420000 221.000000 3.141593 0.800000 0.000000 0.000000 0.000000 0.000000
-488.460000 221.000000 3.141593 0.800000 0.000000 0.000000 0.000000 0.000000
-488.500000 221.000000 3.141593 0.800000 0.000000 0.000000 0.000000 0.000000
-488.540000 221.000000 3.141593 0.800000 0.000000 0.000000 0.000000 0.000000
-488.580000 221.000000 3.141593 0.800000 0.000000 0.000000 0.000000 0.000000
-488.620000 221.000000 3.141593 0.800000 0.000000 0.000000 0.000000 0.000000
-488.660000 221.000000 3.141593 0.800000 0.000000 0.000000 0.000000 0.000000
-488.700000 221.000000 3.141593 0.800000 0.000000 0.000000 0.000000 0.000000
-488.740000 221.000000 3.141593 0.800000 0.000000 0.000000 0.000000 0.000000
-488.780000 221.000000 3.141593 0.800000 0.000000 0.000000 0.000000 0.000000
-488.820000 221.000000 3.141593 0.800000 0.000000 0.000000 0.000000 0.000000
-488.860000 221.000000 3.141593 0.800000 0.000000 0.000000 0.000000 0.000000
-488.900000 221.000000 3.141593 0.800000 0.000000 0.000000 0.000000 0.000000
-488.940000 221.000000 3.141593 0.800000 0.000000 0.000000 0.000000 0.000000
-488.980000 221.000000 3.141593 0.800000 0.000000 0.000000 0.000000 0.000000
-489.020000 221.000000 3.141593 0.800000 0.000000 0.000000 0.000000 0.000000
-489.060000 221.000000 3.141593 0.800000 0.000000 0.000000 0.000000 0.000000
-489.100000 221.000000 3.141593 0.800000 0.000000 0.000000 0.000000 0.000000
-489.140000 221.000000 3.141593 0.800000 0.000000 0.000000 0.000000 0.000000
-489.180000 221.000000 3.141593 0.800000 0.000000 0.000000 0.000000 0.000000
-489.220000 221.000000 3.141593 0.800000 0.000000 0.000000 0.000000 0.000000
-489.260000 221.000000 3.141593 0.800000 0.000000 0.000000 0.000000 0.000000
-489.300000 221.000000 3.141593 0.800000 0.000000 0.000000 0.000000 0.000000
-489.340000 221.000000 3.141593 0.800000 0.000000 0.000000 0.000000 0.000000
-489.380000 221.000000 3.141593 0.800000 0.000000 0.000000 0.000000 0.000000
-489.420000 221.000000 3.141593 0.800000 0.000000 0.000000 0.000000 0.000000
-489.460000 221.000000 3.141593 0.800000 0.000000 0.000000 0.000000 0.000000
-489.500000 221.000000 3.141593 0.800000 0.000000 0.000000 0.000000 0.000000
-489.540000 221.000000 3.141593 0.800000 0.000000 0.000000 0.000000 0.000000
-489.580000 221.000000 3.141593 0.800000 0.000000 0.000000 0.000000 0.000000
-489.620000 221.000000 3.141593 0.800000 0.000000 0.000000 0.000000 0.000000
-489.660000 221.000000 3.141593 0.800000 0.000000 0.000000 0.000000 0.000000
-489.700000 221.000000 3.141593 0.800000 0.000000 0.000000 0.000000 0.000000
-489.740000 221.000000 3.141593 0.800000 0.000000 0.000000 0.000000 0.000000
-489.780000 221.000000 3.141593 0.800000 0.000000 0.000000 0.000000 0.000000
-489.820000 221.000000 3.141593 0.800000 0.000000 0.000000 0.000000 0.000000
-489.860000 221.000000 3.141593 0.800000 0.000000 0.000000 0.000000 0.000000
-489.900000 221.000000 3.141593 0.800000 0.000000 0.000000 0.000000 0.000000
-489.940000 221.000000 3.141593 0.800000 0.000000 0.000000 0.000000 0.000000
-489.980000 221.000000 3.141593 0.800000 0.000000 0.000000 0.000000 0.000000
-490.020000 221.000000 3.141593 0.800000 0.000000 0.000000 0.000000 0.000000
-490.060000 221.000000 3.141593 0.800000 0.000000 0.000000 0.000000 0.000000
-490.100000 221.000000 3.141593 0.800000 0.000000 0.000000 0.000000 0.000000
-490.140000 221.000000 3.141593 0.800000 0.000000 0.000000 0.000000 0.000000
-490.180000 221.000000 3.141593 0.800000 0.000000 0.000000 0.000000 0.000000
-490.220000 221.000000 3.141593 0.800000 0.000000 0.000000 0.000000 0.000000
-490.260000 221.000000 3.141593 0.800000 0.000000 0.000000 0.000000 0.000000
-490.300000 221.000000 3.141593 0.800000 0.000000 0.000000 0.000000 0.000000
-490.340000 221.000000 3.141593 0.800000 0.000000 0.000000 0.000000 0.000000
-490.380000 221.000000 3.141593 0.800000 0.000000 0.000000 0.000000 0.000000
-490.420000 221.000000 3.141593 0.800000 0.000000 0.000000 0.000000 0.000000
-490.460000 221.000000 3.141593 0.800000 0.000000 0.000000 0.000000 0.000000
-490.500000 221.000000 3.141593 0.800000 0.000000 0.000000 0.000000 0.000000
-490.540000 221.000000 3.141593 0.800000 0.000000 0.000000 0.000000 0.000000
-490.580000 221.000000 3.141593 0.800000 0.000000 0.000000 0.000000 0.000000
-490.620000 221.000000 3.141593 0.800000 0.000000 0.000000 0.000000 0.000000
-490.660000 221.000000 3.141593 0.800000 0.000000 0.000000 0.000000 0.000000
-490.700000 221.000000 3.141593 0.800000 0.000000 0.000000 0.000000 0.000000
-490.740000 221.000000 3.141593 0.800000 0.000000 0.000000 0.000000 0.000000
-490.780000 221.000000 3.141593 0.800000 0.000000 0.000000 0.000000 0.000000
-490.820000 221.000000 3.141593 0.800000 0.000000 0.000000 0.000000 0.000000
-490.860000 221.000000 3.141593 0.800000 0.000000 0.000000 0.000000 0.000000
-490.900000 221.000000 3.141593 0.800000 0.000000 0.000000 0.000000 0.000000
-490.940000 221.000000 3.141593 0.800000 0.000000 0.000000 0.000000 0.000000
-490.980000 221.000000 3.141593 0.800000 0.000000 0.000000 0.000000 0.000000
-491.020000 221.000000 3.141593 0.800000 0.000000 0.000000 0.000000 0.000000
-491.060000 221.000000 3.141593 0.800000 0.000000 0.000000 0.000000 0.000000
-491.100000 221.000000 3.141593 0.800000 0.000000 0.000000 0.000000 0.000000
-491.140000 221.000000 3.141593 0.800000 0.000000 0.000000 0.000000 0.000000
-491.180000 221.000000 3.141593 0.800000 0.000000 0.000000 0.000000 0.000000
-491.220000 221.000000 3.141593 0.800000 0.000000 0.000000 0.000000 0.000000
-491.260000 221.000000 3.141593 0.800000 0.000000 0.000000 0.000000 0.000000
-491.300000 221.000000 3.141593 0.800000 0.000000 0.000000 0.000000 0.000000
-491.340000 221.000000 3.141593 0.800000 0.000000 0.000000 0.000000 0.000000
-491.380000 221.000000 3.141593 0.800000 0.000000 0.000000 0.000000 0.000000
-491.420000 221.000000 3.141593 0.800000 0.000000 0.000000 0.000000 0.000000
-491.460000 221.000000 3.141593 0.800000 0.000000 0.000000 0.000000 0.000000
-491.500000 221.000000 3.141593 0.800000 0.000000 0.000000 0.000000 0.000000
-491.540000 221.000000 3.141593 0.800000 0.000000 0.000000 0.000000 0.000000
-491.580000 221.000000 3.141593 0.800000 0.000000 0.000000 0.000000 0.000000
-491.620000 221.000000 3.141593 0.800000 0.000000 0.000000 0.000000 0.000000
-491.660000 221.000000 3.141593 0.800000 0.000000 0.000000 0.000000 0.000000
-491.700000 221.000000 3.141593 0.800000 0.000000 0.000000 0.000000 0.000000
-491.740000 221.000000 3.141593 0.800000 0.000000 0.000000 0.000000 0.000000
-491.780000 221.000000 3.141593 0.800000 0.000000 0.000000 0.000000 0.000000
-491.820000 221.000000 3.141593 0.800000 0.000000 0.000000 0.000000 0.000000
-491.860000 221.000000 3.141593 0.800000 0.000000 0.000000 0.000000 0.000000
-491.900000 221.000000 3.141593 0.800000 0.000000 0.000000 0.000000 0.000000
-491.940000 221.000000 3.141593 0.800000 0.000000 0.000000 0.000000 0.000000
-491.980000 221.000000 3.141593 0.800000 0.000000 0.000000 0.000000 0.000000
-492.020000 221.000000 3.141593 0.800000 0.000000 0.000000 0.000000 0.000000
-492.060000 221.000000 3.141593 0.800000 0.000000 0.000000 0.000000 0.000000
-492.100000 221.000000 3.141593 0.800000 0.000000 0.000000 0.000000 0.000000
-492.140000 221.000000 3.141593 0.800000 0.000000 0.000000 0.000000 0.000000
-492.180000 221.000000 3.141593 0.800000 0.000000 0.000000 0.000000 0.000000
-492.220000 221.000000 3.141593 0.800000 0.000000 0.000000 0.000000 0.000000
-492.260000 221.000000 3.141593 0.800000 0.000000 0.000000 0.000000 0.000000
-492.300000 221.000000 3.141593 0.800000 0.000000 0.000000 0.000000 0.000000
-492.340000 221.000000 3.141593 0.800000 0.000000 0.000000 0.000000 0.000000
-492.380000 221.000000 3.141593 0.800000 0.000000 0.000000 0.000000 0.000000
-492.420000 221.000000 3.141593 0.800000 0.000000 0.000000 0.000000 0.000000
-492.460000 221.000000 3.141593 0.800000 0.000000 0.000000 0.000000 0.000000
-492.500000 221.000000 3.141593 0.800000 0.000000 0.000000 0.000000 0.000000
-492.540000 221.000000 3.141593 0.800000 0.000000 0.000000 0.000000 0.000000
-492.580000 221.000000 3.141593 0.800000 0.000000 0.000000 0.000000 0.000000
-492.620000 221.000000 3.141593 0.800000 0.000000 0.000000 0.000000 0.000000
-492.660000 221.000000 3.141593 0.800000 0.000000 0.000000 0.000000 0.000000
-492.700000 221.000000 3.141593 0.800000 0.000000 0.000000 0.000000 0.000000
-492.740000 221.000000 3.141593 0.800000 0.000000 0.000000 0.000000 0.000000
-492.780000 221.000000 3.141593 0.800000 0.000000 0.000000 0.000000 0.000000
-492.820000 221.000000 3.141593 0.800000 0.000000 0.000000 0.000000 0.000000
-492.860000 221.000000 3.141593 0.800000 0.000000 0.000000 0.000000 0.000000
-492.900000 221.000000 3.141593 0.800000 0.000000 0.000000 0.000000 0.000000
-492.940000 221.000000 3.141593 0.800000 0.000000 0.000000 0.000000 0.000000
-492.980000 221.000000 3.141593 0.800000 0.000000 0.000000 0.000000 0.000000
-493.020000 221.000000 3.141593 0.800000 0.000000 0.000000 0.000000 0.000000
-493.060000 221.000000 3.141593 0.800000 0.000000 0.000000 0.000000 0.000000
-493.100000 221.000000 3.141593 0.800000 0.000000 0.000000 0.000000 0.000000
-493.140000 221.000000 3.141593 0.800000 0.000000 0.000000 0.000000 0.000000
-493.180000 221.000000 3.141593 0.800000 0.000000 0.000000 0.000000 0.000000
-493.220000 221.000000 3.141593 0.800000 0.000000 0.000000 0.000000 0.000000
-493.260000 221.000000 3.141593 0.800000 0.000000 0.000000 0.000000 0.000000
-493.300000 221.000000 3.141593 0.800000 0.000000 0.000000 0.000000 0.000000
-493.340000 221.000000 3.141593 0.800000 0.000000 0.000000 0.000000 0.000000
-493.380000 221.000000 3.141593 0.800000 0.000000 0.000000 0.000000 0.000000
-493.420000 221.000000 3.141593 0.800000 0.000000 0.000000 0.000000 0.000000
-493.460000 221.000000 3.141593 0.800000 0.000000 0.000000 0.000000 0.000000
-493.500000 221.000000 3.141593 0.800000 0.000000 0.000000 0.000000 0.000000
-493.540000 221.000000 3.141593 0.800000 0.000000 0.000000 0.000000 0.000000
-493.580000 221.000000 3.141593 0.800000 0.000000 0.000000 0.000000 0.000000
-493.620000 221.000000 3.141593 0.800000 0.000000 0.000000 0.000000 0.000000
-493.660000 221.000000 3.141593 0.800000 0.000000 0.000000 0.000000 0.000000
-493.700000 221.000000 3.141593 0.800000 0.000000 0.000000 0.000000 0.000000
-493.740000 221.000000 3.141593 0.800000 0.000000 0.000000 0.000000 0.000000
-493.780000 221.000000 3.141593 0.800000 0.000000 0.000000 0.000000 0.000000
-493.820000 221.000000 3.141593 0.800000 0.000000 0.000000 0.000000 0.000000
-493.860000 221.000000 3.141593 0.800000 0.000000 0.000000 0.000000 0.000000
-493.900000 221.000000 3.141593 0.800000 0.000000 0.000000 0.000000 0.000000
-493.940000 221.000000 3.141593 0.800000 0.000000 0.000000 0.000000 0.000000
-493.980000 221.000000 3.141593 0.800000 0.000000 0.000000 0.000000 0.000000
-494.020000 221.000000 3.141593 0.800000 0.000000 0.000000 0.000000 0.000000
-494.060000 221.000000 3.141593 0.800000 0.000000 0.000000 0.000000 0.000000
-494.100000 221.000000 3.141593 0.800000 0.000000 0.000000 0.000000 0.000000
-494.140000 221.000000 3.141593 0.800000 0.000000 0.000000 0.000000 0.000000
-494.180000 221.000000 3.141593 0.800000 0.000000 0.000000 0.000000 0.000000
-494.220000 221.000000 3.141593 0.800000 0.000000 0.000000 0.000000 0.000000
-494.260000 221.000000 3.141593 0.800000 0.000000 0.000000 0.000000 0.000000
-494.300000 221.000000 3.141593 0.800000 0.000000 0.000000 0.000000 0.000000
-494.340000 221.000000 3.141593 0.800000 0.000000 0.000000 0.000000 0.000000
-494.380000 221.000000 3.141593 0.800000 0.000000 0.000000 0.000000 0.000000
-494.420000 221.000000 3.141593 0.800000 0.000000 0.000000 0.000000 0.000000
-494.460000 221.000000 3.141593 0.800000 0.000000 0.000000 0.000000 0.000000
-494.500000 221.000000 3.141593 0.800000 0.000000 0.000000 0.000000 0.000000
-494.540000 221.000000 3.141593 0.800000 0.000000 0.000000 0.000000 0.000000
-494.580000 221.000000 3.141593 0.800000 0.000000 0.000000 0.000000 0.000000
-494.620000 221.000000 3.141593 0.800000 0.000000 0.000000 0.000000 0.000000
-494.660000 221.000000 3.141593 0.800000 0.000000 0.000000 0.000000 0.000000
-494.700000 221.000000 3.141593 0.800000 0.000000 0.000000 0.000000 0.000000
-494.740000 221.000000 3.141593 0.800000 0.000000 0.000000 0.000000 0.000000
-494.780000 221.000000 3.141593 0.800000 0.000000 0.000000 0.000000 0.000000
-494.820000 221.000000 3.141593 0.800000 0.000000 0.000000 0.000000 0.000000
-494.860000 221.000000 3.141593 0.800000 0.000000 0.000000 0.000000 0.000000
-494.900000 221.000000 3.141593 0.800000 0.000000 0.000000 0.000000 0.000000
-494.940000 221.000000 3.141593 0.800000 0.000000 0.000000 0.000000 0.000000
-494.980000 221.000000 3.141593 0.800000 0.000000 0.000000 0.000000 0.000000
-495.020000 221.000000 3.141593 0.800000 0.000000 0.000000 0.000000 0.000000
-495.060000 221.000000 3.141593 0.800000 0.000000 0.000000 0.000000 0.000000
-495.100000 221.000000 3.141593 0.800000 0.000000 0.000000 0.000000 0.000000
-495.140000 221.000000 3.141593 0.800000 0.000000 0.000000 0.000000 0.000000
-495.180000 221.000000 3.141593 0.800000 0.000000 0.000000 0.000000 0.000000
-495.220000 221.000000 3.141593 0.800000 0.000000 0.000000 0.000000 0.000000
-495.260000 221.000000 3.141593 0.800000 0.000000 0.000000 0.000000 0.000000
-495.300000 221.000000 3.141593 0.800000 0.000000 0.000000 0.000000 0.000000
-495.340000 221.000000 3.141593 0.800000 0.000000 0.000000 0.000000 0.000000
-495.380000 221.000000 3.141593 0.800000 0.000000 0.000000 0.000000 0.000000
-495.420000 221.000000 3.141593 0.800000 0.000000 0.000000 0.000000 0.000000
-495.460000 221.000000 3.141593 0.800000 0.000000 0.000000 0.000000 0.000000
-495.500000 221.000000 3.141593 0.800000 0.000000 0.000000 0.000000 0.000000
-495.540000 221.000000 3.141593 0.800000 0.000000 0.000000 0.000000 0.000000
-495.580000 221.000000 3.141593 0.800000 0.000000 0.000000 0.000000 0.000000
-495.620000 221.000000 3.141593 0.800000 0.000000 0.000000 0.000000 0.000000
-495.660000 221.000000 3.141593 0.800000 0.000000 0.000000 0.000000 0.000000
-495.700000 221.000000 3.141593 0.800000 0.000000 0.000000 0.000000 0.000000
-495.740000 221.000000 3.141593 0.800000 0.000000 0.000000 0.000000 0.000000
-495.780000 221.000000 3.141593 0.800000 0.000000 0.000000 0.000000 0.000000
-495.820000 221.000000 3.141593 0.800000 0.000000 0.000000 0.000000 0.000000
-495.860000 221.000000 3.141593 0.800000 0.000000 0.000000 0.000000 0.000000
-495.900000 221.000000 3.141593 0.800000 0.000000 0.000000 0.000000 0.000000
-495.940000 221.000000 3.141593 0.800000 0.000000 0.000000 0.000000 0.000000
-495.980000 221.000000 3.141593 0.800000 0.000000 0.000000 0.000000 0.000000
-496.020000 221.000000 3.141593 0.800000 0.000000 0.000000 0.000000 0.000000
-496.060000 221.000000 3.141593 0.800000 0.000000 0.000000 0.000000 0.000000
-496.100000 221.000000 3.141593 0.800000 0.000000 0.000000 0.000000 0.000000
-496.140000 221.000000 3.141593 0.800000 0.000000 0.000000 0.000000 0.000000
-496.180000 221.000000 3.141593 0.800000 0.000000 0.000000 0.000000 0.000000
-496.220000 221.000000 3.141593 0.800000 0.000000 0.000000 0.000000 0.000000
-496.260000 221.000000 3.141593 0.800000 0.000000 0.000000 0.000000 0.000000
-496.300000 221.000000 3.141593 0.800000 0.000000 0.000000 0.000000 0.000000
-496.340000 221.000000 3.141593 0.800000 0.000000 0.000000 0.000000 0.000000
-496.380000 221.000000 3.141593 0.800000 0.000000 0.000000 0.000000 0.000000
-496.420000 221.000000 3.141593 0.800000 0.000000 0.000000 0.000000 0.000000
-496.460000 221.000000 3.141593 0.800000 0.000000 0.000000 0.000000 0.000000
-496.500000 221.000000 3.141593 0.800000 0.000000 0.000000 0.000000 0.000000
-496.540000 221.000000 3.141593 0.800000 0.000000 0.000000 0.000000 0.000000
-496.580000 221.000000 3.141593 0.800000 0.000000 0.000000 0.000000 0.000000
-496.620000 221.000000 3.141593 0.800000 0.000000 0.000000 0.000000 0.000000
-496.660000 221.000000 3.141593 0.800000 0.000000 0.000000 0.000000 0.000000
-496.700000 221.000000 3.141593 0.800000 0.000000 0.000000 0.000000 0.000000
-496.740000 221.000000 3.141593 0.800000 0.000000 0.000000 0.000000 0.000000
-496.780000 221.000000 3.141593 0.800000 0.000000 0.000000 0.000000 0.000000
-496.820000 221.000000 3.141593 0.800000 0.000000 0.000000 0.000000 0.000000
-496.860000 221.000000 3.141593 0.800000 0.000000 0.000000 0.000000 0.000000
-496.900000 221.000000 3.141593 0.800000 0.000000 0.000000 0.000000 0.000000
-496.940000 221.000000 3.141593 0.800000 0.000000 0.000000 0.000000 0.000000
-496.980000 221.000000 3.141593 0.800000 0.000000 0.000000 0.000000 0.000000
-497.020000 221.000000 3.141593 0.800000 0.000000 0.000000 0.000000 0.000000
-497.060000 221.000000 3.141593 0.800000 0.000000 0.000000 0.000000 0.000000
-497.100000 221.000000 3.141593 0.800000 0.000000 0.000000 0.000000 0.000000
-497.140000 221.000000 3.141593 0.800000 0.000000 0.000000 0.000000 0.000000
-497.180000 221.000000 3.141593 0.800000 0.000000 0.000000 0.000000 0.000000
-497.220000 221.000000 3.141593 0.800000 0.000000 0.000000 0.000000 0.000000
-497.260000 221.000000 3.141593 0.800000 0.000000 0.000000 0.000000 0.000000
-497.300000 221.000000 3.141593 0.800000 0.000000 0.000000 0.000000 0.000000
-497.340000 221.000000 3.141593 0.800000 0.000000 0.000000 0.000000 0.000000
-497.380000 221.000000 3.141593 0.800000 0.000000 0.000000 0.000000 0.000000
-497.420000 221.000000 3.141593 0.800000 0.000000 0.000000 0.000000 0.000000
-497.460000 221.000000 3.141593 0.800000 0.000000 0.000000 0.000000 0.000000
-497.500000 221.000000 3.141593 0.800000 0.000000 0.000000 0.000000 0.000000
-497.540000 221.000000 3.141593 0.800000 0.000000 0.000000 0.000000 0.000000
-497.580000 221.000000 3.141593 0.800000 0.000000 0.000000 0.000000 0.000000
-497.620000 221.000000 3.141593 0.800000 0.000000 0.000000 0.000000 0.000000
-497.660000 221.000000 3.141593 0.800000 0.000000 0.000000 0.000000 0.000000
-497.700000 221.000000 3.141593 0.800000 0.000000 0.000000 0.000000 0.000000
-497.740000 221.000000 3.141593 0.800000 0.000000 0.000000 0.000000 0.000000
-497.780000 221.000000 3.141593 0.800000 0.000000 0.000000 0.000000 0.000000
-497.820000 221.000000 3.141593 0.800000 0.000000 0.000000 0.000000 0.000000
-497.860000 221.000000 3.141593 0.800000 0.000000 0.000000 0.000000 0.000000
-497.900000 221.000000 3.141593 0.800000 0.000000 0.000000 0.000000 0.000000
-497.940000 221.000000 3.141593 0.800000 0.000000 0.000000 0.000000 0.000000
-497.980000 221.000000 3.141593 0.800000 0.000000 0.000000 0.000000 0.000000
-498.020000 221.000000 3.141593 0.800000 0.000000 0.000000 0.000000 0.000000
-498.060000 221.000000 3.141593 0.800000 0.000000 0.000000 0.000000 0.000000
-498.100000 221.000000 3.141593 0.800000 0.000000 0.000000 0.000000 0.000000
-498.140000 221.000000 3.141593 0.800000 0.000000 0.000000 0.000000 0.000000
-498.180000 221.000000 3.141593 0.800000 0.000000 0.000000 0.000000 0.000000
-498.220000 221.000000 3.141593 0.800000 0.000000 0.000000 0.000000 0.000000
-498.260000 221.000000 3.141593 0.800000 0.000000 0.000000 0.000000 0.000000
-498.300000 221.000000 3.141593 0.800000 0.000000 0.000000 0.000000 0.000000
-498.340000 221.000000 3.141593 0.800000 0.000000 0.000000 0.000000 0.000000
-498.380000 221.000000 3.141593 0.800000 0.000000 0.000000 0.000000 0.000000
-498.420000 221.000000 3.141593 0.800000 0.000000 0.000000 0.000000 0.000000
-498.460000 221.000000 3.141593 0.800000 0.000000 0.000000 0.000000 0.000000
-498.500000 221.000000 3.141593 0.800000 0.000000 0.000000 0.000000 0.000000
-498.540000 221.000000 3.141593 0.800000 0.000000 0.000000 0.000000 0.000000
-498.580000 221.000000 3.141593 0.800000 0.000000 0.000000 0.000000 0.000000
-498.620000 221.000000 3.141593 0.800000 0.000000 0.000000 0.000000 0.000000
-498.660000 221.000000 3.141593 0.800000 0.000000 0.000000 0.000000 0.000000
-498.700000 221.000000 3.141593 0.800000 0.000000 0.000000 0.000000 0.000000
-498.740000 221.000000 3.141593 0.800000 0.000000 0.000000 0.000000 0.000000
-498.780000 221.000000 3.141593 0.800000 0.000000 0.000000 0.000000 0.000000
-498.820000 221.000000 3.141593 0.800000 0.000000 0.000000 0.000000 0.000000
-498.860000 221.000000 3.141593 0.800000 0.000000 0.000000 0.000000 0.000000
-498.900000 221.000000 3.141593 0.800000 0.000000 0.000000 0.000000 0.000000
-498.940000 221.000000 3.141593 0.800000 0.000000 0.000000 0.000000 0.000000
-498.980000 221.000000 3.141593 0.800000 0.000000 0.000000 0.000000 0.000000
-499.020000 221.000000 3.141593 0.800000 0.000000 0.000000 0.000000 0.000000
-499.060000 221.000000 3.141593 0.800000 0.000000 0.000000 0.000000 0.000000
-499.100000 221.000000 3.141593 0.800000 0.000000 0.000000 0.000000 0.000000
-499.140000 221.000000 3.141593 0.800000 0.000000 0.000000 0.000000 0.000000
-499.180000 221.000000 3.141593 0.800000 0.000000 0.000000 0.000000 0.000000
-499.220000 221.000000 3.141593 0.800000 0.000000 0.000000 0.000000 0.000000
-499.260000 221.000000 3.141593 0.800000 0.000000 0.000000 0.000000 0.000000
-499.300000 221.000000 3.141593 0.800000 0.000000 0.000000 0.000000 0.000000
-499.340000 221.000000 3.141593 0.800000 0.000000 0.000000 0.000000 0.000000
-499.380000 221.000000 3.141593 0.800000 0.000000 0.000000 0.000000 0.000000
-499.420000 221.000000 3.141593 0.800000 0.000000 0.000000 0.000000 0.000000
-499.460000 221.000000 3.141593 0.800000 0.000000 0.000000 0.000000 0.000000
-499.500000 221.000000 3.141593 0.800000 0.000000 0.000000 0.000000 0.000000
-499.540000 221.000000 3.141593 0.800000 0.000000 0.000000 0.000000 0.000000
-499.580000 221.000000 3.141593 0.800000 0.000000 0.000000 0.000000 0.000000
-499.620000 221.000000 3.141593 0.800000 0.000000 0.000000 0.000000 0.000000
-499.660000 221.000000 3.141593 0.800000 0.000000 0.000000 0.000000 0.000000
-499.700000 221.000000 3.141593 0.800000 0.000000 0.000000 0.000000 0.000000
-499.740000 221.000000 3.141593 0.800000 0.000000 0.000000 0.000000 0.000000
-499.780000 221.000000 3.141593 0.800000 0.000000 0.000000 0.000000 0.000000
-499.820000 221.000000 3.141593 0.800000 0.000000 0.000000 0.000000 0.000000
-499.860000 221.000000 3.141593 0.800000 0.000000 0.000000 0.000000 0.000000
-499.900000 221.000000 3.141593 0.800000 0.000000 0.000000 0.000000 0.000000
-499.940000 221.000000 3.141593 0.800000 0.000000 0.000000 0.000000 0.000000
-499.980000 221.000000 3.141593 0.800000 0.000000 0.000000 0.000000 0.000000
-500.020000 221.000000 3.141593 0.800000 0.000000 0.000000 0.000000 0.000000
-500.060000 221.000000 3.141593 0.800000 0.000000 0.000000 0.000000 0.000000
-500.100000 221.000000 3.141593 0.800000 0.000000 0.000000 0.000000 0.000000
-500.140000 221.000000 3.141593 0.800000 0.000000 0.000000 0.000000 0.000000
-500.180000 221.000000 3.141593 0.800000 0.000000 0.000000 0.000000 0.000000
-500.220000 221.000000 3.141593 0.800000 0.000000 0.000000 0.000000 0.000000
-500.260000 221.000000 3.141593 0.800000 0.000000 0.000000 0.000000 0.000000
-500.300000 221.000000 3.141593 0.800000 0.000000 0.000000 0.000000 0.000000
-500.340000 221.000000 3.141593 0.800000 0.000000 0.000000 0.000000 0.000000
-500.380000 221.000000 3.141593 0.800000 0.000000 0.000000 0.000000 0.000000
-500.420000 221.000000 3.141593 0.800000 0.000000 0.000000 0.000000 0.000000
-500.460000 221.000000 3.141593 0.800000 0.000000 0.000000 0.000000 0.000000
-500.500000 221.000000 3.141593 0.800000 0.000000 0.000000 0.000000 0.000000
-500.540000 221.000000 3.141593 0.800000 0.000000 0.000000 0.000000 0.000000
-500.580000 221.000000 3.141593 0.800000 0.000000 0.000000 0.000000 0.000000
-500.620000 221.000000 3.141593 0.800000 0.000000 0.000000 0.000000 0.000000
-500.660000 221.000000 3.141593 0.800000 0.000000 0.000000 0.000000 0.000000
-500.700000 221.000000 3.141593 0.800000 0.000000 0.000000 0.000000 0.000000
-500.740000 221.000000 3.141593 0.800000 0.000000 0.000000 0.000000 0.000000
-500.780000 221.000000 3.141593 0.800000 0.000000 0.000000 0.000000 0.000000
-500.820000 221.000000 3.141593 0.800000 0.000000 0.000000 0.000000 0.000000
-500.860000 221.000000 3.141593 0.800000 0.000000 0.000000 0.000000 0.000000
-500.900000 221.000000 3.141593 0.800000 0.000000 0.000000 0.000000 0.000000
-500.940000 221.000000 3.141593 0.800000 0.000000 0.000000 0.000000 0.000000
-500.980000 221.000000 3.141593 0.800000 0.000000 0.000000 0.000000 0.000000
-501.020000 221.000000 3.141593 0.800000 0.000000 0.000000 0.000000 0.000000
-501.060000 221.000000 3.141593 0.800000 0.000000 0.000000 0.000000 0.000000
-501.100000 221.000000 3.141593 0.800000 0.000000 0.000000 0.000000 0.000000
-501.140000 221.000000 3.141593 0.800000 0.000000 0.000000 0.000000 0.000000
-501.180000 221.000000 3.141593 0.800000 0.000000 0.000000 0.000000 0.000000
-501.220000 221.000000 3.141593 0.800000 0.000000 0.000000 0.000000 0.000000
-501.260000 221.000000 3.141593 0.800000 0.000000 0.000000 0.000000 0.000000
-501.300000 221.000000 3.141593 0.800000 0.000000 0.000000 0.000000 0.000000
-501.340000 221.000000 3.141593 0.800000 0.000000 0.000000 0.000000 0.000000
-501.380000 221.000000 3.141593 0.800000 0.000000 0.000000 0.000000 0.000000
-501.420000 221.000000 3.141593 0.800000 0.000000 0.000000 0.000000 0.000000
-501.460000 221.000000 3.141593 0.800000 0.000000 0.000000 0.000000 0.000000
-501.500000 221.000000 3.141593 0.800000 0.000000 0.000000 0.000000 0.000000
-501.540000 221.000000 3.141593 0.800000 0.000000 0.000000 0.000000 0.000000
-501.580000 221.000000 3.141593 0.800000 0.000000 0.000000 0.000000 0.000000
-501.620000 221.000000 3.141593 0.800000 0.000000 0.000000 0.000000 0.000000
-501.660000 221.000000 3.141593 0.800000 0.000000 0.000000 0.000000 0.000000
-501.700000 221.000000 3.141593 0.800000 0.000000 0.000000 0.000000 0.000000
-501.740000 221.000000 3.141593 0.800000 0.000000 0.000000 0.000000 0.000000
-501.780000 221.000000 3.141593 0.800000 0.000000 0.000000 0.000000 0.000000
-501.820000 221.000000 3.141593 0.800000 0.000000 0.000000 0.000000 0.000000
-501.860000 221.000000 3.141593 0.800000 0.000000 0.000000 0.000000 0.000000
-501.900000 221.000000 3.141593 0.800000 0.000000 0.000000 0.000000 0.000000
-501.940000 221.000000 3.141593 0.800000 0.000000 0.000000 0.000000 0.000000
-501.980000 221.000000 3.141593 0.800000 0.000000 0.000000 0.000000 0.000000
-502.020000 221.000000 3.141593 0.800000 0.000000 0.000000 0.000000 0.000000
-502.060000 221.000000 3.141593 0.800000 0.000000 0.000000 0.000000 0.000000
-502.100000 221.000000 3.141593 0.800000 0.000000 0.000000 0.000000 0.000000
-502.140000 221.000000 3.141593 0.800000 0.000000 0.000000 0.000000 0.000000
-502.180000 221.000000 3.141593 0.800000 0.000000 0.000000 0.000000 0.000000
-502.220000 221.000000 3.141593 0.800000 0.000000 0.000000 0.000000 0.000000
-502.260000 221.000000 3.141593 0.800000 0.000000 0.000000 0.000000 0.000000
-502.300000 221.000000 3.141593 0.800000 0.000000 0.000000 0.000000 0.000000
-502.340000 221.000000 3.141593 0.800000 0.000000 0.000000 0.000000 0.000000
-502.380000 221.000000 3.141593 0.800000 0.000000 0.000000 0.000000 0.000000
-502.420000 221.000000 3.141593 0.800000 0.000000 0.000000 0.000000 0.000000
-502.460000 221.000000 3.141593 0.800000 0.000000 0.000000 0.000000 0.000000
-502.500000 221.000000 3.141593 0.800000 0.000000 0.000000 0.000000 0.000000
-502.540000 221.000000 3.141593 0.800000 0.000000 0.000000 0.000000 0.000000
-502.580000 221.000000 3.141593 0.800000 0.000000 0.000000 0.000000 0.000000
-502.620000 221.000000 3.141593 0.800000 0.000000 0.000000 0.000000 0.000000
-502.660000 221.000000 3.141593 0.800000 0.000000 0.000000 0.000000 0.000000
-502.700000 221.000000 3.141593 0.800000 0.000000 0.000000 0.000000 0.000000
-502.740000 221.000000 3.141593 0.800000 0.000000 0.000000 0.000000 0.000000
-502.780000 221.000000 3.141593 0.800000 0.000000 0.000000 0.000000 0.000000
-502.820000 221.000000 3.141593 0.800000 0.000000 0.000000 0.000000 0.000000
-502.860000 221.000000 3.141593 0.800000 0.000000 0.000000 0.000000 0.000000
-502.900000 221.000000 3.141593 0.800000 0.000000 0.000000 0.000000 0.000000
-502.940000 221.000000 3.141593 0.800000 0.000000 0.000000 0.000000 0.000000
-502.980000 221.000000 3.141593 0.800000 0.000000 0.000000 0.000000 0.000000
-503.020000 221.000000 3.141593 0.800000 0.000000 0.000000 0.000000 0.000000
-503.060000 221.000000 3.141593 0.800000 0.000000 0.000000 0.000000 0.000000
-503.100000 221.000000 3.141593 0.800000 0.000000 0.000000 0.000000 0.000000
-503.140000 221.000000 3.141593 0.800000 0.000000 0.000000 0.000000 0.000000
-503.180000 221.000000 3.141593 0.800000 0.000000 0.000000 0.000000 0.000000
-503.220000 221.000000 3.141593 0.800000 0.000000 0.000000 0.000000 0.000000
-503.260000 221.000000 3.141593 0.800000 0.000000 0.000000 0.000000 0.000000
-503.300000 221.000000 3.141593 0.800000 0.000000 0.000000 0.000000 0.000000
-503.340000 221.000000 3.141593 0.800000 0.000000 0.000000 0.000000 0.000000
-503.380000 221.000000 3.141593 0.800000 0.000000 0.000000 0.000000 0.000000
-503.420000 221.000000 3.141593 0.800000 0.000000 0.000000 0.000000 0.000000
-503.460000 221.000000 3.141593 0.800000 0.000000 0.000000 0.000000 0.000000
-503.500000 221.000000 3.141593 0.800000 0.000000 0.000000 0.000000 0.000000
-503.540000 221.000000 3.141593 0.800000 0.000000 0.000000 0.000000 0.000000
-503.580000 221.000000 3.141593 0.800000 0.000000 0.000000 0.000000 0.000000
-503.620000 221.000000 3.141593 0.800000 0.000000 0.000000 0.000000 0.000000
-503.660000 221.000000 3.141593 0.800000 0.000000 0.000000 0.000000 0.000000
-503.700000 221.000000 3.141593 0.800000 0.000000 0.000000 0.000000 0.000000
-503.740000 221.000000 3.141593 0.800000 0.000000 0.000000 0.000000 0.000000
-503.780000 221.000000 3.141593 0.800000 0.000000 0.000000 0.000000 0.000000
-503.820000 221.000000 3.141593 0.800000 0.000000 0.000000 0.000000 0.000000
-503.860000 221.000000 3.141593 0.800000 0.000000 0.000000 0.000000 0.000000
-503.900000 221.000000 3.141593 0.800000 0.000000 0.000000 0.000000 0.000000
-503.940000 221.000000 3.141593 0.800000 0.000000 0.000000 0.000000 0.000000
-503.980000 221.000000 3.141593 0.800000 0.000000 0.000000 0.000000 0.000000
-504.020000 221.000000 3.141593 0.800000 0.000000 0.000000 0.000000 0.000000
-504.060000 221.000000 3.141593 0.800000 0.000000 0.000000 0.000000 0.000000
-504.100000 221.000000 3.141593 0.800000 0.000000 0.000000 0.000000 0.000000
-504.140000 221.000000 3.141593 0.800000 0.000000 0.000000 0.000000 0.000000
-504.180000 221.000000 3.141593 0.800000 0.000000 0.000000 0.000000 0.000000
-504.220000 221.000000 3.141593 0.800000 0.000000 0.000000 0.000000 0.000000
-504.260000 221.000000 3.141593 0.800000 0.000000 0.000000 0.000000 0.000000
-504.300000 221.000000 3.141593 0.800000 0.000000 0.000000 0.000000 0.000000
-504.340000 221.000000 3.141593 0.800000 0.000000 0.000000 0.000000 0.000000
-504.380000 221.000000 3.141593 0.800000 0.000000 0.000000 0.000000 0.000000
-504.420000 221.000000 3.141593 0.800000 0.000000 0.000000 0.000000 0.000000
-504.460000 221.000000 3.141593 0.800000 0.000000 0.000000 0.000000 0.000000
-504.500000 221.000000 3.141593 0.800000 0.000000 0.000000 0.000000 0.000000
-504.540000 221.000000 3.141593 0.800000 0.000000 0.000000 0.000000 0.000000
-504.580000 221.000000 3.141593 0.800000 0.000000 0.000000 0.000000 0.000000
-504.620000 221.000000 3.141593 0.800000 0.000000 0.000000 0.000000 0.000000
-504.660000 221.000000 3.141593 0.800000 0.000000 0.000000 0.000000 0.000000
-504.700000 221.000000 3.141593 0.800000 0.000000 0.000000 0.000000 0.000000
-504.740000 221.000000 3.141593 0.800000 0.000000 0.000000 0.000000 0.000000
-504.780000 221.000000 3.141593 0.800000 0.000000 0.000000 0.000000 0.000000
-504.820000 221.000000 3.141593 0.800000 0.000000 0.000000 0.000000 0.000000
-504.860000 221.000000 3.141593 0.800000 0.000000 0.000000 0.000000 0.000000
-504.900000 221.000000 3.141593 0.800000 0.000000 0.000000 0.000000 0.000000
-504.940000 221.000000 3.141593 0.800000 0.000000 0.000000 0.000000 0.000000
-504.980000 221.000000 3.141593 0.800000 0.000000 0.000000 0.000000 0.000000
-505.020000 221.000000 3.141593 0.800000 0.000000 0.000000 0.000000 0.000000
-505.060000 221.000000 3.141593 0.800000 0.000000 0.000000 0.000000 0.000000
-505.100000 221.000000 3.141593 0.800000 0.000000 0.000000 0.000000 0.000000
-505.140000 221.000000 3.141593 0.800000 0.000000 0.000000 0.000000 0.000000
-505.180000 221.000000 3.141593 0.800000 0.000000 0.000000 0.000000 0.000000
-505.220000 221.000000 3.141593 0.800000 0.000000 0.000000 0.000000 0.000000
-505.260000 221.000000 3.141593 0.800000 0.000000 0.000000 0.000000 0.000000
-505.300000 221.000000 3.141593 0.800000 0.000000 0.000000 0.000000 0.000000
-505.340000 221.000000 3.141593 0.800000 0.000000 0.000000 0.000000 0.000000
-505.380000 221.000000 3.141593 0.800000 0.000000 0.000000 0.000000 0.000000
-505.420000 221.000000 3.141593 0.800000 0.000000 0.000000 0.000000 0.000000
-505.460000 221.000000 3.141593 0.800000 0.000000 0.000000 0.000000 0.000000
-505.500000 221.000000 3.141593 0.800000 0.000000 0.000000 0.000000 0.000000
-505.540000 221.000000 3.141593 0.800000 0.000000 0.000000 0.000000 0.000000
-505.580000 221.000000 3.141593 0.800000 0.000000 0.000000 0.000000 0.000000
-505.620000 221.000000 3.141593 0.800000 0.000000 0.000000 0.000000 0.000000
-505.660000 221.000000 3.141593 0.800000 0.000000 0.000000 0.000000 0.000000
-505.700000 221.000000 3.141593 0.800000 0.000000 0.000000 0.000000 0.000000
-505.740000 221.000000 3.141593 0.800000 0.000000 0.000000 0.000000 0.000000
-505.780000 221.000000 3.141593 0.800000 0.000000 0.000000 0.000000 0.000000
-505.820000 221.000000 3.141593 0.800000 0.000000 0.000000 0.000000 0.000000
-505.860000 221.000000 3.141593 0.800000 0.000000 0.000000 0.000000 0.000000
-505.900000 221.000000 3.141593 0.800000 0.000000 0.000000 0.000000 0.000000
-505.940000 221.000000 3.141593 0.800000 0.000000 0.000000 0.000000 0.000000
-505.980000 221.000000 3.141593 0.800000 0.000000 0.000000 0.000000 0.000000
-506.020000 221.000000 3.141593 0.800000 0.000000 0.000000 0.000000 0.000000
-506.060000 221.000000 3.141593 0.800000 0.000000 0.000000 0.000000 0.000000
-506.100000 221.000000 3.141593 0.800000 0.000000 0.000000 0.000000 0.000000
-506.140000 221.000000 3.141593 0.800000 0.000000 0.000000 0.000000 0.000000
-506.180000 221.000000 3.141593 0.800000 0.000000 0.000000 0.000000 0.000000
-506.220000 221.000000 3.141593 0.800000 0.000000 0.000000 0.000000 0.000000
-506.260000 221.000000 3.141593 0.800000 0.000000 0.000000 0.000000 0.000000
-506.300000 221.000000 3.141593 0.800000 0.000000 0.000000 0.000000 0.000000
-506.340000 221.000000 3.141593 0.800000 0.000000 0.000000 0.000000 0.000000
-506.380000 221.000000 3.141593 0.800000 0.000000 0.000000 0.000000 0.000000
-506.420000 221.000000 3.141593 0.800000 0.000000 0.000000 0.000000 0.000000
-506.460000 221.000000 3.141593 0.800000 0.000000 0.000000 0.000000 0.000000
-506.500000 221.000000 3.141593 0.800000 0.000000 0.000000 0.000000 0.000000
-506.540000 221.000000 3.141593 0.800000 0.000000 0.000000 0.000000 0.000000
-506.580000 221.000000 3.141593 0.800000 0.000000 0.000000 0.000000 0.000000
-506.620000 221.000000 3.141593 0.800000 0.000000 0.000000 0.000000 0.000000
-506.660000 221.000000 3.141593 0.800000 0.000000 0.000000 0.000000 0.000000
-506.700000 221.000000 3.141593 0.800000 0.000000 0.000000 0.000000 0.000000
-506.740000 221.000000 3.141593 0.800000 0.000000 0.000000 0.000000 0.000000
-506.780000 221.000000 3.141593 0.800000 0.000000 0.000000 0.000000 0.000000
-506.820000 221.000000 3.141593 0.800000 0.000000 0.000000 0.000000 0.000000
-506.860000 221.000000 3.141593 0.800000 0.000000 0.000000 0.000000 0.000000
-506.900000 221.000000 3.141593 0.800000 0.000000 0.000000 0.000000 0.000000
-506.940000 221.000000 3.141593 0.800000 0.000000 0.000000 0.000000 0.000000
-506.980000 221.000000 3.141593 0.800000 0.000000 0.000000 0.000000 0.000000
-507.020000 221.000000 3.141593 0.800000 0.000000 0.000000 0.000000 0.000000
-507.060000 221.000000 3.141593 0.800000 0.000000 0.000000 0.000000 0.000000
-507.100000 221.000000 3.141593 0.800000 0.000000 0.000000 0.000000 0.000000
-507.140000 221.000000 3.141593 0.800000 0.000000 0.000000 0.000000 0.000000
-507.180000 221.000000 3.141593 0.800000 0.000000 0.000000 0.000000 0.000000
-507.220000 221.000000 3.141593 0.800000 0.000000 0.000000 0.000000 0.000000
-507.260000 221.000000 3.141593 0.800000 0.000000 0.000000 0.000000 0.000000
-507.300000 221.000000 3.141593 0.800000 0.000000 0.000000 0.000000 0.000000
-507.340000 221.000000 3.141593 0.800000 0.000000 0.000000 0.000000 0.000000
-507.380000 221.000000 3.141593 0.800000 0.000000 0.000000 0.000000 0.000000
-507.420000 221.000000 3.141593 0.800000 0.000000 0.000000 0.000000 0.000000
-507.460000 221.000000 3.141593 0.800000 0.000000 0.000000 0.000000 0.000000
-507.500000 221.000000 3.141593 0.800000 0.000000 0.000000 0.000000 0.000000
-507.540000 221.000000 3.141593 0.800000 0.000000 0.000000 0.000000 0.000000
-507.580000 221.000000 3.141593 0.800000 0.000000 0.000000 0.000000 0.000000
-507.620000 221.000000 3.141593 0.800000 0.000000 0.000000 0.000000 0.000000
-507.660000 221.000000 3.141593 0.800000 0.000000 0.000000 0.000000 0.000000
-507.700000 221.000000 3.141593 0.800000 0.000000 0.000000 0.000000 0.000000
-507.740000 221.000000 3.141593 0.800000 0.000000 0.000000 0.000000 0.000000
-507.780000 221.000000 3.141593 0.800000 0.000000 0.000000 0.000000 0.000000
-507.820000 221.000000 3.141593 0.800000 0.000000 0.000000 0.000000 0.000000
-507.860000 221.000000 3.141593 0.800000 0.000000 0.000000 0.000000 0.000000
-507.900000 221.000000 3.141593 0.800000 0.000000 0.000000 0.000000 0.000000
-507.940000 221.000000 3.141593 0.800000 0.000000 0.000000 0.000000 0.000000
-507.980000 221.000000 3.141593 0.800000 0.000000 0.000000 0.000000 0.000000
-508.020000 221.000000 3.141593 0.800000 0.000000 0.000000 0.000000 0.000000
-508.060000 221.000000 3.141593 0.800000 0.000000 0.000000 0.000000 0.000000
-508.100000 221.000000 3.141593 0.800000 0.000000 0.000000 0.000000 0.000000
-508.140000 221.000000 3.141593 0.800000 0.000000 0.000000 0.000000 0.000000
-508.180000 221.000000 3.141593 0.800000 0.000000 0.000000 0.000000 0.000000
-508.220000 221.000000 3.141593 0.800000 0.000000 0.000000 0.000000 0.000000
-508.260000 221.000000 3.141593 0.800000 0.000000 0.000000 0.000000 0.000000
-508.300000 221.000000 3.141593 0.800000 0.000000 0.000000 0.000000 0.000000
-508.340000 221.000000 3.141593 0.800000 0.000000 0.000000 0.000000 0.000000
-508.380000 221.000000 3.141593 0.800000 0.000000 0.000000 0.000000 0.000000
-508.420000 221.000000 3.141593 0.800000 0.000000 0.000000 0.000000 0.000000
-508.460000 221.000000 3.141593 0.800000 0.000000 0.000000 0.000000 0.000000
-508.500000 221.000000 3.141593 0.800000 0.000000 0.000000 0.000000 0.000000
-508.540000 221.000000 3.141593 0.800000 0.000000 0.000000 0.000000 0.000000
-508.580000 221.000000 3.141593 0.800000 0.000000 0.000000 0.000000 0.000000
-508.620000 221.000000 3.141593 0.800000 0.000000 0.000000 0.000000 0.000000
-508.660000 221.000000 3.141593 0.800000 0.000000 0.000000 0.000000 0.000000
-508.700000 221.000000 3.141593 0.800000 0.000000 0.000000 0.000000 0.000000
-508.740000 221.000000 3.141593 0.800000 0.000000 0.000000 0.000000 0.000000
-508.780000 221.000000 3.141593 0.800000 0.000000 0.000000 0.000000 0.000000
-508.820000 221.000000 3.141593 0.800000 0.000000 0.000000 0.000000 0.000000
-508.860000 221.000000 3.141593 0.800000 0.000000 0.000000 0.000000 0.000000
-508.900000 221.000000 3.141593 0.800000 0.000000 0.000000 0.000000 0.000000
-508.940000 221.000000 3.141593 0.800000 0.000000 0.000000 0.000000 0.000000
-508.980000 221.000000 3.141593 0.800000 0.000000 0.000000 0.000000 0.000000
-509.020000 221.000000 3.141593 0.800000 0.000000 0.000000 0.000000 0.000000
-509.060000 221.000000 3.141593 0.800000 0.000000 0.000000 0.000000 0.000000
-509.100000 221.000000 3.141593 0.800000 0.000000 0.000000 0.000000 0.000000
-509.140000 221.000000 3.141593 0.800000 0.000000 0.000000 0.000000 0.000000
-509.180000 221.000000 3.141593 0.800000 0.000000 0.000000 0.000000 0.000000
-509.220000 221.000000 3.141593 0.800000 0.000000 0.000000 0.000000 0.000000
-509.260000 221.000000 3.141593 0.800000 0.000000 0.000000 0.000000 0.000000
-509.300000 221.000000 3.141593 0.800000 0.000000 0.000000 0.000000 0.000000
-509.340000 221.000000 3.141593 0.800000 0.000000 0.000000 0.000000 0.000000
-509.380000 221.000000 3.141593 0.800000 0.000000 0.000000 0.000000 0.000000
-509.420000 221.000000 3.141593 0.800000 0.000000 0.000000 0.000000 0.000000
-509.460000 221.000000 3.141593 0.800000 0.000000 0.000000 0.000000 0.000000
-509.500000 221.000000 3.141593 0.800000 0.000000 0.000000 0.000000 0.000000
-509.540000 221.000000 3.141593 0.800000 0.000000 0.000000 0.000000 0.000000
-509.580000 221.000000 3.141593 0.800000 0.000000 0.000000 0.000000 0.000000
-509.620000 221.000000 3.141593 0.800000 0.000000 0.000000 0.000000 0.000000
-509.660000 221.000000 3.141593 0.800000 0.000000 0.000000 0.000000 0.000000
-509.700000 221.000000 3.141593 0.800000 0.000000 0.000000 0.000000 0.000000
-509.740000 221.000000 3.141593 0.800000 0.000000 0.000000 0.000000 0.000000
-509.780000 221.000000 3.141593 0.800000 0.000000 0.000000 0.000000 0.000000
-509.820000 221.000000 3.141593 0.800000 0.000000 0.000000 0.000000 0.000000
-509.860000 221.000000 3.141593 0.800000 0.000000 0.000000 0.000000 0.000000
-509.900000 221.000000 3.141593 0.800000 0.000000 0.000000 0.000000 0.000000
-509.940000 221.000000 3.141593 0.800000 0.000000 0.000000 0.000000 0.000000
-509.980000 221.000000 3.141593 0.800000 0.000000 0.000000 0.000000 0.000000
-510.020000 221.000000 3.141593 0.800000 0.000000 0.000000 0.000000 0.000000
-510.060000 221.000000 3.141593 0.800000 0.000000 0.000000 0.000000 0.000000
-510.100000 221.000000 3.141593 0.800000 0.000000 0.000000 0.000000 0.000000
-510.140000 221.000000 3.141593 0.800000 0.000000 0.000000 0.000000 0.000000
-510.180000 221.000000 3.141593 0.800000 0.000000 0.000000 0.000000 0.000000
-510.220000 221.000000 3.141593 0.800000 0.000000 0.000000 0.000000 0.000000
-510.260000 221.000000 3.141593 0.800000 0.000000 0.000000 0.000000 0.000000
-510.300000 221.000000 3.141593 0.800000 0.000000 0.000000 0.000000 0.000000
-510.340000 221.000000 3.141593 0.800000 0.000000 0.000000 0.000000 0.000000
-510.380000 221.000000 3.141593 0.800000 0.000000 0.000000 0.000000 0.000000
-510.420000 221.000000 3.141593 0.800000 0.000000 0.000000 0.000000 0.000000
-510.460000 221.000000 3.141593 0.800000 0.000000 0.000000 0.000000 0.000000
-510.500000 221.000000 3.141593 0.800000 0.000000 0.000000 0.000000 0.000000
-510.540000 221.000000 3.141593 0.800000 0.000000 0.000000 0.000000 0.000000
-510.580000 221.000000 3.141593 0.800000 0.000000 0.000000 0.000000 0.000000
-510.620000 221.000000 3.141593 0.800000 0.000000 0.000000 0.000000 0.000000
-510.660000 221.000000 3.141593 0.800000 0.000000 0.000000 0.000000 0.000000
-510.700000 221.000000 3.141593 0.800000 0.000000 0.000000 0.000000 0.000000
-510.740000 221.000000 3.141593 0.800000 0.000000 0.000000 0.000000 0.000000
-510.780000 221.000000 3.141593 0.800000 0.000000 0.000000 0.000000 0.000000
-510.820000 221.000000 3.141593 0.800000 0.000000 0.000000 0.000000 0.000000
-510.860000 221.000000 3.141593 0.800000 0.000000 0.000000 0.000000 0.000000
-510.900000 221.000000 3.141593 0.800000 0.000000 0.000000 0.000000 0.000000
-510.940000 221.000000 3.141593 0.800000 0.000000 0.000000 0.000000 0.000000
-510.980000 221.000000 3.141593 0.800000 0.000000 0.000000 0.000000 0.000000
-511.020000 221.000000 3.141593 0.800000 0.000000 0.000000 0.000000 0.000000
-511.060000 221.000000 3.141593 0.800000 0.000000 0.000000 0.000000 0.000000
-511.100000 221.000000 3.141593 0.800000 0.000000 0.000000 0.000000 0.000000
-511.140000 221.000000 3.141593 0.800000 0.000000 0.000000 0.000000 0.000000
-511.180000 221.000000 3.141593 0.800000 0.000000 0.000000 0.000000 0.000000
-511.220000 221.000000 3.141593 0.800000 0.000000 0.000000 0.000000 0.000000
-511.260000 221.000000 3.141593 0.800000 0.000000 0.000000 0.000000 0.000000
-511.300000 221.000000 3.141593 0.800000 0.000000 0.000000 0.000000 0.000000
-511.340000 221.000000 3.141593 0.800000 0.000000 0.000000 0.000000 0.000000
-511.380000 221.000000 3.141593 0.800000 0.000000 0.000000 0.000000 0.000000
-511.420000 221.000000 3.141593 0.800000 0.000000 0.000000 0.000000 0.000000
-511.460000 221.000000 3.141593 0.800000 0.000000 0.000000 0.000000 0.000000
-511.500000 221.000000 3.141593 0.800000 0.000000 0.000000 0.000000 0.000000
-511.540000 221.000000 3.141593 0.800000 0.000000 0.000000 0.000000 0.000000
-511.580000 221.000000 3.141593 0.800000 0.000000 0.000000 0.000000 0.000000
-511.620000 221.000000 3.141593 0.800000 0.000000 0.000000 0.000000 0.000000
-511.660000 221.000000 3.141593 0.800000 0.000000 0.000000 0.000000 0.000000
-511.700000 221.000000 3.141593 0.800000 0.000000 0.000000 0.000000 0.000000
-511.740000 221.000000 3.141593 0.800000 0.000000 0.000000 0.000000 0.000000
-511.780000 221.000000 3.141593 0.800000 0.000000 0.000000 0.000000 0.000000
-511.820000 221.000000 3.141593 0.800000 0.000000 0.000000 0.000000 0.000000
-511.860000 221.000000 3.141593 0.800000 0.000000 0.000000 0.000000 0.000000
-511.900000 221.000000 3.141593 0.800000 0.000000 0.000000 0.000000 0.000000
-511.940000 221.000000 3.141593 0.800000 0.000000 0.000000 0.000000 0.000000
-511.980000 221.000000 3.141593 0.800000 0.000000 0.000000 0.000000 0.000000
-512.020000 221.000000 3.141593 0.800000 0.000000 0.000000 0.000000 0.000000
-512.060000 221.000000 3.141593 0.800000 0.000000 0.000000 0.000000 0.000000
-512.100000 221.000000 3.141593 0.800000 0.000000 0.000000 0.000000 0.000000
-512.140000 221.000000 3.141593 0.800000 0.000000 0.000000 0.000000 0.000000
-512.180000 221.000000 3.141593 0.800000 0.000000 0.000000 0.000000 0.000000
-512.220000 221.000000 3.141593 0.800000 0.000000 0.000000 0.000000 0.000000
-512.260000 221.000000 3.141593 0.800000 0.000000 0.000000 0.000000 0.000000
-512.300000 221.000000 3.141593 0.800000 0.000000 0.000000 0.000000 0.000000
-512.340000 221.000000 3.141593 0.800000 0.000000 0.000000 0.000000 0.000000
-512.380000 221.000000 3.141593 0.800000 0.000000 0.000000 0.000000 0.000000
-512.420000 221.000000 3.141593 0.800000 0.000000 0.000000 0.000000 0.000000
-512.460000 221.000000 3.141593 0.800000 0.000000 0.000000 0.000000 0.000000
-512.500000 221.000000 3.141593 0.800000 0.000000 0.000000 0.000000 0.000000
-512.540000 221.000000 3.141593 0.800000 0.000000 0.000000 0.000000 0.000000
-512.580000 221.000000 3.141593 0.800000 0.000000 0.000000 0.000000 0.000000
-512.620000 221.000000 3.141593 0.800000 0.000000 0.000000 0.000000 0.000000
-512.660000 221.000000 3.141593 0.800000 0.000000 0.000000 0.000000 0.000000
-512.700000 221.000000 3.141593 0.800000 0.000000 0.000000 0.000000 0.000000
-512.740000 221.000000 3.141593 0.800000 0.000000 0.000000 0.000000 0.000000
-512.780000 221.000000 3.141593 0.800000 0.000000 0.000000 0.000000 0.000000
-512.820000 221.000000 3.141593 0.800000 0.000000 0.000000 0.000000 0.000000
-512.860000 221.000000 3.141593 0.800000 0.000000 0.000000 0.000000 0.000000
-512.900000 221.000000 3.141593 0.800000 0.000000 0.000000 0.000000 0.000000
-512.940000 221.000000 3.141593 0.800000 0.000000 0.000000 0.000000 0.000000
-512.980000 221.000000 3.141593 0.800000 0.000000 0.000000 0.000000 0.000000
-513.020000 221.000000 3.141593 0.800000 0.000000 0.000000 0.000000 0.000000
-513.060000 221.000000 3.141593 0.800000 0.000000 0.000000 0.000000 0.000000
-513.100000 221.000000 3.141593 0.800000 0.000000 0.000000 0.000000 0.000000
-513.140000 221.000000 3.141593 0.800000 0.000000 0.000000 0.000000 0.000000
-513.180000 221.000000 3.141593 0.800000 0.000000 0.000000 0.000000 0.000000
-513.220000 221.000000 3.141593 0.800000 0.000000 0.000000 0.000000 0.000000
-513.260000 221.000000 3.141593 0.800000 0.000000 0.000000 0.000000 0.000000
-513.300000 221.000000 3.141593 0.800000 0.000000 0.000000 0.000000 0.000000
-513.340000 221.000000 3.141593 0.800000 0.000000 0.000000 0.000000 0.000000
-513.380000 221.000000 3.141593 0.800000 0.000000 0.000000 0.000000 0.000000
-513.420000 221.000000 3.141593 0.800000 0.000000 0.000000 0.000000 0.000000
-513.460000 221.000000 3.141593 0.800000 0.000000 0.000000 0.000000 0.000000
-513.500000 221.000000 3.141593 0.800000 0.000000 0.000000 0.000000 0.000000
-513.540000 221.000000 3.141593 0.800000 0.000000 0.000000 0.000000 0.000000
-513.580000 221.000000 3.141593 0.800000 0.000000 0.000000 0.000000 0.000000
-513.620000 221.000000 3.141593 0.800000 0.000000 0.000000 0.000000 0.000000
-513.660000 221.000000 3.141593 0.800000 0.000000 0.000000 0.000000 0.000000
-513.700000 221.000000 3.141593 0.800000 0.000000 0.000000 0.000000 0.000000
-513.740000 221.000000 3.141593 0.800000 0.000000 0.000000 0.000000 0.000000
-513.780000 221.000000 3.141593 0.800000 0.000000 0.000000 0.000000 0.000000
-513.820000 221.000000 3.141593 0.800000 0.000000 0.000000 0.000000 0.000000
-513.860000 221.000000 3.141593 0.800000 0.000000 0.000000 0.000000 0.000000
-513.900000 221.000000 3.141593 0.800000 0.000000 0.000000 0.000000 0.000000
-513.940000 221.000000 3.141593 0.800000 0.000000 0.000000 0.000000 0.000000
-513.980000 221.000000 3.141593 0.800000 0.000000 0.000000 0.000000 0.000000
-514.020000 221.000000 3.141593 0.800000 0.000000 0.000000 0.000000 0.000000
-514.060000 221.000000 3.141593 0.800000 0.000000 0.000000 0.000000 0.000000
-514.100000 221.000000 3.141593 0.800000 0.000000 0.000000 0.000000 0.000000
-514.140000 221.000000 3.141593 0.800000 0.000000 0.000000 0.000000 0.000000
-514.180000 221.000000 3.141593 0.800000 0.000000 0.000000 0.000000 0.000000
-514.220000 221.000000 3.141593 0.800000 0.000000 0.000000 0.000000 0.000000
-514.260000 221.000000 3.141593 0.800000 0.000000 0.000000 0.000000 0.000000
-514.300000 221.000000 3.141593 0.800000 0.000000 0.000000 0.000000 0.000000
-514.340000 221.000000 3.141593 0.800000 0.000000 0.000000 0.000000 0.000000
-514.380000 221.000000 3.141593 0.800000 0.000000 0.000000 0.000000 0.000000
-514.420000 221.000000 3.141593 0.800000 0.000000 0.000000 0.000000 0.000000
-514.460000 221.000000 3.141593 0.800000 0.000000 0.000000 0.000000 0.000000
-514.500000 221.000000 3.141593 0.800000 0.000000 0.000000 0.000000 0.000000
-514.540000 221.000000 3.141593 0.800000 0.000000 0.000000 0.000000 0.000000
-514.580000 221.000000 3.141593 0.800000 0.000000 0.000000 0.000000 0.000000
-514.620000 221.000000 3.141593 0.800000 0.000000 0.000000 0.000000 0.000000
-514.660000 221.000000 3.141593 0.800000 0.000000 0.000000 0.000000 0.000000
-514.700000 221.000000 3.141593 0.800000 0.000000 0.000000 0.000000 0.000000
-514.740000 221.000000 3.141593 0.800000 0.000000 0.000000 0.000000 0.000000
-514.780000 221.000000 3.141593 0.800000 0.000000 0.000000 0.000000 0.000000
-514.820000 221.000000 3.141593 0.800000 0.000000 0.000000 0.000000 0.000000
-514.860000 221.000000 3.141593 0.800000 0.000000 0.000000 0.000000 0.000000
-514.900000 221.000000 3.141593 0.800000 0.000000 0.000000 0.000000 0.000000
-514.940000 221.000000 3.141593 0.800000 0.000000 0.000000 0.000000 0.000000
-514.980000 221.000000 3.141593 0.800000 0.000000 0.000000 0.000000 0.000000
-515.020000 221.000000 3.141593 0.800000 0.000000 0.000000 0.000000 0.000000
-515.060000 221.000000 3.141593 0.800000 0.000000 0.000000 0.000000 0.000000
-515.100000 221.000000 3.141593 0.800000 0.000000 0.000000 0.000000 0.000000
-515.140000 221.000000 3.141593 0.800000 0.000000 0.000000 0.000000 0.000000
-515.180000 221.000000 3.141593 0.800000 0.000000 0.000000 0.000000 0.000000
-515.220000 221.000000 3.141593 0.800000 0.000000 0.000000 0.000000 0.000000
-515.260000 221.000000 3.141593 0.800000 0.000000 0.000000 0.000000 0.000000
-515.300000 221.000000 3.141593 0.800000 0.000000 0.000000 0.000000 0.000000
-515.340000 221.000000 3.141593 0.800000 0.000000 0.000000 0.000000 0.000000
-515.380000 221.000000 3.141593 0.800000 0.000000 0.000000 0.000000 0.000000
-515.420000 221.000000 3.141593 0.800000 0.000000 0.000000 0.000000 0.000000
-515.460000 221.000000 3.141593 0.800000 0.000000 0.000000 0.000000 0.000000
-515.500000 221.000000 3.141593 0.800000 0.000000 0.000000 0.000000 0.000000
-515.540000 221.000000 3.141593 0.800000 0.000000 0.000000 0.000000 0.000000
-515.580000 221.000000 3.141593 0.800000 0.000000 0.000000 0.000000 0.000000
-515.620000 221.000000 3.141593 0.800000 0.000000 0.000000 0.000000 0.000000
-515.660000 221.000000 3.141593 0.800000 0.000000 0.000000 0.000000 0.000000
-515.700000 221.000000 3.141593 0.800000 0.000000 0.000000 0.000000 0.000000
-515.740000 221.000000 3.141593 0.800000 0.000000 0.000000 0.000000 0.000000
-515.780000 221.000000 3.141593 0.800000 0.000000 0.000000 0.000000 0.000000
-515.820000 221.000000 3.141593 0.800000 0.000000 0.000000 0.000000 0.000000
-515.860000 221.000000 3.141593 0.800000 0.000000 0.000000 0.000000 0.000000
-515.900000 221.000000 3.141593 0.800000 0.000000 0.000000 0.000000 0.000000
-515.940000 221.000000 3.141593 0.800000 0.000000 0.000000 0.000000 0.000000
-515.980000 221.000000 3.141593 0.800000 0.000000 0.000000 0.000000 0.000000
-516.020000 221.000000 3.141593 0.800000 0.000000 0.000000 0.000000 0.000000
-516.060000 221.000000 3.141593 0.800000 0.000000 0.000000 0.000000 0.000000
-516.100000 221.000000 3.141593 0.800000 0.000000 0.000000 0.000000 0.000000
-516.140000 221.000000 3.141593 0.800000 0.000000 0.000000 0.000000 0.000000
-516.180000 221.000000 3.141593 0.800000 0.000000 0.000000 0.000000 0.000000
-516.220000 221.000000 3.141593 0.800000 0.000000 0.000000 0.000000 0.000000
-516.260000 221.000000 3.141593 0.800000 0.000000 0.000000 0.000000 0.000000
-516.300000 221.000000 3.141593 0.800000 0.000000 0.000000 0.000000 0.000000
-516.340000 221.000000 3.141593 0.800000 0.000000 0.000000 0.000000 0.000000
-516.380000 221.000000 3.141593 0.800000 0.000000 0.000000 0.000000 0.000000
-516.420000 221.000000 3.141593 0.800000 0.000000 0.000000 0.000000 0.000000
-516.460000 221.000000 3.141593 0.800000 0.000000 0.000000 0.000000 0.000000
-516.500000 221.000000 3.141593 0.800000 0.000000 0.000000 0.000000 0.000000
-516.540000 221.000000 3.141593 0.800000 0.000000 0.000000 0.000000 0.000000
-516.580000 221.000000 3.141593 0.800000 0.000000 0.000000 0.000000 0.000000
-516.620000 221.000000 3.141593 0.800000 0.000000 0.000000 0.000000 0.000000
-516.660000 221.000000 3.141593 0.800000 0.000000 0.000000 0.000000 0.000000
-516.700000 221.000000 3.141593 0.800000 0.000000 0.000000 0.000000 0.000000
-516.740000 221.000000 3.141593 0.800000 0.000000 0.000000 0.000000 0.000000
-516.780000 221.000000 3.141593 0.800000 0.000000 0.000000 0.000000 0.000000
-516.820000 221.000000 3.141593 0.800000 0.000000 0.000000 0.000000 0.000000
-516.860000 221.000000 3.141593 0.800000 0.000000 0.000000 0.000000 0.000000
-516.900000 221.000000 3.141593 0.800000 0.000000 0.000000 0.000000 0.000000
-516.940000 221.000000 3.141593 0.800000 0.000000 0.000000 0.000000 0.000000
-516.980000 221.000000 3.141593 0.800000 0.000000 0.000000 0.000000 0.000000
-517.020000 221.000000 3.141593 0.800000 0.000000 0.000000 0.000000 0.000000
-517.060000 221.000000 3.141593 0.800000 0.000000 0.000000 0.000000 0.000000
-517.100000 221.000000 3.141593 0.800000 0.000000 0.000000 0.000000 0.000000
-517.140000 221.000000 3.141593 0.800000 0.000000 0.000000 0.000000 0.000000
-517.180000 221.000000 3.141593 0.800000 0.000000 0.000000 0.000000 0.000000
-517.220000 221.000000 3.141593 0.800000 0.000000 0.000000 0.000000 0.000000
-517.260000 221.000000 3.141593 0.800000 0.000000 0.000000 0.000000 0.000000
-517.300000 221.000000 3.141593 0.800000 0.000000 0.000000 0.000000 0.000000
-517.340000 221.000000 3.141593 0.800000 0.000000 0.000000 0.000000 0.000000
-517.380000 221.000000 3.141593 0.800000 0.000000 0.000000 0.000000 0.000000
-517.420000 221.000000 3.141593 0.800000 0.000000 0.000000 0.000000 0.000000
-517.460000 221.000000 3.141593 0.800000 0.000000 0.000000 0.000000 0.000000
-517.500000 221.000000 3.141593 0.800000 0.000000 0.000000 0.000000 0.000000
-517.540000 221.000000 3.141593 0.800000 0.000000 0.000000 0.000000 0.000000
-517.580000 221.000000 3.141593 0.800000 0.000000 0.000000 0.000000 0.000000
-517.620000 221.000000 3.141593 0.800000 0.000000 0.000000 0.000000 0.000000
-517.660000 221.000000 3.141593 0.800000 0.000000 0.000000 0.000000 0.000000
-517.700000 221.000000 3.141593 0.800000 0.000000 0.000000 0.000000 0.000000
-517.740000 221.000000 3.141593 0.800000 0.000000 0.000000 0.000000 0.000000
-517.780000 221.000000 3.141593 0.800000 0.000000 0.000000 0.000000 0.000000
-517.820000 221.000000 3.141593 0.800000 0.000000 0.000000 0.000000 0.000000
-517.860000 221.000000 3.141593 0.800000 0.000000 0.000000 0.000000 0.000000
-517.900000 221.000000 3.141593 0.800000 0.000000 0.000000 0.000000 0.000000
-517.940000 221.000000 3.141593 0.800000 0.000000 0.000000 0.000000 0.000000
-517.980000 221.000000 3.141593 0.800000 0.000000 0.000000 0.000000 0.000000
-518.020000 221.000000 3.141593 0.800000 0.000000 0.000000 0.000000 0.000000
-518.060000 221.000000 3.141593 0.800000 0.000000 0.000000 0.000000 0.000000
-518.100000 221.000000 3.141593 0.800000 0.000000 0.000000 0.000000 0.000000
-518.140000 221.000000 3.141593 0.800000 0.000000 0.000000 0.000000 0.000000
-518.180000 221.000000 3.141593 0.800000 0.000000 0.000000 0.000000 0.000000
-518.220000 221.000000 3.141593 0.800000 0.000000 0.000000 0.000000 0.000000
-518.260000 221.000000 3.141593 0.800000 0.000000 0.000000 0.000000 0.000000
-518.300000 221.000000 3.141593 0.800000 0.000000 0.000000 0.000000 0.000000
-518.340000 221.000000 3.141593 0.800000 0.000000 0.000000 0.000000 0.000000
-518.380000 221.000000 3.141593 0.800000 0.000000 0.000000 0.000000 0.000000
-518.420000 221.000000 3.141593 0.800000 0.000000 0.000000 0.000000 0.000000
-518.460000 221.000000 3.141593 0.800000 0.000000 0.000000 0.000000 0.000000
-518.500000 221.000000 3.141593 0.800000 0.000000 0.000000 0.000000 0.000000
-518.540000 221.000000 3.141593 0.800000 0.000000 0.000000 0.000000 0.000000
-518.580000 221.000000 3.141593 0.800000 0.000000 0.000000 0.000000 0.000000
-518.620000 221.000000 3.141593 0.800000 0.000000 0.000000 0.000000 0.000000
-518.660000 221.000000 3.141593 0.800000 0.000000 0.000000 0.000000 0.000000
-518.700000 221.000000 3.141593 0.800000 0.000000 0.000000 0.000000 0.000000
-518.740000 221.000000 3.141593 0.800000 0.000000 0.000000 0.000000 0.000000
-518.780000 221.000000 3.141593 0.800000 0.000000 0.000000 0.000000 0.000000
-518.820000 221.000000 3.141593 0.800000 0.000000 0.000000 0.000000 0.000000
-518.860000 221.000000 3.141593 0.800000 0.000000 0.000000 0.000000 0.000000
-518.900000 221.000000 3.141593 0.800000 0.000000 0.000000 0.000000 0.000000
-518.940000 221.000000 3.141593 0.800000 0.000000 0.000000 0.000000 0.000000
-518.980000 221.000000 3.141593 0.800000 0.000000 0.000000 0.000000 0.000000
-519.020000 221.000000 3.141593 0.800000 0.000000 0.000000 0.000000 0.000000
-519.060000 221.000000 3.141593 0.800000 0.000000 0.000000 0.000000 0.000000
-519.100000 221.000000 3.141593 0.800000 0.000000 0.000000 0.000000 0.000000
-519.140000 221.000000 3.141593 0.800000 0.000000 0.000000 0.000000 0.000000
-519.180000 221.000000 3.141593 0.800000 0.000000 0.000000 0.000000 0.000000
-519.220000 221.000000 3.141593 0.800000 0.000000 0.000000 0.000000 0.000000
-519.260000 221.000000 3.141593 0.800000 0.000000 0.000000 0.000000 0.000000
-519.300000 221.000000 3.141593 0.800000 0.000000 0.000000 0.000000 0.000000
-519.340000 221.000000 3.141593 0.800000 0.000000 0.000000 0.000000 0.000000
-519.380000 221.000000 3.141593 0.800000 0.000000 0.000000 0.000000 0.000000
-519.420000 221.000000 3.141593 0.800000 0.000000 0.000000 0.000000 0.000000
-519.460000 221.000000 3.141593 0.800000 0.000000 0.000000 0.000000 0.000000
-519.500000 221.000000 3.141593 0.800000 0.000000 0.000000 0.000000 0.000000
-519.540000 221.000000 3.141593 0.800000 0.000000 0.000000 0.000000 0.000000
-519.580000 221.000000 3.141593 0.800000 0.000000 0.000000 0.000000 0.000000
-519.620000 221.000000 3.141593 0.800000 0.000000 0.000000 0.000000 0.000000
-519.660000 221.000000 3.141593 0.800000 0.000000 0.000000 0.000000 0.000000
-519.700000 221.000000 3.141593 0.800000 0.000000 0.000000 0.000000 0.000000
-519.740000 221.000000 3.141593 0.800000 0.000000 0.000000 0.000000 0.000000
-519.780000 221.000000 3.141593 0.800000 0.000000 0.000000 0.000000 0.000000
-519.820000 221.000000 3.141593 0.800000 0.000000 0.000000 0.000000 0.000000
-519.860000 221.000000 3.141593 0.800000 0.000000 0.000000 0.000000 0.000000
-519.900000 221.000000 3.141593 0.800000 0.000000 0.000000 0.000000 0.000000
-519.940000 221.000000 3.141593 0.800000 0.000000 0.000000 0.000000 0.000000
-519.980000 221.000000 3.141593 0.800000 0.000000 0.000000 0.000000 0.000000
-520.020000 221.000000 3.141593 0.000000 0.000000 0.000000 0.000000 0.000000
-520.020000 221.000000 3.141593 0.000000 0.000000 0.000000 0.000000 0.000000
-520.020000 221.000000 3.141593 0.000000 0.000000 0.000000 0.000000 0.000000
-520.020000 221.000000 3.141593 0.000000 0.000000 0.000000 0.000000 0.000000
-520.020000 221.000000 3.141593 0.000000 0.000000 0.000000 0.000000 0.000000
-520.020000 221.000000 3.141593 0.000000 0.000000 0.000000 0.000000 0.000000
-520.020000 221.000000 3.141593 0.000000 0.000000 0.000000 0.000000 0.000000
-520.020000 221.000000 3.141593 0.000000 0.000000 0.000000 0.000000 0.000000
-520.020000 221.000000 3.141593 0.000000 0.000000 0.000000 0.000000 0.000000
-520.020000 221.000000 3.141593 0.000000 0.000000 0.000000 0.000000 0.000000
-520.020000 221.000000 3.141593 0.000000 0.000000 0.000000 0.000000 0.000000
-520.020000 221.000000 3.141593 0.000000 0.000000 0.000000 0.000000 0.000000
-520.020000 221.000000 3.141593 0.000000 0.000000 0.000000 0.000000 0.000000
-520.020000 221.000000 3.141593 0.000000 0.000000 0.000000 0.000000 0.000000
-520.020000 221.000000 3.141593 0.000000 0.000000 0.000000 0.000000 0.000000
-520.020000 221.000000 3.141593 0.000000 0.000000 0.000000 0.000000 0.000000
-520.020000 221.000000 3.141593 0.000000 0.000000 0.000000 0.000000 0.000000
-520.020000 221.000000 3.141593 0.000000 0.000000 0.000000 0.000000 0.000000
-520.020000 221.000000 3.141593 0.000000 0.000000 0.000000 0.000000 0.000000
-520.020000 221.000000 3.141593 0.000000 0.000000 0.000000 0.000000 0.000000
-520.020000 221.000000 3.141593 0.000000 0.000000 0.000000 0.000000 0.000000
-520.020000 221.000000 3.141593 0.000000 0.000000 0.000000 0.000000 0.000000
-520.020000 221.000000 3.141593 0.000000 0.000000 0.000000 0.000000 0.000000
-520.020000 221.000000 3.141593 0.000000 0.000000 0.000000 0.000000 0.000000
-520.020000 221.000000 3.141593 0.000000 0.000000 0.000000 0.000000 0.000000
-520.020000 221.000000 3.141593 0.000000 0.000000 0.000000 0.000000 0.000000
-520.020000 221.000000 3.141593 0.000000 0.000000 0.000000 0.000000 0.000000
-520.020000 221.000000 3.141593 0.000000 0.000000 0.000000 0.000000 0.000000
-520.020000 221.000000 3.141593 0.000000 0.000000 0.000000 0.000000 0.000000
-520.020000 221.000000 3.141593 0.000000 0.000000 0.000000 0.000000 0.000000
-520.020000 221.000000 3.141593 0.000000 0.000000 0.000000 0.000000 0.000000
-520.020000 221.000000 3.141593 0.000000 0.000000 0.000000 0.000000 0.000000
-520.020000 221.000000 3.141593 0.000000 0.000000 0.000000 0.000000 0.000000
-520.020000 221.000000 3.141593 0.000000 0.000000 0.000000 0.000000 0.000000
-520.020000 221.000000 3.141593 0.000000 0.000000 0.000000 0.000000 0.000000
-520.020000 221.000000 3.141593 0.000000 0.000000 0.000000 0.000000 0.000000
-520.020000 221.000000 3.141593 0.000000 0.000000 0.000000 0.000000 0.000000
-520.020000 221.000000 3.141593 0.000000 0.000000 0.000000 0.000000 0.000000
-520.020000 221.000000 3.141593 0.000000 0.000000 0.000000 0.000000 0.000000
-520.020000 221.000000 3.141593 0.000000 0.000000 0.000000 0.000000 0.000000
-520.020000 221.000000 3.141593 0.000000 0.000000 0.000000 0.000000 0.000000
-520.020000 221.000000 3.141593 0.000000 0.000000 0.000000 0.000000 0.000000
-520.020000 221.000000 3.141593 0.000000 0.000000 0.000000 0.000000 0.000000
-520.020000 221.000000 3.141593 0.000000 0.000000 0.000000 0.000000 0.000000
-520.020000 221.000000 3.141593 0.000000 0.000000 0.000000 0.000000 0.000000
-520.020000 221.000000 3.141593 0.000000 0.000000 0.000000 0.000000 0.000000
-520.020000 221.000000 3.141593 0.000000 0.000000 0.000000 0.000000 0.000000
-520.020000 221.000000 3.141593 0.000000 0.000000 0.000000 0.000000 0.000000
-520.020000 221.000000 3.141593 0.000000 0.000000 0.000000 0.000000 0.000000
-520.020000 221.000000 3.141593 0.000000 0.000000 0.000000 0.000000 0.000000
-520.020000 221.000000 3.141593 0.000000 0.000000 0.000000 0.000000 0.000000
-520.020000 221.000000 3.141593 0.000000 0.000000 0.000000 0.000000 0.000000
-520.020000 221.000000 3.141593 0.000000 0.000000 0.000000 0.000000 0.000000
-520.020000 221.000000 3.141593 0.000000 0.000000 0.000000 0.000000 0.000000
-520.020000 221.000000 3.141593 0.000000 0.000000 0.000000 0.000000 0.000000
-520.020000 221.000000 3.141593 0.000000 0.000000 0.000000 0.000000 0.000000
-520.020000 221.000000 3.141593 0.000000 0.000000 0.000000 0.000000 0.000000
-520.020000 221.000000 3.141593 0.000000 0.000000 0.000000 0.000000 0.000000
-520.020000 221.000000 3.141593 0.000000 0.000000 0.000000 0.000000 0.000000
-520.020000 221.000000 3.141593 0.000000 0.000000 0.000000 0.000000 0.000000
-520.020000 221.000000 3.141593 0.000000 0.000000 0.000000 0.000000 0.000000
-520.020000 221.000000 3.141593 0.000000 0.000000 0.000000 0.000000 0.000000
-520.020000 221.000000 3.141593 0.000000 0.000000 0.000000 0.000000 0.000000
-520.020000 221.000000 3.141593 0.000000 0.000000 0.000000 0.000000 0.000000
-520.020000 221.000000 3.141593 0.000000 0.000000 0.000000 0.000000 0.000000
-520.020000 221.000000 3.141593 0.000000 0.000000 0.000000 0.000000 0.000000
-520.020000 221.000000 3.141593 0.000000 0.000000 0.000000 0.000000 0.000000
-520.020000 221.000000 3.141593 0.000000 0.000000 0.000000 0.000000 0.000000
-520.020000 221.000000 3.141593 0.000000 0.000000 0.000000 0.000000 0.000000
-520.020000 221.000000 3.141593 0.000000 0.000000 0.000000 0.000000 0.000000
-520.020000 221.000000 3.141593 0.000000 0.000000 0.000000 0.000000 0.000000
-520.020000 221.000000 3.141593 0.000000 0.000000 0.000000 0.000000 0.000000
-520.020000 221.000000 3.141593 0.000000 0.000000 0.000000 0.000000 0.000000
-520.020000 221.000000 3.141593 0.000000 0.000000 0.000000 0.000000 0.000000
-520.020000 221.000000 3.141593 0.000000 0.000000 0.000000 0.000000 0.000000
-520.020000 221.000000 3.141593 0.000000 0.000000 0.000000 0.000000 0.000000
-520.020000 221.000000 3.141593 0.000000 0.000000 0.000000 0.000000 0.000000
-520.020000 221.000000 3.141593 0.000000 0.000000 0.000000 0.000000 0.000000
-520.020000 221.000000 3.141593 0.000000 0.000000 0.000000 0.000000 0.000000
-520.020000 221.000000 3.141593 0.000000 0.000000 0.000000 0.000000 0.000000
-520.020000 221.000000 3.141593 0.000000 0.000000 0.000000 0.000000 0.000000
-520.020000 221.000000 3.141593 0.000000 0.000000 0.000000 0.000000 0.000000
-520.020000 221.000000 3.141593 0.000000 0.000000 0.000000 0.000000 0.000000
-520.020000 221.000000 3.141593 0.000000 0.000000 0.000000 0.000000 0.000000
-520.020000 221.000000 3.141593 0.000000 0.000000 0.000000 0.000000 0.000000
-520.020000 221.000000 3.141593 0.000000 0.000000 0.000000 0.000000 0.000000
-520.020000 221.000000 3.141593 0.000000 0.000000 0.000000 0.000000 0.000000
-520.020000 221.000000 3.141593 0.000000 0.000000 0.000000 0.000000 0.000000
-520.020000 221.000000 3.141593 0.000000 0.000000 0.000000 0.000000 0.000000
-520.020000 221.000000 3.141593 0.000000 0.000000 0.000000 0.000000 0.000000
-520.020000 221.000000 3.141593 0.000000 0.000000 0.000000 0.000000 0.000000
-520.020000 221.000000 3.141593 0.000000 0.000000 0.000000 0.000000 0.000000
-520.020000 221.000000 3.141593 0.000000 0.000000 0.000000 0.000000 0.000000
-520.020000 221.000000 3.141593 0.000000 0.000000 0.000000 0.000000 0.000000
-520.020000 221.000000 3.141593 0.000000 0.000000 0.000000 0.000000 0.000000
-520.020000 221.000000 3.141593 0.000000 0.000000 0.000000 0.000000 0.000000
-520.020000 221.000000 3.141593 0.000000 0.000000 0.000000 0.000000 0.000000
-520.020000 221.000000 3.141593 0.000000 0.000000 0.000000 0.000000 0.000000
-520.020000 221.000000 3.141593 0.000000 0.000000 0.000000 0.000000 0.000000
-520.020000 221.000000 3.141593 0.000000 0.000000 0.000000 0.000000 0.000000
-520.020000 221.000000 3.141593 0.000000 0.000000 0.000000 0.000000 0.000000
-520.020000 221.000000 3.141593 0.000000 0.000000 0.000000 0.000000 0.000000
-520.020000 221.000000 3.141593 0.000000 0.000000 0.000000 0.000000 0.000000
-520.020000 221.000000 3.141593 0.000000 0.000000 0.000000 0.000000 0.000000
-520.020000 221.000000 3.141593 0.000000 0.000000 0.000000 0.000000 0.000000
-520.020000 221.000000 3.141593 0.000000 0.000000 0.000000 0.000000 0.000000
-520.020000 221.000000 3.141593 0.000000 0.000000 0.000000 0.000000 0.000000
-520.020000 221.000000 3.141593 0.000000 0.000000 0.000000 0.000000 0.000000
-520.020000 221.000000 3.141593 0.000000 0.000000 0.000000 0.000000 0.000000
-520.020000 221.000000 3.141593 0.000000 0.000000 0.000000 0.000000 0.000000
-520.020000 221.000000 3.141593 0.000000 0.000000 0.000000 0.000000 0.000000
-520.020000 221.000000 3.141593 0.000000 0.000000 0.000000 0.000000 0.000000
-520.020000 221.000000 3.141593 0.000000 0.000000 0.000000 0.000000 0.000000
-520.020000 221.000000 3.141593 0.000000 0.000000 0.000000 0.000000 0.000000
-520.020000 221.000000 3.141593 0.000000 0.000000 0.000000 0.000000 0.000000
-520.020000 221.000000 3.141593 0.000000 0.000000 0.000000 0.000000 0.000000
-520.020000 221.000000 3.141593 0.000000 0.000000 0.000000 0.000000 0.000000
-520.020000 221.000000 3.141593 0.000000 0.000000 0.000000 0.000000 0.000000
-520.020000 221.000000 3.141593 0.000000 0.000000 0.000000 0.000000 0.000000
-520.020000 221.000000 3.141593 0.000000 0.000000 0.000000 0.000000 0.000000
-520.020000 221.000000 3.141593 0.000000 0.000000 0.000000 0.000000 0.000000
-520.020000 221.000000 3.141593 0.000000 0.000000 0.000000 0.000000 0.000000
-520.020000 221.000000 3.141593 0.000000 0.000000 0.000000 0.000000 0.000000
-520.020000 221.000000 3.141593 0.000000 0.000000 0.000000 0.000000 0.000000
-520.020000 221.000000 3.141593 0.000000 0.000000 0.000000 0.000000 0.000000
-520.020000 221.000000 3.141593 0.000000 0.000000 0.000000 0.000000 0.000000
-520.020000 221.000000 3.141593 0.000000 0.000000 0.000000 0.000000 0.000000
-520.020000 221.000000 3.141593 0.000000 0.000000 0.000000 0.000000 0.000000
-520.020000 221.000000 3.141593 0.000000 0.000000 0.000000 0.000000 0.000000
-520.020000 221.000000 3.141593 0.000000 0.000000 0.000000 0.000000 0.000000
-520.020000 221.000000 3.141593 0.000000 0.000000 0.000000 0.000000 0.000000
-520.020000 221.000000 3.141593 0.000000 0.000000 0.000000 0.000000 0.000000
-520.020000 221.000000 3.141593 0.000000 0.000000 0.000000 0.000000 0.000000
-520.020000 221.000000 3.141593 0.000000 0.000000 0.000000 0.000000 0.000000
-520.020000 221.000000 3.141593 0.000000 0.000000 0.000000 0.000000 0.000000
-520.020000 221.000000 3.141593 0.000000 0.000000 0.000000 0.000000 0.000000
-520.020000 221.000000 3.141593 0.000000 0.000000 0.000000 0.000000 0.000000
-520.020000 221.000000 3.141593 0.000000 0.000000 0.000000 0.000000 0.000000
-520.020000 221.000000 3.141593 0.000000 0.000000 0.000000 0.000000 0.000000
-520.020000 221.000000 3.141593 0.000000 0.000000 0.000000 0.000000 0.000000
-520.020000 221.000000 3.141593 0.000000 0.000000 0.000000 0.000000 0.000000
-520.020000 221.000000 3.141593 0.000000 0.000000 0.000000 0.000000 0.000000
-520.020000 221.000000 3.141593 0.000000 0.000000 0.000000 0.000000 0.000000
-520.020000 221.000000 3.141593 0.000000 0.000000 0.000000 0.000000 0.000000
-520.020000 221.000000 3.141593 0.000000 0.000000 0.000000 0.000000 0.000000
-520.020000 221.000000 3.141593 0.000000 0.000000 0.000000 0.000000 0.000000
-520.020000 221.000000 3.141593 0.000000 0.000000 0.000000 0.000000 0.000000
-520.020000 221.000000 3.141593 0.000000 0.000000 0.000000 0.000000 0.000000
-520.020000 221.000000 3.141593 0.000000 0.000000 0.000000 0.000000 0.000000
-520.020000 221.000000 3.141593 0.000000 0.000000 0.000000 0.000000 0.000000
-520.020000 221.000000 3.141593 0.000000 0.000000 0.000000 0.000000 0.000000
-520.020000 221.000000 3.141593 0.000000 0.000000 0.000000 0.000000 0.000000
-520.020000 221.000000 3.141593 0.000000 0.000000 0.000000 0.000000 0.000000
-520.020000 221.000000 3.141593 0.000000 0.000000 0.000000 0.000000 0.000000
-520.020000 221.000000 3.141593 0.000000 0.000000 0.000000 0.000000 0.000000
-520.020000 221.000000 3.141593 0.000000 0.000000 0.000000 0.000000 0.000000
-520.020000 221.000000 3.141593 0.000000 0.000000 0.000000 0.000000 0.000000
-520.020000 221.000000 3.141593 0.000000 0.000000 0.000000 0.000000 0.000000
-520.020000 221.000000 3.141593 0.000000 0.000000 0.000000 0.000000 0.000000
-520.020000 221.000000 3.141593 0.000000 0.000000 0.000000 0.000000 0.000000
-520.020000 221.000000 3.141593 0.000000 0.000000 0.000000 0.000000 0.000000
-520.020000 221.000000 3.141593 0.000000 0.000000 0.000000 0.000000 0.000000
-520.020000 221.000000 3.141593 0.000000 0.000000 0.000000 0.000000 0.000000
-520.020000 221.000000 3.141593 0.000000 0.000000 0.000000 0.000000 0.000000
-520.020000 221.000000 3.141593 0.000000 0.000000 0.000000 0.000000 0.000000
-520.020000 221.000000 3.141593 0.000000 0.000000 0.000000 0.000000 0.000000
-520.020000 221.000000 3.141593 0.000000 0.000000 0.000000 0.000000 0.000000
-520.020000 221.000000 3.141593 0.000000 0.000000 0.000000 0.000000 0.000000
-520.020000 221.000000 3.141593 0.000000 0.000000 0.000000 0.000000 0.000000
-520.020000 221.000000 3.141593 0.000000 0.000000 0.000000 0.000000 0.000000
-520.020000 221.000000 3.141593 0.000000 0.000000 0.000000 0.000000 0.000000
-520.020000 221.000000 3.141593 0.000000 0.000000 0.000000 0.000000 0.000000
-520.020000 221.000000 3.141593 0.000000 0.000000 0.000000 0.000000 0.000000
-520.020000 221.000000 3.141593 0.000000 0.000000 0.000000 0.000000 0.000000
-520.020000 221.000000 3.141593 0.000000 0.000000 0.000000 0.000000 0.000000
-520.020000 221.000000 3.141593 0.000000 0.000000 0.000000 0.000000 0.000000
-520.020000 221.000000 3.141593 0.000000 0.000000 0.000000 0.000000 0.000000
-520.020000 221.000000 3.141593 0.000000 0.000000 0.000000 0.000000 0.000000
-520.020000 221.000000 3.141593 0.000000 0.000000 0.000000 0.000000 0.000000
-520.020000 221.000000 3.141593 0.000000 0.000000 0.000000 0.000000 0.000000
-520.020000 221.000000 3.141593 0.000000 0.000000 0.000000 0.000000 0.000000
-520.020000 221.000000 3.141593 0.000000 0.000000 0.000000 0.000000 0.000000
-520.020000 221.000000 3.141593 0.000000 0.000000 0.000000 0.000000 0.000000
-520.020000 221.000000 3.141593 0.000000 0.000000 0.000000 0.000000 0.000000
-520.020000 221.000000 3.141593 0.000000 0.000000 0.000000 0.000000 0.000000
-520.020000 221.000000 3.141593 0.000000 0.000000 0.000000 0.000000 0.000000
-520.020000 221.000000 3.141593 0.000000 0.000000 0.000000 0.000000 0.000000
-520.020000 221.000000 3.141593 0.000000 0.000000 0.000000 0.000000 0.000000
-520.020000 221.000000 3.141593 0.000000 0.000000 0.000000 0.000000 0.000000
-520.020000 221.000000 3.141593 0.000000 0.000000 0.000000 0.000000 0.000000
-520.020000 221.000000 3.141593 0.000000 0.000000 0.000000 0.000000 0.000000
-520.020000 221.000000 3.141593 0.000000 0.000000 0.000000 0.000000 0.000000
-520.020000 221.000000 3.141593 0.000000 0.000000 0.000000 0.000000 0.000000
-520.020000 221.000000 3.141593 0.000000 0.000000 0.000000 0.000000 0.000000
-520.020000 221.000000 3.141593 0.000000 0.000000 0.000000 0.000000 0.000000
-520.020000 221.000000 3.141593 0.000000 0.000000 0.000000 0.000000 0.000000
-520.020000 221.000000 3.141593 0.000000 0.000000 0.000000 0.000000 0.000000
-520.020000 221.000000 3.141593 0.000000 0.000000 0.000000 0.000000 0.000000
-520.020000 221.000000 3.141593 0.000000 0.000000 0.000000 0.000000 0.000000
-520.020000 221.000000 3.141593 0.000000 0.000000 0.000000 0.000000 0.000000
-520.020000 221.000000 3.141593 0.000000 0.000000 0.000000 0.000000 0.000000
-520.020000 221.000000 3.141593 0.000000 0.000000 0.000000 0.000000 0.000000
-520.020000 221.000000 3.141593 0.000000 0.000000 0.000000 0.000000 0.000000
-520.020000 221.000000 3.141593 0.000000 0.000000 0.000000 0.000000 0.000000
-520.020000 221.000000 3.141593 0.000000 0.000000 0.000000 0.000000 0.000000
-520.020000 221.000000 3.141593 0.000000 0.000000 0.000000 0.000000 0.000000
-520.020000 221.000000 3.141593 0.000000 0.000000 0.000000 0.000000 0.000000
-520.020000 221.000000 3.141593 0.000000 0.000000 0.000000 0.000000 0.000000
-520.020000 221.000000 3.141593 0.000000 0.000000 0.000000 0.000000 0.000000
-520.020000 221.000000 3.141593 0.000000 0.000000 0.000000 0.000000 0.000000
-520.020000 221.000000 3.141593 0.000000 0.000000 0.000000 0.000000 0.000000
-520.020000 221.000000 3.141593 0.000000 0.000000 0.000000 0.000000 0.000000
-520.020000 221.000000 3.141593 0.000000 0.000000 0.000000 0.000000 0.000000
-520.020000 221.000000 3.141593 0.000000 0.000000 0.000000 0.000000 0.000000
-520.020000 221.000000 3.141593 0.000000 0.000000 0.000000 0.000000 0.000000
-520.020000 221.000000 3.141593 0.000000 0.000000 0.000000 0.000000 0.000000
-520.020000 221.000000 3.141593 0.000000 0.000000 0.000000 0.000000 0.000000
-520.020000 221.000000 3.141593 0.000000 0.000000 0.000000 0.000000 0.000000
-520.020000 221.000000 3.141593 0.000000 0.000000 0.000000 0.000000 0.000000
-520.020000 221.000000 3.141593 0.000000 0.000000 0.000000 0.000000 0.000000
-520.020000 221.000000 3.141593 0.000000 0.000000 0.000000 0.000000 0.000000
-520.020000 221.000000 3.141593 0.000000 0.000000 0.000000 0.000000 0.000000
-520.020000 221.000000 3.141593 0.000000 0.000000 0.000000 0.000000 0.000000
-520.020000 221.000000 3.141593 0.000000 0.000000 0.000000 0.000000 0.000000
-520.020000 221.000000 3.141593 0.000000 0.000000 0.000000 0.000000 0.000000
-520.020000 221.000000 3.141593 0.000000 0.000000 0.000000 0.000000 0.000000
-520.020000 221.000000 3.141593 0.000000 0.000000 0.000000 0.000000 0.000000
-520.020000 221.000000 3.141593 0.000000 0.000000 0.000000 0.000000 0.000000
-520.020000 221.000000 3.141593 0.000000 0.000000 0.000000 0.000000 0.000000
-520.020000 221.000000 3.141593 0.000000 0.000000 0.000000 0.000000 0.000000
-520.020000 221.000000 3.141593 0.000000 0.000000 0.000000 0.000000 0.000000
-520.020000 221.000000 3.141593 0.000000 0.000000 0.000000 0.000000 0.000000
-520.020000 221.000000 3.141593 0.000000 0.000000 0.000000 0.000000 0.000000
-520.020000 221.000000 3.141593 0.000000 0.000000 0.000000 0.000000 0.000000
-520.020000 221.000000 3.141593 0.000000 0.000000 0.000000 0.000000 0.000000
-520.020000 221.000000 3.141593 0.000000 0.000000 0.000000 0.000000 0.000000
-520.020000 221.000000 3.141593 0.000000 0.000000 0.000000 0.000000 0.000000
-520.020000 221.000000 3.141593 0.000000 0.000000 0.000000 0.000000 0.000000
-520.020000 221.000000 3.141593 0.000000 0.000000 0.000000 0.000000 0.000000
-520.020000 221.000000 3.141593 0.000000 0.000000 0.000000 0.000000 0.000000
-520.020000 221.000000 3.141593 0.000000 0.000000 0.000000 0.000000 0.000000
-520.020000 221.000000 3.141593 0.000000 0.000000 0.000000 0.000000 0.000000
-520.020000 221.000000 3.141593 0.000000 0.000000 0.000000 0.000000 0.000000
-520.020000 221.000000 3.141593 0.000000 0.000000 0.000000 0.000000 0.000000
-520.020000 221.000000 3.141593 0.000000 0.000000 0.000000 0.000000 0.000000
-520.020000 221.000000 3.141593 0.000000 0.000000 0.000000 0.000000 0.000000
-520.020000 221.000000 3.141593 0.000000 0.000000 0.000000 0.000000 0.000000
-520.020000 221.000000 3.141593 0.000000 0.000000 0.000000 0.000000 0.000000
-520.020000 221.000000 3.141593 0.000000 0.000000 0.000000 0.000000 0.000000
-520.020000 221.000000 3.141593 0.000000 0.000000 0.000000 0.000000 0.000000
-520.020000 221.000000 3.141593 0.000000 0.000000 0.000000 0.000000 0.000000
-520.020000 221.000000 3.141593 0.000000 0.000000 0.000000 0.000000 0.000000
-520.020000 221.000000 3.141593 0.000000 0.000000 0.000000 0.000000 0.000000
-520.020000 221.000000 3.141593 0.000000 0.000000 0.000000 0.000000 0.000000
-520.020000 221.000000 3.141593 0.000000 0.000000 0.000000 0.000000 0.000000
-520.020000 221.000000 3.141593 0.000000 0.000000 0.000000 0.000000 0.000000
-520.020000 221.000000 3.141593 0.000000 0.000000 0.000000 0.000000 0.000000
-520.020000 221.000000 3.141593 0.000000 0.000000 0.000000 0.000000 0.000000
-520.020000 221.000000 3.141593 0.000000 0.000000 0.000000 0.000000 0.000000
-520.020000 221.000000 3.141593 0.000000 0.000000 0.000000 0.000000 0.000000
-520.020000 221.000000 3.141593 0.000000 0.000000 0.000000 0.000000 0.000000
-520.020000 221.000000 3.141593 0.000000 0.000000 0.000000 0.000000 0.000000
-520.020000 221.000000 3.141593 0.000000 0.000000 0.000000 0.000000 0.000000
-520.020000 221.000000 3.141593 0.000000 0.000000 0.000000 0.000000 0.000000
-520.020000 221.000000 3.141593 0.000000 0.000000 0.000000 0.000000 0.000000
-520.020000 221.000000 3.141593 0.000000 0.000000 0.000000 0.000000 0.000000
-520.020000 221.000000 3.141593 0.000000 0.000000 0.000000 0.000000 0.000000
-520.020000 221.000000 3.141593 0.000000 0.000000 0.000000 0.000000 0.000000
-520.020000 221.000000 3.141593 0.000000 0.000000 0.000000 0.000000 0.000000
-520.020000 221.000000 3.141593 0.000000 0.000000 0.000000 0.000000 0.000000
-520.020000 221.000000 3.141593 0.000000 0.000000 0.000000 0.000000 0.000000
-520.020000 221.000000 3.141593 0.000000 0.000000 0.000000 0.000000 0.000000
-520.020000 221.000000 3.141593 0.000000 0.000000 0.000000 0.000000 0.000000
-520.020000 221.000000 3.141593 0.000000 0.000000 0.000000 0.000000 0.000000
-520.020000 221.000000 3.141593 0.000000 0.000000 0.000000 0.000000 0.000000
-520.020000 221.000000 3.141593 0.000000 0.000000 0.000000 0.000000 0.000000
-520.020000 221.000000 3.141593 0.000000 0.000000 0.000000 0.000000 0.000000
-520.020000 221.000000 3.141593 0.000000 0.000000 0.000000 0.000000 0.000000
-520.020000 221.000000 3.141593 0.000000 0.000000 0.000000 0.000000 0.000000
-520.020000 221.000000 3.141593 0.000000 0.000000 0.000000 0.000000 0.000000
-520.020000 221.000000 3.141593 0.000000 0.000000 0.000000 0.000000 0.000000
-520.020000 221.000000 3.141593 0.000000 0.000000 0.000000 0.000000 0.000000
-520.020000 221.000000 3.141593 0.000000 0.000000 0.000000 0.000000 0.000000
-520.020000 221.000000 3.141593 0.000000 0.000000 0.000000 0.000000 0.000000
-520.020000 221.000000 3.141593 0.000000 0.000000 0.000000 0.000000 0.000000
-520.020000 221.000000 3.141593 0.000000 0.000000 0.000000 0.000000 0.000000
-520.020000 221.000000 3.141593 0.000000 0.000000 0.000000 0.000000 0.000000
-520.020000 221.000000 3.141593 0.000000 0.000000 0.000000 0.000000 0.000000
-520.020000 221.000000 3.141593 0.000000 0.000000 0.000000 0.000000 0.000000
-520.020000 221.000000 3.141593 0.000000 0.000000 0.000000 0.000000 0.000000
-520.020000 221.000000 3.141593 0.000000 0.000000 0.000000 0.000000 0.000000
-520.020000 221.000000 3.141593 0.000000 0.000000 0.000000 0.000000 0.000000
-520.020000 221.000000 3.141593 0.000000 0.000000 0.000000 0.000000 0.000000
-520.020000 221.000000 3.141593 0.000000 0.000000 0.000000 0.000000 0.000000
-520.020000 221.000000 3.141593 0.000000 0.000000 0.000000 0.000000 0.000000
-520.020000 221.000000 3.141593 0.000000 0.000000 0.000000 0.000000 0.000000
-520.020000 221.000000 3.141593 0.000000 0.000000 0.000000 0.000000 0.000000
-520.020000 221.000000 3.141593 0.000000 0.000000 0.000000 0.000000 0.000000
-520.020000 221.000000 3.141593 0.000000 0.000000 0.000000 0.000000 0.000000
-520.020000 221.000000 3.141593 0.000000 0.000000 0.000000 0.000000 0.000000
-520.020000 221.000000 3.141593 0.000000 0.000000 0.000000 0.000000 0.000000
-520.020000 221.000000 3.141593 0.000000 0.000000 0.000000 0.000000 0.000000
-520.020000 221.000000 3.141593 0.000000 0.000000 0.000000 0.000000 0.000000
-520.020000 221.000000 3.141593 0.000000 0.000000 0.000000 0.000000 0.000000
-520.020000 221.000000 3.141593 0.000000 0.000000 0.000000 0.000000 0.000000
-520.020000 221.000000 3.141593 0.000000 0.000000 0.000000 0.000000 0.000000
-520.020000 221.000000 3.141593 0.000000 0.000000 0.000000 0.000000 0.000000
-520.020000 221.000000 3.141593 0.000000 0.000000 0.000000 0.000000 0.000000
-520.020000 221.000000 3.141593 0.000000 0.000000 0.000000 0.000000 0.000000
-520.020000 221.000000 3.141593 0.000000 0.000000 0.000000 0.000000 0.000000
-520.020000 221.000000 3.141593 0.000000 0.000000 0.000000 0.000000 0.000000
-520.020000 221.000000 3.141593 0.000000 0.000000 0.000000 0.000000 0.000000
-520.020000 221.000000 3.141593 0.000000 0.000000 0.000000 0.000000 0.000000
-520.020000 221.000000 3.141593 0.000000 0.000000 0.000000 0.000000 0.000000
-520.020000 221.000000 3.141593 0.000000 0.000000 0.000000 0.000000 0.000000
-520.020000 221.000000 3.141593 0.000000 0.000000 0.000000 0.000000 0.000000
-520.020000 221.000000 3.141593 0.000000 0.000000 0.000000 0.000000 0.000000
-520.020000 221.000000 3.141593 0.000000 0.000000 0.000000 0.000000 0.000000
-520.020000 221.000000 3.141593 0.000000 0.000000 0.000000 0.000000 0.000000
-520.020000 221.000000 3.141593 0.000000 0.000000 0.000000 0.000000 0.000000
-520.020000 221.000000 3.141593 0.000000 0.000000 0.000000 0.000000 0.000000
-520.020000 221.000000 3.141593 0.000000 0.000000 0.000000 0.000000 0.000000
-520.020000 221.000000 3.141593 0.000000 0.000000 0.000000 0.000000 0.000000
-520.020000 221.000000 3.141593 0.000000 0.000000 0.000000 0.000000 0.000000
-520.020000 221.000000 3.141593 0.000000 0.000000 0.000000 0.000000 0.000000
-520.020000 221.000000 3.141593 0.000000 0.000000 0.000000 0.000000 0.000000
-520.020000 221.000000 3.141593 0.000000 0.000000 0.000000 0.000000 0.000000
-520.020000 221.000000 3.141593 0.000000 0.000000 0.000000 0.000000 0.000000
-520.020000 221.000000 3.141593 0.000000 0.000000 0.000000 0.000000 0.000000
-520.020000 221.000000 3.141593 0.000000 0.000000 0.000000 0.000000 0.000000
-520.020000 221.000000 3.141593 0.000000 0.000000 0.000000 0.000000 0.000000
-520.020000 221.000000 3.141593 0.000000 0.000000 0.000000 0.000000 0.000000
-520.020000 221.000000 3.141593 0.000000 0.000000 0.000000 0.000000 0.000000
-520.020000 221.000000 3.141593 0.000000 0.000000 0.000000 0.000000 0.000000
-520.020000 221.000000 3.141593 0.000000 0.000000 0.000000 0.000000 0.000000
-520.020000 221.000000 3.141593 0.000000 0.000000 0.000000 0.000000 0.000000
-520.020000 221.000000 3.141593 0.000000 0.000000 0.000000 0.000000 0.000000
-520.020000 221.000000 3.141593 0.000000 0.000000 0.000000 0.000000 0.000000
-520.020000 221.000000 3.141593 0.000000 0.000000 0.000000 0.000000 0.000000
-520.020000 221.000000 3.141593 0.000000 0.000000 0.000000 0.000000 0.000000
-520.020000 221.000000 3.141593 0.000000 0.000000 0.000000 0.000000 0.000000
-520.020000 221.000000 3.141593 0.000000 0.000000 0.000000 0.000000 0.000000
-520.020000 221.000000 3.141593 0.000000 0.000000 0.000000 0.000000 0.000000
-520.020000 221.000000 3.141593 0.000000 0.000000 0.000000 0.000000 0.000000
-520.020000 221.000000 3.141593 0.000000 0.000000 0.000000 0.000000 0.000000
-520.020000 221.000000 3.141593 0.000000 0.000000 0.000000 0.000000 0.000000
-520.020000 221.000000 3.141593 0.000000 0.000000 0.000000 0.000000 0.000000
-520.020000 221.000000 3.141593 0.000000 0.000000 0.000000 0.000000 0.000000
-520.020000 221.000000 3.141593 0.000000 0.000000 0.000000 0.000000 0.000000
-520.020000 221.000000 3.141593 0.000000 0.000000 0.000000 0.000000 0.000000
-520.020000 221.000000 3.141593 0.000000 0.000000 0.000000 0.000000 0.000000
-520.020000 221.000000 3.141593 0.000000 0.000000 0.000000 0.000000 0.000000
-520.020000 221.000000 3.141593 0.000000 0.000000 0.000000 0.000000 0.000000
-520.020000 221.000000 3.141593 0.000000 0.000000 0.000000 0.000000 0.000000
-520.020000 221.000000 3.141593 0.000000 0.000000 0.000000 0.000000 0.000000
-520.020000 221.000000 3.141593 0.000000 0.000000 0.000000 0.000000 0.000000
-520.020000 221.000000 3.141593 0.000000 0.000000 0.000000 0.000000 0.000000
-520.020000 221.000000 3.141593 0.000000 0.000000 0.000000 0.000000 0.000000
-520.020000 221.000000 3.141593 0.000000 0.000000 0.000000 0.000000 0.000000
-520.020000 221.000000 3.141593 0.000000 0.000000 0.000000 0.000000 0.000000
-520.020000 221.000000 3.141593 0.000000 0.000000 0.000000 0.000000 0.000000
-520.020000 221.000000 3.141593 0.000000 0.000000 0.000000 0.000000 0.000000
-520.020000 221.000000 3.141593 0.000000 0.000000 0.000000 0.000000 0.000000
-520.020000 221.000000 3.141593 0.000000 0.000000 0.000000 0.000000 0.000000
-520.020000 221.000000 3.141593 0.000000 0.000000 0.000000 0.000000 0.000000
-520.020000 221.000000 3.141593 0.000000 0.000000 0.000000 0.000000 0.000000
-520.020000 221.000000 3.141593 0.000000 0.000000 0.000000 0.000000 0.000000
-520.020000 221.000000 3.141593 0.000000 0.000000 0.000000 0.000000 0.000000
-520.020000 221.000000 3.141593 0.000000 0.000000 0.000000 0.000000 0.000000
-520.020000 221.000000 3.141593 0.000000 0.000000 0.000000 0.000000 0.000000
-520.020000 221.000000 3.141593 0.000000 0.000000 0.000000 0.000000 0.000000
-520.020000 221.000000 3.141593 0.000000 0.000000 0.000000 0.000000 0.000000
-520.020000 221.000000 3.141593 0.000000 0.000000 0.000000 0.000000 0.000000
-520.020000 221.000000 3.141593 0.000000 0.000000 0.000000 0.000000 0.000000
-520.020000 221.000000 3.141593 0.000000 0.000000 0.000000 0.000000 0.000000
-520.020000 221.000000 3.141593 0.000000 0.000000 0.000000 0.000000 0.000000
-520.020000 221.000000 3.141593 0.000000 0.000000 0.000000 0.000000 0.000000
-520.020000 221.000000 3.141593 0.000000 0.000000 0.000000 0.000000 0.000000
-520.020000 221.000000 3.141593 0.000000 0.000000 0.000000 0.000000 0.000000
-520.020000 221.000000 3.141593 0.000000 0.000000 0.000000 0.000000 0.000000
-520.020000 221.000000 3.141593 0.000000 0.000000 0.000000 0.000000 0.000000
-520.020000 221.000000 3.141593 0.000000 0.000000 0.000000 0.000000 0.000000
-520.020000 221.000000 3.141593 0.000000 0.000000 0.000000 0.000000 0.000000
-520.020000 221.000000 3.141593 0.000000 0.000000 0.000000 0.000000 0.000000
-520.020000 221.000000 3.141593 0.000000 0.000000 0.000000 0.000000 0.000000
-520.020000 221.000000 3.141593 0.000000 0.000000 0.000000 0.000000 0.000000
-520.020000 221.000000 3.141593 0.000000 0.000000 0.000000 0.000000 0.000000
-520.020000 221.000000 3.141593 0.000000 0.000000 0.000000 0.000000 0.000000
-520.020000 221.000000 3.141593 0.000000 0.000000 0.000000 0.000000 0.000000
-520.020000 221.000000 3.141593 0.000000 0.000000 0.000000 0.000000 0.000000
-520.020000 221.000000 3.141593 0.000000 0.000000 0.000000 0.000000 0.000000
-520.020000 221.000000 3.141593 0.000000 0.000000 0.000000 0.000000 0.000000
-520.020000 221.000000 3.141593 0.000000 0.000000 0.000000 0.000000 0.000000
-520.020000 221.000000 3.141593 0.000000 0.000000 0.000000 0.000000 0.000000
-520.020000 221.000000 3.141593 0.000000 0.000000 0.000000 0.000000 0.000000
-520.020000 221.000000 3.141593 0.000000 0.000000 0.000000 0.000000 0.000000
-520.020000 221.000000 3.141593 0.000000 0.000000 0.000000 0.000000 0.000000
-520.020000 221.000000 3.141593 0.000000 0.000000 0.000000 0.000000 0.000000
-520.020000 221.000000 3.141593 0.000000 0.000000 0.000000 0.000000 0.000000
-520.020000 221.000000 3.141593 0.000000 0.000000 0.000000 0.000000 0.000000
-520.020000 221.000000 3.141593 0.000000 0.000000 0.000000 0.000000 0.000000
-520.020000 221.000000 3.141593 0.000000 0.000000 0.000000 0.000000 0.000000
-520.020000 221.000000 3.141593 0.000000 0.000000 0.000000 0.000000 0.000000
-520.020000 221.000000 3.141593 0.000000 0.000000 0.000000 0.000000 0.000000
-520.020000 221.000000 3.141593 0.000000 0.000000 0.000000 0.000000 0.000000
-520.020000 221.000000 3.141593 0.000000 0.000000 0.000000 0.000000 0.000000
-520.020000 221.000000 3.141593 0.000000 0.000000 0.000000 0.000000 0.000000
-520.020000 221.000000 3.141593 0.000000 0.000000 0.000000 0.000000 0.000000
-520.020000 221.000000 3.141593 0.000000 0.000000 0.000000 0.000000 0.000000
-520.020000 221.000000 3.141593 0.000000 0.000000 0.000000 0.000000 0.000000
-520.020000 221.000000 3.141593 0.000000 0.000000 0.000000 0.000000 0.000000
-520.020000 221.000000 3.141593 0.000000 0.000000 0.000000 0.000000 0.000000
-520.020000 221.000000 3.141593 0.000000 0.000000 0.000000 0.000000 0.000000
-520.020000 221.000000 3.141593 0.000000 0.000000 0.000000 0.000000 0.000000
-520.020000 221.000000 3.141593 0.000000 0.000000 0.000000 0.000000 0.000000
-520.020000 221.000000 3.141593 0.000000 0.000000 0.000000 0.000000 0.000000
-520.020000 221.000000 3.141593 0.000000 0.000000 0.000000 0.000000 0.000000
-520.020000 221.000000 3.141593 0.000000 0.000000 0.000000 0.000000 0.000000
-520.020000 221.000000 3.141593 0.000000 0.000000 0.000000 0.000000 0.000000
-520.020000 221.000000 3.141593 0.000000 0.000000 0.000000 0.000000 0.000000
-520.020000 221.000000 3.141593 0.000000 0.000000 0.000000 0.000000 0.000000
-520.020000 221.000000 3.141593 0.000000 0.000000 0.000000 0.000000 0.000000
-520.020000 221.000000 3.141593 0.000000 0.000000 0.000000 0.000000 0.000000
-520.020000 221.000000 3.141593 0.000000 0.000000 0.000000 0.000000 0.000000
-520.020000 221.000000 3.141593 0.000000 0.000000 0.000000 0.000000 0.000000
-520.020000 221.000000 3.141593 0.000000 0.000000 0.000000 0.000000 0.000000
-520.020000 221.000000 3.141593 0.000000 0.000000 0.000000 0.000000 0.000000
-520.020000 221.000000 3.141593 0.000000 0.000000 0.000000 0.000000 0.000000
-520.020000 221.000000 3.141593 0.000000 0.000000 0.000000 0.000000 0.000000
-520.020000 221.000000 3.141593 0.000000 0.000000 0.000000 0.000000 0.000000
-520.020000 221.000000 3.141593 0.000000 0.000000 0.000000 0.000000 0.000000
-520.020000 221.000000 3.141593 0.000000 0.000000 0.000000 0.000000 0.000000
-520.020000 221.000000 3.141593 0.000000 0.000000 0.000000 0.000000 0.000000
-520.020000 221.000000 3.141593 0.000000 0.000000 0.000000 0.000000 0.000000
-520.020000 221.000000 3.141593 0.000000 0.000000 0.000000 0.000000 0.000000
-520.020000 221.000000 3.141593 0.000000 0.000000 0.000000 0.000000 0.000000
-520.020000 221.000000 3.141593 0.000000 0.000000 0.000000 0.000000 0.000000
-520.020000 221.000000 3.141593 0.000000 0.000000 0.000000 0.000000 0.000000
-520.020000 221.000000 3.141593 0.000000 0.000000 0.000000 0.000000 0.000000
-520.020000 221.000000 3.141593 0.000000 0.000000 0.000000 0.000000 0.000000
-520.020000 221.000000 3.141593 0.000000 0.000000 0.000000 0.000000 0.000000
-520.020000 221.000000 3.141593 0.000000 0.000000 0.000000 0.000000 0.000000
-520.020000 221.000000 3.141593 0.000000 0.000000 0.000000 0.000000 0.000000
-520.020000 221.000000 3.141593 0.000000 0.000000 0.000000 0.000000 0.000000
-520.020000 221.000000 3.141593 0.000000 0.000000 0.000000 0.000000 0.000000
-520.020000 221.000000 3.141593 0.000000 0.000000 0.000000 0.000000 0.000000
-520.020000 221.000000 3.141593 0.000000 0.000000 0.000000 0.000000 0.000000
-520.020000 221.000000 3.141593 0.000000 0.000000 0.000000 0.000000 0.000000
-520.020000 221.000000 3.141593 0.000000 0.000000 0.000000 0.000000 0.000000
-520.020000 221.000000 3.141593 0.000000 0.000000 0.000000 0.000000 0.000000
-520.020000 221.000000 3.141593 0.000000 0.000000 0.000000 0.000000 0.000000
-520.020000 221.000000 3.141593 0.000000 0.000000 0.000000 0.000000 0.000000
-520.020000 221.000000 3.141593 0.000000 0.000000 0.000000 0.000000 0.000000
-520.020000 221.000000 3.141593 0.000000 0.000000 0.000000 0.000000 0.000000
-520.020000 221.000000 3.141593 0.000000 0.000000 0.000000 0.000000 0.000000
-520.020000 221.000000 3.141593 0.000000 0.000000 0.000000 0.000000 0.000000
-520.020000 221.000000 3.141593 0.000000 0.000000 0.000000 0.000000 0.000000
-520.020000 221.000000 3.141593 0.000000 0.000000 0.000000 0.000000 0.000000
-520.020000 221.000000 3.141593 0.000000 0.000000 0.000000 0.000000 0.000000
-520.020000 221.000000 3.141593 0.000000 0.000000 0.000000 0.000000 0.000000
-520.020000 221.000000 3.141593 0.000000 0.000000 0.000000 0.000000 0.000000
-520.020000 221.000000 3.141593 0.000000 0.000000 0.000000 0.000000 0.000000
-520.020000 221.000000 3.141593 0.000000 0.000000 0.000000 0.000000 0.000000
-520.020000 221.000000 3.141593 0.000000 0.000000 0.000000 0.000000 0.000000
-520.020000 221.000000 3.141593 0.000000 0.000000 0.000000 0.000000 0.000000
-520.020000 221.000000 3.141593 0.000000 0.000000 0.000000 0.000000 0.000000
-520.020000 221.000000 3.141593 0.000000 0.000000 0.000000 0.000000 0.000000
-520.020000 221.000000 3.141593 0.000000 0.000000 0.000000 0.000000 0.000000
-520.020000 221.000000 3.141593 0.000000 0.000000 0.000000 0.000000 0.000000
-520.020000 221.000000 3.141593 0.000000 0.000000 0.000000 0.000000 0.000000
-520.020000 221.000000 3.141593 0.000000 0.000000 0.000000 0.000000 0.000000
-520.020000 221.000000 3.141593 0.000000 0.000000 0.000000 0.000000 0.000000
-520.020000 221.000000 3.141593 0.000000 0.000000 0.000000 0.000000 0.000000
-520.020000 221.000000 3.141593 0.000000 0.000000 0.000000 0.000000 0.000000
-520.020000 221.000000 3.141593 0.000000 0.000000 0.000000 0.000000 0.000000
-520.020000 221.000000 3.141593 0.000000 0.000000 0.000000 0.000000 0.000000
-520.020000 221.000000 3.141593 0.000000 0.000000 0.000000 0.000000 0.000000
-520.020000 221.000000 3.141593 0.000000 0.000000 0.000000 0.000000 0.000000
-520.020000 221.000000 3.141593 0.000000 0.000000 0.000000 0.000000 0.000000
-520.020000 221.000000 3.141593 0.000000 0.000000 0.000000 0.000000 0.000000
-520.020000 221.000000 3.141593 0.000000 0.000000 0.000000 0.000000 0.000000
-520.020000 221.000000 3.141593 0.000000 0.000000 0.000000 0.000000 0.000000
-520.020000 221.000000 3.141593 0.000000 0.000000 0.000000 0.000000 0.000000
-520.020000 221.000000 3.141593 0.000000 0.000000 0.000000 0.000000 0.000000
-520.020000 221.000000 3.141593 0.000000 0.000000 0.000000 0.000000 0.000000
-520.020000 221.000000 3.141593 0.000000 0.000000 0.000000 0.000000 0.000000
-520.020000 221.000000 3.141593 0.000000 0.000000 0.000000 0.000000 0.000000
-520.020000 221.000000 3.141593 0.000000 0.000000 0.000000 0.000000 0.000000
-520.020000 221.000000 3.141593 0.000000 0.000000 0.000000 0.000000 0.000000
-520.020000 221.000000 3.141593 0.000000 0.000000 0.000000 0.000000 0.000000
-520.020000 221.000000 3.141593 0.000000 0.000000 0.000000 0.000000 0.000000
-520.020000 221.000000 3.141593 0.000000 0.000000 0.000000 0.000000 0.000000
-520.020000 221.000000 3.141593 0.000000 0.000000 0.000000 0.000000 0.000000
-520.020000 221.000000 3.141593 0.000000 0.000000 0.000000 0.000000 0.000000
-520.020000 221.000000 3.141593 0.000000 0.000000 0.000000 0.000000 0.000000
-520.020000 221.000000 3.141593 0.000000 0.000000 0.000000 0.000000 0.000000
-520.020000 221.000000 3.141593 0.000000 0.000000 0.000000 0.000000 0.000000
-520.020000 221.000000 3.141593 0.000000 0.000000 0.000000 0.000000 0.000000
-520.020000 221.000000 3.141593 0.000000 0.000000 0.000000 0.000000 0.000000
-520.020000 221.000000 3.141593 0.000000 0.000000 0.000000 0.000000 0.000000
-520.020000 221.000000 3.141593 0.000000 0.000000 0.000000 0.000000 0.000000
-520.020000 221.000000 3.141593 0.000000 0.000000 0.000000 0.000000 0.000000
-520.020000 221.000000 3.141593 0.000000 0.000000 0.000000 0.000000 0.000000
-520.020000 221.000000 3.141593 0.000000 0.000000 0.000000 0.000000 0.000000
-520.020000 221.000000 3.141593 0.000000 0.000000 0.000000 0.000000 0.000000
-520.020000 221.000000 3.141593 0.000000 0.000000 0.000000 0.000000 0.000000
-520.020000 221.000000 3.141593 0.000000 0.000000 0.000000 0.000000 0.000000
-520.020000 221.000000 3.141593 0.000000 0.000000 0.000000 0.000000 0.000000
-520.020000 221.000000 3.141593 0.000000 0.000000 0.000000 0.000000 0.000000
-520.020000 221.000000 3.141593 0.000000 0.000000 0.000000 0.000000 0.000000
-520.020000 221.000000 3.141593 0.000000 0.000000 0.000000 0.000000 0.000000
-520.020000 221.000000 3.141593 0.000000 0.000000 0.000000 0.000000 0.000000
-520.020000 221.000000 3.141593 0.000000 0.000000 0.000000 0.000000 0.000000
-520.020000 221.000000 3.141593 0.000000 0.000000 0.000000 0.000000 0.000000
-520.020000 221.000000 3.141593 0.000000 0.000000 0.000000 0.000000 0.000000
-520.020000 221.000000 3.141593 0.000000 0.000000 0.000000 0.000000 0.000000
-520.020000 221.000000 3.141593 0.000000 0.000000 0.000000 0.000000 0.000000
-520.020000 221.000000 3.141593 0.000000 0.000000 0.000000 0.000000 0.000000
-520.020000 221.000000 3.141593 0.000000 0.000000 0.000000 0.000000 0.000000
-520.020000 221.000000 3.141593 0.000000 0.000000 0.000000 0.000000 0.000000
-520.020000 221.000000 3.141593 0.000000 0.000000 0.000000 0.000000 0.000000
-520.020000 221.000000 3.141593 0.000000 0.000000 0.000000 0.000000 0.000000
-520.020000 221.000000 3.141593 0.000000 0.000000 0.000000 0.000000 0.000000
-520.020000 221.000000 3.141593 0.000000 0.000000 0.000000 0.000000 0.000000
-520.020000 221.000000 3.141593 0.000000 0.000000 0.000000 0.000000 0.000000
-520.020000 221.000000 3.141593 0.000000 0.000000 0.000000 0.000000 0.000000
-520.020000 221.000000 3.141593 0.000000 0.000000 0.000000 0.000000 0.000000
-520.020000 221.000000 3.141593 0.000000 0.000000 0.000000 0.000000 0.000000
-520.020000 221.000000 3.141593 0.000000 0.000000 0.000000 0.000000 0.000000
-520.020000 221.000000 3.141593 0.000000 0.000000 0.000000 0.000000 0.000000
-520.020000 221.000000 3.141593 0.000000 0.000000 0.000000 0.000000 0.000000
-520.020000 221.000000 3.141593 0.000000 0.000000 0.000000 0.000000 0.000000
-520.020000 221.000000 3.141593 0.000000 0.000000 0.000000 0.000000 0.000000
-520.020000 221.000000 3.141593 0.000000 0.000000 0.000000 0.000000 0.000000
-520.020000 221.000000 3.141593 0.000000 0.000000 0.000000 0.000000 0.000000
-520.020000 221.000000 3.141593 0.000000 0.000000 0.000000 0.000000 0.000000
-520.020000 221.000000 3.141593 0.000000 0.000000 0.000000 0.000000 0.000000
-520.020000 221.000000 3.141593 0.000000 0.000000 0.000000 0.000000 0.000000
-520.020000 221.000000 3.141593 0.000000 0.000000 0.000000 0.000000 0.000000
-520.020000 221.000000 3.141593 0.000000 0.000000 0.000000 0.000000 0.000000
-520.020000 221.000000 3.141593 0.000000 0.000000 0.000000 0.000000 0.000000
-520.020000 221.000000 3.141593 0.000000 0.000000 0.000000 0.000000 0.000000
-520.020000 221.000000 3.141593 0.000000 0.000000 0.000000 0.000000 0.000000
-520.020000 221.000000 3.141593 0.000000 0.000000 0.000000 0.000000 0.000000
-520.020000 221.000000 3.141593 0.000000 0.000000 0.000000 0.000000 0.000000
-520.020000 221.000000 3.141593 0.000000 0.000000 0.000000 0.000000 0.000000
-520.020000 221.000000 3.141593 0.000000 0.000000 0.000000 0.000000 0.000000
-520.020000 221.000000 3.141593 0.000000 0.000000 0.000000 0.000000 0.000000
-520.020000 221.000000 3.141593 0.000000 0.000000 0.000000 0.000000 0.000000
-520.020000 221.000000 3.141593 0.000000 0.000000 0.000000 0.000000 0.000000
-520.020000 221.000000 3.141593 0.000000 0.000000 0.000000 0.000000 0.000000
-520.020000 221.000000 3.141593 0.000000 0.000000 0.000000 0.000000 0.000000
-520.020000 221.000000 3.141593 0.000000 0.000000 0.000000 0.000000 0.000000
-520.020000 221.000000 3.141593 0.000000 0.000000 0.000000 0.000000 0.000000
-520.020000 221.000000 3.141593 0.000000 0.000000 0.000000 0.000000 0.000000
-520.020000 221.000000 3.141593 0.000000 0.000000 0.000000 0.000000 0.000000
-520.020000 221.000000 3.141593 0.000000 0.000000 0.000000 0.000000 0.000000
-520.020000 221.000000 3.141593 0.000000 0.000000 0.000000 0.000000 0.000000
-520.020000 221.000000 3.141593 0.000000 0.000000 0.000000 0.000000 0.000000
-520.020000 221.000000 3.141593 0.000000 0.000000 0.000000 0.000000 0.000000
-520.020000 221.000000 3.141593 0.000000 0.000000 0.000000 0.000000 0.000000
-520.020000 221.000000 3.141593 0.000000 0.000000 0.000000 0.000000 0.000000
-520.020000 221.000000 3.141593 0.000000 0.000000 0.000000 0.000000 0.000000
-520.020000 221.000000 3.141593 0.000000 0.000000 0.000000 0.000000 0.000000
-520.020000 221.000000 3.141593 0.000000 0.000000 0.000000 0.000000 0.000000
-520.020000 221.000000 3.141593 0.000000 0.000000 0.000000 0.000000 0.000000
-520.020000 221.000000 3.141593 0.000000 0.000000 0.000000 0.000000 0.000000
-520.020000 221.000000 3.141593 0.000000 0.000000 0.000000 0.000000 0.000000
-520.020000 221.000000 3.141593 0.000000 0.000000 0.000000 0.000000 0.000000
-520.020000 221.000000 3.141593 0.000000 0.000000 0.000000 0.000000 0.000000
-520.020000 221.000000 3.141593 0.000000 0.000000 0.000000 0.000000 0.000000
-520.020000 221.000000 3.141593 0.000000 0.000000 0.000000 0.000000 0.000000
-520.020000 221.000000 3.141593 0.000000 0.000000 0.000000 0.000000 0.000000
-520.020000 221.000000 3.141593 0.000000 0.000000 0.000000 0.000000 0.000000
-520.020000 221.000000 3.141593 0.000000 0.000000 0.000000 0.000000 0.000000
-520.020000 221.000000 3.141593 0.000000 0.000000 0.000000 0.000000 0.000000
-520.020000 221.000000 3.141593 0.000000 0.000000 0.000000 0.000000 0.000000
-520.020000 221.000000 3.141593 0.000000 0.000000 0.000000 0.000000 0.000000
-520.020000 221.000000 3.141593 0.000000 0.000000 0.000000 0.000000 0.000000
-520.020000 221.000000 3.141593 0.000000 0.000000 0.000000 0.000000 0.000000
-520.020000 221.000000 3.141593 0.000000 0.000000 0.000000 0.000000 0.000000
-520.020000 221.000000 3.141593 0.000000 0.000000 0.000000 0.000000 0.000000
-520.020000 221.000000 3.141593 0.000000 0.000000 0.000000 0.000000 0.000000
-520.020000 221.000000 3.141593 0.000000 0.000000 0.000000 0.000000 0.000000
-520.020000 221.000000 3.141593 0.000000 0.000000 0.000000 0.000000 0.000000
-520.020000 221.000000 3.141593 0.000000 0.000000 0.000000 0.000000 0.000000
-520.020000 221.000000 3.141593 0.000000 0.000000 0.000000 0.000000 0.000000
-520.020000 221.000000 3.141593 0.000000 0.000000 0.000000 0.000000 0.000000
-520.020000 221.000000 3.141593 0.000000 0.000000 0.000000 0.000000 0.000000
-520.020000 221.000000 3.141593 0.000000 0.000000 0.000000 0.000000 0.000000
-520.020000 221.000000 3.141593 0.000000 0.000000 0.000000 0.000000 0.000000
-520.020000 221.000000 3.141593 0.000000 0.000000 0.000000 0.000000 0.000000
-520.020000 221.000000 3.141593 0.000000 0.000000 0.000000 0.000000 0.000000
-520.020000 221.000000 3.141593 0.000000 0.000000 0.000000 0.000000 0.000000
-520.020000 221.000000 3.141593 0.000000 0.000000 0.000000 0.000000 0.000000
-520.020000 221.000000 3.141593 0.000000 0.000000 0.000000 0.000000 0.000000
-520.020000 221.000000 3.141593 0.000000 0.000000 0.000000 0.000000 0.000000
-520.020000 221.000000 3.141593 0.000000 0.000000 0.000000 0.000000 0.000000
-520.020000 221.000000 3.141593 0.000000 0.000000 0.000000 0.000000 0.000000
-520.020000 221.000000 3.141593 0.000000 0.000000 0.000000 0.000000 0.000000
-520.020000 221.000000 3.141593 0.000000 0.000000 0.000000 0.000000 0.000000
-520.020000 221.000000 3.141593 0.000000 0.000000 0.000000 0.000000 0.000000
-520.020000 221.000000 3.141593 0.000000 0.000000 0.000000 0.000000 0.000000
-520.020000 221.000000 3.141593 0.000000 0.000000 0.000000 0.000000 0.000000
-520.020000 221.000000 3.141593 0.000000 0.000000 0.000000 0.000000 0.000000
-520.020000 221.000000 3.141593 0.000000 0.000000 0.000000 0.000000 0.000000
-520.020000 221.000000 3.141593 0.000000 0.000000 0.000000 0.000000 0.000000
-520.020000 221.000000 3.141593 0.000000 0.000000 0.000000 0.000000 0.000000
-520.020000 221.000000 3.141593 0.000000 0.000000 0.000000 0.000000 0.000000
-520.020000 221.000000 3.141593 0.000000 0.000000 0.000000 0.000000 0.000000
-520.020000 221.000000 3.141593 0.000000 0.000000 0.000000 0.000000 0.000000
-520.020000 221.000000 3.141593 0.000000 0.000000 0.000000 0.000000 0.000000
-520.020000 221.000000 3.141593 0.000000 0.000000 0.000000 0.000000 0.000000
-520.020000 221.000000 3.141593 0.000000 0.000000 0.000000 0.000000 0.000000
-520.020000 221.000000 3.141593 0.000000 0.000000 0.000000 0.000000 0.000000
-520.020000 221.000000 3.141593 0.000000 0.000000 0.000000 0.000000 0.000000
-520.020000 221.000000 3.141593 0.000000 0.000000 0.000000 0.000000 0.000000
-520.020000 221.000000 3.141593 0.000000 0.000000 0.000000 0.000000 0.000000
-520.020000 221.000000 3.141593 0.000000 0.000000 0.000000 0.000000 0.000000
-520.020000 221.000000 3.141593 0.000000 0.000000 0.000000 0.000000 0.000000
-520.020000 221.000000 3.141593 0.000000 0.000000 0.000000 0.000000 0.000000
-520.020000 221.000000 3.141593 0.000000 0.000000 0.000000 0.000000 0.000000
-520.020000 221.000000 3.141593 0.000000 0.000000 0.000000 0.000000 0.000000
-520.020000 221.000000 3.141593 0.000000 0.000000 0.000000 0.000000 0.000000
-520.020000 221.000000 3.141593 0.000000 0.000000 0.000000 0.000000 0.000000
-520.020000 221.000000 3.141593 0.000000 0.000000 0.000000 0.000000 0.000000
-520.020000 221.000000 3.141593 0.000000 0.000000 0.000000 0.000000 0.000000
-520.020000 221.000000 3.141593 0.000000 0.000000 0.000000 0.000000 0.000000
-520.020000 221.000000 3.141593 0.000000 0.000000 0.000000 0.000000 0.000000
-520.020000 221.000000 3.141593 0.000000 0.000000 0.000000 0.000000 0.000000
-520.020000 221.000000 3.141593 0.000000 0.000000 0.000000 0.000000 0.000000
-520.020000 221.000000 3.141593 0.000000 0.000000 0.000000 0.000000 0.000000
-520.020000 221.000000 3.141593 0.000000 0.000000 0.000000 0.000000 0.000000
-520.020000 221.000000 3.141593 0.000000 0.000000 0.000000 0.000000 0.000000
-520.020000 221.000000 3.141593 0.000000 0.000000 0.000000 0.000000 0.000000
-520.020000 221.000000 3.141593 0.000000 0.000000 0.000000 0.000000 0.000000
-520.020000 221.000000 3.141593 0.000000 0.000000 0.000000 0.000000 0.000000
-520.020000 221.000000 3.141593 0.000000 0.000000 0.000000 0.000000 0.000000
-520.020000 221.000000 3.141593 0.000000 0.000000 0.000000 0.000000 0.000000
-520.020000 221.000000 3.141593 0.000000 0.000000 0.000000 0.000000 0.000000
-520.020000 221.000000 3.141593 0.000000 0.000000 0.000000 0.000000 0.000000
-520.020000 221.000000 3.141593 0.000000 0.000000 0.000000 0.000000 0.000000
-520.020000 221.000000 3.141593 0.000000 0.000000 0.000000 0.000000 0.000000
-520.020000 221.000000 3.141593 0.000000 0.000000 0.000000 0.000000 0.000000
-520.020000 221.000000 3.141593 0.000000 0.000000 0.000000 0.000000 0.000000
-520.020000 221.000000 3.141593 0.000000 0.000000 0.000000 0.000000 0.000000
-520.020000 221.000000 3.141593 0.000000 0.000000 0.000000 0.000000 0.000000
-520.020000 221.000000 3.141593 0.000000 0.000000 0.000000 0.000000 0.000000
-520.020000 221.000000 3.141593 0.000000 0.000000 0.000000 0.000000 0.000000
-520.020000 221.000000 3.141593 0.000000 0.000000 0.000000 0.000000 0.000000
-520.020000 221.000000 3.141593 0.000000 0.000000 0.000000 0.000000 0.000000
-520.020000 221.000000 3.141593 0.000000 0.000000 0.000000 0.000000 0.000000
-520.020000 221.000000 3.141593 0.000000 0.000000 0.000000 0.000000 0.000000
-520.020000 221.000000 3.141593 0.000000 0.000000 0.000000 0.000000 0.000000
-520.020000 221.000000 3.141593 0.000000 0.000000 0.000000 0.000000 0.000000
-520.020000 221.000000 3.141593 0.000000 0.000000 0.000000 0.000000 0.000000
-520.020000 221.000000 3.141593 0.000000 0.000000 0.000000 0.000000 0.000000
-520.020000 221.000000 3.141593 0.000000 0.000000 0.000000 0.000000 0.000000
-520.020000 221.000000 3.141593 0.000000 0.000000 0.000000 0.000000 0.000000
-520.020000 221.000000 3.141593 0.000000 0.000000 0.000000 0.000000 0.000000
-520.020000 221.000000 3.141593 0.000000 0.000000 0.000000 0.000000 0.000000
-520.020000 221.000000 3.141593 0.000000 0.000000 0.000000 0.000000 0.000000
-520.020000 221.000000 3.141593 0.000000 0.000000 0.000000 0.000000 0.000000
-520.020000 221.000000 3.141593 0.000000 0.000000 0.000000 0.000000 0.000000
-520.020000 221.000000 3.141593 0.000000 0.000000 0.000000 0.000000 0.000000
-520.020000 221.000000 3.141593 0.000000 0.000000 0.000000 0.000000 0.000000
-520.020000 221.000000 3.141593 0.000000 0.000000 0.000000 0.000000 0.000000
-520.020000 221.000000 3.141593 0.000000 0.000000 0.000000 0.000000 0.000000
-520.020000 221.000000 3.141593 0.000000 0.000000 0.000000 0.000000 0.000000
-520.020000 221.000000 3.141593 0.000000 0.000000 0.000000 0.000000 0.000000
-520.020000 221.000000 3.141593 0.000000 0.000000 0.000000 0.000000 0.000000
-520.020000 221.000000 3.141593 0.000000 0.000000 0.000000 0.000000 0.000000
-520.020000 221.000000 3.141593 0.000000 0.000000 0.000000 0.000000 0.000000
-520.020000 221.000000 3.141593 0.000000 0.000000 0.000000 0.000000 0.000000
-520.020000 221.000000 3.141593 0.000000 0.000000 0.000000 0.000000 0.000000
-520.020000 221.000000 3.141593 0.000000 0.000000 0.000000 0.000000 0.000000
-520.020000 221.000000 3.141593 0.000000 0.000000 0.000000 0.000000 0.000000
-520.020000 221.000000 3.141593 0.000000 0.000000 0.000000 0.000000 0.000000
-520.020000 221.000000 3.141593 0.000000 0.000000 0.000000 0.000000 0.000000
-520.020000 221.000000 3.141593 0.000000 0.000000 0.000000 0.000000 0.000000
-520.020000 221.000000 3.141593 0.000000 0.000000 0.000000 0.000000 0.000000
-520.020000 221.000000 3.141593 0.000000 0.000000 0.000000 0.000000 0.000000
-520.020000 221.000000 3.141593 0.000000 0.000000 0.000000 0.000000 0.000000
-520.020000 221.000000 3.141593 0.000000 0.000000 0.000000 0.000000 0.000000
-520.020000 221.000000 3.141593 0.000000 0.000000 0.000000 0.000000 0.000000
-520.020000 221.000000 3.141593 0.000000 0.000000 0.000000 0.000000 0.000000
-520.020000 221.000000 3.141593 0.000000 0.000000 0.000000 0.000000 0.000000
-520.020000 221.000000 3.141593 0.000000 0.000000 0.000000 0.000000 0.000000
-520.020000 221.000000 3.141593 0.000000 0.000000 0.000000 0.000000 0.000000
-520.020000 221.000000 3.141593 0.000000 0.000000 0.000000 0.000000 0.000000
-520.020000 221.000000 3.141593 0.000000 0.000000 0.000000 0.000000 0.000000
-520.020000 221.000000 3.141593 0.000000 0.000000 0.000000 0.000000 0.000000
-520.020000 221.000000 3.141593 0.000000 0.000000 0.000000 0.000000 0.000000
-520.020000 221.000000 3.141593 0.000000 0.000000 0.000000 0.000000 0.000000
-520.020000 221.000000 3.141593 0.000000 0.000000 0.000000 0.000000 0.000000
-520.020000 221.000000 3.141593 0.000000 0.000000 0.000000 0.000000 0.000000
-520.020000 221.000000 3.141593 0.000000 0.000000 0.000000 0.000000 0.000000
-520.020000 221.000000 3.141593 0.000000 0.000000 0.000000 0.000000 0.000000
-520.020000 221.000000 3.141593 0.000000 0.000000 0.000000 0.000000 0.000000
-520.020000 221.000000 3.141593 0.000000 0.000000 0.000000 0.000000 0.000000
-520.020000 221.000000 3.141593 0.000000 0.000000 0.000000 0.000000 0.000000
-520.020000 221.000000 3.141593 0.000000 0.000000 0.000000 0.000000 0.000000
-520.020000 221.000000 3.141593 0.000000 0.000000 0.000000 0.000000 0.000000
-520.020000 221.000000 3.141593 0.000000 0.000000 0.000000 0.000000 0.000000
-520.020000 221.000000 3.141593 0.000000 0.000000 0.000000 0.000000 0.000000
-520.020000 221.000000 3.141593 0.000000 0.000000 0.000000 0.000000 0.000000
-520.020000 221.000000 3.141593 0.000000 0.000000 0.000000 0.000000 0.000000
-520.020000 221.000000 3.141593 0.000000 0.000000 0.000000 0.000000 0.000000
-520.020000 221.000000 3.141593 0.000000 0.000000 0.000000 0.000000 0.000000
-520.020000 221.000000 3.141593 0.000000 0.000000 0.000000 0.000000 0.000000
-520.020000 221.000000 3.141593 0.000000 0.000000 0.000000 0.000000 0.000000
-520.020000 221.000000 3.141593 0.000000 0.000000 0.000000 0.000000 0.000000
-520.020000 221.000000 3.141593 0.000000 0.000000 0.000000 0.000000 0.000000
-520.020000 221.000000 3.141593 0.000000 0.000000 0.000000 0.000000 0.000000
-520.020000 221.000000 3.141593 0.000000 0.000000 0.000000 0.000000 0.000000
-520.020000 221.000000 3.141593 0.000000 0.000000 0.000000 0.000000 0.000000
-520.020000 221.000000 3.141593 0.000000 0.000000 0.000000 0.000000 0.000000
-520.020000 221.000000 3.141593 0.000000 0.000000 0.000000 0.000000 0.000000
-520.020000 221.000000 3.141593 0.000000 0.000000 0.000000 0.000000 0.000000
-520.020000 221.000000 3.141593 0.000000 0.000000 0.000000 0.000000 0.000000
-520.020000 221.000000 3.141593 0.000000 0.000000 0.000000 0.000000 0.000000
-520.020000 221.000000 3.141593 0.000000 0.000000 0.000000 0.000000 0.000000
-520.020000 221.000000 3.141593 0.000000 0.000000 0.000000 0.000000 0.000000
-520.020000 221.000000 3.141593 0.000000 0.000000 0.000000 0.000000 0.000000
-520.020000 221.000000 3.141593 0.000000 0.000000 0.000000 0.000000 0.000000
-520.020000 221.000000 3.141593 0.000000 0.000000 0.000000 0.000000 0.000000
-520.020000 221.000000 3.141593 0.000000 0.000000 0.000000 0.000000 0.000000
-520.020000 221.000000 3.141593 0.000000 0.000000 0.000000 0.000000 0.000000
-520.020000 221.000000 3.141593 0.000000 0.000000 0.000000 0.000000 0.000000
-520.020000 221.000000 3.141593 0.000000 0.000000 0.000000 0.000000 0.000000
-520.020000 221.000000 3.141593 0.000000 0.000000 0.000000 0.000000 0.000000
-520.020000 221.000000 3.141593 0.000000 0.000000 0.000000 0.000000 0.000000
-520.020000 221.000000 3.141593 0.000000 0.000000 0.000000 0.000000 0.000000
-520.020000 221.000000 3.141593 0.000000 0.000000 0.000000 0.000000 0.000000
-520.020000 221.000000 3.141593 0.000000 0.000000 0.000000 0.000000 0.000000
-520.020000 221.000000 3.141593 0.000000 0.000000 0.000000 0.000000 0.000000
-520.020000 221.000000 3.141593 0.000000 0.000000 0.000000 0.000000 0.000000
-520.020000 221.000000 3.141593 0.000000 0.000000 0.000000 0.000000 0.000000
-520.020000 221.000000 3.141593 0.000000 0.000000 0.000000 0.000000 0.000000
-520.020000 221.000000 3.141593 0.000000 0.000000 0.000000 0.000000 0.000000
-520.020000 221.000000 3.141593 0.000000 0.000000 0.000000 0.000000 0.000000
-520.020000 221.000000 3.141593 0.000000 0.000000 0.000000 0.000000 0.000000
-520.020000 221.000000 3.141593 0.000000 0.000000 0.000000 0.000000 0.000000
-520.020000 221.000000 3.141593 0.000000 0.000000 0.000000 0.000000 0.000000
-520.020000 221.000000 3.141593 0.000000 0.000000 0.000000 0.000000 0.000000
-520.020000 221.000000 3.141593 0.000000 0.000000 0.000000 0.000000 0.000000
-520.020000 221.000000 3.141593 0.000000 0.000000 0.000000 0.000000 0.000000
-520.020000 221.000000 3.141593 0.000000 0.000000 0.000000 0.000000 0.000000
-520.020000 221.000000 3.141593 0.000000 0.000000 0.000000 0.000000 0.000000
-520.020000 221.000000 3.141593 0.000000 0.000000 0.000000 0.000000 0.000000
-520.020000 221.000000 3.141593 0.000000 0.000000 0.000000 0.000000 0.000000
-520.020000 221.000000 3.141593 0.000000 0.000000 0.000000 0.000000 0.000000
-520.020000 221.000000 3.141593 0.000000 0.000000 0.000000 0.000000 0.000000
-520.020000 221.000000 3.141593 0.000000 0.000000 0.000000 0.000000 0.000000
-520.020000 221.000000 3.141593 0.000000 0.000000 0.000000 0.000000 0.000000
-520.020000 221.000000 3.141593 0.000000 0.000000 0.000000 0.000000 0.000000
-520.020000 221.000000 3.141593 0.000000 0.000000 0.000000 0.000000 0.000000
-520.020000 221.000000 3.141593 0.000000 0.000000 0.000000 0.000000 0.000000
-520.020000 221.000000 3.141593 0.000000 0.000000 0.000000 0.000000 0.000000
-520.020000 221.000000 3.141593 0.000000 0.000000 0.000000 0.000000 0.000000
-520.020000 221.000000 3.141593 0.000000 0.000000 0.000000 0.000000 0.000000
-520.020000 221.000000 3.141593 0.000000 0.000000 0.000000 0.000000 0.000000
-520.020000 221.000000 3.141593 0.000000 0.000000 0.000000 0.000000 0.000000
-520.020000 221.000000 3.141593 0.000000 0.000000 0.000000 0.000000 0.000000
-520.020000 221.000000 3.141593 0.000000 0.000000 0.000000 0.000000 0.000000
-520.020000 221.000000 3.141593 0.000000 0.000000 0.000000 0.000000 0.000000
-520.020000 221.000000 3.141593 0.000000 0.000000 0.000000 0.000000 0.000000
-520.020000 221.000000 3.141593 0.000000 0.000000 0.000000 0.000000 0.000000
-520.020000 221.000000 3.141593 0.000000 0.000000 0.000000 0.000000 0.000000
-520.020000 221.000000 3.141593 0.000000 0.000000 0.000000 0.000000 0.000000
-520.020000 221.000000 3.141593 0.000000 0.000000 0.000000 0.000000 0.000000
-520.020000 221.000000 3.141593 0.000000 0.000000 0.000000 0.000000 0.000000
-520.020000 221.000000 3.141593 0.000000 0.000000 0.000000 0.000000 0.000000
-520.020000 221.000000 3.141593 0.000000 0.000000 0.000000 0.000000 0.000000
-520.020000 221.000000 3.141593 0.000000 0.000000 0.000000 0.000000 0.000000
-520.020000 221.000000 3.141593 0.000000 0.000000 0.000000 0.000000 0.000000
-520.020000 221.000000 3.141593 0.000000 0.000000 0.000000 0.000000 0.000000
-520.020000 221.000000 3.141593 0.000000 0.000000 0.000000 0.000000 0.000000
-520.020000 221.000000 3.141593 0.000000 0.000000 0.000000 0.000000 0.000000
-520.020000 221.000000 3.141593 0.000000 0.000000 0.000000 0.000000 0.000000
-520.020000 221.000000 3.141593 0.000000 0.000000 0.000000 0.000000 0.000000
-520.020000 221.000000 3.141593 0.000000 0.000000 0.000000 0.000000 0.000000
-520.020000 221.000000 3.141593 0.000000 0.000000 0.000000 0.000000 0.000000
-520.020000 221.000000 3.141593 0.000000 0.000000 0.000000 0.000000 0.000000
-520.020000 221.000000 3.141593 0.000000 0.000000 0.000000 0.000000 0.000000
-520.020000 221.000000 3.141593 0.000000 0.000000 0.000000 0.000000 0.000000
-520.020000 221.000000 3.141593 0.000000 0.000000 0.000000 0.000000 0.000000
-520.020000 221.000000 3.141593 0.000000 0.000000 0.000000 0.000000 0.000000
-520.020000 221.000000 3.141593 0.000000 0.000000 0.000000 0.000000 0.000000
-520.020000 221.000000 3.141593 0.000000 0.000000 0.000000 0.000000 0.000000
-520.020000 221.000000 3.141593 0.000000 0.000000 0.000000 0.000000 0.000000
-520.020000 221.000000 3.141593 0.000000 0.000000 0.000000 0.000000 0.000000
-520.020000 221.000000 3.141593 0.000000 0.000000 0.000000 0.000000 0.000000
-520.020000 221.000000 3.141593 0.000000 0.000000 0.000000 0.000000 0.000000
-520.020000 221.000000 3.141593 0.000000 0.000000 0.000000 0.000000 0.000000
-520.020000 221.000000 3.141593 0.000000 0.000000 0.000000 0.000000 0.000000
-520.020000 221.000000 3.141593 0.000000 0.000000 0.000000 0.000000 0.000000
-520.020000 221.000000 3.141593 0.000000 0.000000 0.000000 0.000000 0.000000
-520.020000 221.000000 3.141593 0.000000 0.000000 0.000000 0.000000 0.000000
-520.020000 221.000000 3.141593 0.000000 0.000000 0.000000 0.000000 0.000000
-520.020000 221.000000 3.141593 0.000000 0.000000 0.000000 0.000000 0.000000
-520.020000 221.000000 3.141593 0.000000 0.000000 0.000000 0.000000 0.000000
-520.020000 221.000000 3.141593 0.000000 0.000000 0.000000 0.000000 0.000000
-520.020000 221.000000 3.141593 0.000000 0.000000 0.000000 0.000000 0.000000
-520.020000 221.000000 3.141593 0.000000 0.000000 0.000000 0.000000 0.000000
-520.020000 221.000000 3.141593 0.000000 0.000000 0.000000 0.000000 0.000000
-520.020000 221.000000 3.141593 0.000000 0.000000 0.000000 0.000000 0.000000
-520.020000 221.000000 3.141593 0.000000 0.000000 0.000000 0.000000 0.000000
-520.020000 221.000000 3.141593 0.000000 0.000000 0.000000 0.000000 0.000000
-520.020000 221.000000 3.141593 0.000000 0.000000 0.000000 0.000000 0.000000
-520.020000 221.000000 3.141593 0.000000 0.000000 0.000000 0.000000 0.000000
-520.020000 221.000000 3.141593 0.000000 0.000000 0.000000 0.000000 0.000000
-520.020000 221.000000 3.141593 0.000000 0.000000 0.000000 0.000000 0.000000
-520.020000 221.000000 3.141593 0.000000 0.000000 0.000000 0.000000 0.000000
-520.020000 221.000000 3.141593 0.000000 0.000000 0.000000 0.000000 0.000000
-520.020000 221.000000 3.141593 0.000000 0.000000 0.000000 0.000000 0.000000
-520.020000 221.000000 3.141593 0.000000 0.000000 0.000000 0.000000 0.000000
-520.020000 221.000000 3.141593 0.000000 0.000000 0.000000 0.000000 0.000000
-520.020000 221.000000 3.141593 0.000000 0.000000 0.000000 0.000000 0.000000
-520.020000 221.000000 3.141593 0.000000 0.000000 0.000000 0.000000 0.000000
-520.020000 221.000000 3.141593 0.000000 0.000000 0.000000 0.000000 0.000000
-520.020000 221.000000 3.141593 0.000000 0.000000 0.000000 0.000000 0.000000
-520.020000 221.000000 3.141593 0.000000 0.000000 0.000000 0.000000 0.000000
-520.020000 221.000000 3.141593 0.000000 0.000000 0.000000 0.000000 0.000000
-520.020000 221.000000 3.141593 0.000000 0.000000 0.000000 0.000000 0.000000
-520.020000 221.000000 3.141593 0.000000 0.000000 0.000000 0.000000 0.000000
-520.020000 221.000000 3.141593 0.000000 0.000000 0.000000 0.000000 0.000000
-520.020000 221.000000 3.141593 0.000000 0.000000 0.000000 0.000000 0.000000
-520.020000 221.000000 3.141593 0.000000 0.000000 0.000000 0.000000 0.000000
-520.020000 221.000000 3.141593 0.000000 0.000000 0.000000 0.000000 0.000000
-520.020000 221.000000 3.141593 0.000000 0.000000 0.000000 0.000000 0.000000
-520.020000 221.000000 3.141593 0.000000 0.000000 0.000000 0.000000 0.000000
-520.020000 221.000000 3.141593 0.000000 0.000000 0.000000 0.000000 0.000000
-520.020000 221.000000 3.141593 0.000000 0.000000 0.000000 0.000000 0.000000
-520.020000 221.000000 3.141593 0.000000 0.000000 0.000000 0.000000 0.000000
-520.020000 221.000000 3.141593 0.000000 0.000000 0.000000 0.000000 0.000000
-520.020000 221.000000 3.141593 0.000000 0.000000 0.000000 0.000000 0.000000
-520.020000 221.000000 3.141593 0.000000 0.000000 0.000000 0.000000 0.000000
-520.020000 221.000000 3.141593 0.000000 0.000000 0.000000 0.000000 0.000000
-520.020000 221.000000 3.141593 0.000000 0.000000 0.000000 0.000000 0.000000
-520.020000 221.000000 3.141593 0.000000 0.000000 0.000000 0.000000 0.000000
-520.020000 221.000000 3.141593 0.000000 0.000000 0.000000 0.000000 0.000000
-520.020000 221.000000 3.141593 0.000000 0.000000 0.000000 0.000000 0.000000
-520.020000 221.000000 3.141593 0.000000 0.000000 0.000000 0.000000 0.000000
-520.020000 221.000000 3.141593 0.000000 0.000000 0.000000 0.000000 0.000000
-520.020000 221.000000 3.141593 0.000000 0.000000 0.000000 0.000000 0.000000
-520.020000 221.000000 3.141593 0.000000 0.000000 0.000000 0.000000 0.000000
-520.020000 221.000000 3.141593 0.000000 0.000000 0.000000 0.000000 0.000000
-520.020000 221.000000 3.141593 0.000000 0.000000 0.000000 0.000000 0.000000
-520.020000 221.000000 3.141593 0.000000 0.000000 0.000000 0.000000 0.000000
-520.020000 221.000000 3.141593 0.000000 0.000000 0.000000 0.000000 0.000000
-520.020000 221.000000 3.141593 0.000000 0.000000 0.000000 0.000000 0.000000
-520.020000 221.000000 3.141593 0.000000 0.000000 0.000000 0.000000 0.000000
-520.020000 221.000000 3.141593 0.000000 0.000000 0.000000 0.000000 0.000000
-520.020000 221.000000 3.141593 0.000000 0.000000 0.000000 0.000000 0.000000
-520.020000 221.000000 3.141593 0.000000 0.000000 0.000000 0.000000 0.000000
-520.020000 221.000000 3.141593 0.000000 0.000000 0.000000 0.000000 0.000000
-520.020000 221.000000 3.141593 0.000000 0.000000 0.000000 0.000000 0.000000
-520.020000 221.000000 3.141593 0.000000 0.000000 0.000000 0.000000 0.000000
-520.020000 221.000000 3.141593 0.000000 0.000000 0.000000 0.000000 0.000000
-520.020000 221.000000 3.141593 0.000000 0.000000 0.000000 0.000000 0.000000
-520.020000 221.000000 3.141593 0.000000 0.000000 0.000000 0.000000 0.000000
-520.020000 221.000000 3.141593 0.000000 0.000000 0.000000 0.000000 0.000000
-520.020000 221.000000 3.141593 0.000000 0.000000 0.000000 0.000000 0.000000
-520.020000 221.000000 3.141593 0.000000 0.000000 0.000000 0.000000 0.000000
-520.020000 221.000000 3.141593 0.000000 0.000000 0.000000 0.000000 0.000000
-520.020000 221.000000 3.141593 0.000000 0.000000 0.000000 0.000000 0.000000
-520.020000 221.000000 3.141593 0.000000 0.000000 0.000000 0.000000 0.000000
-520.020000 221.000000 3.141593 0.000000 0.000000 0.000000 0.000000 0.000000
-520.020000 221.000000 3.141593 0.000000 0.000000 0.000000 0.000000 0.000000
-520.020000 221.000000 3.141593 0.000000 0.000000 0.000000 0.000000 0.000000
-520.020000 221.000000 3.141593 0.000000 0.000000 0.000000 0.000000 0.000000
-520.020000 221.000000 3.141593 0.000000 0.000000 0.000000 0.000000 0.000000
-520.020000 221.000000 3.141593 0.000000 0.000000 0.000000 0.000000 0.000000
-520.020000 221.000000 3.141593 0.000000 0.000000 0.000000 0.000000 0.000000
-520.020000 221.000000 3.141593 0.000000 0.000000 0.000000 0.000000 0.000000
-520.020000 221.000000 3.141593 0.000000 0.000000 0.000000 0.000000 0.000000
-520.020000 221.000000 3.141593 0.000000 0.000000 0.000000 0.000000 0.000000
-520.020000 221.000000 3.141593 0.000000 0.000000 0.000000 0.000000 0.000000
-520.020000 221.000000 3.141593 0.000000 0.000000 0.000000 0.000000 0.000000
-520.020000 221.000000 3.141593 0.000000 0.000000 0.000000 0.000000 0.000000
-520.020000 221.000000 3.141593 0.000000 0.000000 0.000000 0.000000 0.000000
-520.020000 221.000000 3.141593 0.000000 0.000000 0.000000 0.000000 0.000000
-520.020000 221.000000 3.141593 0.000000 0.000000 0.000000 0.000000 0.000000
-520.020000 221.000000 3.141593 0.000000 0.000000 0.000000 0.000000 0.000000
-520.020000 221.000000 3.141593 0.000000 0.000000 0.000000 0.000000 0.000000
-520.020000 221.000000 3.141593 0.000000 0.000000 0.000000 0.000000 0.000000
-520.020000 221.000000 3.141593 0.000000 0.000000 0.000000 0.000000 0.000000
-520.020000 221.000000 3.141593 0.000000 0.000000 0.000000 0.000000 0.000000
-520.020000 221.000000 3.141593 0.000000 0.000000 0.000000 0.000000 0.000000
-520.020000 221.000000 3.141593 0.000000 0.000000 0.000000 0.000000 0.000000
-520.020000 221.000000 3.141593 0.000000 0.000000 0.000000 0.000000 0.000000
-520.020000 221.000000 3.141593 0.000000 0.000000 0.000000 0.000000 0.000000
-520.020000 221.000000 3.141593 0.000000 0.000000 0.000000 0.000000 0.000000
-520.020000 221.000000 3.141593 0.000000 0.000000 0.000000 0.000000 0.000000
-520.020000 221.000000 3.141593 0.000000 0.000000 0.000000 0.000000 0.000000
-520.020000 221.000000 3.141593 0.000000 0.000000 0.000000 0.000000 0.000000
-520.020000 221.000000 3.141593 0.000000 0.000000 0.000000 0.000000 0.000000
-520.020000 221.000000 3.141593 0.000000 0.000000 0.000000 0.000000 0.000000
-520.020000 221.000000 3.141593 0.000000 0.000000 0.000000 0.000000 0.000000
-520.020000 221.000000 3.141593 0.000000 0.000000 0.000000 0.000000 0.000000
-520.020000 221.000000 3.141593 0.000000 0.000000 0.000000 0.000000 0.000000
-520.020000 221.000000 3.141593 0.000000 0.000000 0.000000 0.000000 0.000000
-520.020000 221.000000 3.141593 0.000000 0.000000 0.000000 0.000000 0.000000
-520.020000 221.000000 3.141593 0.000000 0.000000 0.000000 0.000000 0.000000
-520.020000 221.000000 3.141593 0.000000 0.000000 0.000000 0.000000 0.000000
-520.020000 221.000000 3.141593 0.000000 0.000000 0.000000 0.000000 0.000000
-520.020000 221.000000 3.141593 0.000000 0.000000 0.000000 0.000000 0.000000
-520.020000 221.000000 3.141593 0.000000 0.000000 0.000000 0.000000 0.000000
-520.020000 221.000000 3.141593 0.000000 0.000000 0.000000 0.000000 0.000000
-520.020000 221.000000 3.141593 0.000000 0.000000 0.000000 0.000000 0.000000
-520.020000 221.000000 3.141593 0.000000 0.000000 0.000000 0.000000 0.000000
-520.020000 221.000000 3.141593 0.000000 0.000000 0.000000 0.000000 0.000000
-520.020000 221.000000 3.141593 0.000000 0.000000 0.000000 0.000000 0.000000
-520.020000 221.000000 3.141593 0.000000 0.000000 0.000000 0.000000 0.000000
-520.020000 221.000000 3.141593 0.000000 0.000000 0.000000 0.000000 0.000000
-520.020000 221.000000 3.141593 0.000000 0.000000 0.000000 0.000000 0.000000
-520.020000 221.000000 3.141593 0.000000 0.000000 0.000000 0.000000 0.000000
-520.020000 221.000000 3.141593 0.000000 0.000000 0.000000 0.000000 0.000000
-520.020000 221.000000 3.141593 0.000000 0.000000 0.000000 0.000000 0.000000
-520.020000 221.000000 3.141593 0.000000 0.000000 0.000000 0.000000 0.000000
-520.020000 221.000000 3.141593 0.000000 0.000000 0.000000 0.000000 0.000000
-520.020000 221.000000 3.141593 0.000000 0.000000 0.000000 0.000000 0.000000
-520.020000 221.000000 3.141593 0.000000 0.000000 0.000000 0.000000 0.000000
-520.020000 221.000000 3.141593 0.000000 0.000000 0.000000 0.000000 0.000000
-520.020000 221.000000 3.141593 0.000000 0.000000 0.000000 0.000000 0.000000
-520.020000 221.000000 3.141593 0.000000 0.000000 0.000000 0.000000 0.000000
-520.020000 221.000000 3.141593 0.000000 0.000000 0.000000 0.000000 0.000000
-520.020000 221.000000 3.141593 0.000000 0.000000 0.000000 0.000000 0.000000
-520.020000 221.000000 3.141593 0.000000 0.000000 0.000000 0.000000 0.000000
-520.020000 221.000000 3.141593 0.000000 0.000000 0.000000 0.000000 0.000000
-520.020000 221.000000 3.141593 0.000000 0.000000 0.000000 0.000000 0.000000
-520.020000 221.000000 3.141593 0.000000 0.000000 0.000000 0.000000 0.000000
-520.020000 221.000000 3.141593 0.000000 0.000000 0.000000 0.000000 0.000000
-520.020000 221.000000 3.141593 0.000000 0.000000 0.000000 0.000000 0.000000
-520.020000 221.000000 3.141593 0.000000 0.000000 0.000000 0.000000 0.000000
-520.020000 221.000000 3.141593 0.000000 0.000000 0.000000 0.000000 0.000000
-520.020000 221.000000 3.141593 0.000000 0.000000 0.000000 0.000000 0.000000
-520.020000 221.000000 3.141593 0.000000 0.000000 0.000000 0.000000 0.000000
-520.020000 221.000000 3.141593 0.000000 0.000000 0.000000 0.000000 0.000000
-520.020000 221.000000 3.141593 0.000000 0.000000 0.000000 0.000000 0.000000
-520.020000 221.000000 3.141593 0.000000 0.000000 0.000000 0.000000 0.000000
-520.020000 221.000000 3.141593 0.000000 0.000000 0.000000 0.000000 0.000000
-520.020000 221.000000 3.141593 0.000000 0.000000 0.000000 0.000000 0.000000
-520.020000 221.000000 3.141593 0.000000 0.000000 0.000000 0.000000 0.000000
-520.020000 221.000000 3.141593 0.000000 0.000000 0.000000 0.000000 0.000000
-520.020000 221.000000 3.141593 0.000000 0.000000 0.000000 0.000000 0.000000
-520.020000 221.000000 3.141593 0.000000 0.000000 0.000000 0.000000 0.000000
-520.020000 221.000000 3.141593 0.000000 0.000000 0.000000 0.000000 0.000000
-520.020000 221.000000 3.141593 0.000000 0.000000 0.000000 0.000000 0.000000
-520.020000 221.000000 3.141593 0.000000 0.000000 0.000000 0.000000 0.000000
-520.020000 221.000000 3.141593 0.000000 0.000000 0.000000 0.000000 0.000000
-520.020000 221.000000 3.141593 0.000000 0.000000 0.000000 0.000000 0.000000
-520.020000 221.000000 3.141593 0.000000 0.000000 0.000000 0.000000 0.000000
-520.020000 221.000000 3.141593 0.000000 0.000000 0.000000 0.000000 0.000000
-520.020000 221.000000 3.141593 0.000000 0.000000 0.000000 0.000000 0.000000
-520.020000 221.000000 3.141593 0.000000 0.000000 0.000000 0.000000 0.000000
-520.020000 221.000000 3.141593 0.000000 0.000000 0.000000 0.000000 0.000000
-520.020000 221.000000 3.141593 0.000000 0.000000 0.000000 0.000000 0.000000
-520.020000 221.000000 3.141593 0.000000 0.000000 0.000000 0.000000 0.000000
-520.020000 221.000000 3.141593 0.000000 0.000000 0.000000 0.000000 0.000000
-520.020000 221.000000 3.141593 0.000000 0.000000 0.000000 0.000000 0.000000
-520.020000 221.000000 3.141593 0.000000 0.000000 0.000000 0.000000 0.000000
-520.020000 221.000000 3.141593 0.000000 0.000000 0.000000 0.000000 0.000000
-520.020000 221.000000 3.141593 0.000000 0.000000 0.000000 0.000000 0.000000
-520.020000 221.000000 3.141593 0.000000 0.000000 0.000000 0.000000 0.000000
-520.020000 221.000000 3.141593 0.000000 0.000000 0.000000 0.000000 0.000000
-520.020000 221.000000 3.141593 0.000000 0.000000 0.000000 0.000000 0.000000
-520.020000 221.000000 3.141593 0.000000 0.000000 0.000000 0.000000 0.000000
-520.020000 221.000000 3.141593 0.000000 0.000000 0.000000 0.000000 0.000000
-520.020000 221.000000 3.141593 0.000000 0.000000 0.000000 0.000000 0.000000
-520.020000 221.000000 3.141593 0.000000 0.000000 0.000000 0.000000 0.000000
-520.020000 221.000000 3.141593 0.000000 0.000000 0.000000 0.000000 0.000000
-520.020000 221.000000 3.141593 0.000000 0.000000 0.000000 0.000000 0.000000
-520.020000 221.000000 3.141593 0.000000 0.000000 0.000000 0.000000 0.000000
-520.020000 221.000000 3.141593 0.000000 0.000000 0.000000 0.000000 0.000000
-520.020000 221.000000 3.141593 0.000000 0.000000 0.000000 0.000000 0.000000
-520.020000 221.000000 3.141593 0.000000 0.000000 0.000000 0.000000 0.000000
-520.020000 221.000000 3.141593 0.000000 0.000000 0.000000 0.000000 0.000000
-520.020000 221.000000 3.141593 0.000000 0.000000 0.000000 0.000000 0.000000
-520.020000 221.000000 3.141593 0.000000 0.000000 0.000000 0.000000 0.000000
-520.020000 221.000000 3.141593 0.000000 0.000000 0.000000 0.000000 0.000000
-520.020000 221.000000 3.141593 0.000000 0.000000 0.000000 0.000000 0.000000
-520.020000 221.000000 3.141593 0.000000 0.000000 0.000000 0.000000 0.000000
-520.020000 221.000000 3.141593 0.000000 0.000000 0.000000 0.000000 0.000000
-520.020000 221.000000 3.141593 0.000000 0.000000 0.000000 0.000000 0.000000
-520.020000 221.000000 3.141593 0.000000 0.000000 0.000000 0.000000 0.000000
-520.020000 221.000000 3.141593 0.000000 0.000000 0.000000 0.000000 0.000000
-520.020000 221.000000 3.141593 0.000000 0.000000 0.000000 0.000000 0.000000
-520.020000 221.000000 3.141593 0.000000 0.000000 0.000000 0.000000 0.000000
-520.020000 221.000000 3.141593 0.000000 0.000000 0.000000 0.000000 0.000000
-520.020000 221.000000 3.141593 0.000000 0.000000 0.000000 0.000000 0.000000
-520.020000 221.000000 3.141593 0.000000 0.000000 0.000000 0.000000 0.000000
-520.020000 221.000000 3.141593 0.000000 0.000000 0.000000 0.000000 0.000000
-520.020000 221.000000 3.141593 0.000000 0.000000 0.000000 0.000000 0.000000
-520.020000 221.000000 3.141593 0.000000 0.000000 0.000000 0.000000 0.000000
-520.020000 221.000000 3.141593 0.000000 0.000000 0.000000 0.000000 0.000000
-520.020000 221.000000 3.141593 0.000000 0.000000 0.000000 0.000000 0.000000
-520.020000 221.000000 3.141593 0.000000 0.000000 0.000000 0.000000 0.000000
-520.020000 221.000000 3.141593 0.000000 0.000000 0.000000 0.000000 0.000000
-520.020000 221.000000 3.141593 0.000000 0.000000 0.000000 0.000000 0.000000
-520.020000 221.000000 3.141593 0.000000 0.000000 0.000000 0.000000 0.000000
-520.020000 221.000000 3.141593 0.000000 0.000000 0.000000 0.000000 0.000000
-520.020000 221.000000 3.141593 0.000000 0.000000 0.000000 0.000000 0.000000
-520.020000 221.000000 3.141593 0.000000 0.000000 0.000000 0.000000 0.000000
-520.020000 221.000000 3.141593 0.000000 0.000000 0.000000 0.000000 0.000000
-520.020000 221.000000 3.141593 0.000000 0.000000 0.000000 0.000000 0.000000
-520.020000 221.000000 3.141593 0.000000 0.000000 0.000000 0.000000 0.000000
-520.020000 221.000000 3.141593 0.000000 0.000000 0.000000 0.000000 0.000000
-520.020000 221.000000 3.141593 0.000000 0.000000 0.000000 0.000000 0.000000
-520.020000 221.000000 3.141593 0.000000 0.000000 0.000000 0.000000 0.000000
-520.020000 221.000000 3.141593 0.000000 0.000000 0.000000 0.000000 0.000000
-520.020000 221.000000 3.141593 0.000000 0.000000 0.000000 0.000000 0.000000
-520.020000 221.000000 3.141593 0.000000 0.000000 0.000000 0.000000 0.000000
-520.020000 221.000000 3.141593 0.000000 0.000000 0.000000 0.000000 0.000000
-520.020000 221.000000 3.141593 0.000000 0.000000 0.000000 0.000000 0.000000
-520.020000 221.000000 3.141593 0.000000 0.000000 0.000000 0.000000 0.000000
-520.020000 221.000000 3.141593 0.000000 0.000000 0.000000 0.000000 0.000000
-520.020000 221.000000 3.141593 0.000000 0.000000 0.000000 0.000000 0.000000
-520.020000 221.000000 3.141593 0.000000 0.000000 0.000000 0.000000 0.000000
-520.020000 221.000000 3.141593 0.000000 0.000000 0.000000 0.000000 0.000000
-520.020000 221.000000 3.141593 0.000000 0.000000 0.000000 0.000000 0.000000
-520.020000 221.000000 3.141593 0.000000 0.000000 0.000000 0.000000 0.000000
-520.020000 221.000000 3.141593 0.000000 0.000000 0.000000 0.000000 0.000000
-520.020000 221.000000 3.141593 0.000000 0.000000 0.000000 0.000000 0.000000
-520.020000 221.000000 3.141593 0.000000 0.000000 0.000000 0.000000 0.000000
-520.020000 221.000000 3.141593 0.000000 0.000000 0.000000 0.000000 0.000000
-520.020000 221.000000 3.141593 0.000000 0.000000 0.000000 0.000000 0.000000
-520.020000 221.000000 3.141593 0.000000 0.000000 0.000000 0.000000 0.000000
-520.020000 221.000000 3.141593 0.000000 0.000000 0.000000 0.000000 0.000000
-520.020000 221.000000 3.141593 0.000000 0.000000 0.000000 0.000000 0.000000
-520.020000 221.000000 3.141593 0.000000 0.000000 0.000000 0.000000 0.000000
-520.020000 221.000000 3.141593 0.000000 0.000000 0.000000 0.000000 0.000000
-520.020000 221.000000 3.141593 0.000000 0.000000 0.000000 0.000000 0.000000
-520.020000 221.000000 3.141593 0.000000 0.000000 0.000000 0.000000 0.000000
-520.020000 221.000000 3.141593 0.000000 0.000000 0.000000 0.000000 0.000000
-520.020000 221.000000 3.141593 0.000000 0.000000 0.000000 0.000000 0.000000
-520.020000 221.000000 3.141593 0.000000 0.000000 0.000000 0.000000 0.000000
-520.020000 221.000000 3.141593 0.000000 0.000000 0.000000 0.000000 0.000000
-520.020000 221.000000 3.141593 0.000000 0.000000 0.000000 0.000000 0.000000
-520.020000 221.000000 3.141593 0.000000 0.000000 0.000000 0.000000 0.000000
-520.020000 221.000000 3.141593 0.000000 0.000000 0.000000 0.000000 0.000000
-520.020000 221.000000 3.141593 0.000000 0.000000 0.000000 0.000000 0.000000
-520.020000 221.000000 3.141593 0.000000 0.000000 0.000000 0.000000 0.000000
-520.020000 221.000000 3.141593 0.000000 0.000000 0.000000 0.000000 0.000000
-520.020000 221.000000 3.141593 0.000000 0.000000 0.000000 0.000000 0.000000
-520.020000 221.000000 3.141593 0.000000 0.000000 0.000000 0.000000 0.000000
-520.020000 221.000000 3.141593 0.000000 0.000000 0.000000 0.000000 0.000000
-520.020000 221.000000 3.141593 0.000000 0.000000 0.000000 0.000000 0.000000
-520.020000 221.000000 3.141593 0.000000 0.000000 0.000000 0.000000 0.000000
-520.020000 221.000000 3.141593 0.000000 0.000000 0.000000 0.000000 0.000000
-520.020000 221.000000 3.141593 0.000000 0.000000 0.000000 0.000000 0.000000
-520.020000 221.000000 3.141593 0.000000 0.000000 0.000000 0.000000 0.000000
-520.020000 221.000000 3.141593 0.000000 0.000000 0.000000 0.000000 0.000000
-520.020000 221.000000 3.141593 0.000000 0.000000 0.000000 0.000000 0.000000
-520.020000 221.000000 3.141593 0.000000 0.000000 0.000000 0.000000 0.000000
-520.020000 221.000000 3.141593 0.000000 0.000000 0.000000 0.000000 0.000000
-520.020000 221.000000 3.141593 0.000000 0.000000 0.000000 0.000000 0.000000
-520.020000 221.000000 3.141593 0.000000 0.000000 0.000000 0.000000 0.000000
-520.020000 221.000000 3.141593 0.000000 0.000000 0.000000 0.000000 0.000000
-520.020000 221.000000 3.141593 0.000000 0.000000 0.000000 0.000000 0.000000
-520.020000 221.000000 3.141593 0.000000 0.000000 0.000000 0.000000 0.000000
-520.020000 221.000000 3.141593 0.000000 0.000000 0.000000 0.000000 0.000000
-520.020000 221.000000 3.141593 0.000000 0.000000 0.000000 0.000000 0.000000
-520.020000 221.000000 3.141593 0.000000 0.000000 0.000000 0.000000 0.000000
-520.020000 221.000000 3.141593 0.000000 0.000000 0.000000 0.000000 0.000000
-520.020000 221.000000 3.141593 0.000000 0.000000 0.000000 0.000000 0.000000
-520.020000 221.000000 3.141593 0.000000 0.000000 0.000000 0.000000 0.000000
-520.020000 221.000000 3.141593 0.000000 0.000000 0.000000 0.000000 0.000000
-520.020000 221.000000 3.141593 0.000000 0.000000 0.000000 0.000000 0.000000
-520.020000 221.000000 3.141593 0.000000 0.000000 0.000000 0.000000 0.000000
-520.020000 221.000000 3.141593 0.000000 0.000000 0.000000 0.000000 0.000000
-520.020000 221.000000 3.141593 0.000000 0.000000 0.000000 0.000000 0.000000
-520.020000 221.000000 3.141593 0.000000 0.000000 0.000000 0.000000 0.000000
-520.020000 221.000000 3.141593 0.000000 0.000000 0.000000 0.000000 0.000000
-520.020000 221.000000 3.141593 0.000000 0.000000 0.000000 0.000000 0.000000
-520.020000 221.000000 3.141593 0.000000 0.000000 0.000000 0.000000 0.000000
-520.020000 221.000000 3.141593 0.000000 0.000000 0.000000 0.000000 0.000000
-520.020000 221.000000 3.141593 0.000000 0.000000 0.000000 0.000000 0.000000
-520.020000 221.000000 3.141593 0.000000 0.000000 0.000000 0.000000 0.000000
-520.020000 221.000000 3.141593 0.000000 0.000000 0.000000 0.000000 0.000000
-520.020000 221.000000 3.141593 0.000000 0.000000 0.000000 0.000000 0.000000
-520.020000 221.000000 3.141593 0.000000 0.000000 0.000000 0.000000 0.000000
-520.020000 221.000000 3.141593 0.000000 0.000000 0.000000 0.000000 0.000000
-520.020000 221.000000 3.141593 0.000000 0.000000 0.000000 0.000000 0.000000
-520.020000 221.000000 3.141593 0.000000 0.000000 0.000000 0.000000 0.000000
-520.020000 221.000000 3.141593 0.000000 0.000000 0.000000 0.000000 0.000000
-520.020000 221.000000 3.141593 0.000000 0.000000 0.000000 0.000000 0.000000
-520.020000 221.000000 3.141593 0.000000 0.000000 0.000000 0.000000 0.000000
-520.020000 221.000000 3.141593 0.000000 0.000000 0.000000 0.000000 0.000000
-520.020000 221.000000 3.141593 0.000000 0.000000 0.000000 0.000000 0.000000
-520.020000 221.000000 3.141593 0.000000 0.000000 0.000000 0.000000 0.000000
-520.020000 221.000000 3.141593 0.000000 0.000000 0.000000 0.000000 0.000000
-520.020000 221.000000 3.141593 0.000000 0.000000 0.000000 0.000000 0.000000
-520.020000 221.000000 3.141593 0.000000 0.000000 0.000000 0.000000 0.000000
-520.020000 221.000000 3.141593 0.000000 0.000000 0.000000 0.000000 0.000000
-520.020000 221.000000 3.141593 0.000000 0.000000 0.000000 0.000000 0.000000
-520.020000 221.000000 3.141593 0.000000 0.000000 0.000000 0.000000 0.000000
-520.020000 221.000000 3.141593 0.000000 0.000000 0.000000 0.000000 0.000000
-520.020000 221.000000 3.141593 0.000000 0.000000 0.000000 0.000000 0.000000
-520.020000 221.000000 3.141593 0.000000 0.000000 0.000000 0.000000 0.000000
-520.020000 221.000000 3.141593 0.000000 0.000000 0.000000 0.000000 0.000000
-520.020000 221.000000 3.141593 0.000000 0.000000 0.000000 0.000000 0.000000
-520.020000 221.000000 3.141593 0.000000 0.000000 0.000000 0.000000 0.000000
-520.020000 221.000000 3.141593 0.000000 0.000000 0.000000 0.000000 0.000000
-520.020000 221.000000 3.141593 0.000000 0.000000 0.000000 0.000000 0.000000
-520.020000 221.000000 3.141593 0.000000 0.000000 0.000000 0.000000 0.000000
-520.020000 221.000000 3.141593 0.000000 0.000000 0.000000 0.000000 0.000000
-520.020000 221.000000 3.141593 0.000000 0.000000 0.000000 0.000000 0.000000
-520.020000 221.000000 3.141593 0.000000 0.000000 0.000000 0.000000 0.000000
-520.020000 221.000000 3.141593 0.000000 0.000000 0.000000 0.000000 0.000000
-520.020000 221.000000 3.141593 0.000000 0.000000 0.000000 0.000000 0.000000
-520.020000 221.000000 3.141593 0.000000 0.000000 0.000000 0.000000 0.000000
-520.020000 221.000000 3.141593 0.000000 0.000000 0.000000 0.000000 0.000000
-520.020000 221.000000 3.141593 0.000000 0.000000 0.000000 0.000000 0.000000
-520.020000 221.000000 3.141593 0.000000 0.000000 0.000000 0.000000 0.000000
-520.020000 221.000000 3.141593 0.000000 0.000000 0.000000 0.000000 0.000000
-520.020000 221.000000 3.141593 0.000000 0.000000 0.000000 0.000000 0.000000
-520.020000 221.000000 3.141593 0.000000 0.000000 0.000000 0.000000 0.000000
-520.020000 221.000000 3.141593 0.000000 0.000000 0.000000 0.000000 0.000000
-520.020000 221.000000 3.141593 0.000000 0.000000 0.000000 0.000000 0.000000
-520.020000 221.000000 3.141593 0.000000 0.000000 0.000000 0.000000 0.000000
-520.020000 221.000000 3.141593 0.000000 0.000000 0.000000 0.000000 0.000000
-520.020000 221.000000 3.141593 0.000000 0.000000 0.000000 0.000000 0.000000
-520.020000 221.000000 3.141593 0.000000 0.000000 0.000000 0.000000 0.000000
-520.020000 221.000000 3.141593 0.000000 0.000000 0.000000 0.000000 0.000000
-520.020000 221.000000 3.141593 0.000000 0.000000 0.000000 0.000000 0.000000
-520.020000 221.000000 3.141593 0.000000 0.000000 0.000000 0.000000 0.000000
-520.020000 221.000000 3.141593 0.000000 0.000000 0.000000 0.000000 0.000000
-520.020000 221.000000 3.141593 0.000000 0.000000 0.000000 0.000000 0.000000
-520.020000 221.000000 3.141593 0.000000 0.000000 0.000000 0.000000 0.000000
-520.020000 221.000000 3.141593 0.000000 0.000000 0.000000 0.000000 0.000000
-520.020000 221.000000 3.141593 0.000000 0.000000 0.000000 0.000000 0.000000
-520.020000 221.000000 3.141593 0.000000 0.000000 0.000000 0.000000 0.000000
-520.020000 221.000000 3.141593 0.000000 0.000000 0.000000 0.000000 0.000000
-520.020000 221.000000 3.141593 0.000000 0.000000 0.000000 0.000000 0.000000
-520.020000 221.000000 3.141593 0.000000 0.000000 0.000000 0.000000 0.000000
-520.020000 221.000000 3.141593 0.000000 0.000000 0.000000 0.000000 0.000000
-520.020000 221.000000 3.141593 0.000000 0.000000 0.000000 0.000000 0.000000
-520.020000 221.000000 3.141593 0.000000 0.000000 0.000000 0.000000 0.000000
-520.020000 221.000000 3.141593 0.000000 0.000000 0.000000 0.000000 0.000000
-520.020000 221.000000 3.141593 0.000000 0.000000 0.000000 0.000000 0.000000
-520.020000 221.000000 3.141593 0.000000 0.000000 0.000000 0.000000 0.000000
-520.020000 221.000000 3.141593 0.000000 0.000000 0.000000 0.000000 0.000000
-520.020000 221.000000 3.141593 0.000000 0.000000 0.000000 0.000000 0.000000
-520.020000 221.000000 3.141593 0.000000 0.000000 0.000000 0.000000 0.000000
-520.020000 221.000000 3.141593 0.000000 0.000000 0.000000 0.000000 0.000000
-520.020000 221.000000 3.141593 0.000000 0.000000 0.000000 0.000000 0.000000
-520.020000 221.000000 3.141593 0.000000 0.000000 0.000000 0.000000 0.000000
-520.020000 221.000000 3.141593 0.000000 0.000000 0.000000 0.000000 0.000000
-520.020000 221.000000 3.141593 0.000000 0.000000 0.000000 0.000000 0.000000
-520.020000 221.000000 3.141593 0.000000 0.000000 0.000000 0.000000 0.000000
-520.020000 221.000000 3.141593 0.000000 0.000000 0.000000 0.000000 0.000000
-520.020000 221.000000 3.141593 0.000000 0.000000 0.000000 0.000000 0.000000
-520.020000 221.000000 3.141593 0.000000 0.000000 0.000000 0.000000 0.000000
-520.020000 221.000000 3.141593 0.000000 0.000000 0.000000 0.000000 0.000000
-520.020000 221.000000 3.141593 0.000000 0.000000 0.000000 0.000000 0.000000
-520.020000 221.000000 3.141593 0.000000 0.000000 0.000000 0.000000 0.000000
-520.020000 221.000000 3.141593 0.000000 0.000000 0.000000 0.000000 0.000000
-520.020000 221.000000 3.141593 0.000000 0.000000 0.000000 0.000000 0.000000
-520.020000 221.000000 3.141593 0.000000 0.000000 0.000000 0.000000 0.000000
-520.020000 221.000000 3.141593 0.000000 0.000000 0.000000 0.000000 0.000000
-520.020000 221.000000 3.141593 0.000000 0.000000 0.000000 0.000000 0.000000
-520.020000 221.000000 3.141593 0.000000 0.000000 0.000000 0.000000 0.000000
-520.020000 221.000000 3.141593 0.000000 0.000000 0.000000 0.000000 0.000000
-520.020000 221.000000 3.141593 0.000000 0.000000 0.000000 0.000000 0.000000
-520.020000 221.000000 3.141593 0.000000 0.000000 0.000000 0.000000 0.000000
-520.020000 221.000000 3.141593 0.000000 0.000000 0.000000 0.000000 0.000000
-520.020000 221.000000 3.141593 0.000000 0.000000 0.000000 0.000000 0.000000
-520.020000 221.000000 3.141593 0.000000 0.000000 0.000000 0.000000 0.000000
-520.020000 221.000000 3.141593 0.000000 0.000000 0.000000 0.000000 0.000000
-520.020000 221.000000 3.141593 0.000000 0.000000 0.000000 0.000000 0.000000
-520.020000 221.000000 3.141593 0.000000 0.000000 0.000000 0.000000 0.000000
-520.020000 221.000000 3.141593 0.000000 0.000000 0.000000 0.000000 0.000000
-520.020000 221.000000 3.141593 0.000000 0.000000 0.000000 0.000000 0.000000
-520.020000 221.000000 3.141593 0.000000 0.000000 0.000000 0.000000 0.000000
-520.020000 221.000000 3.141593 0.000000 0.000000 0.000000 0.000000 0.000000
-520.020000 221.000000 3.141593 0.000000 0.000000 0.000000 0.000000 0.000000
-520.020000 221.000000 3.141593 0.000000 0.000000 0.000000 0.000000 0.000000
-520.020000 221.000000 3.141593 0.000000 0.000000 0.000000 0.000000 0.000000
-520.020000 221.000000 3.141593 0.000000 0.000000 0.000000 0.000000 0.000000
-520.020000 221.000000 3.141593 0.000000 0.000000 0.000000 0.000000 0.000000
-520.020000 221.000000 3.141593 0.000000 0.000000 0.000000 0.000000 0.000000
-520.020000 221.000000 3.141593 0.000000 0.000000 0.000000 0.000000 0.000000
-520.020000 221.000000 3.141593 0.000000 0.000000 0.000000 0.000000 0.000000
-520.020000 221.000000 3.141593 0.000000 0.000000 0.000000 0.000000 0.000000
-520.020000 221.000000 3.141593 0.000000 0.000000 0.000000 0.000000 0.000000
-520.020000 221.000000 3.141593 0.000000 0.000000 0.000000 0.000000 0.000000
-520.020000 221.000000 3.141593 0.000000 0.000000 0.000000 0.000000 0.000000
-520.020000 221.000000 3.141593 0.000000 0.000000 0.000000 0.000000 0.000000
-520.020000 221.000000 3.141593 0.000000 0.000000 0.000000 0.000000 0.000000
-520.020000 221.000000 3.141593 0.000000 0.000000 0.000000 0.000000 0.000000
-520.020000 221.000000 3.141593 0.000000 0.000000 0.000000 0.000000 0.000000
-520.020000 221.000000 3.141593 0.000000 0.000000 0.000000 0.000000 0.000000
-520.020000 221.000000 3.141593 0.000000 0.000000 0.000000 0.000000 0.000000
-520.020000 221.000000 3.141593 0.000000 0.000000 0.000000 0.000000 0.000000
-520.020000 221.000000 3.141593 0.000000 0.000000 0.000000 0.000000 0.000000
-520.020000 221.000000 3.141593 0.000000 0.000000 0.000000 0.000000 0.000000
-520.020000 221.000000 3.141593 0.000000 0.000000 0.000000 0.000000 0.000000
-520.020000 221.000000 3.141593 0.000000 0.000000 0.000000 0.000000 0.000000
-520.020000 221.000000 3.141593 0.000000 0.000000 0.000000 0.000000 0.000000
-520.020000 221.000000 3.141593 0.000000 0.000000 0.000000 0.000000 0.000000
-520.020000 221.000000 3.141593 0.000000 0.000000 0.000000 0.000000 0.000000
-520.020000 221.000000 3.141593 0.000000 0.000000 0.000000 0.000000 0.000000
-520.020000 221.000000 3.141593 0.000000 0.000000 0.000000 0.000000 0.000000
-520.020000 221.000000 3.141593 0.000000 0.000000 0.000000 0.000000 0.000000
-520.020000 221.000000 3.141593 0.000000 0.000000 0.000000 0.000000 0.000000
-520.020000 221.000000 3.141593 0.000000 0.000000 0.000000 0.000000 0.000000
-520.020000 221.000000 3.141593 0.000000 0.000000 0.000000 0.000000 0.000000
-520.020000 221.000000 3.141593 0.000000 0.000000 0.000000 0.000000 0.000000
-520.020000 221.000000 3.141593 0.000000 0.000000 0.000000 0.000000 0.000000
-520.020000 221.000000 3.141593 0.000000 0.000000 0.000000 0.000000 0.000000
-520.020000 221.000000 3.141593 0.000000 0.000000 0.000000 0.000000 0.000000
-520.020000 221.000000 3.141593 0.000000 0.000000 0.000000 0.000000 0.000000
-520.020000 221.000000 3.141593 0.000000 0.000000 0.000000 0.000000 0.000000
-520.020000 221.000000 3.141593 0.000000 0.000000 0.000000 0.000000 0.000000
-520.020000 221.000000 3.141593 0.000000 0.000000 0.000000 0.000000 0.000000
-520.020000 221.000000 3.141593 0.000000 0.000000 0.000000 0.000000 0.000000
-520.020000 221.000000 3.141593 0.000000 0.000000 0.000000 0.000000 0.000000
-520.020000 221.000000 3.141593 0.000000 0.000000 0.000000 0.000000 0.000000
-520.020000 221.000000 3.141593 0.000000 0.000000 0.000000 0.000000 0.000000
-520.020000 221.000000 3.141593 0.000000 0.000000 0.000000 0.000000 0.000000
-520.020000 221.000000 3.141593 0.000000 0.000000 0.000000 0.000000 0.000000
-520.020000 221.000000 3.141593 0.000000 0.000000 0.000000 0.000000 0.000000
-520.020000 221.000000 3.141593 0.000000 0.000000 0.000000 0.000000 0.000000
-520.020000 221.000000 3.141593 0.000000 0.000000 0.000000 0.000000 0.000000
-520.020000 221.000000 3.141593 0.000000 0.000000 0.000000 0.000000 0.000000
-520.020000 221.000000 3.141593 0.000000 0.000000 0.000000 0.000000 0.000000
-520.020000 221.000000 3.141593 0.000000 0.000000 0.000000 0.000000 0.000000
-520.020000 221.000000 3.141593 0.000000 0.000000 0.000000 0.000000 0.000000
-520.020000 221.000000 3.141593 0.000000 0.000000 0.000000 0.000000 0.000000
-520.020000 221.000000 3.141593 0.000000 0.000000 0.000000 0.000000 0.000000
-520.020000 221.000000 3.141593 0.000000 0.000000 0.000000 0.000000 0.000000
-520.020000 221.000000 3.141593 0.000000 0.000000 0.000000 0.000000 0.000000
-520.020000 221.000000 3.141593 0.000000 0.000000 0.000000 0.000000 0.000000
-520.020000 221.000000 3.141593 0.000000 0.000000 0.000000 0.000000 0.000000
-520.020000 221.000000 3.141593 0.000000 0.000000 0.000000 0.000000 0.000000
-520.020000 221.000000 3.141593 0.000000 0.000000 0.000000 0.000000 0.000000
-520.020000 221.000000 3.141593 0.000000 0.000000 0.000000 0.000000 0.000000
-520.020000 221.000000 3.141593 0.000000 0.000000 0.000000 0.000000 0.000000
-520.020000 221.000000 3.141593 0.000000 0.000000 0.000000 0.000000 0.000000
-520.020000 221.000000 3.141593 0.000000 0.000000 0.000000 0.000000 0.000000
-520.020000 221.000000 3.141593 0.000000 0.000000 0.000000 0.000000 0.000000
-520.020000 221.000000 3.141593 0.000000 0.000000 0.000000 0.000000 0.000000
-520.020000 221.000000 3.141593 0.000000 0.000000 0.000000 0.000000 0.000000
-520.020000 221.000000 3.141593 0.000000 0.000000 0.000000 0.000000 0.000000
-520.020000 221.000000 3.141593 0.000000 0.000000 0.000000 0.000000 0.000000
-520.020000 221.000000 3.141593 0.000000 0.000000 0.000000 0.000000 0.000000
-520.020000 221.000000 3.141593 0.000000 0.000000 0.000000 0.000000 0.000000
-520.020000 221.000000 3.141593 0.000000 0.000000 0.000000 0.000000 0.000000
-520.020000 221.000000 3.141593 0.000000 0.000000 0.000000 0.000000 0.000000
-520.020000 221.000000 3.141593 0.000000 0.000000 0.000000 0.000000 0.000000
-520.020000 221.000000 3.141593 0.000000 0.000000 0.000000 0.000000 0.000000
-520.020000 221.000000 3.141593 0.000000 0.000000 0.000000 0.000000 0.000000
-520.020000 221.000000 3.141593 0.000000 0.000000 0.000000 0.000000 0.000000
-520.020000 221.000000 3.141593 0.000000 0.000000 0.000000 0.000000 0.000000
-520.020000 221.000000 3.141593 0.000000 0.000000 0.000000 0.000000 0.000000
-520.020000 221.000000 3.141593 0.000000 0.000000 0.000000 0.000000 0.000000
-520.020000 221.000000 3.141593 0.000000 0.000000 0.000000 0.000000 0.000000
-520.020000 221.000000 3.141593 0.000000 0.000000 0.000000 0.000000 0.000000
-520.020000 221.000000 3.141593 0.000000 0.000000 0.000000 0.000000 0.000000
-520.020000 221.000000 3.141593 0.000000 0.000000 0.000000 0.000000 0.000000
-520.020000 221.000000 3.141593 0.000000 0.000000 0.000000 0.000000 0.000000
-520.020000 221.000000 3.141593 0.000000 0.000000 0.000000 0.000000 0.000000
-520.020000 221.000000 3.141593 0.000000 0.000000 0.000000 0.000000 0.000000
-520.020000 221.000000 3.141593 0.000000 0.000000 0.000000 0.000000 0.000000
-520.020000 221.000000 3.141593 0.000000 0.000000 0.000000 0.000000 0.000000
-520.020000 221.000000 3.141593 0.000000 0.000000 0.000000 0.000000 0.000000
-520.020000 221.000000 3.141593 0.000000 0.000000 0.000000 0.000000 0.000000
-520.020000 221.000000 3.141593 0.000000 0.000000 0.000000 0.000000 0.000000
-520.020000 221.000000 3.141593 0.000000 0.000000 0.000000 0.000000 0.000000
-520.020000 221.000000 3.141593 0.000000 0.000000 0.000000 0.000000 0.000000
-520.020000 221.000000 3.141593 0.000000 0.000000 0.000000 0.000000 0.000000
-520.020000 221.000000 3.141593 0.000000 0.000000 0.000000 0.000000 0.000000
-520.020000 221.000000 3.141593 0.000000 0.000000 0.000000 0.000000 0.000000
-520.020000 221.000000 3.141593 0.000000 0.000000 0.000000 0.000000 0.000000
-520.020000 221.000000 3.141593 0.000000 0.000000 0.000000 0.000000 0.000000
-520.020000 221.000000 3.141593 0.000000 0.000000 0.000000 0.000000 0.000000
-520.020000 221.000000 3.141593 0.000000 0.000000 0.000000 0.000000 0.000000
-520.020000 221.000000 3.141593 0.000000 0.000000 0.000000 0.000000 0.000000
-520.020000 221.000000 3.141593 0.000000 0.000000 0.000000 0.000000 0.000000
-520.020000 221.000000 3.141593 0.000000 0.000000 0.000000 0.000000 0.000000
-520.020000 221.000000 3.141593 0.000000 0.000000 0.000000 0.000000 0.000000
-520.020000 221.000000 3.141593 0.000000 0.000000 0.000000 0.000000 0.000000
-520.020000 221.000000 3.141593 0.000000 0.000000 0.000000 0.000000 0.000000
-520.020000 221.000000 3.141593 0.000000 0.000000 0.000000 0.000000 0.000000
-520.020000 221.000000 3.141593 0.000000 0.000000 0.000000 0.000000 0.000000
-520.020000 221.000000 3.141593 0.000000 0.000000 0.000000 0.000000 0.000000
-520.020000 221.000000 3.141593 0.000000 0.000000 0.000000 0.000000 0.000000
-520.020000 221.000000 3.141593 0.000000 0.000000 0.000000 0.000000 0.000000
-520.020000 221.000000 3.141593 0.000000 0.000000 0.000000 0.000000 0.000000
-520.020000 221.000000 3.141593 0.000000 0.000000 0.000000 0.000000 0.000000
-520.020000 221.000000 3.141593 0.000000 0.000000 0.000000 0.000000 0.000000
-520.020000 221.000000 3.141593 0.000000 0.000000 0.000000 0.000000 0.000000
-520.020000 221.000000 3.141593 0.000000 0.000000 0.000000 0.000000 0.000000
-520.020000 221.000000 3.141593 0.000000 0.000000 0.000000 0.000000 0.000000
-520.020000 221.000000 3.141593 0.000000 0.000000 0.000000 0.000000 0.000000
-520.020000 221.000000 3.141593 0.000000 0.000000 0.000000 0.000000 0.000000
-520.020000 221.000000 3.141593 0.000000 0.000000 0.000000 0.000000 0.000000
-520.020000 221.000000 3.141593 0.000000 0.000000 0.000000 0.000000 0.000000
-520.020000 221.000000 3.141593 0.000000 0.000000 0.000000 0.000000 0.000000
-520.020000 221.000000 3.141593 0.000000 0.000000 0.000000 0.000000 0.000000
-520.020000 221.000000 3.141593 0.000000 0.000000 0.000000 0.000000 0.000000
-520.020000 221.000000 3.141593 0.000000 0.000000 0.000000 0.000000 0.000000
-520.020000 221.000000 3.141593 0.000000 0.000000 0.000000 0.000000 0.000000
-520.020000 221.000000 3.141593 0.000000 0.000000 0.000000 0.000000 0.000000
-520.020000 221.000000 3.141593 0.000000 0.000000 0.000000 0.000000 0.000000
-520.020000 221.000000 3.141593 0.000000 0.000000 0.000000 0.000000 0.000000
-520.020000 221.000000 3.141593 0.000000 0.000000 0.000000 0.000000 0.000000
-520.020000 221.000000 3.141593 0.000000 0.000000 0.000000 0.000000 0.000000
-520.020000 221.000000 3.141593 0.000000 0.000000 0.000000 0.000000 0.000000
-520.020000 221.000000 3.141593 0.000000 0.000000 0.000000 0.000000 0.000000
-520.020000 221.000000 3.141593 0.000000 0.000000 0.000000 0.000000 0.000000
-520.020000 221.000000 3.141593 0.000000 0.000000 0.000000 0.000000 0.000000
-520.020000 221.000000 3.141593 0.000000 0.000000 0.000000 0.000000 0.000000
-520.020000 221.000000 3.141593 0.000000 0.000000 0.000000 0.000000 0.000000
-520.020000 221.000000 3.141593 0.000000 0.000000 0.000000 0.000000 0.000000
-520.020000 221.000000 3.141593 0.000000 0.000000 0.000000 0.000000 0.000000
-520.020000 221.000000 3.141593 0.000000 0.000000 0.000000 0.000000 0.000000
-520.020000 221.000000 3.141593 0.000000 0.000000 0.000000 0.000000 0.000000
-520.020000 221.000000 3.141593 0.000000 0.000000 0.000000 0.000000 0.000000
-520.020000 221.000000 3.141593 0.000000 0.000000 0.000000 0.000000 0.000000
-520.020000 221.000000 3.141593 0.000000 0.000000 0.000000 0.000000 0.000000
-520.020000 221.000000 3.141593 0.000000 0.000000 0.000000 0.000000 0.000000
-520.020000 221.000000 3.141593 0.000000 0.000000 0.000000 0.000000 0.000000
-520.020000 221.000000 3.141593 0.000000 0.000000 0.000000 0.000000 0.000000
-520.020000 221.000000 3.141593 0.000000 0.000000 0.000000 0.000000 0.000000
-520.020000 221.000000 3.141593 0.000000 0.000000 0.000000 0.000000 0.000000
-520.020000 221.000000 3.141593 0.000000 0.000000 0.000000 0.000000 0.000000
-520.020000 221.000000 3.141593 0.000000 0.000000 0.000000 0.000000 0.000000
-520.020000 221.000000 3.141593 0.000000 0.000000 0.000000 0.000000 0.000000
-520.020000 221.000000 3.141593 0.000000 0.000000 0.000000 0.000000 0.000000
-520.020000 221.000000 3.141593 0.000000 0.000000 0.000000 0.000000 0.000000
-520.020000 221.000000 3.141593 0.000000 0.000000 0.000000 0.000000 0.000000
-520.020000 221.000000 3.141593 0.000000 0.000000 0.000000 0.000000 0.000000
-520.020000 221.000000 3.141593 0.000000 0.000000 0.000000 0.000000 0.000000
-520.020000 221.000000 3.141593 0.000000 0.000000 0.000000 0.000000 0.000000
-520.020000 221.000000 3.141593 0.000000 0.000000 0.000000 0.000000 0.000000
-520.020000 221.000000 3.141593 0.000000 0.000000 0.000000 0.000000 0.000000
-520.020000 221.000000 3.141593 0.000000 0.000000 0.000000 0.000000 0.000000
-520.020000 221.000000 3.141593 0.000000 0.000000 0.000000 0.000000 0.000000
-520.020000 221.000000 3.141593 0.000000 0.000000 0.000000 0.000000 0.000000
-520.020000 221.000000 3.141593 0.000000 0.000000 0.000000 0.000000 0.000000
-520.020000 221.000000 3.141593 0.000000 0.000000 0.000000 0.000000 0.000000
-520.020000 221.000000 3.141593 0.000000 0.000000 0.000000 0.000000 0.000000
-520.020000 221.000000 3.141593 0.000000 0.000000 0.000000 0.000000 0.000000
-520.020000 221.000000 3.141593 0.000000 0.000000 0.000000 0.000000 0.000000
-520.020000 221.000000 3.141593 0.000000 0.000000 0.000000 0.000000 0.000000
-520.020000 221.000000 3.141593 0.000000 0.000000 0.000000 0.000000 0.000000
-520.020000 221.000000 3.141593 0.000000 0.000000 0.000000 0.000000 0.000000
-520.020000 221.000000 3.141593 0.000000 0.000000 0.000000 0.000000 0.000000
-520.020000 221.000000 3.141593 0.000000 0.000000 0.000000 0.000000 0.000000
-520.020000 221.000000 3.141593 0.000000 0.000000 0.000000 0.000000 0.000000
-520.020000 221.000000 3.141593 0.000000 0.000000 0.000000 0.000000 0.000000
-520.020000 221.000000 3.141593 0.000000 0.000000 0.000000 0.000000 0.000000
-520.020000 221.000000 3.141593 0.000000 0.000000 0.000000 0.000000 0.000000
-520.020000 221.000000 3.141593 0.000000 0.000000 0.000000 0.000000 0.000000
-520.020000 221.000000 3.141593 0.000000 0.000000 0.000000 0.000000 0.000000
-520.020000 221.000000 3.141593 0.000000 0.000000 0.000000 0.000000 0.000000
-520.020000 221.000000 3.141593 0.000000 0.000000 0.000000 0.000000 0.000000
-520.020000 221.000000 3.141593 0.000000 0.000000 0.000000 0.000000 0.000000
-520.020000 221.000000 3.141593 0.000000 0.000000 0.000000 0.000000 0.000000
-520.020000 221.000000 3.141593 0.000000 0.000000 0.000000 0.000000 0.000000
-520.020000 221.000000 3.141593 0.000000 0.000000 0.000000 0.000000 0.000000
-520.020000 221.000000 3.141593 0.000000 0.000000 0.000000 0.000000 0.000000
-520.020000 221.000000 3.141593 0.000000 0.000000 0.000000 0.000000 0.000000
-520.020000 221.000000 3.141593 0.000000 0.000000 0.000000 0.000000 0.000000
-520.020000 221.000000 3.141593 0.000000 0.000000 0.000000 0.000000 0.000000
-520.020000 221.000000 3.141593 0.000000 0.000000 0.000000 0.000000 0.000000
-520.020000 221.000000 3.141593 0.000000 0.000000 0.000000 0.000000 0.000000
-520.020000 221.000000 3.141593 0.000000 0.000000 0.000000 0.000000 0.000000
-520.020000 221.000000 3.141593 0.000000 0.000000 0.000000 0.000000 0.000000
-520.020000 221.000000 3.141593 0.000000 0.000000 0.000000 0.000000 0.000000
-520.020000 221.000000 3.141593 0.000000 0.000000 0.000000 0.000000 0.000000
-520.020000 221.000000 3.141593 0.000000 0.000000 0.000000 0.000000 0.000000
-520.020000 221.000000 3.141593 0.000000 0.000000 0.000000 0.000000 0.000000
-520.020000 221.000000 3.141593 0.000000 0.000000 0.000000 0.000000 0.000000
-520.020000 221.000000 3.141593 0.000000 0.000000 0.000000 0.000000 0.000000
-520.020000 221.000000 3.141593 0.000000 0.000000 0.000000 0.000000 0.000000
-520.020000 221.000000 3.141593 0.000000 0.000000 0.000000 0.000000 0.000000
-520.020000 221.000000 3.141593 0.000000 0.000000 0.000000 0.000000 0.000000
-520.020000 221.000000 3.141593 0.000000 0.000000 0.000000 0.000000 0.000000
-520.020000 221.000000 3.141593 0.000000 0.000000 0.000000 0.000000 0.000000
-520.020000 221.000000 3.141593 0.000000 0.000000 0.000000 0.000000 0.000000
-520.020000 221.000000 3.141593 0.000000 0.000000 0.000000 0.000000 0.000000
-520.020000 221.000000 3.141593 0.000000 0.000000 0.000000 0.000000 0.000000
-520.020000 221.000000 3.141593 0.000000 0.000000 0.000000 0.000000 0.000000
-520.020000 221.000000 3.141593 0.000000 0.000000 0.000000 0.000000 0.000000
-520.020000 221.000000 3.141593 0.000000 0.000000 0.000000 0.000000 0.000000
-520.020000 221.000000 3.141593 0.000000 0.000000 0.000000 0.000000 0.000000
-520.020000 221.000000 3.141593 0.000000 0.000000 0.000000 0.000000 0.000000
-520.020000 221.000000 3.141593 0.000000 0.000000 0.000000 0.000000 0.000000
-520.020000 221.000000 3.141593 0.000000 0.000000 0.000000 0.000000 0.000000
-520.020000 221.000000 3.141593 0.000000 0.000000 0.000000 0.000000 0.000000
-520.020000 221.000000 3.141593 0.000000 0.000000 0.000000 0.000000 0.000000
-520.020000 221.000000 3.141593 0.000000 0.000000 0.000000 0.000000 0.000000
-520.020000 221.000000 3.141593 0.000000 0.000000 0.000000 0.000000 0.000000
-520.020000 221.000000 3.141593 0.000000 0.000000 0.000000 0.000000 0.000000
-520.020000 221.000000 3.141593 0.000000 0.000000 0.000000 0.000000 0.000000
-520.020000 221.000000 3.141593 0.000000 0.000000 0.000000 0.000000 0.000000
-520.020000 221.000000 3.141593 0.000000 0.000000 0.000000 0.000000 0.000000
-520.020000 221.000000 3.141593 0.000000 0.000000 0.000000 0.000000 0.000000
-520.020000 221.000000 3.141593 0.000000 0.000000 0.000000 0.000000 0.000000
-520.020000 221.000000 3.141593 0.000000 0.000000 0.000000 0.000000 0.000000
-520.020000 221.000000 3.141593 0.000000 0.000000 0.000000 0.000000 0.000000
-520.020000 221.000000 3.141593 0.000000 0.000000 0.000000 0.000000 0.000000
-520.020000 221.000000 3.141593 0.000000 0.000000 0.000000 0.000000 0.000000
-520.020000 221.000000 3.141593 0.000000 0.000000 0.000000 0.000000 0.000000
-520.020000 221.000000 3.141593 0.000000 0.000000 0.000000 0.000000 0.000000
-520.020000 221.000000 3.141593 0.000000 0.000000 0.000000 0.000000 0.000000
-520.020000 221.000000 3.141593 0.000000 0.000000 0.000000 0.000000 0.000000
-520.020000 221.000000 3.141593 0.000000 0.000000 0.000000 0.000000 0.000000
-520.020000 221.000000 3.141593 0.000000 0.000000 0.000000 0.000000 0.000000
-520.020000 221.000000 3.141593 0.000000 0.000000 0.000000 0.000000 0.000000
-520.020000 221.000000 3.141593 0.000000 0.000000 0.000000 0.000000 0.000000
-520.020000 221.000000 3.141593 0.000000 0.000000 0.000000 0.000000 0.000000
-520.020000 221.000000 3.141593 0.000000 0.000000 0.000000 0.000000 0.000000
-520.020000 221.000000 3.141593 0.000000 0.000000 0.000000 0.000000 0.000000
-520.020000 221.000000 3.141593 0.000000 0.000000 0.000000 0.000000 0.000000
-520.020000 221.000000 3.141593 0.000000 0.000000 0.000000 0.000000 0.000000
-520.020000 221.000000 3.141593 0.000000 0.000000 0.000000 0.000000 0.000000
-520.020000 221.000000 3.141593 0.000000 0.000000 0.000000 0.000000 0.000000
-520.020000 221.000000 3.141593 0.000000 0.000000 0.000000 0.000000 0.000000
-520.020000 221.000000 3.141593 0.000000 0.000000 0.000000 0.000000 0.000000
-520.020000 221.000000 3.141593 0.000000 0.000000 0.000000 0.000000 0.000000
-520.020000 221.000000 3.141593 0.000000 0.000000 0.000000 0.000000 0.000000
-520.020000 221.000000 3.141593 0.000000 0.000000 0.000000 0.000000 0.000000
-520.020000 221.000000 3.141593 0.000000 0.000000 0.000000 0.000000 0.000000
-520.020000 221.000000 3.141593 0.000000 0.000000 0.000000 0.000000 0.000000
-520.020000 221.000000 3.141593 0.000000 0.000000 0.000000 0.000000 0.000000
-520.020000 221.000000 3.141593 0.000000 0.000000 0.000000 0.000000 0.000000
-520.020000 221.000000 3.141593 0.000000 0.000000 0.000000 0.000000 0.000000
-520.020000 221.000000 3.141593 0.000000 0.000000 0.000000 0.000000 0.000000
-520.020000 221.000000 3.141593 0.000000 0.000000 0.000000 0.000000 0.000000
-520.020000 221.000000 3.141593 0.000000 0.000000 0.000000 0.000000 0.000000
-520.020000 221.000000 3.141593 0.000000 0.000000 0.000000 0.000000 0.000000
-520.020000 221.000000 3.141593 0.000000 0.000000 0.000000 0.000000 0.000000
-520.020000 221.000000 3.141593 0.000000 0.000000 0.000000 0.000000 0.000000
-520.020000 221.000000 3.141593 0.000000 0.000000 0.000000 0.000000 0.000000
-520.020000 221.000000 3.141593 0.000000 0.000000 0.000000 0.000000 0.000000
-520.020000 221.000000 3.141593 0.000000 0.000000 0.000000 0.000000 0.000000
-520.020000 221.000000 3.141593 0.000000 0.000000 0.000000 0.000000 0.000000
-520.020000 221.000000 3.141593 0.000000 0.000000 0.000000 0.000000 0.000000
-520.020000 221.000000 3.141593 0.000000 0.000000 0.000000 0.000000 0.000000
-520.020000 221.000000 3.141593 0.000000 0.000000 0.000000 0.000000 0.000000
-520.020000 221.000000 3.141593 0.000000 0.000000 0.000000 0.000000 0.000000
-520.020000 221.000000 3.141593 0.000000 0.000000 0.000000 0.000000 0.000000
-520.020000 221.000000 3.141593 0.000000 0.000000 0.000000 0.000000 0.000000
-520.020000 221.000000 3.141593 0.000000 0.000000 0.000000 0.000000 0.000000
-520.020000 221.000000 3.141593 0.000000 0.000000 0.000000 0.000000 0.000000
-520.020000 221.000000 3.141593 0.000000 0.000000 0.000000 0.000000 0.000000
-520.020000 221.000000 3.141593 0.000000 0.000000 0.000000 0.000000 0.000000
-520.020000 221.000000 3.141593 0.000000 0.000000 0.000000 0.000000 0.000000
-520.020000 221.000000 3.141593 0.000000 0.000000 0.000000 0.000000 0.000000
-520.020000 221.000000 3.141593 0.000000 0.000000 0.000000 0.000000 0.000000
-520.020000 221.000000 3.141593 0.000000 0.000000 0.000000 0.000000 0.000000
-520.020000 221.000000 3.141593 0.000000 0.000000 0.000000 0.000000 0.000000
-520.020000 221.000000 3.141593 0.000000 0.000000 0.000000 0.000000 0.000000
-520.020000 221.000000 3.141593 0.000000 0.000000 0.000000 0.000000 0.000000
-520.020000 221.000000 3.141593 0.000000 0.000000 0.000000 0.000000 0.000000
-520.020000 221.000000 3.141593 0.000000 0.000000 0.000000 0.000000 0.000000
-520.020000 221.000000 3.141593 0.000000 0.000000 0.000000 0.000000 0.000000
-520.020000 221.000000 3.141593 0.000000 0.000000 0.000000 0.000000 0.000000
-520.020000 221.000000 3.141593 0.000000 0.000000 0.000000 0.000000 0.000000
-520.020000 221.000000 3.141593 0.000000 0.000000 0.000000 0.000000 0.000000
-520.020000 221.000000 3.141593 0.000000 0.000000 0.000000 0.000000 0.000000
-520.020000 221.000000 3.141593 0.000000 0.000000 0.000000 0.000000 0.000000
-520.020000 221.000000 3.141593 0.000000 0.000000 0.000000 0.000000 0.000000
-520.020000 221.000000 3.141593 0.000000 0.000000 0.000000 0.000000 0.000000
-520.020000 221.000000 3.141593 0.000000 0.000000 0.000000 0.000000 0.000000
-520.020000 221.000000 3.141593 0.000000 0.000000 0.000000 0.000000 0.000000
-520.020000 221.000000 3.141593 0.000000 0.000000 0.000000 0.000000 0.000000
-520.020000 221.000000 3.141593 0.000000 0.000000 0.000000 0.000000 0.000000
-520.020000 221.000000 3.141593 0.000000 0.000000 0.000000 0.000000 0.000000
-520.020000 221.000000 3.141593 0.000000 0.000000 0.000000 0.000000 0.000000
-520.020000 221.000000 3.141593 0.000000 0.000000 0.000000 0.000000 0.000000
-520.020000 221.000000 3.141593 0.000000 0.000000 0.000000 0.000000 0.000000
-520.020000 221.000000 3.141593 0.000000 0.000000 0.000000 0.000000 0.000000
-520.020000 221.000000 3.141593 0.000000 0.000000 0.000000 0.000000 0.000000
-520.020000 221.000000 3.141593 0.000000 0.000000 0.000000 0.000000 0.000000
-520.020000 221.000000 3.141593 0.000000 0.000000 0.000000 0.000000 0.000000
-520.020000 221.000000 3.141593 0.000000 0.000000 0.000000 0.000000 0.000000
-520.020000 221.000000 3.141593 0.000000 0.000000 0.000000 0.000000 0.000000
-520.020000 221.000000 3.141593 0.000000 0.000000 0.000000 0.000000 0.000000
-520.020000 221.000000 3.141593 0.000000 0.000000 0.000000 0.000000 0.000000
-520.020000 221.000000 3.141593 0.000000 0.000000 0.000000 0.000000 0.000000
-520.020000 221.000000 3.141593 0.000000 0.000000 0.000000 0.000000 0.000000
-520.020000 221.000000 3.141593 0.000000 0.000000 0.000000 0.000000 0.000000
-520.020000 221.000000 3.141593 0.000000 0.000000 0.000000 0.000000 0.000000
-520.020000 221.000000 3.141593 0.000000 0.000000 0.000000 0.000000 0.000000
-520.020000 221.000000 3.141593 0.000000 0.000000 0.000000 0.000000 0.000000
-520.020000 221.000000 3.141593 0.000000 0.000000 0.000000 0.000000 0.000000
-520.020000 221.000000 3.141593 0.000000 0.000000 0.000000 0.000000 0.000000
-520.020000 221.000000 3.141593 0.000000 0.000000 0.000000 0.000000 0.000000
-520.020000 221.000000 3.141593 0.000000 0.000000 0.000000 0.000000 0.000000
-520.020000 221.000000 3.141593 0.000000 0.000000 0.000000 0.000000 0.000000
-520.020000 221.000000 3.141593 0.000000 0.000000 0.000000 0.000000 0.000000
-520.020000 221.000000 3.141593 0.000000 0.000000 0.000000 0.000000 0.000000
-520.020000 221.000000 3.141593 0.000000 0.000000 0.000000 0.000000 0.000000
-520.020000 221.000000 3.141593 0.000000 0.000000 0.000000 0.000000 0.000000
-520.020000 221.000000 3.141593 0.000000 0.000000 0.000000 0.000000 0.000000
-520.020000 221.000000 3.141593 0.000000 0.000000 0.000000 0.000000 0.000000
-520.020000 221.000000 3.141593 0.000000 0.000000 0.000000 0.000000 0.000000
-520.020000 221.000000 3.141593 0.000000 0.000000 0.000000 0.000000 0.000000
-520.020000 221.000000 3.141593 0.000000 0.000000 0.000000 0.000000 0.000000
-520.020000 221.000000 3.141593 0.000000 0.000000 0.000000 0.000000 0.000000
-520.020000 221.000000 3.141593 0.000000 0.000000 0.000000 0.000000 0.000000
-520.020000 221.000000 3.141593 0.000000 0.000000 0.000000 0.000000 0.000000
-520.020000 221.000000 3.141593 0.000000 0.000000 0.000000 0.000000 0.000000
-520.020000 221.000000 3.141593 0.000000 0.000000 0.000000 0.000000 0.000000
-520.020000 221.000000 3.141593 0.000000 0.000000 0.000000 0.000000 0.000000
-520.020000 221.000000 3.141593 0.000000 0.000000 0.000000 0.000000 0.000000
-520.020000 221.000000 3.141593 0.000000 0.000000 0.000000 0.000000 0.000000
-520.020000 221.000000 3.141593 0.000000 0.000000 0.000000 0.000000 0.000000
-520.020000 221.000000 3.141593 0.000000 0.000000 0.000000 0.000000 0.000000
-520.020000 221.000000 3.141593 0.000000 0.000000 0.000000 0.000000 0.000000
-520.020000 221.000000 3.141593 0.000000 0.000000 0.000000 0.000000 0.000000
-520.020000 221.000000 3.141593 0.000000 0.000000 0.000000 0.000000 0.000000
-520.020000 221.000000 3.141593 0.000000 0.000000 0.000000 0.000000 0.000000
-520.020000 221.000000 3.141593 0.000000 0.000000 0.000000 0.000000 0.000000
-520.020000 221.000000 3.141593 0.000000 0.000000 0.000000 0.000000 0.000000
-520.020000 221.000000 3.141593 0.000000 0.000000 0.000000 0.000000 0.000000
-520.020000 221.000000 3.141593 0.000000 0.000000 0.000000 0.000000 0.000000
-520.020000 221.000000 3.141593 0.000000 0.000000 0.000000 0.000000 0.000000
-520.020000 221.000000 3.141593 0.000000 0.000000 0.000000 0.000000 0.000000
-520.020000 221.000000 3.141593 0.000000 0.000000 0.000000 0.000000 0.000000
-520.020000 221.000000 3.141593 0.000000 0.000000 0.000000 0.000000 0.000000
-520.020000 221.000000 3.141593 0.000000 0.000000 0.000000 0.000000 0.000000
-520.020000 221.000000 3.141593 0.000000 0.000000 0.000000 0.000000 0.000000
-520.020000 221.000000 3.141593 0.000000 0.000000 0.000000 0.000000 0.000000
-520.020000 221.000000 3.141593 0.000000 0.000000 0.000000 0.000000 0.000000
-520.020000 221.000000 3.141593 0.000000 0.000000 0.000000 0.000000 0.000000
-520.020000 221.000000 3.141593 0.000000 0.000000 0.000000 0.000000 0.000000
-520.020000 221.000000 3.141593 0.000000 0.000000 0.000000 0.000000 0.000000
-520.020000 221.000000 3.141593 0.000000 0.000000 0.000000 0.000000 0.000000
-520.020000 221.000000 3.141593 0.000000 0.000000 0.000000 0.000000 0.000000
-520.020000 221.000000 3.141593 0.000000 0.000000 0.000000 0.000000 0.000000
-520.020000 221.000000 3.141593 0.000000 0.000000 0.000000 0.000000 0.000000
-520.020000 221.000000 3.141593 0.000000 0.000000 0.000000 0.000000 0.000000
-520.020000 221.000000 3.141593 0.000000 0.000000 0.000000 0.000000 0.000000
-520.020000 221.000000 3.141593 0.000000 0.000000 0.000000 0.000000 0.000000
-520.020000 221.000000 3.141593 0.000000 0.000000 0.000000 0.000000 0.000000
-520.020000 221.000000 3.141593 0.000000 0.000000 0.000000 0.000000 0.000000
-520.020000 221.000000 3.141593 0.000000 0.000000 0.000000 0.000000 0.000000
-520.020000 221.000000 3.141593 0.000000 0.000000 0.000000 0.000000 0.000000
-520.020000 221.000000 3.141593 0.000000 0.000000 0.000000 0.000000 0.000000
-520.020000 221.000000 3.141593 0.000000 0.000000 0.000000 0.000000 0.000000
-520.020000 221.000000 3.141593 0.000000 0.000000 0.000000 0.000000 0.000000
-520.020000 221.000000 3.141593 0.000000 0.000000 0.000000 0.000000 0.000000
-520.020000 221.000000 3.141593 0.000000 0.000000 0.000000 0.000000 0.000000
-520.020000 221.000000 3.141593 0.000000 0.000000 0.000000 0.000000 0.000000
-520.020000 221.000000 3.141593 0.000000 0.000000 0.000000 0.000000 0.000000
-520.020000 221.000000 3.141593 0.000000 0.000000 0.000000 0.000000 0.000000
-520.020000 221.000000 3.141593 0.000000 0.000000 0.000000 0.000000 0.000000
-520.020000 221.000000 3.141593 0.000000 0.000000 0.000000 0.000000 0.000000
-520.020000 221.000000 3.141593 0.000000 0.000000 0.000000 0.000000 0.000000
-520.020000 221.000000 3.141593 0.000000 0.000000 0.000000 0.000000 0.000000
-520.020000 221.000000 3.141593 0.000000 0.000000 0.000000 0.000000 0.000000
-520.020000 221.000000 3.141593 0.000000 0.000000 0.000000 0.000000 0.000000
-520.020000 221.000000 3.141593 0.000000 0.000000 0.000000 0.000000 0.000000
-520.020000 221.000000 3.141593 0.000000 0.000000 0.000000 0.000000 0.000000
-520.020000 221.000000 3.141593 0.000000 0.000000 0.000000 0.000000 0.000000
-520.020000 221.000000 3.141593 0.000000 0.000000 0.000000 0.000000 0.000000
-520.020000 221.000000 3.141593 0.000000 0.000000 0.000000 0.000000 0.000000
-520.020000 221.000000 3.141593 0.000000 0.000000 0.000000 0.000000 0.000000
-520.020000 221.000000 3.141593 0.000000 0.000000 0.000000 0.000000 0.000000
-520.020000 221.000000 3.141593 0.000000 0.000000 0.000000 0.000000 0.000000
-520.020000 221.000000 3.141593 0.000000 0.000000 0.000000 0.000000 0.000000
-520.020000 221.000000 3.141593 0.000000 0.000000 0.000000 0.000000 0.000000
-520.020000 221.000000 3.141593 0.000000 0.000000 0.000000 0.000000 0.000000
-520.020000 221.000000 3.141593 0.000000 0.000000 0.000000 0.000000 0.000000
-520.020000 221.000000 3.141593 0.000000 0.000000 0.000000 0.000000 0.000000
-520.020000 221.000000 3.141593 0.000000 0.000000 0.000000 0.000000 0.000000
-520.020000 221.000000 3.141593 0.000000 0.000000 0.000000 0.000000 0.000000
-520.020000 221.000000 3.141593 0.000000 0.000000 0.000000 0.000000 0.000000
-520.020000 221.000000 3.141593 0.000000 0.000000 0.000000 0.000000 0.000000
-520.020000 221.000000 3.141593 0.000000 0.000000 0.000000 0.000000 0.000000
-520.020000 221.000000 3.141593 0.000000 0.000000 0.000000 0.000000 0.000000
-520.020000 221.000000 3.141593 0.000000 0.000000 0.000000 0.000000 0.000000
-520.020000 221.000000 3.141593 0.000000 0.000000 0.000000 0.000000 0.000000
-520.020000 221.000000 3.141593 0.000000 0.000000 0.000000 0.000000 0.000000
-520.020000 221.000000 3.141593 0.000000 0.000000 0.000000 0.000000 0.000000
-520.020000 221.000000 3.141593 0.000000 0.000000 0.000000 0.000000 0.000000
-520.020000 221.000000 3.141593 0.000000 0.000000 0.000000 0.000000 0.000000
-520.020000 221.000000 3.141593 0.000000 0.000000 0.000000 0.000000 0.000000
-520.020000 221.000000 3.141593 0.000000 0.000000 0.000000 0.000000 0.000000
-520.020000 221.000000 3.141593 0.000000 0.000000 0.000000 0.000000 0.000000
-520.020000 221.000000 3.141593 0.000000 0.000000 0.000000 0.000000 0.000000
-520.020000 221.000000 3.141593 0.000000 0.000000 0.000000 0.000000 0.000000
-520.020000 221.000000 3.141593 0.000000 0.000000 0.000000 0.000000 0.000000
-520.020000 221.000000 3.141593 0.000000 0.000000 0.000000 0.000000 0.000000
-520.020000 221.000000 3.141593 0.000000 0.000000 0.000000 0.000000 0.000000
-520.020000 221.000000 3.141593 0.000000 0.000000 0.000000 0.000000 0.000000
-520.020000 221.000000 3.141593 0.000000 0.000000 0.000000 0.000000 0.000000
-520.020000 221.000000 3.141593 0.000000 0.000000 0.000000 0.000000 0.000000
-520.020000 221.000000 3.141593 0.000000 0.000000 0.000000 0.000000 0.000000
-520.020000 221.000000 3.141593 0.000000 0.000000 0.000000 0.000000 0.000000
-520.020000 221.000000 3.141593 0.000000 0.000000 0.000000 0.000000 0.000000
-520.020000 221.000000 3.141593 0.000000 0.000000 0.000000 0.000000 0.000000
-520.020000 221.000000 3.141593 0.000000 0.000000 0.000000 0.000000 0.000000
-520.020000 221.000000 3.141593 0.000000 0.000000 0.000000 0.000000 0.000000
-520.020000 221.000000 3.141593 0.000000 0.000000 0.000000 0.000000 0.000000
-520.020000 221.000000 3.141593 0.000000 0.000000 0.000000 0.000000 0.000000
-520.020000 221.000000 3.141593 0.000000 0.000000 0.000000 0.000000 0.000000
-520.020000 221.000000 3.141593 0.000000 0.000000 0.000000 0.000000 0.000000
-520.020000 221.000000 3.141593 0.000000 0.000000 0.000000 0.000000 0.000000
-520.020000 221.000000 3.141593 0.000000 0.000000 0.000000 0.000000 0.000000
-520.020000 221.000000 3.141593 0.000000 0.000000 0.000000 0.000000 0.000000
-520.020000 221.000000 3.141593 0.000000 0.000000 0.000000 0.000000 0.000000
-520.020000 221.000000 3.141593 0.000000 0.000000 0.000000 0.000000 0.000000
-520.020000 221.000000 3.141593 0.000000 0.000000 0.000000 0.000000 0.000000
-520.020000 221.000000 3.141593 0.000000 0.000000 0.000000 0.000000 0.000000
-520.020000 221.000000 3.141593 0.000000 0.000000 0.000000 0.000000 0.000000
-520.020000 221.000000 3.141593 0.000000 0.000000 0.000000 0.000000 0.000000
-520.020000 221.000000 3.141593 0.000000 0.000000 0.000000 0.000000 0.000000
-520.020000 221.000000 3.141593 0.000000 0.000000 0.000000 0.000000 0.000000
-520.020000 221.000000 3.141593 0.000000 0.000000 0.000000 0.000000 0.000000
-520.020000 221.000000 3.141593 0.000000 0.000000 0.000000 0.000000 0.000000
-520.020000 221.000000 3.141593 0.000000 0.000000 0.000000 0.000000 0.000000
-520.020000 221.000000 3.141593 0.000000 0.000000 0.000000 0.000000 0.000000
-520.020000 221.000000 3.141593 0.000000 0.000000 0.000000 0.000000 0.000000
-520.020000 221.000000 3.141593 0.000000 0.000000 0.000000 0.000000 0.000000
-520.020000 221.000000 3.141593 0.000000 0.000000 0.000000 0.000000 0.000000
-520.020000 221.000000 3.141593 0.000000 0.000000 0.000000 0.000000 0.000000
-520.020000 221.000000 3.141593 0.000000 0.000000 0.000000 0.000000 0.000000
-520.020000 221.000000 3.141593 0.000000 0.000000 0.000000 0.000000 0.000000
-520.020000 221.000000 3.141593 0.000000 0.000000 0.000000 0.000000 0.000000
-520.020000 221.000000 3.141593 0.000000 0.000000 0.000000 0.000000 0.000000
-520.020000 221.000000 3.141593 0.000000 0.000000 0.000000 0.000000 0.000000
-520.020000 221.000000 3.141593 0.000000 0.000000 0.000000 0.000000 0.000000
-520.020000 221.000000 3.141593 0.000000 0.000000 0.000000 0.000000 0.000000
-520.020000 221.000000 3.141593 0.000000 0.000000 0.000000 0.000000 0.000000
-520.020000 221.000000 3.141593 0.000000 0.000000 0.000000 0.000000 0.000000
-520.020000 221.000000 3.141593 0.000000 0.000000 0.000000 0.000000 0.000000
-520.020000 221.000000 3.141593 0.000000 0.000000 0.000000 0.000000 0.000000
-520.020000 221.000000 3.141593 0.000000 0.000000 0.000000 0.000000 0.000000
-520.020000 221.000000 3.141593 0.000000 0.000000 0.000000 0.000000 0.000000
-520.020000 221.000000 3.141593 0.000000 0.000000 0.000000 0.000000 0.000000
-520.020000 221.000000 3.141593 0.000000 0.000000 0.000000 0.000000 0.000000
-520.020000 221.000000 3.141593 0.000000 0.000000 0.000000 0.000000 0.000000
-520.020000 221.000000 3.141593 0.000000 0.000000 0.000000 0.000000 0.000000
-520.020000 221.000000 3.141593 0.000000 0.000000 0.000000 0.000000 0.000000
-520.020000 221.000000 3.141593 0.000000 0.000000 0.000000 0.000000 0.000000
-520.020000 221.000000 3.141593 0.000000 0.000000 0.000000 0.000000 0.000000
-520.020000 221.000000 3.141593 0.000000 0.000000 0.000000 0.000000 0.000000
-520.020000 221.000000 3.141593 0.000000 0.000000 0.000000 0.000000 0.000000
-520.020000 221.000000 3.141593 0.000000 0.000000 0.000000 0.000000 0.000000
-520.020000 221.000000 3.141593 0.000000 0.000000 0.000000 0.000000 0.000000
-520.020000 221.000000 3.141593 0.000000 0.000000 0.000000 0.000000 0.000000
-520.020000 221.000000 3.141593 0.000000 0.000000 0.000000 0.000000 0.000000
-520.020000 221.000000 3.141593 0.000000 0.000000 0.000000 0.000000 0.000000
-520.020000 221.000000 3.141593 0.000000 0.000000 0.000000 0.000000 0.000000
-520.020000 221.000000 3.141593 0.000000 0.000000 0.000000 0.000000 0.000000
-520.020000 221.000000 3.141593 0.000000 0.000000 0.000000 0.000000 0.000000
-520.020000 221.000000 3.141593 0.000000 0.000000 0.000000 0.000000 0.000000
-520.020000 221.000000 3.141593 0.000000 0.000000 0.000000 0.000000 0.000000
-520.020000 221.000000 3.141593 0.000000 0.000000 0.000000 0.000000 0.000000
-520.020000 221.000000 3.141593 0.000000 0.000000 0.000000 0.000000 0.000000
-520.020000 221.000000 3.141593 0.000000 0.000000 0.000000 0.000000 0.000000
-520.020000 221.000000 3.141593 0.000000 0.000000 0.000000 0.000000 0.000000
-520.020000 221.000000 3.141593 0.000000 0.000000 0.000000 0.000000 0.000000
-520.020000 221.000000 3.141593 0.000000 0.000000 0.000000 0.000000 0.000000
-520.020000 221.000000 3.141593 0.000000 0.000000 0.000000 0.000000 0.000000
-520.020000 221.000000 3.141593 0.000000 0.000000 0.000000 0.000000 0.000000
-520.020000 221.000000 3.141593 0.000000 0.000000 0.000000 0.000000 0.000000
-520.020000 221.000000 3.141593 0.000000 0.000000 0.000000 0.000000 0.000000
-520.020000 221.000000 3.141593 0.000000 0.000000 0.000000 0.000000 0.000000
-520.020000 221.000000 3.141593 0.000000 0.000000 0.000000 0.000000 0.000000
-520.020000 221.000000 3.141593 0.000000 0.000000 0.000000 0.000000 0.000000
-520.020000 221.000000 3.141593 0.000000 0.000000 0.000000 0.000000 0.000000
-520.020000 221.000000 3.141593 0.000000 0.000000 0.000000 0.000000 0.000000
-520.020000 221.000000 3.141593 0.000000 0.000000 0.000000 0.000000 0.000000
-520.020000 221.000000 3.141593 0.000000 0.000000 0.000000 0.000000 0.000000
-520.020000 221.000000 3.141593 0.000000 0.000000 0.000000 0.000000 0.000000
-520.020000 221.000000 3.141593 0.000000 0.000000 0.000000 0.000000 0.000000
-520.020000 221.000000 3.141593 0.000000 0.000000 0.000000 0.000000 0.000000
-520.020000 221.000000 3.141593 0.000000 0.000000 0.000000 0.000000 0.000000
-520.020000 221.000000 3.141593 0.000000 0.000000 0.000000 0.000000 0.000000
-520.020000 221.000000 3.141593 0.000000 0.000000 0.000000 0.000000 0.000000
-520.020000 221.000000 3.141593 0.000000 0.000000 0.000000 0.000000 0.000000
-520.020000 221.000000 3.141593 0.000000 0.000000 0.000000 0.000000 0.000000
-520.020000 221.000000 3.141593 0.000000 0.000000 0.000000 0.000000 0.000000
-520.020000 221.000000 3.141593 0.000000 0.000000 0.000000 0.000000 0.000000
-520.020000 221.000000 3.141593 0.000000 0.000000 0.000000 0.000000 0.000000
-520.020000 221.000000 3.141593 0.000000 0.000000 0.000000 0.000000 0.000000
-520.020000 221.000000 3.141593 0.000000 0.000000 0.000000 0.000000 0.000000
-520.020000 221.000000 3.141593 0.000000 0.000000 0.000000 0.000000 0.000000
-520.020000 221.000000 3.141593 0.000000 0.000000 0.000000 0.000000 0.000000
-520.020000 221.000000 3.141593 0.000000 0.000000 0.000000 0.000000 0.000000
-520.020000 221.000000 3.141593 0.000000 0.000000 0.000000 0.000000 0.000000
-520.020000 221.000000 3.141593 0.000000 0.000000 0.000000 0.000000 0.000000
-520.020000 221.000000 3.141593 0.000000 0.000000 0.000000 0.000000 0.000000
-520.020000 221.000000 3.141593 0.000000 0.000000 0.000000 0.000000 0.000000
-520.020000 221.000000 3.141593 0.000000 0.000000 0.000000 0.000000 0.000000
-520.020000 221.000000 3.141593 0.000000 0.000000 0.000000 0.000000 0.000000
-520.020000 221.000000 3.141593 0.000000 0.000000 0.000000 0.000000 0.000000
-520.020000 221.000000 3.141593 0.000000 0.000000 0.000000 0.000000 0.000000
-520.020000 221.000000 3.141593 0.000000 0.000000 0.000000 0.000000 0.000000
-520.020000 221.000000 3.141593 0.000000 0.000000 0.000000 0.000000 0.000000
-520.020000 221.000000 3.141593 0.000000 0.000000 0.000000 0.000000 0.000000
-520.020000 221.000000 3.141593 0.000000 0.000000 0.000000 0.000000 0.000000
-520.020000 221.000000 3.141593 0.000000 0.000000 0.000000 0.000000 0.000000
-520.020000 221.000000 3.141593 0.000000 0.000000 0.000000 0.000000 0.000000
-520.020000 221.000000 3.141593 0.000000 0.000000 0.000000 0.000000 0.000000
-520.020000 221.000000 3.141593 0.000000 0.000000 0.000000 0.000000 0.000000
-520.020000 221.000000 3.141593 0.000000 0.000000 0.000000 0.000000 0.000000
-520.020000 221.000000 3.141593 0.000000 0.000000 0.000000 0.000000 0.000000
-520.020000 221.000000 3.141593 0.000000 0.000000 0.000000 0.000000 0.000000
-520.020000 221.000000 3.141593 0.000000 0.000000 0.000000 0.000000 0.000000
-520.020000 221.000000 3.141593 0.000000 0.000000 0.000000 0.000000 0.000000
-520.020000 221.000000 3.141593 0.000000 0.000000 0.000000 0.000000 0.000000
-520.020000 221.000000 3.141593 0.000000 0.000000 0.000000 0.000000 0.000000
-520.020000 221.000000 3.141593 0.000000 0.000000 0.000000 0.000000 0.000000
-520.020000 221.000000 3.141593 0.000000 0.000000 0.000000 0.000000 0.000000
-520.020000 221.000000 3.141593 0.000000 0.000000 0.000000 0.000000 0.000000
-520.020000 221.000000 3.141593 0.000000 0.000000 0.000000 0.000000 0.000000
-520.020000 221.000000 3.141593 0.000000 0.000000 0.000000 0.000000 0.000000
-520.020000 221.000000 3.141593 0.000000 0.000000 0.000000 0.000000 0.000000
-520.020000 221.000000 3.141593 0.000000 0.000000 0.000000 0.000000 0.000000
-520.020000 221.000000 3.141593 0.000000 0.000000 0.000000 0.000000 0.000000
-520.020000 221.000000 3.141593 0.000000 0.000000 0.000000 0.000000 0.000000
-520.020000 221.000000 3.141593 0.000000 0.000000 0.000000 0.000000 0.000000
-520.020000 221.000000 3.141593 0.000000 0.000000 0.000000 0.000000 0.000000
-520.020000 221.000000 3.141593 0.000000 0.000000 0.000000 0.000000 0.000000
-520.020000 221.000000 3.141593 0.000000 0.000000 0.000000 0.000000 0.000000
-520.020000 221.000000 3.141593 0.000000 0.000000 0.000000 0.000000 0.000000
-520.020000 221.000000 3.141593 0.000000 0.000000 0.000000 0.000000 0.000000
-520.020000 221.000000 3.141593 0.000000 0.000000 0.000000 0.000000 0.000000
-520.020000 221.000000 3.141593 0.000000 0.000000 0.000000 0.000000 0.000000
-520.020000 221.000000 3.141593 0.000000 0.000000 0.000000 0.000000 0.000000
-520.020000 221.000000 3.141593 0.000000 0.000000 0.000000 0.000000 0.000000
-520.020000 221.000000 3.141593 0.000000 0.000000 0.000000 0.000000 0.000000
-520.020000 221.000000 3.141593 0.000000 0.000000 0.000000 0.000000 0.000000
-520.020000 221.000000 3.141593 0.000000 0.000000 0.000000 0.000000 0.000000
-520.020000 221.000000 3.141593 0.000000 0.000000 0.000000 0.000000 0.000000
-520.020000 221.000000 3.141593 0.000000 0.000000 0.000000 0.000000 0.000000
-520.020000 221.000000 3.141593 0.000000 0.000000 0.000000 0.000000 0.000000
-520.020000 221.000000 3.141593 0.000000 0.000000 0.000000 0.000000 0.000000
-520.020000 221.000000 3.141593 0.000000 0.000000 0.000000 0.000000 0.000000
-520.020000 221.000000 3.141593 0.000000 0.000000 0.000000 0.000000 0.000000
-520.020000 221.000000 3.141593 0.000000 0.000000 0.000000 0.000000 0.000000
-520.020000 221.000000 3.141593 0.000000 0.000000 0.000000 0.000000 0.000000
-520.020000 221.000000 3.141593 0.000000 0.000000 0.000000 0.000000 0.000000
-520.020000 221.000000 3.141593 0.000000 0.000000 0.000000 0.000000 0.000000
-520.020000 221.000000 3.141593 0.000000 0.000000 0.000000 0.000000 0.000000
-520.020000 221.000000 3.141593 0.000000 0.000000 0.000000 0.000000 0.000000
-520.020000 221.000000 3.141593 0.000000 0.000000 0.000000 0.000000 0.000000
-520.020000 221.000000 3.141593 0.000000 0.000000 0.000000 0.000000 0.000000
-520.020000 221.000000 3.141593 0.000000 0.000000 0.000000 0.000000 0.000000
-520.020000 221.000000 3.141593 0.000000 0.000000 0.000000 0.000000 0.000000
-520.020000 221.000000 3.141593 0.000000 0.000000 0.000000 0.000000 0.000000
-520.020000 221.000000 3.141593 0.000000 0.000000 0.000000 0.000000 0.000000
-520.020000 221.000000 3.141593 0.000000 0.000000 0.000000 0.000000 0.000000
-520.020000 221.000000 3.141593 0.000000 0.000000 0.000000 0.000000 0.000000
-520.020000 221.000000 3.141593 0.000000 0.000000 0.000000 0.000000 0.000000
-520.020000 221.000000 3.141593 0.000000 0.000000 0.000000 0.000000 0.000000
-520.020000 221.000000 3.141593 0.000000 0.000000 0.000000 0.000000 0.000000
-520.020000 221.000000 3.141593 0.000000 0.000000 0.000000 0.000000 0.000000
-520.020000 221.000000 3.141593 0.000000 0.000000 0.000000 0.000000 0.000000
-520.020000 221.000000 3.141593 0.000000 0.000000 0.000000 0.000000 0.000000
-520.020000 221.000000 3.141593 0.000000 0.000000 0.000000 0.000000 0.000000
-520.020000 221.000000 3.141593 0.000000 0.000000 0.000000 0.000000 0.000000
-520.020000 221.000000 3.141593 0.000000 0.000000 0.000000 0.000000 0.000000
-520.020000 221.000000 3.141593 0.000000 0.000000 0.000000 0.000000 0.000000
-520.020000 221.000000 3.141593 0.000000 0.000000 0.000000 0.000000 0.000000
-520.020000 221.000000 3.141593 0.000000 0.000000 0.000000 0.000000 0.000000
-520.020000 221.000000 3.141593 0.000000 0.000000 0.000000 0.000000 0.000000
-520.020000 221.000000 3.141593 0.000000 0.000000 0.000000 0.000000 0.000000
-520.020000 221.000000 3.141593 0.000000 0.000000 0.000000 0.000000 0.000000
-520.020000 221.000000 3.141593 0.000000 0.000000 0.000000 0.000000 0.000000
-520.020000 221.000000 3.141593 0.000000 0.000000 0.000000 0.000000 0.000000
-520.020000 221.000000 3.141593 0.000000 0.000000 0.000000 0.000000 0.000000
-520.020000 221.000000 3.141593 0.000000 0.000000 0.000000 0.000000 0.000000
-520.020000 221.000000 3.141593 0.000000 0.000000 0.000000 0.000000 0.000000
-520.020000 221.000000 3.141593 0.000000 0.000000 0.000000 0.000000 0.000000
-520.020000 221.000000 3.141593 0.000000 0.000000 0.000000 0.000000 0.000000
-520.020000 221.000000 3.141593 0.000000 0.000000 0.000000 0.000000 0.000000
-520.020000 221.000000 3.141593 0.000000 0.000000 0.000000 0.000000 0.000000
-520.020000 221.000000 3.141593 0.000000 0.000000 0.000000 0.000000 0.000000
-520.020000 221.000000 3.141593 0.000000 0.000000 0.000000 0.000000 0.000000
-520.020000 221.000000 3.141593 0.000000 0.000000 0.000000 0.000000 0.000000
-520.020000 221.000000 3.141593 0.000000 0.000000 0.000000 0.000000 0.000000
-520.020000 221.000000 3.141593 0.000000 0.000000 0.000000 0.000000 0.000000
-520.020000 221.000000 3.141593 0.000000 0.000000 0.000000 0.000000 0.000000
-520.020000 221.000000 3.141593 0.000000 0.000000 0.000000 0.000000 0.000000
-520.020000 221.000000 3.141593 0.000000 0.000000 0.000000 0.000000 0.000000
-520.020000 221.000000 3.141593 0.000000 0.000000 0.000000 0.000000 0.000000
-520.020000 221.000000 3.141593 0.000000 0.000000 0.000000 0.000000 0.000000
-520.020000 221.000000 3.141593 0.000000 0.000000 0.000000 0.000000 0.000000
-520.020000 221.000000 3.141593 0.000000 0.000000 0.000000 0.000000 0.000000
-520.020000 221.000000 3.141593 0.000000 0.000000 0.000000 0.000000 0.000000
-520.020000 221.000000 3.141593 0.000000 0.000000 0.000000 0.000000 0.000000
-520.020000 221.000000 3.141593 0.000000 0.000000 0.000000 0.000000 0.000000
-520.020000 221.000000 3.141593 0.000000 0.000000 0.000000 0.000000 0.000000
-520.020000 221.000000 3.141593 0.000000 0.000000 0.000000 0.000000 0.000000
-520.020000 221.000000 3.141593 0.000000 0.000000 0.000000 0.000000 0.000000
-520.020000 221.000000 3.141593 0.000000 0.000000 0.000000 0.000000 0.000000
-520.020000 221.000000 3.141593 0.000000 0.000000 0.000000 0.000000 0.000000
-520.020000 221.000000 3.141593 0.000000 0.000000 0.000000 0.000000 0.000000
-520.020000 221.000000 3.141593 0.000000 0.000000 0.000000 0.000000 0.000000
-520.020000 221.000000 3.141593 0.000000 0.000000 0.000000 0.000000 0.000000
-520.020000 221.000000 3.141593 0.000000 0.000000 0.000000 0.000000 0.000000
-520.020000 221.000000 3.141593 0.000000 0.000000 0.000000 0.000000 0.000000
-520.020000 221.000000 3.141593 0.000000 0.000000 0.000000 0.000000 0.000000
-520.020000 221.000000 3.141593 0.000000 0.000000 0.000000 0.000000 0.000000
-520.020000 221.000000 3.141593 0.000000 0.000000 0.000000 0.000000 0.000000
-520.020000 221.000000 3.141593 0.000000 0.000000 0.000000 0.000000 0.000000
-520.020000 221.000000 3.141593 0.000000 0.000000 0.000000 0.000000 0.000000
-520.020000 221.000000 3.141593 0.000000 0.000000 0.000000 0.000000 0.000000
-520.020000 221.000000 3.141593 0.000000 0.000000 0.000000 0.000000 0.000000
-520.020000 221.000000 3.141593 0.000000 0.000000 0.000000 0.000000 0.000000
-520.020000 221.000000 3.141593 0.000000 0.000000 0.000000 0.000000 0.000000
-520.020000 221.000000 3.141593 0.000000 0.000000 0.000000 0.000000 0.000000
-520.020000 221.000000 3.141593 0.000000 0.000000 0.000000 0.000000 0.000000
-520.020000 221.000000 3.141593 0.000000 0.000000 0.000000 0.000000 0.000000
-520.020000 221.000000 3.141593 0.000000 0.000000 0.000000 0.000000 0.000000
-520.020000 221.000000 3.141593 0.000000 0.000000 0.000000 0.000000 0.000000
-520.020000 221.000000 3.141593 0.000000 0.000000 0.000000 0.000000 0.000000
-520.020000 221.000000 3.141593 0.000000 0.000000 0.000000 0.000000 0.000000
-520.020000 221.000000 3.141593 0.000000 0.000000 0.000000 0.000000 0.000000
-520.020000 221.000000 3.141593 0.000000 0.000000 0.000000 0.000000 0.000000
-520.020000 221.000000 3.141593 0.000000 0.000000 0.000000 0.000000 0.000000
-520.020000 221.000000 3.141593 0.000000 0.000000 0.000000 0.000000 0.000000
-520.020000 221.000000 3.141593 0.000000 0.000000 0.000000 0.000000 0.000000
-520.020000 221.000000 3.141593 0.000000 0.000000 0.000000 0.000000 0.000000
-520.020000 221.000000 3.141593 0.000000 0.000000 0.000000 0.000000 0.000000
-520.020000 221.000000 3.141593 0.000000 0.000000 0.000000 0.000000 0.000000
-520.020000 221.000000 3.141593 0.000000 0.000000 0.000000 0.000000 0.000000
-520.020000 221.000000 3.141593 0.000000 0.000000 0.000000 0.000000 0.000000
-520.020000 221.000000 3.141593 0.000000 0.000000 0.000000 0.000000 0.000000
-520.020000 221.000000 3.141593 0.000000 0.000000 0.000000 0.000000 0.000000
-520.020000 221.000000 3.141593 0.000000 0.000000 0.000000 0.000000 0.000000
-520.020000 221.000000 3.141593 0.000000 0.000000 0.000000 0.000000 0.000000
-520.020000 221.000000 3.141593 0.000000 0.000000 0.000000 0.000000 0.000000
-520.020000 221.000000 3.141593 0.000000 0.000000 0.000000 0.000000 0.000000
-520.020000 221.000000 3.141593 0.000000 0.000000 0.000000 0.000000 0.000000
-520.020000 221.000000 3.141593 0.000000 0.000000 0.000000 0.000000 0.000000
-520.020000 221.000000 3.141593 0.000000 0.000000 0.000000 0.000000 0.000000
-520.020000 221.000000 3.141593 0.000000 0.000000 0.000000 0.000000 0.000000
-520.020000 221.000000 3.141593 0.000000 0.000000 0.000000 0.000000 0.000000
-520.020000 221.000000 3.141593 0.000000 0.000000 0.000000 0.000000 0.000000
-520.020000 221.000000 3.141593 0.000000 0.000000 0.000000 0.000000 0.000000
-520.020000 221.000000 3.141593 0.000000 0.000000 0.000000 0.000000 0.000000
-520.020000 221.000000 3.141593 0.000000 0.000000 0.000000 0.000000 0.000000
-520.020000 221.000000 3.141593 0.000000 0.000000 0.000000 0.000000 0.000000
-520.020000 221.000000 3.141593 0.000000 0.000000 0.000000 0.000000 0.000000
-520.020000 221.000000 3.141593 0.000000 0.000000 0.000000 0.000000 0.000000
-520.020000 221.000000 3.141593 0.000000 0.000000 0.000000 0.000000 0.000000
-520.020000 221.000000 3.141593 0.000000 0.000000 0.000000 0.000000 0.000000
-520.020000 221.000000 3.141593 0.000000 0.000000 0.000000 0.000000 0.000000
-520.020000 221.000000 3.141593 0.000000 0.000000 0.000000 0.000000 0.000000
-520.020000 221.000000 3.141593 0.000000 0.000000 0.000000 0.000000 0.000000
-520.020000 221.000000 3.141593 0.000000 0.000000 0.000000 0.000000 0.000000
-520.020000 221.000000 3.141593 0.000000 0.000000 0.000000 0.000000 0.000000
-520.020000 221.000000 3.141593 0.000000 0.000000 0.000000 0.000000 0.000000
-520.020000 221.000000 3.141593 0.000000 0.000000 0.000000 0.000000 0.000000
-520.020000 221.000000 3.141593 0.000000 0.000000 0.000000 0.000000 0.000000
-520.020000 221.000000 3.141593 0.000000 0.000000 0.000000 0.000000 0.000000
-520.020000 221.000000 3.141593 0.000000 0.000000 0.000000 0.000000 0.000000
-520.020000 221.000000 3.141593 0.000000 0.000000 0.000000 0.000000 0.000000
-520.020000 221.000000 3.141593 0.000000 0.000000 0.000000 0.000000 0.000000
-520.020000 221.000000 3.141593 0.000000 0.000000 0.000000 0.000000 0.000000
-520.020000 221.000000 3.141593 0.000000 0.000000 0.000000 0.000000 0.000000
-520.020000 221.000000 3.141593 0.000000 0.000000 0.000000 0.000000 0.000000
-520.020000 221.000000 3.141593 0.000000 0.000000 0.000000 0.000000 0.000000
-520.020000 221.000000 3.141593 0.000000 0.000000 0.000000 0.000000 0.000000
-520.020000 221.000000 3.141593 0.000000 0.000000 0.000000 0.000000 0.000000
-520.020000 221.000000 3.141593 0.000000 0.000000 0.000000 0.000000 0.000000
-520.020000 221.000000 3.141593 0.000000 0.000000 0.000000 0.000000 0.000000
-520.020000 221.000000 3.141593 0.000000 0.000000 0.000000 0.000000 0.000000
-520.020000 221.000000 3.141593 0.000000 0.000000 0.000000 0.000000 0.000000
-520.020000 221.000000 3.141593 0.000000 0.000000 0.000000 0.000000 0.000000
-520.020000 221.000000 3.141593 0.000000 0.000000 0.000000 0.000000 0.000000
-520.020000 221.000000 3.141593 0.000000 0.000000 0.000000 0.000000 0.000000
-520.020000 221.000000 3.141593 0.000000 0.000000 0.000000 0.000000 0.000000
-520.020000 221.000000 3.141593 0.000000 0.000000 0.000000 0.000000 0.000000
-520.020000 221.000000 3.141593 0.000000 0.000000 0.000000 0.000000 0.000000
-520.020000 221.000000 3.141593 0.000000 0.000000 0.000000 0.000000 0.000000
-520.020000 221.000000 3.141593 0.000000 0.000000 0.000000 0.000000 0.000000
-520.020000 221.000000 3.141593 0.000000 0.000000 0.000000 0.000000 0.000000
-520.020000 221.000000 3.141593 0.000000 0.000000 0.000000 0.000000 0.000000
-520.020000 221.000000 3.141593 0.000000 0.000000 0.000000 0.000000 0.000000
-520.020000 221.000000 3.141593 0.000000 0.000000 0.000000 0.000000 0.000000
-520.020000 221.000000 3.141593 0.000000 0.000000 0.000000 0.000000 0.000000
-520.020000 221.000000 3.141593 0.000000 0.000000 0.000000 0.000000 0.000000
-520.020000 221.000000 3.141593 0.000000 0.000000 0.000000 0.000000 0.000000
-520.020000 221.000000 3.141593 0.000000 0.000000 0.000000 0.000000 0.000000
-520.020000 221.000000 3.141593 0.000000 0.000000 0.000000 0.000000 0.000000
-520.020000 221.000000 3.141593 0.000000 0.000000 0.000000 0.000000 0.000000
-520.020000 221.000000 3.141593 0.000000 0.000000 0.000000 0.000000 0.000000
-520.020000 221.000000 3.141593 0.000000 0.000000 0.000000 0.000000 0.000000
-520.020000 221.000000 3.141593 0.000000 0.000000 0.000000 0.000000 0.000000
-520.020000 221.000000 3.141593 0.000000 0.000000 0.000000 0.000000 0.000000
-520.020000 221.000000 3.141593 0.000000 0.000000 0.000000 0.000000 0.000000
-520.020000 221.000000 3.141593 0.000000 0.000000 0.000000 0.000000 0.000000
-520.020000 221.000000 3.141593 0.000000 0.000000 0.000000 0.000000 0.000000
-520.020000 221.000000 3.141593 0.000000 0.000000 0.000000 0.000000 0.000000
-520.020000 221.000000 3.141593 0.000000 0.000000 0.000000 0.000000 0.000000
-520.020000 221.000000 3.141593 0.000000 0.000000 0.000000 0.000000 0.000000
-520.020000 221.000000 3.141593 0.000000 0.000000 0.000000 0.000000 0.000000
-520.020000 221.000000 3.141593 0.000000 0.000000 0.000000 0.000000 0.000000
-520.020000 221.000000 3.141593 0.000000 0.000000 0.000000 0.000000 0.000000
-520.020000 221.000000 3.141593 0.000000 0.000000 0.000000 0.000000 0.000000
-520.020000 221.000000 3.141593 0.000000 0.000000 0.000000 0.000000 0.000000
-520.020000 221.000000 3.141593 0.000000 0.000000 0.000000 0.000000 0.000000
-520.020000 221.000000 3.141593 0.000000 0.000000 0.000000 0.000000 0.000000
-520.020000 221.000000 3.141593 0.000000 0.000000 0.000000 0.000000 0.000000
-520.020000 221.000000 3.141593 0.000000 0.000000 0.000000 0.000000 0.000000
-520.020000 221.000000 3.141593 0.000000 0.000000 0.000000 0.000000 0.000000
-520.020000 221.000000 3.141593 0.000000 0.000000 0.000000 0.000000 0.000000
-520.020000 221.000000 3.141593 0.000000 0.000000 0.000000 0.000000 0.000000
-520.020000 221.000000 3.141593 0.000000 0.000000 0.000000 0.000000 0.000000
-520.020000 221.000000 3.141593 0.000000 0.000000 0.000000 0.000000 0.000000
-520.020000 221.000000 3.141593 0.000000 0.000000 0.000000 0.000000 0.000000
-520.020000 221.000000 3.141593 0.000000 0.000000 0.000000 0.000000 0.000000
-520.020000 221.000000 3.141593 0.000000 0.000000 0.000000 0.000000 0.000000
-520.020000 221.000000 3.141593 0.000000 0.000000 0.000000 0.000000 0.000000
-520.020000 221.000000 3.141593 0.000000 0.000000 0.000000 0.000000 0.000000
-520.020000 221.000000 3.141593 0.000000 0.000000 0.000000 0.000000 0.000000
-520.020000 221.000000 3.141593 0.000000 0.000000 0.000000 0.000000 0.000000
-520.020000 221.000000 3.141593 0.000000 0.000000 0.000000 0.000000 0.000000
-520.020000 221.000000 3.141593 0.000000 0.000000 0.000000 0.000000 0.000000
-520.020000 221.000000 3.141593 0.000000 0.000000 0.000000 0.000000 0.000000
-520.020000 221.000000 3.141593 0.000000 0.000000 0.000000 0.000000 0.000000
-520.020000 221.000000 3.141593 0.000000 0.000000 0.000000 0.000000 0.000000
-520.020000 221.000000 3.141593 0.000000 0.000000 0.000000 0.000000 0.000000
-520.020000 221.000000 3.141593 0.000000 0.000000 0.000000 0.000000 0.000000
-520.020000 221.000000 3.141593 0.000000 0.000000 0.000000 0.000000 0.000000
-520.020000 221.000000 3.141593 0.000000 0.000000 0.000000 0.000000 0.000000
-520.020000 221.000000 3.141593 0.000000 0.000000 0.000000 0.000000 0.000000
-520.020000 221.000000 3.141593 0.000000 0.000000 0.000000 0.000000 0.000000
-520.020000 221.000000 3.141593 0.000000 0.000000 0.000000 0.000000 0.000000
-520.020000 221.000000 3.141593 0.000000 0.000000 0.000000 0.000000 0.000000
-520.020000 221.000000 3.141593 0.000000 0.000000 0.000000 0.000000 0.000000
-520.020000 221.000000 3.141593 0.000000 0.000000 0.000000 0.000000 0.000000
-520.020000 221.000000 3.141593 0.000000 0.000000 0.000000 0.000000 0.000000
-520.020000 221.000000 3.141593 0.000000 0.000000 0.000000 0.000000 0.000000
-520.020000 221.000000 3.141593 0.000000 0.000000 0.000000 0.000000 0.000000
-520.020000 221.000000 3.141593 0.000000 0.000000 0.000000 0.000000 0.000000
-520.020000 221.000000 3.141593 0.000000 0.000000 0.000000 0.000000 0.000000
-520.020000 221.000000 3.141593 0.000000 0.000000 0.000000 0.000000 0.000000
-520.020000 221.000000 3.141593 0.000000 0.000000 0.000000 0.000000 0.000000
-520.020000 221.000000 3.141593 0.000000 0.000000 0.000000 0.000000 0.000000
-520.020000 221.000000 3.141593 0.000000 0.000000 0.000000 0.000000 0.000000
-520.020000 221.000000 3.141593 0.000000 0.000000 0.000000 0.000000 0.000000
-520.020000 221.000000 3.141593 0.000000 0.000000 0.000000 0.000000 0.000000
-520.020000 221.000000 3.141593 0.000000 0.000000 0.000000 0.000000 0.000000
-520.020000 221.000000 3.141593 0.000000 0.000000 0.000000 0.000000 0.000000
-520.020000 221.000000 3.141593 0.000000 0.000000 0.000000 0.000000 0.000000
-520.020000 221.000000 3.141593 0.000000 0.000000 0.000000 0.000000 0.000000
-520.020000 221.000000 3.141593 0.000000 0.000000 0.000000 0.000000 0.000000
-520.020000 221.000000 3.141593 0.000000 0.000000 0.000000 0.000000 0.000000
-520.020000 221.000000 3.141593 0.000000 0.000000 0.000000 0.000000 0.000000
-520.020000 221.000000 3.141593 0.000000 0.000000 0.000000 0.000000 0.000000
-520.020000 221.000000 3.141593 0.000000 0.000000 0.000000 0.000000 0.000000
-520.020000 221.000000 3.141593 0.000000 0.000000 0.000000 0.000000 0.000000
-520.020000 221.000000 3.141593 0.000000 0.000000 0.000000 0.000000 0.000000
-520.020000 221.000000 3.141593 0.000000 0.000000 0.000000 0.000000 0.000000
-520.020000 221.000000 3.141593 0.000000 0.000000 0.000000 0.000000 0.000000
-520.020000 221.000000 3.141593 0.000000 0.000000 0.000000 0.000000 0.000000
-520.020000 221.000000 3.141593 0.000000 0.000000 0.000000 0.000000 0.000000
-520.020000 221.000000 3.141593 0.000000 0.000000 0.000000 0.000000 0.000000
-520.020000 221.000000 3.141593 0.000000 0.000000 0.000000 0.000000 0.000000
-520.020000 221.000000 3.141593 0.000000 0.000000 0.000000 0.000000 0.000000
-520.020000 221.000000 3.141593 0.000000 0.000000 0.000000 0.000000 0.000000
-520.020000 221.000000 3.141593 0.000000 0.000000 0.000000 0.000000 0.000000
-520.020000 221.000000 3.141593 0.000000 0.000000 0.000000 0.000000 0.000000
-520.020000 221.000000 3.141593 0.000000 0.000000 0.000000 0.000000 0.000000
-520.020000 221.000000 3.141593 0.000000 0.000000 0.000000 0.000000 0.000000
-520.020000 221.000000 3.141593 0.000000 0.000000 0.000000 0.000000 0.000000
-520.020000 221.000000 3.141593 0.000000 0.000000 0.000000 0.000000 0.000000
-520.020000 221.000000 3.141593 0.000000 0.000000 0.000000 0.000000 0.000000
-520.020000 221.000000 3.141593 0.000000 0.000000 0.000000 0.000000 0.000000
-520.020000 221.000000 3.141593 0.000000 0.000000 0.000000 0.000000 0.000000
-520.020000 221.000000 3.141593 0.000000 0.000000 0.000000 0.000000 0.000000
-520.020000 221.000000 3.141593 0.000000 0.000000 0.000000 0.000000 0.000000
-520.020000 221.000000 3.141593 0.000000 0.000000 0.000000 0.000000 0.000000
-520.020000 221.000000 3.141593 0.000000 0.000000 0.000000 0.000000 0.000000
-520.020000 221.000000 3.141593 0.000000 0.000000 0.000000 0.000000 0.000000
-520.020000 221.000000 3.141593 0.000000 0.000000 0.000000 0.000000 0.000000
-520.020000 221.000000 3.141593 0.000000 0.000000 0.000000 0.000000 0.000000
-520.020000 221.000000 3.141593 0.000000 0.000000 0.000000 0.000000 0.000000
-520.020000 221.000000 3.141593 0.000000 0.000000 0.000000 0.000000 0.000000
-520.020000 221.000000 3.141593 0.000000 0.000000 0.000000 0.000000 0.000000
-520.020000 221.000000 3.141593 0.000000 0.000000 0.000000 0.000000 0.000000
-520.020000 221.000000 3.141593 0.000000 0.000000 0.000000 0.000000 0.000000
-520.020000 221.000000 3.141593 0.000000 0.000000 0.000000 0.000000 0.000000
-520.020000 221.000000 3.141593 0.000000 0.000000 0.000000 0.000000 0.000000
-520.020000 221.000000 3.141593 0.000000 0.000000 0.000000 0.000000 0.000000
-520.020000 221.000000 3.141593 0.000000 0.000000 0.000000 0.000000 0.000000
-520.020000 221.000000 3.141593 0.000000 0.000000 0.000000 0.000000 0.000000
-520.020000 221.000000 3.141593 0.000000 0.000000 0.000000 0.000000 0.000000
-520.020000 221.000000 3.141593 0.000000 0.000000 0.000000 0.000000 0.000000
-520.020000 221.000000 3.141593 0.000000 0.000000 0.000000 0.000000 0.000000
-520.020000 221.000000 3.141593 0.000000 0.000000 0.000000 0.000000 0.000000
-520.020000 221.000000 3.141593 0.000000 0.000000 0.000000 0.000000 0.000000
-520.020000 221.000000 3.141593 0.000000 0.000000 0.000000 0.000000 0.000000
-520.020000 221.000000 3.141593 0.000000 0.000000 0.000000 0.000000 0.000000
-520.020000 221.000000 3.141593 0.000000 0.000000 0.000000 0.000000 0.000000
-520.020000 221.000000 3.141593 0.000000 0.000000 0.000000 0.000000 0.000000
-520.020000 221.000000 3.141593 0.000000 0.000000 0.000000 0.000000 0.000000
-520.020000 221.000000 3.141593 0.000000 0.000000 0.000000 0.000000 0.000000
-520.020000 221.000000 3.141593 0.000000 0.000000 0.000000 0.000000 0.000000
-520.020000 221.000000 3.141593 0.000000 0.000000 0.000000 0.000000 0.000000
-520.020000 221.000000 3.141593 0.000000 0.000000 0.000000 0.000000 0.000000
-520.020000 221.000000 3.141593 0.000000 0.000000 0.000000 0.000000 0.000000
-520.020000 221.000000 3.141593 0.000000 0.000000 0.000000 0.000000 0.000000
-520.020000 221.000000 3.141593 0.000000 0.000000 0.000000 0.000000 0.000000
-520.020000 221.000000 3.141593 0.000000 0.000000 0.000000 0.000000 0.000000
-520.020000 221.000000 3.141593 0.000000 0.000000 0.000000 0.000000 0.000000
-520.020000 221.000000 3.141593 0.000000 0.000000 0.000000 0.000000 0.000000
-520.020000 221.000000 3.141593 0.000000 0.000000 0.000000 0.000000 0.000000
-520.020000 221.000000 3.141593 0.000000 0.000000 0.000000 0.000000 0.000000
-520.020000 221.000000 3.141593 0.000000 0.000000 0.000000 0.000000 0.000000
-520.020000 221.000000 3.141593 0.000000 0.000000 0.000000 0.000000 0.000000
-520.020000 221.000000 3.141593 0.000000 0.000000 0.000000 0.000000 0.000000
-520.020000 221.000000 3.141593 0.000000 0.000000 0.000000 0.000000 0.000000
-520.020000 221.000000 3.141593 0.000000 0.000000 0.000000 0.000000 0.000000
-520.020000 221.000000 3.141593 0.000000 0.000000 0.000000 0.000000 0.000000
-520.020000 221.000000 3.141593 0.000000 0.000000 0.000000 0.000000 0.000000
-520.020000 221.000000 3.141593 0.000000 0.000000 0.000000 0.000000 0.000000
-520.020000 221.000000 3.141593 0.000000 0.000000 0.000000 0.000000 0.000000
-520.020000 221.000000 3.141593 0.000000 0.000000 0.000000 0.000000 0.000000
-520.020000 221.000000 3.141593 0.000000 0.000000 0.000000 0.000000 0.000000
-520.020000 221.000000 3.141593 0.000000 0.000000 0.000000 0.000000 0.000000
-520.020000 221.000000 3.141593 0.000000 0.000000 0.000000 0.000000 0.000000
-520.020000 221.000000 3.141593 0.000000 0.000000 0.000000 0.000000 0.000000
-520.020000 221.000000 3.141593 0.000000 0.000000 0.000000 0.000000 0.000000
-520.020000 221.000000 3.141593 0.000000 0.000000 0.000000 0.000000 0.000000
-520.020000 221.000000 3.141593 0.000000 0.000000 0.000000 0.000000 0.000000
-520.020000 221.000000 3.141593 0.000000 0.000000 0.000000 0.000000 0.000000
-520.020000 221.000000 3.141593 0.000000 0.000000 0.000000 0.000000 0.000000
-520.020000 221.000000 3.141593 0.000000 0.000000 0.000000 0.000000 0.000000
-520.020000 221.000000 3.141593 0.000000 0.000000 0.000000 0.000000 0.000000
-520.020000 221.000000 3.141593 0.000000 0.000000 0.000000 0.000000 0.000000
-520.020000 221.000000 3.141593 0.000000 0.000000 0.000000 0.000000 0.000000
-520.020000 221.000000 3.141593 0.000000 0.000000 0.000000 0.000000 0.000000
-520.020000 221.000000 3.141593 0.000000 0.000000 0.000000 0.000000 0.000000
-520.020000 221.000000 3.141593 0.000000 0.000000 0.000000 0.000000 0.000000
-520.020000 221.000000 3.141593 0.000000 0.000000 0.000000 0.000000 0.000000
-520.020000 221.000000 3.141593 0.000000 0.000000 0.000000 0.000000 0.000000
-520.020000 221.000000 3.141593 0.000000 0.000000 0.000000 0.000000 0.000000
-520.020000 221.000000 3.141593 0.000000 0.000000 0.000000 0.000000 0.000000
-520.020000 221.000000 3.141593 0.000000 0.000000 0.000000 0.000000 0.000000
-520.020000 221.000000 3.141593 0.000000 0.000000 0.000000 0.000000 0.000000
-520.020000 221.000000 3.141593 0.000000 0.000000 0.000000 0.000000 0.000000
-520.020000 221.000000 3.141593 0.000000 0.000000 0.000000 0.000000 0.000000
-520.020000 221.000000 3.141593 0.000000 0.000000 0.000000 0.000000 0.000000
-520.020000 221.000000 3.141593 0.000000 0.000000 0.000000 0.000000 0.000000
-520.020000 221.000000 3.141593 0.000000 0.000000 0.000000 0.000000 0.000000
-520.020000 221.000000 3.141593 0.000000 0.000000 0.000000 0.000000 0.000000
-520.020000 221.000000 3.141593 0.000000 0.000000 0.000000 0.000000 0.000000
-520.020000 221.000000 3.141593 0.000000 0.000000 0.000000 0.000000 0.000000
-520.020000 221.000000 3.141593 0.000000 0.000000 0.000000 0.000000 0.000000
-520.020000 221.000000 3.141593 0.000000 0.000000 0.000000 0.000000 0.000000
-520.020000 221.000000 3.141593 0.000000 0.000000 0.000000 0.000000 0.000000
-520.020000 221.000000 3.141593 0.000000 0.000000 0.000000 0.000000 0.000000
-520.020000 221.000000 3.141593 0.000000 0.000000 0.000000 0.000000 0.000000
-520.020000 221.000000 3.141593 0.000000 0.000000 0.000000 0.000000 0.000000
-520.020000 221.000000 3.141593 0.000000 0.000000 0.000000 0.000000 0.000000
-520.020000 221.000000 3.141593 0.000000 0.000000 0.000000 0.000000 0.000000
-520.020000 221.000000 3.141593 0.000000 0.000000 0.000000 0.000000 0.000000
-520.020000 221.000000 3.141593 0.000000 0.000000 0.000000 0.000000 0.000000
-520.020000 221.000000 3.141593 0.000000 0.000000 0.000000 0.000000 0.000000
-520.020000 221.000000 3.141593 0.000000 0.000000 0.000000 0.000000 0.000000
-520.020000 221.000000 3.141593 0.000000 0.000000 0.000000 0.000000 0.000000
-520.020000 221.000000 3.141593 0.000000 0.000000 0.000000 0.000000 0.000000
-520.020000 221.000000 3.141593 0.000000 0.000000 0.000000 0.000000 0.000000
-520.020000 221.000000 3.141593 0.000000 0.000000 0.000000 0.000000 0.000000
-520.020000 221.000000 3.141593 0.000000 0.000000 0.000000 0.000000 0.000000
-520.020000 221.000000 3.141593 0.000000 0.000000 0.000000 0.000000 0.000000
-520.020000 221.000000 3.141593 0.000000 0.000000 0.000000 0.000000 0.000000
-520.020000 221.000000 3.141593 0.000000 0.000000 0.000000 0.000000 0.000000
-520.020000 221.000000 3.141593 0.000000 0.000000 0.000000 0.000000 0.000000
-520.020000 221.000000 3.141593 0.000000 0.000000 0.000000 0.000000 0.000000
-520.020000 221.000000 3.141593 0.000000 0.000000 0.000000 0.000000 0.000000
-520.020000 221.000000 3.141593 0.000000 0.000000 0.000000 0.000000 0.000000
-520.020000 221.000000 3.141593 0.000000 0.000000 0.000000 0.000000 0.000000
-520.020000 221.000000 3.141593 0.000000 0.000000 0.000000 0.000000 0.000000
-520.020000 221.000000 3.141593 0.000000 0.000000 0.000000 0.000000 0.000000
-520.020000 221.000000 3.141593 0.000000 0.000000 0.000000 0.000000 0.000000
-520.020000 221.000000 3.141593 0.000000 0.000000 0.000000 0.000000 0.000000
-520.020000 221.000000 3.141593 0.000000 0.000000 0.000000 0.000000 0.000000
-520.020000 221.000000 3.141593 0.000000 0.000000 0.000000 0.000000 0.000000
-520.020000 221.000000 3.141593 0.000000 0.000000 0.000000 0.000000 0.000000
-520.020000 221.000000 3.141593 0.000000 0.000000 0.000000 0.000000 0.000000
-520.020000 221.000000 3.141593 0.000000 0.000000 0.000000 0.000000 0.000000
-520.020000 221.000000 3.141593 0.000000 0.000000 0.000000 0.000000 0.000000
-520.020000 221.000000 3.141593 0.000000 0.000000 0.000000 0.000000 0.000000
-520.020000 221.000000 3.141593 0.000000 0.000000 0.000000 0.000000 0.000000
-520.020000 221.000000 3.141593 0.000000 0.000000 0.000000 0.000000 0.000000
-520.020000 221.000000 3.141593 0.000000 0.000000 0.000000 0.000000 0.000000
-520.020000 221.000000 3.141593 0.000000 0.000000 0.000000 0.000000 0.000000
-520.020000 221.000000 3.141593 0.000000 0.000000 0.000000 0.000000 0.000000
-520.020000 221.000000 3.141593 0.000000 0.000000 0.000000 0.000000 0.000000
-520.020000 221.000000 3.141593 0.000000 0.000000 0.000000 0.000000 0.000000
-520.020000 221.000000 3.141593 0.000000 0.000000 0.000000 0.000000 0.000000
-520.020000 221.000000 3.141593 0.000000 0.000000 0.000000 0.000000 0.000000
-520.020000 221.000000 3.141593 0.000000 0.000000 0.000000 0.000000 0.000000
-520.020000 221.000000 3.141593 0.000000 0.000000 0.000000 0.000000 0.000000
-520.020000 221.000000 3.141593 0.000000 0.000000 0.000000 0.000000 0.000000
-520.020000 221.000000 3.141593 0.000000 0.000000 0.000000 0.000000 0.000000
-520.020000 221.000000 3.141593 0.000000 0.000000 0.000000 0.000000 0.000000
-520.020000 221.000000 3.141593 0.000000 0.000000 0.000000 0.000000 0.000000
-520.020000 221.000000 3.141593 0.000000 0.000000 0.000000 0.000000 0.000000
-520.020000 221.000000 3.141593 0.000000 0.000000 0.000000 0.000000 0.000000
-520.020000 221.000000 3.141593 0.000000 0.000000 0.000000 0.000000 0.000000
-520.020000 221.000000 3.141593 0.000000 0.000000 0.000000 0.000000 0.000000
-520.020000 221.000000 3.141593 0.000000 0.000000 0.000000 0.000000 0.000000
-520.020000 221.000000 3.141593 0.000000 0.000000 0.000000 0.000000 0.000000
-520.020000 221.000000 3.141593 0.000000 0.000000 0.000000 0.000000 0.000000
-520.020000 221.000000 3.141593 0.000000 0.000000 0.000000 0.000000 0.000000
-520.020000 221.000000 3.141593 0.000000 0.000000 0.000000 0.000000 0.000000
-520.020000 221.000000 3.141593 0.000000 0.000000 0.000000 0.000000 0.000000
-520.020000 221.000000 3.141593 0.000000 0.000000 0.000000 0.000000 0.000000
-520.020000 221.000000 3.141593 0.000000 0.000000 0.000000 0.000000 0.000000
-520.020000 221.000000 3.141593 0.000000 0.000000 0.000000 0.000000 0.000000
-520.020000 221.000000 3.141593 0.000000 0.000000 0.000000 0.000000 0.000000
-520.020000 221.000000 3.141593 0.000000 0.000000 0.000000 0.000000 0.000000
-520.020000 221.000000 3.141593 0.000000 0.000000 0.000000 0.000000 0.000000
-520.020000 221.000000 3.141593 0.000000 0.000000 0.000000 0.000000 0.000000
-520.020000 221.000000 3.141593 0.000000 0.000000 0.000000 0.000000 0.000000
-520.020000 221.000000 3.141593 0.000000 0.000000 0.000000 0.000000 0.000000
-520.020000 221.000000 3.141593 0.000000 0.000000 0.000000 0.000000 0.000000
-520.020000 221.000000 3.141593 0.000000 0.000000 0.000000 0.000000 0.000000
-520.020000 221.000000 3.141593 0.000000 0.000000 0.000000 0.000000 0.000000
-520.020000 221.000000 3.141593 0.000000 0.000000 0.000000 0.000000 0.000000
-520.020000 221.000000 3.141593 0.000000 0.000000 0.000000 0.000000 0.000000
-520.020000 221.000000 3.141593 0.000000 0.000000 0.000000 0.000000 0.000000
-520.020000 221.000000 3.141593 0.000000 0.000000 0.000000 0.000000 0.000000
-520.020000 221.000000 3.141593 0.000000 0.000000 0.000000 0.000000 0.000000
-520.020000 221.000000 3.141593 0.000000 0.000000 0.000000 0.000000 0.000000
-520.020000 221.000000 3.141593 0.000000 0.000000 0.000000 0.000000 0.000000
-520.020000 221.000000 3.141593 0.000000 0.000000 0.000000 0.000000 0.000000
-520.020000 221.000000 3.141593 0.000000 0.000000 0.000000 0.000000 0.000000
-520.020000 221.000000 3.141593 0.000000 0.000000 0.000000 0.000000 0.000000
-520.020000 221.000000 3.141593 0.000000 0.000000 0.000000 0.000000 0.000000
-520.020000 221.000000 3.141593 0.000000 0.000000 0.000000 0.000000 0.000000
-520.020000 221.000000 3.141593 0.000000 0.000000 0.000000 0.000000 0.000000
-520.020000 221.000000 3.141593 0.000000 0.000000 0.000000 0.000000 0.000000
-520.020000 221.000000 3.141593 0.000000 0.000000 0.000000 0.000000 0.000000
-520.020000 221.000000 3.141593 0.000000 0.000000 0.000000 0.000000 0.000000
-520.020000 221.000000 3.141593 0.000000 0.000000 0.000000 0.000000 0.000000
-520.020000 221.000000 3.141593 0.000000 0.000000 0.000000 0.000000 0.000000
-520.020000 221.000000 3.141593 0.000000 0.000000 0.000000 0.000000 0.000000
-520.020000 221.000000 3.141593 0.000000 0.000000 0.000000 0.000000 0.000000
-520.020000 221.000000 3.141593 0.000000 0.000000 0.000000 0.000000 0.000000
-520.020000 221.000000 3.141593 0.000000 0.000000 0.000000 0.000000 0.000000
-520.020000 221.000000 3.141593 0.000000 0.000000 0.000000 0.000000 0.000000
-520.020000 221.000000 3.141593 0.000000 0.000000 0.000000 0.000000 0.000000
-520.020000 221.000000 3.141593 0.000000 0.000000 0.000000 0.000000 0.000000
-520.020000 221.000000 3.141593 0.000000 0.000000 0.000000 0.000000 0.000000
-520.020000 221.000000 3.141593 0.000000 0.000000 0.000000 0.000000 0.000000
-520.020000 221.000000 3.141593 0.000000 0.000000 0.000000 0.000000 0.000000
-520.020000 221.000000 3.141593 0.000000 0.000000 0.000000 0.000000 0.000000
-520.020000 221.000000 3.141593 0.000000 0.000000 0.000000 0.000000 0.000000
-520.020000 221.000000 3.141593 0.000000 0.000000 0.000000 0.000000 0.000000
-520.020000 221.000000 3.141593 0.000000 0.000000 0.000000 0.000000 0.000000
-520.020000 221.000000 3.141593 0.000000 0.000000 0.000000 0.000000 0.000000
-520.020000 221.000000 3.141593 0.000000 0.000000 0.000000 0.000000 0.000000
-520.020000 221.000000 3.141593 0.000000 0.000000 0.000000 0.000000 0.000000
-520.020000 221.000000 3.141593 0.000000 0.000000 0.000000 0.000000 0.000000
-520.020000 221.000000 3.141593 0.000000 0.000000 0.000000 0.000000 0.000000
-520.020000 221.000000 3.141593 0.000000 0.000000 0.000000 0.000000 0.000000
-520.020000 221.000000 3.141593 0.000000 0.000000 0.000000 0.000000 0.000000
-520.020000 221.000000 3.141593 0.000000 0.000000 0.000000 0.000000 0.000000
-520.020000 221.000000 3.141593 0.000000 0.000000 0.000000 0.000000 0.000000
-520.020000 221.000000 3.141593 0.000000 0.000000 0.000000 0.000000 0.000000
-520.020000 221.000000 3.141593 0.000000 0.000000 0.000000 0.000000 0.000000
-520.020000 221.000000 3.141593 0.000000 0.000000 0.000000 0.000000 0.000000
-520.020000 221.000000 3.141593 0.000000 0.000000 0.000000 0.000000 0.000000
-520.020000 221.000000 3.141593 0.000000 0.000000 0.000000 0.000000 0.000000
-520.020000 221.000000 3.141593 0.000000 0.000000 0.000000 0.000000 0.000000
-520.020000 221.000000 3.141593 0.000000 0.000000 0.000000 0.000000 0.000000
-520.020000 221.000000 3.141593 0.000000 0.000000 0.000000 0.000000 0.000000
-520.020000 221.000000 3.141593 0.000000 0.000000 0.000000 0.000000 0.000000
-520.020000 221.000000 3.141593 0.000000 0.000000 0.000000 0.000000 0.000000
-520.020000 221.000000 3.141593 0.000000 0.000000 0.000000 0.000000 0.000000
-520.020000 221.000000 3.141593 0.000000 0.000000 0.000000 0.000000 0.000000
-520.020000 221.000000 3.141593 0.000000 0.000000 0.000000 0.000000 0.000000
-520.020000 221.000000 3.141593 0.000000 0.000000 0.000000 0.000000 0.000000
-520.020000 221.000000 3.141593 0.000000 0.000000 0.000000 0.000000 0.000000
-520.020000 221.000000 3.141593 0.000000 0.000000 0.000000 0.000000 0.000000
-520.020000 221.000000 3.141593 0.000000 0.000000 0.000000 0.000000 0.000000
-520.020000 221.000000 3.141593 0.000000 0.000000 0.000000 0.000000 0.000000
-520.020000 221.000000 3.141593 0.000000 0.000000 0.000000 0.000000 0.000000
-520.020000 221.000000 3.141593 0.000000 0.000000 0.000000 0.000000 0.000000
-520.020000 221.000000 3.141593 0.000000 0.000000 0.000000 0.000000 0.000000
-520.020000 221.000000 3.141593 0.000000 0.000000 0.000000 0.000000 0.000000
-520.020000 221.000000 3.141593 0.000000 0.000000 0.000000 0.000000 0.000000
-520.020000 221.000000 3.141593 0.000000 0.000000 0.000000 0.000000 0.000000
-520.020000 221.000000 3.141593 0.000000 0.000000 0.000000 0.000000 0.000000
-520.020000 221.000000 3.141593 0.000000 0.000000 0.000000 0.000000 0.000000
-520.020000 221.000000 3.141593 0.000000 0.000000 0.000000 0.000000 0.000000
-520.020000 221.000000 3.141593 0.000000 0.000000 0.000000 0.000000 0.000000
-520.020000 221.000000 3.141593 0.000000 0.000000 0.000000 0.000000 0.000000
-520.020000 221.000000 3.141593 0.000000 0.000000 0.000000 0.000000 0.000000
-520.020000 221.000000 3.141593 0.000000 0.000000 0.000000 0.000000 0.000000
-520.020000 221.000000 3.141593 0.000000 0.000000 0.000000 0.000000 0.000000
-520.020000 221.000000 3.141593 0.000000 0.000000 0.000000 0.000000 0.000000
-520.020000 221.000000 3.141593 0.000000 0.000000 0.000000 0.000000 0.000000
-520.020000 221.000000 3.141593 0.000000 0.000000 0.000000 0.000000 0.000000
-520.020000 221.000000 3.141593 0.000000 0.000000 0.000000 0.000000 0.000000
-520.020000 221.000000 3.141593 0.000000 0.000000 0.000000 0.000000 0.000000
-520.020000 221.000000 3.141593 0.000000 0.000000 0.000000 0.000000 0.000000
-520.020000 221.000000 3.141593 0.000000 0.000000 0.000000 0.000000 0.000000
-520.020000 221.000000 3.141593 0.000000 0.000000 0.000000 0.000000 0.000000
-520.020000 221.000000 3.141593 0.000000 0.000000 0.000000 0.000000 0.000000
-520.020000 221.000000 3.141593 0.000000 0.000000 0.000000 0.000000 0.000000
-520.020000 221.000000 3.141593 0.000000 0.000000 0.000000 0.000000 0.000000
-520.020000 221.000000 3.141593 0.000000 0.000000 0.000000 0.000000 0.000000
-520.020000 221.000000 3.141593 0.000000 0.000000 0.000000 0.000000 0.000000
-520.020000 221.000000 3.141593 0.000000 0.000000 0.000000 0.000000 0.000000
-520.020000 221.000000 3.141593 0.000000 0.000000 0.000000 0.000000 0.000000
-520.020000 221.000000 3.141593 0.000000 0.000000 0.000000 0.000000 0.000000
-520.020000 221.000000 3.141593 0.000000 0.000000 0.000000 0.000000 0.000000
-520.020000 221.000000 3.141593 0.000000 0.000000 0.000000 0.000000 0.000000
-520.020000 221.000000 3.141593 0.000000 0.000000 0.000000 0.000000 0.000000
-520.020000 221.000000 3.141593 0.000000 0.000000 0.000000 0.000000 0.000000
-520.020000 221.000000 3.141593 0.000000 0.000000 0.000000 0.000000 0.000000
-520.020000 221.000000 3.141593 0.000000 0.000000 0.000000 0.000000 0.000000
-520.020000 221.000000 3.141593 0.000000 0.000000 0.000000 0.000000 0.000000
-520.020000 221.000000 3.141593 0.000000 0.000000 0.000000 0.000000 0.000000
-520.020000 221.000000 3.141593 0.000000 0.000000 0.000000 0.000000 0.000000
-520.020000 221.000000 3.141593 0.000000 0.000000 0.000000 0.000000 0.000000
-520.020000 221.000000 3.141593 0.000000 0.000000 0.000000 0.000000 0.000000
-520.020000 221.000000 3.141593 0.000000 0.000000 0.000000 0.000000 0.000000
-520.020000 221.000000 3.141593 0.000000 0.000000 0.000000 0.000000 0.000000
-520.020000 221.000000 3.141593 0.000000 0.000000 0.000000 0.000000 0.000000
-520.020000 221.000000 3.141593 0.000000 0.000000 0.000000 0.000000 0.000000
-520.020000 221.000000 3.141593 0.000000 0.000000 0.000000 0.000000 0.000000
-520.020000 221.000000 3.141593 0.000000 0.000000 0.000000 0.000000 0.000000
-520.020000 221.000000 3.141593 0.000000 0.000000 0.000000 0.000000 0.000000
-520.020000 221.000000 3.141593 0.000000 0.000000 0.000000 0.000000 0.000000
-520.020000 221.000000 3.141593 0.000000 0.000000 0.000000 0.000000 0.000000
-520.020000 221.000000 3.141593 0.000000 0.000000 0.000000 0.000000 0.000000
-520.020000 221.000000 3.141593 0.000000 0.000000 0.000000 0.000000 0.000000
-520.020000 221.000000 3.141593 0.000000 0.000000 0.000000 0.000000 0.000000
-520.020000 221.000000 3.141593 0.000000 0.000000 0.000000 0.000000 0.000000
-520.020000 221.000000 3.141593 0.000000 0.000000 0.000000 0.000000 0.000000
-520.020000 221.000000 3.141593 0.000000 0.000000 0.000000 0.000000 0.000000
-520.020000 221.000000 3.141593 0.000000 0.000000 0.000000 0.000000 0.000000
-520.020000 221.000000 3.141593 0.000000 0.000000 0.000000 0.000000 0.000000
-520.020000 221.000000 3.141593 0.000000 0.000000 0.000000 0.000000 0.000000
-520.020000 221.000000 3.141593 0.000000 0.000000 0.000000 0.000000 0.000000
-520.020000 221.000000 3.141593 0.000000 0.000000 0.000000 0.000000 0.000000
-520.020000 221.000000 3.141593 0.000000 0.000000 0.000000 0.000000 0.000000
-520.020000 221.000000 3.141593 0.000000 0.000000 0.000000 0.000000 0.000000
-520.020000 221.000000 3.141593 0.000000 0.000000 0.000000 0.000000 0.000000
-520.020000 221.000000 3.141593 0.000000 0.000000 0.000000 0.000000 0.000000
-520.020000 221.000000 3.141593 0.000000 0.000000 0.000000 0.000000 0.000000
-520.020000 221.000000 3.141593 0.000000 0.000000 0.000000 0.000000 0.000000
-520.020000 221.000000 3.141593 0.000000 0.000000 0.000000 0.000000 0.000000
-520.020000 221.000000 3.141593 0.000000 0.000000 0.000000 0.000000 0.000000
-520.020000 221.000000 3.141593 0.000000 0.000000 0.000000 0.000000 0.000000
-520.020000 221.000000 3.141593 0.000000 0.000000 0.000000 0.000000 0.000000
-520.020000 221.000000 3.141593 0.000000 0.000000 0.000000 0.000000 0.000000
-520.020000 221.000000 3.141593 0.000000 0.000000 0.000000 0.000000 0.000000
-520.020000 221.000000 3.141593 0.000000 0.000000 0.000000 0.000000 0.000000
-520.020000 221.000000 3.141593 0.000000 0.000000 0.000000 0.000000 0.000000
-520.020000 221.000000 3.141593 0.000000 0.000000 0.000000 0.000000 0.000000
-520.020000 221.000000 3.141593 0.000000 0.000000 0.000000 0.000000 0.000000
-520.020000 221.000000 3.141593 0.000000 0.000000 0.000000 0.000000 0.000000
-520.020000 221.000000 3.141593 0.000000 0.000000 0.000000 0.000000 0.000000
-520.020000 221.000000 3.141593 0.000000 0.000000 0.000000 0.000000 0.000000
-520.020000 221.000000 3.141593 0.000000 0.000000 0.000000 0.000000 0.000000
-520.020000 221.000000 3.141593 0.000000 0.000000 0.000000 0.000000 0.000000
-520.020000 221.000000 3.141593 0.000000 0.000000 0.000000 0.000000 0.000000
-520.020000 221.000000 3.141593 0.000000 0.000000 0.000000 0.000000 0.000000
-520.020000 221.000000 3.141593 0.000000 0.000000 0.000000 0.000000 0.000000
-520.020000 221.000000 3.141593 0.000000 0.000000 0.000000 0.000000 0.000000
-520.020000 221.000000 3.141593 0.000000 0.000000 0.000000 0.000000 0.000000
-520.020000 221.000000 3.141593 0.000000 0.000000 0.000000 0.000000 0.000000
-520.020000 221.000000 3.141593 0.000000 0.000000 0.000000 0.000000 0.000000
-520.020000 221.000000 3.141593 0.000000 0.000000 0.000000 0.000000 0.000000
-520.020000 221.000000 3.141593 0.000000 0.000000 0.000000 0.000000 0.000000
-520.020000 221.000000 3.141593 0.000000 0.000000 0.000000 0.000000 0.000000
-520.020000 221.000000 3.141593 0.000000 0.000000 0.000000 0.000000 0.000000
-520.020000 221.000000 3.141593 0.000000 0.000000 0.000000 0.000000 0.000000
-520.020000 221.000000 3.141593 0.000000 0.000000 0.000000 0.000000 0.000000
-520.020000 221.000000 3.141593 0.000000 0.000000 0.000000 0.000000 0.000000
-520.020000 221.000000 3.141593 0.000000 0.000000 0.000000 0.000000 0.000000
-520.020000 221.000000 3.141593 0.000000 0.000000 0.000000 0.000000 0.000000
-520.020000 221.000000 3.141593 0.000000 0.000000 0.000000 0.000000 0.000000
-520.020000 221.000000 3.141593 0.000000 0.000000 0.000000 0.000000 0.000000
-520.020000 221.000000 3.141593 0.000000 0.000000 0.000000 0.000000 0.000000
-520.020000 221.000000 3.141593 0.000000 0.000000 0.000000 0.000000 0.000000
-520.020000 221.000000 3.141593 0.000000 0.000000 0.000000 0.000000 0.000000
-520.020000 221.000000 3.141593 0.000000 0.000000 0.000000 0.000000 0.000000
-520.020000 221.000000 3.141593 0.000000 0.000000 0.000000 0.000000 0.000000
-520.020000 221.000000 3.141593 0.000000 0.000000 0.000000 0.000000 0.000000
-520.020000 221.000000 3.141593 0.000000 0.000000 0.000000 0.000000 0.000000
-520.020000 221.000000 3.141593 0.000000 0.000000 0.000000 0.000000 0.000000
-520.020000 221.000000 3.141593 0.000000 0.000000 0.000000 0.000000 0.000000
-520.020000 221.000000 3.141593 0.000000 0.000000 0.000000 0.000000 0.000000
-520.020000 221.000000 3.141593 0.000000 0.000000 0.000000 0.000000 0.000000
-520.020000 221.000000 3.141593 0.000000 0.000000 0.000000 0.000000 0.000000
-520.020000 221.000000 3.141593 0.000000 0.000000 0.000000 0.000000 0.000000
-520.020000 221.000000 3.141593 0.000000 0.000000 0.000000 0.000000 0.000000
-520.020000 221.000000 3.141593 0.000000 0.000000 0.000000 0.000000 0.000000
-520.020000 221.000000 3.141593 0.000000 0.000000 0.000000 0.000000 0.000000
-520.020000 221.000000 3.141593 0.000000 0.000000 0.000000 0.000000 0.000000
-520.020000 221.000000 3.141593 0.000000 0.000000 0.000000 0.000000 0.000000
-520.020000 221.000000 3.141593 0.000000 0.000000 0.000000 0.000000 0.000000
-520.020000 221.000000 3.141593 0.000000 0.000000 0.000000 0.000000 0.000000
-520.020000 221.000000 3.141593 0.000000 0.000000 0.000000 0.000000 0.000000
-520.020000 221.000000 3.141593 0.000000 0.000000 0.000000 0.000000 0.000000
-520.020000 221.000000 3.141593 0.000000 0.000000 0.000000 0.000000 0.000000
-520.020000 221.000000 3.141593 0.000000 0.000000 0.000000 0.000000 0.000000
-520.020000 221.000000 3.141593 0.000000 0.000000 0.000000 0.000000 0.000000
-520.020000 221.000000 3.141593 0.000000 0.000000 0.000000 0.000000 0.000000
-520.020000 221.000000 3.141593 0.000000 0.000000 0.000000 0.000000 0.000000
-520.020000 221.000000 3.141593 0.000000 0.000000 0.000000 0.000000 0.000000
-520.020000 221.000000 3.141593 0.000000 0.000000 0.000000 0.000000 0.000000
-520.020000 221.000000 3.141593 0.000000 0.000000 0.000000 0.000000 0.000000
-520.020000 221.000000 3.141593 0.000000 0.000000 0.000000 0.000000 0.000000
-520.020000 221.000000 3.141593 0.000000 0.000000 0.000000 0.000000 0.000000
-520.020000 221.000000 3.141593 0.000000 0.000000 0.000000 0.000000 0.000000
-520.020000 221.000000 3.141593 0.000000 0.000000 0.000000 0.000000 0.000000
-520.020000 221.000000 3.141593 0.000000 0.000000 0.000000 0.000000 0.000000
-520.020000 221.000000 3.141593 0.000000 0.000000 0.000000 0.000000 0.000000
-520.020000 221.000000 3.141593 0.000000 0.000000 0.000000 0.000000 0.000000
-520.020000 221.000000 3.141593 0.000000 0.000000 0.000000 0.000000 0.000000
-520.020000 221.000000 3.141593 0.000000 0.000000 0.000000 0.000000 0.000000
-520.020000 221.000000 3.141593 0.000000 0.000000 0.000000 0.000000 0.000000
-520.020000 221.000000 3.141593 0.000000 0.000000 0.000000 0.000000 0.000000
-520.020000 221.000000 3.141593 0.000000 0.000000 0.000000 0.000000 0.000000
-520.020000 221.000000 3.141593 0.000000 0.000000 0.000000 0.000000 0.000000
-520.020000 221.000000 3.141593 0.000000 0.000000 0.000000 0.000000 0.000000
-520.020000 221.000000 3.141593 0.000000 0.000000 0.000000 0.000000 0.000000
-520.020000 221.000000 3.141593 0.000000 0.000000 0.000000 0.000000 0.000000
-520.020000 221.000000 3.141593 0.000000 0.000000 0.000000 0.000000 0.000000
-520.020000 221.000000 3.141593 0.000000 0.000000 0.000000 0.000000 0.000000
-520.020000 221.000000 3.141593 0.000000 0.000000 0.000000 0.000000 0.000000
-520.020000 221.000000 3.141593 0.000000 0.000000 0.000000 0.000000 0.000000
-520.020000 221.000000 3.141593 0.000000 0.000000 0.000000 0.000000 0.000000
-520.020000 221.000000 3.141593 0.000000 0.000000 0.000000 0.000000 0.000000
-520.020000 221.000000 3.141593 0.000000 0.000000 0.000000 0.000000 0.000000
-520.020000 221.000000 3.141593 0.000000 0.000000 0.000000 0.000000 0.000000
-520.020000 221.000000 3.141593 0.000000 0.000000 0.000000 0.000000 0.000000
-520.020000 221.000000 3.141593 0.000000 0.000000 0.000000 0.000000 0.000000
-520.020000 221.000000 3.141593 0.000000 0.000000 0.000000 0.000000 0.000000
-520.020000 221.000000 3.141593 0.000000 0.000000 0.000000 0.000000 0.000000
-520.020000 221.000000 3.141593 0.000000 0.000000 0.000000 0.000000 0.000000
-520.020000 221.000000 3.141593 0.000000 0.000000 0.000000 0.000000 0.000000
-520.020000 221.000000 3.141593 0.000000 0.000000 0.000000 0.000000 0.000000
-520.020000 221.000000 3.141593 0.000000 0.000000 0.000000 0.000000 0.000000
-520.020000 221.000000 3.141593 0.000000 0.000000 0.000000 0.000000 0.000000
-520.020000 221.000000 3.141593 0.000000 0.000000 0.000000 0.000000 0.000000
-520.020000 221.000000 3.141593 0.000000 0.000000 0.000000 0.000000 0.000000
-520.020000 221.000000 3.141593 0.000000 0.000000 0.000000 0.000000 0.000000
-520.020000 221.000000 3.141593 0.000000 0.000000 0.000000 0.000000 0.000000
-520.020000 221.000000 3.141593 0.000000 0.000000 0.000000 0.000000 0.000000
-520.020000 221.000000 3.141593 0.000000 0.000000 0.000000 0.000000 0.000000
-520.020000 221.000000 3.141593 0.000000 0.000000 0.000000 0.000000 0.000000
-520.020000 221.000000 3.141593 0.000000 0.000000 0.000000 0.000000 0.000000
-520.020000 221.000000 3.141593 0.000000 0.000000 0.000000 0.000000 0.000000
-520.020000 221.000000 3.141593 0.000000 0.000000 0.000000 0.000000 0.000000
-520.020000 221.000000 3.141593 0.000000 0.000000 0.000000 0.000000 0.000000
-520.020000 221.000000 3.141593 0.000000 0.000000 0.000000 0.000000 0.000000
-520.020000 221.000000 3.141593 0.000000 0.000000 0.000000 0.000000 0.000000
-520.020000 221.000000 3.141593 0.000000 0.000000 0.000000 0.000000 0.000000
-520.020000 221.000000 3.141593 0.000000 0.000000 0.000000 0.000000 0.000000
-520.020000 221.000000 3.141593 0.000000 0.000000 0.000000 0.000000 0.000000
-520.020000 221.000000 3.141593 0.000000 0.000000 0.000000 0.000000 0.000000
-520.020000 221.000000 3.141593 0.000000 0.000000 0.000000 0.000000 0.000000
-520.020000 221.000000 3.141593 0.000000 0.000000 0.000000 0.000000 0.000000
-520.020000 221.000000 3.141593 0.000000 0.000000 0.000000 0.000000 0.000000
-520.020000 221.000000 3.141593 0.000000 0.000000 0.000000 0.000000 0.000000
-520.020000 221.000000 3.141593 0.000000 0.000000 0.000000 0.000000 0.000000
-520.020000 221.000000 3.141593 0.000000 0.000000 0.000000 0.000000 0.000000
-520.020000 221.000000 3.141593 0.000000 0.000000 0.000000 0.000000 0.000000
-520.020000 221.000000 3.141593 0.000000 0.000000 0.000000 0.000000 0.000000
-520.020000 221.000000 3.141593 0.000000 0.000000 0.000000 0.000000 0.000000
-520.020000 221.000000 3.141593 0.000000 0.000000 0.000000 0.000000 0.000000
-520.020000 221.000000 3.141593 0.000000 0.000000 0.000000 0.000000 0.000000
-520.020000 221.000000 3.141593 0.000000 0.000000 0.000000 0.000000 0.000000
-520.020000 221.000000 3.141593 0.000000 0.000000 0.000000 0.000000 0.000000
-520.020000 221.000000 3.141593 0.000000 0.000000 0.000000 0.000000 0.000000
-520.020000 221.000000 3.141593 0.000000 0.000000 0.000000 0.000000 0.000000
-520.020000 221.000000 3.141593 0.000000 0.000000 0.000000 0.000000 0.000000
-520.020000 221.000000 3.141593 0.000000 0.000000 0.000000 0.000000 0.000000
-520.020000 221.000000 3.141593 0.000000 0.000000 0.000000 0.000000 0.000000
-520.020000 221.000000 3.141593 0.000000 0.000000 0.000000 0.000000 0.000000
-520.020000 221.000000 3.141593 0.000000 0.000000 0.000000 0.000000 0.000000
-520.020000 221.000000 3.141593 0.000000 0.000000 0.000000 0.000000 0.000000
-520.020000 221.000000 3.141593 0.000000 0.000000 0.000000 0.000000 0.000000
-520.020000 221.000000 3.141593 0.000000 0.000000 0.000000 0.000000 0.000000
-520.020000 221.000000 3.141593 0.000000 0.000000 0.000000 0.000000 0.000000
-520.020000 221.000000 3.141593 0.000000 0.000000 0.000000 0.000000 0.000000
-520.020000 221.000000 3.141593 0.000000 0.000000 0.000000 0.000000 0.000000
-520.020000 221.000000 3.141593 0.000000 0.000000 0.000000 0.000000 0.000000
-520.020000 221.000000 3.141593 0.000000 0.000000 0.000000 0.000000 0.000000
-520.020000 221.000000 3.141593 0.000000 0.000000 0.000000 0.000000 0.000000
-520.020000 221.000000 3.141593 0.000000 0.000000 0.000000 0.000000 0.000000
-520.020000 221.000000 3.141593 0.000000 0.000000 0.000000 0.000000 0.000000
-520.020000 221.000000 3.141593 0.000000 0.000000 0.000000 0.000000 0.000000
-520.020000 221.000000 3.141593 0.000000 0.000000 0.000000 0.000000 0.000000
-520.020000 221.000000 3.141593 0.000000 0.000000 0.000000 0.000000 0.000000
-520.020000 221.000000 3.141593 0.000000 0.000000 0.000000 0.000000 0.000000
-520.020000 221.000000 3.141593 0.000000 0.000000 0.000000 0.000000 0.000000
-520.020000 221.000000 3.141593 0.000000 0.000000 0.000000 0.000000 0.000000
-520.020000 221.000000 3.141593 0.000000 0.000000 0.000000 0.000000 0.000000
-520.020000 221.000000 3.141593 0.000000 0.000000 0.000000 0.000000 0.000000
-520.020000 221.000000 3.141593 0.000000 0.000000 0.000000 0.000000 0.000000
-520.020000 221.000000 3.141593 0.000000 0.000000 0.000000 0.000000 0.000000
-520.020000 221.000000 3.141593 0.000000 0.000000 0.000000 0.000000 0.000000
-520.020000 221.000000 3.141593 0.000000 0.000000 0.000000 0.000000 0.000000
-520.020000 221.000000 3.141593 0.000000 0.000000 0.000000 0.000000 0.000000
-520.020000 221.000000 3.141593 0.000000 0.000000 0.000000 0.000000 0.000000
-520.020000 221.000000 3.141593 0.000000 0.000000 0.000000 0.000000 0.000000
-520.020000 221.000000 3.141593 0.000000 0.000000 0.000000 0.000000 0.000000
-520.020000 221.000000 3.141593 0.000000 0.000000 0.000000 0.000000 0.000000
-520.020000 221.000000 3.141593 0.000000 0.000000 0.000000 0.000000 0.000000
-520.020000 221.000000 3.141593 0.000000 0.000000 0.000000 0.000000 0.000000
-520.020000 221.000000 3.141593 0.000000 0.000000 0.000000 0.000000 0.000000
-520.020000 221.000000 3.141593 0.000000 0.000000 0.000000 0.000000 0.000000
-520.020000 221.000000 3.141593 0.000000 0.000000 0.000000 0.000000 0.000000
-520.020000 221.000000 3.141593 0.000000 0.000000 0.000000 0.000000 0.000000
-520.020000 221.000000 3.141593 0.000000 0.000000 0.000000 0.000000 0.000000
-520.020000 221.000000 3.141593 0.000000 0.000000 0.000000 0.000000 0.000000
-520.020000 221.000000 3.141593 0.000000 0.000000 0.000000 0.000000 0.000000
-520.020000 221.000000 3.141593 0.000000 0.000000 0.000000 0.000000 0.000000
-520.020000 221.000000 3.141593 0.000000 0.000000 0.000000 0.000000 0.000000
-520.020000 221.000000 3.141593 0.000000 0.000000 0.000000 0.000000 0.000000
-520.020000 221.000000 3.141593 0.000000 0.000000 0.000000 0.000000 0.000000
-520.020000 221.000000 3.141593 0.000000 0.000000 0.000000 0.000000 0.000000
-520.020000 221.000000 3.141593 0.000000 0.000000 0.000000 0.000000 0.000000
-520.020000 221.000000 3.141593 0.000000 0.000000 0.000000 0.000000 0.000000
-520.020000 221.000000 3.141593 0.000000 0.000000 0.000000 0.000000 0.000000
-520.020000 221.000000 3.141593 0.000000 0.000000 0.000000 0.000000 0.000000
-520.020000 221.000000 3.141593 0.000000 0.000000 0.000000 0.000000 0.000000
-520.020000 221.000000 3.141593 0.000000 0.000000 0.000000 0.000000 0.000000
-520.020000 221.000000 3.141593 0.000000 0.000000 0.000000 0.000000 0.000000
-520.020000 221.000000 3.141593 0.000000 0.000000 0.000000 0.000000 0.000000
-520.020000 221.000000 3.141593 0.000000 0.000000 0.000000 0.000000 0.000000
-520.020000 221.000000 3.141593 0.000000 0.000000 0.000000 0.000000 0.000000
-520.020000 221.000000 3.141593 0.000000 0.000000 0.000000 0.000000 0.000000
-520.020000 221.000000 3.141593 0.000000 0.000000 0.000000 0.000000 0.000000
-520.020000 221.000000 3.141593 0.000000 0.000000 0.000000 0.000000 0.000000
-520.020000 221.000000 3.141593 0.000000 0.000000 0.000000 0.000000 0.000000
-520.020000 221.000000 3.141593 0.000000 0.000000 0.000000 0.000000 0.000000
-520.020000 221.000000 3.141593 0.000000 0.000000 0.000000 0.000000 0.000000
-520.020000 221.000000 3.141593 0.000000 0.000000 0.000000 0.000000 0.000000
-520.020000 221.000000 3.141593 0.000000 0.000000 0.000000 0.000000 0.000000
-520.020000 221.000000 3.141593 0.000000 0.000000 0.000000 0.000000 0.000000
-520.020000 221.000000 3.141593 0.000000 0.000000 0.000000 0.000000 0.000000
-520.020000 221.000000 3.141593 0.000000 0.000000 0.000000 0.000000 0.000000
-520.020000 221.000000 3.141593 0.000000 0.000000 0.000000 0.000000 0.000000
-520.020000 221.000000 3.141593 0.000000 0.000000 0.000000 0.000000 0.000000
-520.020000 221.000000 3.141593 0.000000 0.000000 0.000000 0.000000 0.000000
-520.020000 221.000000 3.141593 0.000000 0.000000 0.000000 0.000000 0.000000
-520.020000 221.000000 3.141593 0.000000 0.000000 0.000000 0.000000 0.000000
-520.020000 221.000000 3.141593 0.000000 0.000000 0.000000 0.000000 0.000000
-520.020000 221.000000 3.141593 0.000000 0.000000 0.000000 0.000000 0.000000
-520.020000 221.000000 3.141593 0.000000 0.000000 0.000000 0.000000 0.000000
-520.020000 221.000000 3.141593 0.000000 0.000000 0.000000 0.000000 0.000000
-520.020000 221.000000 3.141593 0.000000 0.000000 0.000000 0.000000 0.000000
-520.020000 221.000000 3.141593 0.000000 0.000000 0.000000 0.000000 0.000000
-520.020000 221.000000 3.141593 0.000000 0.000000 0.000000 0.000000 0.000000
-520.020000 221.000000 3.141593 0.000000 0.000000 0.000000 0.000000 0.000000
-520.020000 221.000000 3.141593 0.000000 0.000000 0.000000 0.000000 0.000000
-520.020000 221.000000 3.141593 0.000000 0.000000 0.000000 0.000000 0.000000
-520.020000 221.000000 3.141593 0.000000 0.000000 0.000000 0.000000 0.000000
-520.020000 221.000000 3.141593 0.000000 0.000000 0.000000 0.000000 0.000000
-520.020000 221.000000 3.141593 0.000000 0.000000 0.000000 0.000000 0.000000
-520.020000 221.000000 3.141593 0.000000 0.000000 0.000000 0.000000 0.000000
-520.020000 221.000000 3.141593 0.000000 0.000000 0.000000 0.000000 0.000000
-520.020000 221.000000 3.141593 0.000000 0.000000 0.000000 0.000000 0.000000
-520.020000 221.000000 3.141593 0.000000 0.000000 0.000000 0.000000 0.000000
-520.020000 221.000000 3.141593 0.000000 0.000000 0.000000 0.000000 0.000000
-520.020000 221.000000 3.141593 0.000000 0.000000 0.000000 0.000000 0.000000
-520.020000 221.000000 3.141593 0.000000 0.000000 0.000000 0.000000 0.000000
-520.020000 221.000000 3.141593 0.000000 0.000000 0.000000 0.000000 0.000000
-520.020000 221.000000 3.141593 0.000000 0.000000 0.000000 0.000000 0.000000
-520.020000 221.000000 3.141593 0.000000 0.000000 0.000000 0.000000 0.000000
-520.020000 221.000000 3.141593 0.000000 0.000000 0.000000 0.000000 0.000000
-520.020000 221.000000 3.141593 0.000000 0.000000 0.000000 0.000000 0.000000
-520.020000 221.000000 3.141593 0.000000 0.000000 0.000000 0.000000 0.000000
-520.020000 221.000000 3.141593 0.000000 0.000000 0.000000 0.000000 0.000000
-520.020000 221.000000 3.141593 0.000000 0.000000 0.000000 0.000000 0.000000
-520.020000 221.000000 3.141593 0.000000 0.000000 0.000000 0.000000 0.000000
-520.020000 221.000000 3.141593 0.000000 0.000000 0.000000 0.000000 0.000000
-520.020000 221.000000 3.141593 0.000000 0.000000 0.000000 0.000000 0.000000
-520.020000 221.000000 3.141593 0.000000 0.000000 0.000000 0.000000 0.000000
-520.020000 221.000000 3.141593 0.000000 0.000000 0.000000 0.000000 0.000000
-520.020000 221.000000 3.141593 0.000000 0.000000 0.000000 0.000000 0.000000
-520.020000 221.000000 3.141593 0.000000 0.000000 0.000000 0.000000 0.000000
-520.020000 221.000000 3.141593 0.000000 0.000000 0.000000 0.000000 0.000000
-520.020000 221.000000 3.141593 0.000000 0.000000 0.000000 0.000000 0.000000
-520.020000 221.000000 3.141593 0.000000 0.000000 0.000000 0.000000 0.000000
-520.020000 221.000000 3.141593 0.000000 0.000000 0.000000 0.000000 0.000000
-520.020000 221.000000 3.141593 0.000000 0.000000 0.000000 0.000000 0.000000
-520.020000 221.000000 3.141593 0.000000 0.000000 0.000000 0.000000 0.000000
-520.020000 221.000000 3.141593 0.000000 0.000000 0.000000 0.000000 0.000000
-520.020000 221.000000 3.141593 0.000000 0.000000 0.000000 0.000000 0.000000
-520.020000 221.000000 3.141593 0.000000 0.000000 0.000000 0.000000 0.000000
-520.020000 221.000000 3.141593 0.000000 0.000000 0.000000 0.000000 0.000000
-520.020000 221.000000 3.141593 0.000000 0.000000 0.000000 0.000000 0.000000
-520.020000 221.000000 3.141593 0.000000 0.000000 0.000000 0.000000 0.000000
-520.020000 221.000000 3.141593 0.000000 0.000000 0.000000 0.000000 0.000000
-520.020000 221.000000 3.141593 0.000000 0.000000 0.000000 0.000000 0.000000
-520.020000 221.000000 3.141593 0.000000 0.000000 0.000000 0.000000 0.000000
-520.020000 221.000000 3.141593 0.000000 0.000000 0.000000 0.000000 0.000000
-520.020000 221.000000 3.141593 0.000000 0.000000 0.000000 0.000000 0.000000
-520.020000 221.000000 3.141593 0.000000 0.000000 0.000000 0.000000 0.000000
-520.020000 221.000000 3.141593 0.000000 0.000000 0.000000 0.000000 0.000000
-520.020000 221.000000 3.141593 0.000000 0.000000 0.000000 0.000000 0.000000
-520.020000 221.000000 3.141593 0.000000 0.000000 0.000000 0.000000 0.000000
-520.020000 221.000000 3.141593 0.000000 0.000000 0.000000 0.000000 0.000000
-520.020000 221.000000 3.141593 0.000000 0.000000 0.000000 0.000000 0.000000
-520.020000 221.000000 3.141593 0.000000 0.000000 0.000000 0.000000 0.000000
-520.020000 221.000000 3.141593 0.000000 0.000000 0.000000 0.000000 0.000000
-520.020000 221.000000 3.141593 0.000000 0.000000 0.000000 0.000000 0.000000
-520.020000 221.000000 3.141593 0.000000 0.000000 0.000000 0.000000 0.000000
-520.020000 221.000000 3.141593 0.000000 0.000000 0.000000 0.000000 0.000000
-520.020000 221.000000 3.141593 0.000000 0.000000 0.000000 0.000000 0.000000
-520.020000 221.000000 3.141593 0.000000 0.000000 0.000000 0.000000 0.000000
-520.020000 221.000000 3.141593 0.000000 0.000000 0.000000 0.000000 0.000000
-520.020000 221.000000 3.141593 0.000000 0.000000 0.000000 0.000000 0.000000
-520.020000 221.000000 3.141593 0.000000 0.000000 0.000000 0.000000 0.000000
-520.020000 221.000000 3.141593 0.000000 0.000000 0.000000 0.000000 0.000000
-520.020000 221.000000 3.141593 0.000000 0.000000 0.000000 0.000000 0.000000
-520.020000 221.000000 3.141593 0.000000 0.000000 0.000000 0.000000 0.000000
-520.020000 221.000000 3.141593 0.000000 0.000000 0.000000 0.000000 0.000000
-520.020000 221.000000 3.141593 0.000000 0.000000 0.000000 0.000000 0.000000
-520.020000 221.000000 3.141593 0.000000 0.000000 0.000000 0.000000 0.000000
-520.020000 221.000000 3.141593 0.000000 0.000000 0.000000 0.000000 0.000000
-520.020000 221.000000 3.141593 0.000000 0.000000 0.000000 0.000000 0.000000
-520.020000 221.000000 3.141593 0.000000 0.000000 0.000000 0.000000 0.000000
-520.020000 221.000000 3.141593 0.000000 0.000000 0.000000 0.000000 0.000000
-520.020000 221.000000 3.141593 0.000000 0.000000 0.000000 0.000000 0.000000
-520.020000 221.000000 3.141593 0.000000 0.000000 0.000000 0.000000 0.000000
-520.020000 221.000000 3.141593 0.000000 0.000000 0.000000 0.000000 0.000000
-520.020000 221.000000 3.141593 0.000000 0.000000 0.000000 0.000000 0.000000
-520.020000 221.000000 3.141593 0.000000 0.000000 0.000000 0.000000 0.000000
-520.020000 221.000000 3.141593 0.000000 0.000000 0.000000 0.000000 0.000000
-520.020000 221.000000 3.141593 0.000000 0.000000 0.000000 0.000000 0.000000
-520.020000 221.000000 3.141593 0.000000 0.000000 0.000000 0.000000 0.000000
-520.020000 221.000000 3.141593 0.000000 0.000000 0.000000 0.000000 0.000000
-520.020000 221.000000 3.141593 0.000000 0.000000 0.000000 0.000000 0.000000
-520.020000 221.000000 3.141593 0.000000 0.000000 0.000000 0.000000 0.000000
-520.020000 221.000000 3.141593 0.000000 0.000000 0.000000 0.000000 0.000000
-520.020000 221.000000 3.141593 0.000000 0.000000 0.000000 0.000000 0.000000
-520.020000 221.000000 3.141593 0.000000 0.000000 0.000000 0.000000 0.000000
-520.020000 221.000000 3.141593 0.000000 0.000000 0.000000 0.000000 0.000000
-520.020000 221.000000 3.141593 0.000000 0.000000 0.000000 0.000000 0.000000
-520.020000 221.000000 3.141593 0.000000 0.000000 0.000000 0.000000 0.000000
-520.020000 221.000000 3.141593 0.000000 0.000000 0.000000 0.000000 0.000000
-520.020000 221.000000 3.141593 0.000000 0.000000 0.000000 0.000000 0.000000
-520.020000 221.000000 3.141593 0.000000 0.000000 0.000000 0.000000 0.000000
-520.020000 221.000000 3.141593 0.000000 0.000000 0.000000 0.000000 0.000000
-520.020000 221.000000 3.141593 0.000000 0.000000 0.000000 0.000000 0.000000
-520.020000 221.000000 3.141593 0.000000 0.000000 0.000000 0.000000 0.000000
-520.020000 221.000000 3.141593 0.000000 0.000000 0.000000 0.000000 0.000000
-520.020000 221.000000 3.141593 0.000000 0.000000 0.000000 0.000000 0.000000
-520.020000 221.000000 3.141593 0.000000 0.000000 0.000000 0.000000 0.000000
-520.020000 221.000000 3.141593 0.000000 0.000000 0.000000 0.000000 0.000000
-520.020000 221.000000 3.141593 0.000000 0.000000 0.000000 0.000000 0.000000
-520.020000 221.000000 3.141593 0.000000 0.000000 0.000000 0.000000 0.000000
-520.020000 221.000000 3.141593 0.000000 0.000000 0.000000 0.000000 0.000000
-520.020000 221.000000 3.141593 0.000000 0.000000 0.000000 0.000000 0.000000
-520.020000 221.000000 3.141593 0.000000 0.000000 0.000000 0.000000 0.000000
-520.020000 221.000000 3.141593 0.000000 0.000000 0.000000 0.000000 0.000000
-520.020000 221.000000 3.141593 0.000000 0.000000 0.000000 0.000000 0.000000
-520.020000 221.000000 3.141593 0.000000 0.000000 0.000000 0.000000 0.000000
-520.020000 221.000000 3.141593 0.000000 0.000000 0.000000 0.000000 0.000000
-520.020000 221.000000 3.141593 0.000000 0.000000 0.000000 0.000000 0.000000
-520.020000 221.000000 3.141593 0.000000 0.000000 0.000000 0.000000 0.000000
-520.020000 221.000000 3.141593 0.000000 0.000000 0.000000 0.000000 0.000000
-520.020000 221.000000 3.141593 0.000000 0.000000 0.000000 0.000000 0.000000
-520.020000 221.000000 3.141593 0.000000 0.000000 0.000000 0.000000 0.000000
-520.020000 221.000000 3.141593 0.000000 0.000000 0.000000 0.000000 0.000000
-520.020000 221.000000 3.141593 0.000000 0.000000 0.000000 0.000000 0.000000
-520.020000 221.000000 3.141593 0.000000 0.000000 0.000000 0.000000 0.000000
-520.020000 221.000000 3.141593 0.000000 0.000000 0.000000 0.000000 0.000000
-520.020000 221.000000 3.141593 0.000000 0.000000 0.000000 0.000000 0.000000
-520.020000 221.000000 3.141593 0.000000 0.000000 0.000000 0.000000 0.000000
-520.020000 221.000000 3.141593 0.000000 0.000000 0.000000 0.000000 0.000000
-520.020000 221.000000 3.141593 0.000000 0.000000 0.000000 0.000000 0.000000
-520.020000 221.000000 3.141593 0.000000 0.000000 0.000000 0.000000 0.000000
-520.020000 221.000000 3.141593 0.000000 0.000000 0.000000 0.000000 0.000000
-520.020000 221.000000 3.141593 0.000000 0.000000 0.000000 0.000000 0.000000
-520.020000 221.000000 3.141593 0.000000 0.000000 0.000000 0.000000 0.000000
-520.020000 221.000000 3.141593 0.000000 0.000000 0.000000 0.000000 0.000000
-520.020000 221.000000 3.141593 0.000000 0.000000 0.000000 0.000000 0.000000
-520.020000 221.000000 3.141593 0.000000 0.000000 0.000000 0.000000 0.000000
-520.020000 221.000000 3.141593 0.000000 0.000000 0.000000 0.000000 0.000000
-520.020000 221.000000 3.141593 0.000000 0.000000 0.000000 0.000000 0.000000
-520.020000 221.000000 3.141593 0.000000 0.000000 0.000000 0.000000 0.000000
-520.020000 221.000000 3.141593 0.000000 0.000000 0.000000 0.000000 0.000000
-520.020000 221.000000 3.141593 0.000000 0.000000 0.000000 0.000000 0.000000
-520.020000 221.000000 3.141593 0.000000 0.000000 0.000000 0.000000 0.000000
-520.020000 221.000000 3.141593 0.000000 0.000000 0.000000 0.000000 0.000000
-520.020000 221.000000 3.141593 0.000000 0.000000 0.000000 0.000000 0.000000
-520.020000 221.000000 3.141593 0.000000 0.000000 0.000000 0.000000 0.000000
-520.020000 221.000000 3.141593 0.000000 0.000000 0.000000 0.000000 0.000000
-520.020000 221.000000 3.141593 0.000000 0.000000 0.000000 0.000000 0.000000
-520.020000 221.000000 3.141593 0.000000 0.000000 0.000000 0.000000 0.000000
-520.020000 221.000000 3.141593 0.000000 0.000000 0.000000 0.000000 0.000000
-520.020000 221.000000 3.141593 0.000000 0.000000 0.000000 0.000000 0.000000
-520.020000 221.000000 3.141593 0.000000 0.000000 0.000000 0.000000 0.000000
-520.020000 221.000000 3.141593 0.000000 0.000000 0.000000 0.000000 0.000000
-520.020000 221.000000 3.141593 0.000000 0.000000 0.000000 0.000000 0.000000
-520.020000 221.000000 3.141593 0.000000 0.000000 0.000000 0.000000 0.000000
-520.020000 221.000000 3.141593 0.000000 0.000000 0.000000 0.000000 0.000000
-520.020000 221.000000 3.141593 0.000000 0.000000 0.000000 0.000000 0.000000
-520.020000 221.000000 3.141593 0.000000 0.000000 0.000000 0.000000 0.000000
-520.020000 221.000000 3.141593 0.000000 0.000000 0.000000 0.000000 0.000000
-520.020000 221.000000 3.141593 0.000000 0.000000 0.000000 0.000000 0.000000
-520.020000 221.000000 3.141593 0.000000 0.000000 0.000000 0.000000 0.000000
-520.020000 221.000000 3.141593 0.000000 0.000000 0.000000 0.000000 0.000000
-520.020000 221.000000 3.141593 0.000000 0.000000 0.000000 0.000000 0.000000
-520.020000 221.000000 3.141593 0.000000 0.000000 0.000000 0.000000 0.000000
-520.020000 221.000000 3.141593 0.000000 0.000000 0.000000 0.000000 0.000000
-520.020000 221.000000 3.141593 0.000000 0.000000 0.000000 0.000000 0.000000
-520.020000 221.000000 3.141593 0.000000 0.000000 0.000000 0.000000 0.000000
-520.020000 221.000000 3.141593 0.000000 0.000000 0.000000 0.000000 0.000000
-520.020000 221.000000 3.141593 0.000000 0.000000 0.000000 0.000000 0.000000
-520.020000 221.000000 3.141593 0.000000 0.000000 0.000000 0.000000 0.000000
-520.020000 221.000000 3.141593 0.000000 0.000000 0.000000 0.000000 0.000000
-520.020000 221.000000 3.141593 0.000000 0.000000 0.000000 0.000000 0.000000
-520.020000 221.000000 3.141593 0.000000 0.000000 0.000000 0.000000 0.000000
-520.020000 221.000000 3.141593 0.000000 0.000000 0.000000 0.000000 0.000000
-520.020000 221.000000 3.141593 0.000000 0.000000 0.000000 0.000000 0.000000
-520.020000 221.000000 3.141593 0.000000 0.000000 0.000000 0.000000 0.000000
-520.020000 221.000000 3.141593 0.000000 0.000000 0.000000 0.000000 0.000000
-520.020000 221.000000 3.141593 0.000000 0.000000 0.000000 0.000000 0.000000
-520.020000 221.000000 3.141593 0.000000 0.000000 0.000000 0.000000 0.000000
-520.020000 221.000000 3.141593 0.000000 0.000000 0.000000 0.000000 0.000000
-520.020000 221.000000 3.141593 0.000000 0.000000 0.000000 0.000000 0.000000
-520.020000 221.000000 3.141593 0.000000 0.000000 0.000000 0.000000 0.000000
-520.020000 221.000000 3.141593 0.000000 0.000000 0.000000 0.000000 0.000000
-520.020000 221.000000 3.141593 0.000000 0.000000 0.000000 0.000000 0.000000
-520.020000 221.000000 3.141593 0.000000 0.000000 0.000000 0.000000 0.000000
-520.020000 221.000000 3.141593 0.000000 0.000000 0.000000 0.000000 0.000000
-520.020000 221.000000 3.141593 0.000000 0.000000 0.000000 0.000000 0.000000
-520.020000 221.000000 3.141593 0.000000 0.000000 0.000000 0.000000 0.000000
-520.020000 221.000000 3.141593 0.000000 0.000000 0.000000 0.000000 0.000000
-520.020000 221.000000 3.141593 0.000000 0.000000 0.000000 0.000000 0.000000
-520.020000 221.000000 3.141593 0.000000 0.000000 0.000000 0.000000 0.000000
-520.020000 221.000000 3.141593 0.000000 0.000000 0.000000 0.000000 0.000000
-520.020000 221.000000 3.141593 0.000000 0.000000 0.000000 0.000000 0.000000
-520.020000 221.000000 3.141593 0.000000 0.000000 0.000000 0.000000 0.000000
-520.020000 221.000000 3.141593 0.000000 0.000000 0.000000 0.000000 0.000000
-520.020000 221.000000 3.141593 0.000000 0.000000 0.000000 0.000000 0.000000
-520.020000 221.000000 3.141593 0.000000 0.000000 0.000000 0.000000 0.000000
-520.020000 221.000000 3.141593 0.000000 0.000000 0.000000 0.000000 0.000000
-520.020000 221.000000 3.141593 0.000000 0.000000 0.000000 0.000000 0.000000
-520.020000 221.000000 3.141593 0.000000 0.000000 0.000000 0.000000 0.000000
-520.020000 221.000000 3.141593 0.000000 0.000000 0.000000 0.000000 0.000000
-520.020000 221.000000 3.141593 0.000000 0.000000 0.000000 0.000000 0.000000
-520.020000 221.000000 3.141593 0.000000 0.000000 0.000000 0.000000 0.000000
-520.020000 221.000000 3.141593 0.000000 0.000000 0.000000 0.000000 0.000000
-520.020000 221.000000 3.141593 0.000000 0.000000 0.000000 0.000000 0.000000
-520.020000 221.000000 3.141593 0.000000 0.000000 0.000000 0.000000 0.000000
-520.020000 221.000000 3.141593 0.000000 0.000000 0.000000 0.000000 0.000000
-520.020000 221.000000 3.141593 0.000000 0.000000 0.000000 0.000000 0.000000
-520.020000 221.000000 3.141593 0.000000 0.000000 0.000000 0.000000 0.000000
-520.020000 221.000000 3.141593 0.000000 0.000000 0.000000 0.000000 0.000000
-520.020000 221.000000 3.141593 0.000000 0.000000 0.000000 0.000000 0.000000
-520.020000 221.000000 3.141593 0.000000 0.000000 0.000000 0.000000 0.000000
-520.020000 221.000000 3.141593 0.000000 0.000000 0.000000 0.000000 0.000000
-520.020000 221.000000 3.141593 0.000000 0.000000 0.000000 0.000000 0.000000
-520.020000 221.000000 3.141593 0.000000 0.000000 0.000000 0.000000 0.000000
-520.020000 221.000000 3.141593 0.000000 0.000000 0.000000 0.000000 0.000000
-520.020000 221.000000 3.141593 0.000000 0.000000 0.000000 0.000000 0.000000
-520.020000 221.000000 3.141593 0.000000 0.000000 0.000000 0.000000 0.000000
-520.020000 221.000000 3.141593 0.000000 0.000000 0.000000 0.000000 0.000000
-520.020000 221.000000 3.141593 0.000000 0.000000 0.000000 0.000000 0.000000
-520.020000 221.000000 3.141593 0.000000 0.000000 0.000000 0.000000 0.000000
-520.020000 221.000000 3.141593 0.000000 0.000000 0.000000 0.000000 0.000000
-520.020000 221.000000 3.141593 0.000000 0.000000 0.000000 0.000000 0.000000
-520.020000 221.000000 3.141593 0.000000 0.000000 0.000000 0.000000 0.000000
-520.020000 221.000000 3.141593 0.000000 0.000000 0.000000 0.000000 0.000000
-520.020000 221.000000 3.141593 0.000000 0.000000 0.000000 0.000000 0.000000
-520.020000 221.000000 3.141593 0.000000 0.000000 0.000000 0.000000 0.000000
-520.020000 221.000000 3.141593 0.000000 0.000000 0.000000 0.000000 0.000000
-520.020000 221.000000 3.141593 0.000000 0.000000 0.000000 0.000000 0.000000
-520.020000 221.000000 3.141593 0.000000 0.000000 0.000000 0.000000 0.000000
-520.020000 221.000000 3.141593 0.000000 0.000000 0.000000 0.000000 0.000000
-520.020000 221.000000 3.141593 0.000000 0.000000 0.000000 0.000000 0.000000
-520.020000 221.000000 3.141593 0.000000 0.000000 0.000000 0.000000 0.000000
-520.020000 221.000000 3.141593 0.000000 0.000000 0.000000 0.000000 0.000000
-520.020000 221.000000 3.141593 0.000000 0.000000 0.000000 0.000000 0.000000
-520.020000 221.000000 3.141593 0.000000 0.000000 0.000000 0.000000 0.000000
-520.020000 221.000000 3.141593 0.000000 0.000000 0.000000 0.000000 0.000000
-520.020000 221.000000 3.141593 0.000000 0.000000 0.000000 0.000000 0.000000
-520.020000 221.000000 3.141593 0.000000 0.000000 0.000000 0.000000 0.000000
-520.020000 221.000000 3.141593 0.000000 0.000000 0.000000 0.000000 0.000000
-520.020000 221.000000 3.141593 0.000000 0.000000 0.000000 0.000000 0.000000
-520.020000 221.000000 3.141593 0.000000 0.000000 0.000000 0.000000 0.000000
-520.020000 221.000000 3.141593 0.000000 0.000000 0.000000 0.000000 0.000000
-520.020000 221.000000 3.141593 0.000000 0.000000 0.000000 0.000000 0.000000
-520.020000 221.000000 3.141593 0.000000 0.000000 0.000000 0.000000 0.000000
-520.020000 221.000000 3.141593 0.000000 0.000000 0.000000 0.000000 0.000000
-520.020000 221.000000 3.141593 0.000000 0.000000 0.000000 0.000000 0.000000
-520.020000 221.000000 3.141593 0.000000 0.000000 0.000000 0.000000 0.000000
-520.020000 221.000000 3.141593 0.000000 0.000000 0.000000 0.000000 0.000000
-520.020000 221.000000 3.141593 0.000000 0.000000 0.000000 0.000000 0.000000
-520.020000 221.000000 3.141593 0.000000 0.000000 0.000000 0.000000 0.000000
-520.020000 221.000000 3.141593 0.000000 0.000000 0.000000 0.000000 0.000000
-520.020000 221.000000 3.141593 0.000000 0.000000 0.000000 0.000000 0.000000
-520.020000 221.000000 3.141593 0.000000 0.000000 0.000000 0.000000 0.000000
-520.020000 221.000000 3.141593 0.000000 0.000000 0.000000 0.000000 0.000000
-520.020000 221.000000 3.141593 0.000000 0.000000 0.000000 0.000000 0.000000
-520.020000 221.000000 3.141593 0.000000 0.000000 0.000000 0.000000 0.000000
-520.020000 221.000000 3.141593 0.000000 0.000000 0.000000 0.000000 0.000000
-520.020000 221.000000 3.141593 0.000000 0.000000 0.000000 0.000000 0.000000
-520.020000 221.000000 3.141593 0.000000 0.000000 0.000000 0.000000 0.000000
-520.020000 221.000000 3.141593 0.000000 0.000000 0.000000 0.000000 0.000000
-520.020000 221.000000 3.141593 0.000000 0.000000 0.000000 0.000000 0.000000
-520.020000 221.000000 3.141593 0.000000 0.000000 0.000000 0.000000 0.000000
-520.020000 221.000000 3.141593 0.000000 0.000000 0.000000 0.000000 0.000000
-520.020000 221.000000 3.141593 0.000000 0.000000 0.000000 0.000000 0.000000
-520.020000 221.000000 3.141593 0.000000 0.000000 0.000000 0.000000 0.000000
-520.020000 221.000000 3.141593 0.000000 0.000000 0.000000 0.000000 0.000000
-520.020000 221.000000 3.141593 0.000000 0.000000 0.000000 0.000000 0.000000
-520.020000 221.000000 3.141593 0.000000 0.000000 0.000000 0.000000 0.000000
-520.020000 221.000000 3.141593 0.000000 0.000000 0.000000 0.000000 0.000000
-520.020000 221.000000 3.141593 0.000000 0.000000 0.000000 0.000000 0.000000
-520.020000 221.000000 3.141593 0.000000 0.000000 0.000000 0.000000 0.000000
-520.020000 221.000000 3.141593 0.000000 0.000000 0.000000 0.000000 0.000000
-520.020000 221.000000 3.141593 0.000000 0.000000 0.000000 0.000000 0.000000
-520.020000 221.000000 3.141593 0.000000 0.000000 0.000000 0.000000 0.000000
-520.020000 221.000000 3.141593 0.000000 0.000000 0.000000 0.000000 0.000000
-520.020000 221.000000 3.141593 0.000000 0.000000 0.000000 0.000000 0.000000
-520.020000 221.000000 3.141593 0.000000 0.000000 0.000000 0.000000 0.000000
-520.020000 221.000000 3.141593 0.000000 0.000000 0.000000 0.000000 0.000000
-520.020000 221.000000 3.141593 0.000000 0.000000 0.000000 0.000000 0.000000
-520.020000 221.000000 3.141593 0.000000 0.000000 0.000000 0.000000 0.000000
-520.020000 221.000000 3.141593 0.000000 0.000000 0.000000 0.000000 0.000000
-520.020000 221.000000 3.141593 0.000000 0.000000 0.000000 0.000000 0.000000
-520.020000 221.000000 3.141593 0.000000 0.000000 0.000000 0.000000 0.000000
-520.020000 221.000000 3.141593 0.000000 0.000000 0.000000 0.000000 0.000000
-520.020000 221.000000 3.141593 0.000000 0.000000 0.000000 0.000000 0.000000
-520.020000 221.000000 3.141593 0.000000 0.000000 0.000000 0.000000 0.000000
-520.020000 221.000000 3.141593 0.000000 0.000000 0.000000 0.000000 0.000000
-520.020000 221.000000 3.141593 0.000000 0.000000 0.000000 0.000000 0.000000
-520.020000 221.000000 3.141593 0.000000 0.000000 0.000000 0.000000 0.000000
-520.020000 221.000000 3.141593 0.000000 0.000000 0.000000 0.000000 0.000000
-520.020000 221.000000 3.141593 0.000000 0.000000 0.000000 0.000000 0.000000
-520.020000 221.000000 3.141593 0.000000 0.000000 0.000000 0.000000 0.000000
-520.020000 221.000000 3.141593 0.000000 0.000000 0.000000 0.000000 0.000000
-520.020000 221.000000 3.141593 0.000000 0.000000 0.000000 0.000000 0.000000
-520.020000 221.000000 3.141593 0.000000 0.000000 0.000000 0.000000 0.000000
-520.020000 221.000000 3.141593 0.000000 0.000000 0.000000 0.000000 0.000000
-520.020000 221.000000 3.141593 0.000000 0.000000 0.000000 0.000000 0.000000
-520.020000 221.000000 3.141593 0.000000 0.000000 0.000000 0.000000 0.000000
-520.020000 221.000000 3.141593 0.000000 0.000000 0.000000 0.000000 0.000000
-520.020000 221.000000 3.141593 0.000000 0.000000 0.000000 0.000000 0.000000
-520.020000 221.000000 3.141593 0.000000 0.000000 0.000000 0.000000 0.000000
-520.020000 221.000000 3.141593 0.000000 0.000000 0.000000 0.000000 0.000000
-520.020000 221.000000 3.141593 0.000000 0.000000 0.000000 0.000000 0.000000
-520.020000 221.000000 3.141593 0.000000 0.000000 0.000000 0.000000 0.000000
-520.020000 221.000000 3.141593 0.000000 0.000000 0.000000 0.000000 0.000000
-520.020000 221.000000 3.141593 0.000000 0.000000 0.000000 0.000000 0.000000
-520.020000 221.000000 3.141593 0.000000 0.000000 0.000000 0.000000 0.000000
-520.020000 221.000000 3.141593 0.000000 0.000000 0.000000 0.000000 0.000000
-520.020000 221.000000 3.141593 0.000000 0.000000 0.000000 0.000000 0.000000
-520.020000 221.000000 3.141593 0.000000 0.000000 0.000000 0.000000 0.000000
-520.020000 221.000000 3.141593 0.000000 0.000000 0.000000 0.000000 0.000000
-520.020000 221.000000 3.141593 0.000000 0.000000 0.000000 0.000000 0.000000
-520.020000 221.000000 3.141593 0.000000 0.000000 0.000000 0.000000 0.000000
-520.020000 221.000000 3.141593 0.000000 0.000000 0.000000 0.000000 0.000000
-520.020000 221.000000 3.141593 0.000000 0.000000 0.000000 0.000000 0.000000
-520.020000 221.000000 3.141593 0.000000 0.000000 0.000000 0.000000 0.000000
-520.020000 221.000000 3.141593 0.000000 0.000000 0.000000 0.000000 0.000000
-520.020000 221.000000 3.141593 0.000000 0.000000 0.000000 0.000000 0.000000
-520.020000 221.000000 3.141593 0.000000 0.000000 0.000000 0.000000 0.000000
-520.020000 221.000000 3.141593 0.000000 0.000000 0.000000 0.000000 0.000000
-520.020000 221.000000 3.141593 0.000000 0.000000 0.000000 0.000000 0.000000
-520.020000 221.000000 3.141593 0.000000 0.000000 0.000000 0.000000 0.000000
-520.020000 221.000000 3.141593 0.000000 0.000000 0.000000 0.000000 0.000000
-520.020000 221.000000 3.141593 0.000000 0.000000 0.000000 0.000000 0.000000
-520.020000 221.000000 3.141593 0.000000 0.000000 0.000000 0.000000 0.000000
-520.020000 221.000000 3.141593 0.000000 0.000000 0.000000 0.000000 0.000000
-520.020000 221.000000 3.141593 0.000000 0.000000 0.000000 0.000000 0.000000
-520.020000 221.000000 3.141593 0.000000 0.000000 0.000000 0.000000 0.000000
-520.020000 221.000000 3.141593 0.000000 0.000000 0.000000 0.000000 0.000000
-520.020000 221.000000 3.141593 0.000000 0.000000 0.000000 0.000000 0.000000
-520.020000 221.000000 3.141593 0.000000 0.000000 0.000000 0.000000 0.000000
-520.020000 221.000000 3.141593 0.000000 0.000000 0.000000 0.000000 0.000000
-520.020000 221.000000 3.141593 0.000000 0.000000 0.000000 0.000000 0.000000
-520.020000 221.000000 3.141593 0.000000 0.000000 0.000000 0.000000 0.000000
-520.020000 221.000000 3.141593 0.000000 0.000000 0.000000 0.000000 0.000000
-520.020000 221.000000 3.141593 0.000000 0.000000 0.000000 0.000000 0.000000
-520.020000 221.000000 3.141593 0.000000 0.000000 0.000000 0.000000 0.000000
-520.020000 221.000000 3.141593 0.000000 0.000000 0.000000 0.000000 0.000000
-520.020000 221.000000 3.141593 0.000000 0.000000 0.000000 0.000000 0.000000
-520.020000 221.000000 3.141593 0.000000 0.000000 0.000000 0.000000 0.000000
-520.020000 221.000000 3.141593 0.000000 0.000000 0.000000 0.000000 0.000000
-520.020000 221.000000 3.141593 0.000000 0.000000 0.000000 0.000000 0.000000
-520.020000 221.000000 3.141593 0.000000 0.000000 0.000000 0.000000 0.000000
-520.020000 221.000000 3.141593 0.000000 0.000000 0.000000 0.000000 0.000000
-520.020000 221.000000 3.141593 0.000000 0.000000 0.000000 0.000000 0.000000
-520.020000 221.000000 3.141593 0.000000 0.000000 0.000000 0.000000 0.000000
-520.020000 221.000000 3.141593 0.000000 0.000000 0.000000 0.000000 0.000000
-520.020000 221.000000 3.141593 0.000000 0.000000 0.000000 0.000000 0.000000
-520.020000 221.000000 3.141593 0.000000 0.000000 0.000000 0.000000 0.000000
-520.020000 221.000000 3.141593 0.000000 0.000000 0.000000 0.000000 0.000000
-520.020000 221.000000 3.141593 0.000000 0.000000 0.000000 0.000000 0.000000
-520.020000 221.000000 3.141593 0.000000 0.000000 0.000000 0.000000 0.000000
-520.020000 221.000000 3.141593 0.000000 0.000000 0.000000 0.000000 0.000000
-520.020000 221.000000 3.141593 0.000000 0.000000 0.000000 0.000000 0.000000
-520.020000 221.000000 3.141593 0.000000 0.000000 0.000000 0.000000 0.000000
-520.020000 221.000000 3.141593 0.000000 0.000000 0.000000 0.000000 0.000000
-520.020000 221.000000 3.141593 0.000000 0.000000 0.000000 0.000000 0.000000
-520.020000 221.000000 3.141593 0.000000 0.000000 0.000000 0.000000 0.000000
-520.020000 221.000000 3.141593 0.000000 0.000000 0.000000 0.000000 0.000000
-520.020000 221.000000 3.141593 0.000000 0.000000 0.000000 0.000000 0.000000
-520.020000 221.000000 3.141593 0.000000 0.000000 0.000000 0.000000 0.000000
-520.020000 221.000000 3.141593 0.000000 0.000000 0.000000 0.000000 0.000000
-520.020000 221.000000 3.141593 0.000000 0.000000 0.000000 0.000000 0.000000
-520.020000 221.000000 3.141593 0.000000 0.000000 0.000000 0.000000 0.000000
-520.020000 221.000000 3.141593 0.000000 0.000000 0.000000 0.000000 0.000000
-520.020000 221.000000 3.141593 0.000000 0.000000 0.000000 0.000000 0.000000
-520.020000 221.000000 3.141593 0.000000 0.000000 0.000000 0.000000 0.000000
-520.020000 221.000000 3.141593 0.000000 0.000000 0.000000 0.000000 0.000000
-520.020000 221.000000 3.141593 0.000000 0.000000 0.000000 0.000000 0.000000
-520.020000 221.000000 3.141593 0.000000 0.000000 0.000000 0.000000 0.000000
-520.020000 221.000000 3.141593 0.000000 0.000000 0.000000 0.000000 0.000000
-520.020000 221.000000 3.141593 0.000000 0.000000 0.000000 0.000000 0.000000
-520.020000 221.000000 3.141593 0.000000 0.000000 0.000000 0.000000 0.000000
-520.020000 221.000000 3.141593 0.000000 0.000000 0.000000 0.000000 0.000000
-520.020000 221.000000 3.141593 0.000000 0.000000 0.000000 0.000000 0.000000
-520.020000 221.000000 3.141593 0.000000 0.000000 0.000000 0.000000 0.000000
-520.020000 221.000000 3.141593 0.000000 0.000000 0.000000 0.000000 0.000000
-520.020000 221.000000 3.141593 0.000000 0.000000 0.000000 0.000000 0.000000
-520.020000 221.000000 3.141593 0.000000 0.000000 0.000000 0.000000 0.000000
-520.020000 221.000000 3.141593 0.000000 0.000000 0.000000 0.000000 0.000000
-520.020000 221.000000 3.141593 0.000000 0.000000 0.000000 0.000000 0.000000
-520.020000 221.000000 3.141593 0.000000 0.000000 0.000000 0.000000 0.000000
-520.020000 221.000000 3.141593 0.000000 0.000000 0.000000 0.000000 0.000000
-520.020000 221.000000 3.141593 0.000000 0.000000 0.000000 0.000000 0.000000
-520.020000 221.000000 3.141593 0.000000 0.000000 0.000000 0.000000 0.000000
-520.020000 221.000000 3.141593 0.000000 0.000000 0.000000 0.000000 0.000000
-520.020000 221.000000 3.141593 0.000000 0.000000 0.000000 0.000000 0.000000
-520.020000 221.000000 3.141593 0.000000 0.000000 0.000000 0.000000 0.000000
-520.020000 221.000000 3.141593 0.000000 0.000000 0.000000 0.000000 0.000000
-520.020000 221.000000 3.141593 0.000000 0.000000 0.000000 0.000000 0.000000
-520.020000 221.000000 3.141593 0.000000 0.000000 0.000000 0.000000 0.000000
-520.020000 221.000000 3.141593 0.000000 0.000000 0.000000 0.000000 0.000000
-520.020000 221.000000 3.141593 0.000000 0.000000 0.000000 0.000000 0.000000
-520.020000 221.000000 3.141593 0.000000 0.000000 0.000000 0.000000 0.000000
-520.020000 221.000000 3.141593 0.000000 0.000000 0.000000 0.000000 0.000000
-520.020000 221.000000 3.141593 0.000000 0.000000 0.000000 0.000000 0.000000
-520.020000 221.000000 3.141593 0.000000 0.000000 0.000000 0.000000 0.000000
-520.020000 221.000000 3.141593 0.000000 0.000000 0.000000 0.000000 0.000000
-520.020000 221.000000 3.141593 0.000000 0.000000 0.000000 0.000000 0.000000
-520.020000 221.000000 3.141593 0.000000 0.000000 0.000000 0.000000 0.000000
-520.020000 221.000000 3.141593 0.000000 0.000000 0.000000 0.000000 0.000000
-520.020000 221.000000 3.141593 0.000000 0.000000 0.000000 0.000000 0.000000
-520.020000 221.000000 3.141593 0.000000 0.000000 0.000000 0.000000 0.000000
-520.020000 221.000000 3.141593 0.000000 0.000000 0.000000 0.000000 0.000000
-520.020000 221.000000 3.141593 0.000000 0.000000 0.000000 0.000000 0.000000
-520.020000 221.000000 3.141593 0.000000 0.000000 0.000000 0.000000 0.000000
-520.020000 221.000000 3.141593 0.000000 0.000000 0.000000 0.000000 0.000000
-520.020000 221.000000 3.141593 0.000000 0.000000 0.000000 0.000000 0.000000
-520.020000 221.000000 3.141593 0.000000 0.000000 0.000000 0.000000 0.000000
-520.020000 221.000000 3.141593 0.000000 0.000000 0.000000 0.000000 0.000000
-520.020000 221.000000 3.141593 0.000000 0.000000 0.000000 0.000000 0.000000
-520.020000 221.000000 3.141593 0.000000 0.000000 0.000000 0.000000 0.000000
-520.020000 221.000000 3.141593 0.000000 0.000000 0.000000 0.000000 0.000000
-520.020000 221.000000 3.141593 0.000000 0.000000 0.000000 0.000000 0.000000
-520.020000 221.000000 3.141593 0.000000 0.000000 0.000000 0.000000 0.000000
-520.020000 221.000000 3.141593 0.000000 0.000000 0.000000 0.000000 0.000000
-520.020000 221.000000 3.141593 0.000000 0.000000 0.000000 0.000000 0.000000
-520.020000 221.000000 3.141593 0.000000 0.000000 0.000000 0.000000 0.000000
-520.020000 221.000000 3.141593 0.000000 0.000000 0.000000 0.000000 0.000000
-520.020000 221.000000 3.141593 0.000000 0.000000 0.000000 0.000000 0.000000
-520.020000 221.000000 3.141593 0.000000 0.000000 0.000000 0.000000 0.000000
-520.020000 221.000000 3.141593 0.000000 0.000000 0.000000 0.000000 0.000000
-520.020000 221.000000 3.141593 0.000000 0.000000 0.000000 0.000000 0.000000
-520.020000 221.000000 3.141593 0.000000 0.000000 0.000000 0.000000 0.000000
-520.020000 221.000000 3.141593 0.000000 0.000000 0.000000 0.000000 0.000000
-520.020000 221.000000 3.141593 0.000000 0.000000 0.000000 0.000000 0.000000
-520.020000 221.000000 3.141593 0.000000 0.000000 0.000000 0.000000 0.000000
-520.020000 221.000000 3.141593 0.000000 0.000000 0.000000 0.000000 0.000000
-520.020000 221.000000 3.141593 0.000000 0.000000 0.000000 0.000000 0.000000
-520.020000 221.000000 3.141593 0.000000 0.000000 0.000000 0.000000 0.000000
-520.020000 221.000000 3.141593 0.000000 0.000000 0.000000 0.000000 0.000000
-520.020000 221.000000 3.141593 0.000000 0.000000 0.000000 0.000000 0.000000
-520.020000 221.000000 3.141593 0.000000 0.000000 0.000000 0.000000 0.000000
-520.020000 221.000000 3.141593 0.000000 0.000000 0.000000 0.000000 0.000000
-520.020000 221.000000 3.141593 0.000000 0.000000 0.000000 0.000000 0.000000
-520.020000 221.000000 3.141593 0.000000 0.000000 0.000000 0.000000 0.000000
-520.020000 221.000000 3.141593 0.000000 0.000000 0.000000 0.000000 0.000000
-520.020000 221.000000 3.141593 0.000000 0.000000 0.000000 0.000000 0.000000
-520.020000 221.000000 3.141593 0.000000 0.000000 0.000000 0.000000 0.000000
-520.020000 221.000000 3.141593 0.000000 0.000000 0.000000 0.000000 0.000000
-520.020000 221.000000 3.141593 0.000000 0.000000 0.000000 0.000000 0.000000
-520.020000 221.000000 3.141593 0.000000 0.000000 0.000000 0.000000 0.000000
-520.020000 221.000000 3.141593 0.000000 0.000000 0.000000 0.000000 0.000000
-520.020000 221.000000 3.141593 0.000000 0.000000 0.000000 0.000000 0.000000
-520.020000 221.000000 3.141593 0.000000 0.000000 0.000000 0.000000 0.000000
-520.020000 221.000000 3.141593 0.000000 0.000000 0.000000 0.000000 0.000000
-520.020000 221.000000 3.141593 0.000000 0.000000 0.000000 0.000000 0.000000
-520.020000 221.000000 3.141593 0.000000 0.000000 0.000000 0.000000 0.000000
-520.020000 221.000000 3.141593 0.000000 0.000000 0.000000 0.000000 0.000000
-520.020000 221.000000 3.141593 0.000000 0.000000 0.000000 0.000000 0.000000
-520.020000 221.000000 3.141593 0.000000 0.000000 0.000000 0.000000 0.000000
-520.020000 221.000000 3.141593 0.000000 0.000000 0.000000 0.000000 0.000000
-520.020000 221.000000 3.141593 0.000000 0.000000 0.000000 0.000000 0.000000
-520.020000 221.000000 3.141593 0.000000 0.000000 0.000000 0.000000 0.000000
-520.020000 221.000000 3.141593 0.000000 0.000000 0.000000 0.000000 0.000000
-520.020000 221.000000 3.141593 0.000000 0.000000 0.000000 0.000000 0.000000
-520.020000 221.000000 3.141593 0.000000 0.000000 0.000000 0.000000 0.000000
-520.020000 221.000000 3.141593 0.000000 0.000000 0.000000 0.000000 0.000000
-520.020000 221.000000 3.141593 0.000000 0.000000 0.000000 0.000000 0.000000
-520.020000 221.000000 3.141593 0.000000 0.000000 0.000000 0.000000 0.000000
-520.020000 221.000000 3.141593 0.000000 0.000000 0.000000 0.000000 0.000000
-520.020000 221.000000 3.141593 0.000000 0.000000 0.000000 0.000000 0.000000
-520.020000 221.000000 3.141593 0.000000 0.000000 0.000000 0.000000 0.000000
-520.020000 221.000000 3.141593 0.000000 0.000000 0.000000 0.000000 0.000000
-520.020000 221.000000 3.141593 0.000000 0.000000 0.000000 0.000000 0.000000
-520.020000 221.000000 3.141593 0.000000 0.000000 0.000000 0.000000 0.000000
-520.020000 221.000000 3.141593 0.000000 0.000000 0.000000 0.000000 0.000000
-520.020000 221.000000 3.141593 0.000000 0.000000 0.000000 0.000000 0.000000
-520.020000 221.000000 3.141593 0.000000 0.000000 0.000000 0.000000 0.000000
-520.020000 221.000000 3.141593 0.000000 0.000000 0.000000 0.000000 0.000000
-520.020000 221.000000 3.141593 0.000000 0.000000 0.000000 0.000000 0.000000
-520.020000 221.000000 3.141593 0.000000 0.000000 0.000000 0.000000 0.000000
-520.020000 221.000000 3.141593 0.000000 0.000000 0.000000 0.000000 0.000000
-520.020000 221.000000 3.141593 0.000000 0.000000 0.000000 0.000000 0.000000
-520.020000 221.000000 3.141593 0.000000 0.000000 0.000000 0.000000 0.000000
-520.020000 221.000000 3.141593 0.000000 0.000000 0.000000 0.000000 0.000000
-520.020000 221.000000 3.141593 0.000000 0.000000 0.000000 0.000000 0.000000
-520.020000 221.000000 3.141593 0.000000 0.000000 0.000000 0.000000 0.000000
-520.020000 221.000000 3.141593 0.000000 0.000000 0.000000 0.000000 0.000000
-520.020000 221.000000 3.141593 0.000000 0.000000 0.000000 0.000000 0.000000
-520.020000 221.000000 3.141593 0.000000 0.000000 0.000000 0.000000 0.000000
-520.020000 221.000000 3.141593 0.000000 0.000000 0.000000 0.000000 0.000000
-520.020000 221.000000 3.141593 0.000000 0.000000 0.000000 0.000000 0.000000
-520.020000 221.000000 3.141593 0.000000 0.000000 0.000000 0.000000 0.000000
-520.020000 221.000000 3.141593 0.000000 0.000000 0.000000 0.000000 0.000000
-520.020000 221.000000 3.141593 0.000000 0.000000 0.000000 0.000000 0.000000
-520.020000 221.000000 3.141593 0.000000 0.000000 0.000000 0.000000 0.000000
-520.020000 221.000000 3.141593 0.000000 0.000000 0.000000 0.000000 0.000000
-520.020000 221.000000 3.141593 0.000000 0.000000 0.000000 0.000000 0.000000
-520.020000 221.000000 3.141593 0.000000 0.000000 0.000000 0.000000 0.000000
-520.020000 221.000000 3.141593 0.000000 0.000000 0.000000 0.000000 0.000000
-520.020000 221.000000 3.141593 0.000000 0.000000 0.000000 0.000000 0.000000
-520.020000 221.000000 3.141593 0.000000 0.000000 0.000000 0.000000 0.000000
-520.020000 221.000000 3.141593 0.000000 0.000000 0.000000 0.000000 0.000000
-520.020000 221.000000 3.141593 0.000000 0.000000 0.000000 0.000000 0.000000
-520.020000 221.000000 3.141593 0.000000 0.000000 0.000000 0.000000 0.000000
-520.020000 221.000000 3.141593 0.000000 0.000000 0.000000 0.000000 0.000000
-520.020000 221.000000 3.141593 0.000000 0.000000 0.000000 0.000000 0.000000
-520.020000 221.000000 3.141593 0.000000 0.000000 0.000000 0.000000 0.000000
-520.020000 221.000000 3.141593 0.000000 0.000000 0.000000 0.000000 0.000000
-520.020000 221.000000 3.141593 0.000000 0.000000 0.000000 0.000000 0.000000
-520.020000 221.000000 3.141593 0.000000 0.000000 0.000000 0.000000 0.000000
-520.020000 221.000000 3.141593 0.000000 0.000000 0.000000 0.000000 0.000000
-520.020000 221.000000 3.141593 0.000000 0.000000 0.000000 0.000000 0.000000
-520.020000 221.000000 3.141593 0.000000 0.000000 0.000000 0.000000 0.000000
-520.020000 221.000000 3.141593 0.000000 0.000000 0.000000 0.000000 0.000000
-520.020000 221.000000 3.141593 0.000000 0.000000 0.000000 0.000000 0.000000
-520.020000 221.000000 3.141593 0.000000 0.000000 0.000000 0.000000 0.000000
-520.020000 221.000000 3.141593 0.000000 0.000000 0.000000 0.000000 0.000000
-520.020000 221.000000 3.141593 0.000000 0.000000 0.000000 0.000000 0.000000
-520.020000 221.000000 3.141593 0.000000 0.000000 0.000000 0.000000 0.000000
-520.020000 221.000000 3.141593 0.000000 0.000000 0.000000 0.000000 0.000000
-520.020000 221.000000 3.141593 0.000000 0.000000 0.000000 0.000000 0.000000
-520.020000 221.000000 3.141593 0.000000 0.000000 0.000000 0.000000 0.000000
-520.020000 221.000000 3.141593 0.000000 0.000000 0.000000 0.000000 0.000000
-520.020000 221.000000 3.141593 0.000000 0.000000 0.000000 0.000000 0.000000
-520.020000 221.000000 3.141593 0.000000 0.000000 0.000000 0.000000 0.000000
-520.020000 221.000000 3.141593 0.000000 0.000000 0.000000 0.000000 0.000000
-520.020000 221.000000 3.141593 0.000000 0.000000 0.000000 0.000000 0.000000
-520.020000 221.000000 3.141593 0.000000 0.000000 0.000000 0.000000 0.000000
-520.020000 221.000000 3.141593 0.000000 0.000000 0.000000 0.000000 0.000000
-520.020000 221.000000 3.141593 0.000000 0.000000 0.000000 0.000000 0.000000
-520.020000 221.000000 3.141593 0.000000 0.000000 0.000000 0.000000 0.000000
-520.020000 221.000000 3.141593 0.000000 0.000000 0.000000 0.000000 0.000000
-520.020000 221.000000 3.141593 0.000000 0.000000 0.000000 0.000000 0.000000
-520.020000 221.000000 3.141593 0.000000 0.000000 0.000000 0.000000 0.000000
-520.020000 221.000000 3.141593 0.000000 0.000000 0.000000 0.000000 0.000000
-520.020000 221.000000 3.141593 0.000000 0.000000 0.000000 0.000000 0.000000
-520.020000 221.000000 3.141593 0.000000 0.000000 0.000000 0.000000 0.000000
-520.020000 221.000000 3.141593 0.000000 0.000000 0.000000 0.000000 0.000000
-520.020000 221.000000 3.141593 0.000000 0.000000 0.000000 0.000000 0.000000
-520.020000 221.000000 3.141593 0.000000 0.000000 0.000000 0.000000 0.000000
-520.020000 221.000000 3.141593 0.000000 0.000000 0.000000 0.000000 0.000000
-520.020000 221.000000 3.141593 0.000000 0.000000 0.000000 0.000000 0.000000
-520.020000 221.000000 3.141593 0.000000 0.000000 0.000000 0.000000 0.000000
-520.020000 221.000000 3.141593 0.000000 0.000000 0.000000 0.000000 0.000000
-520.020000 221.000000 3.141593 0.000000 0.000000 0.000000 0.000000 0.000000
-520.020000 221.000000 3.141593 0.000000 0.000000 0.000000 0.000000 0.000000
-520.020000 221.000000 3.141593 0.000000 0.000000 0.000000 0.000000 0.000000
-520.020000 221.000000 3.141593 0.000000 0.000000 0.000000 0.000000 0.000000
-520.020000 221.000000 3.141593 0.000000 0.000000 0.000000 0.000000 0.000000
-520.020000 221.000000 3.141593 0.000000 0.000000 0.000000 0.000000 0.000000
-520.020000 221.000000 3.141593 0.000000 0.000000 0.000000 0.000000 0.000000
-520.020000 221.000000 3.141593 0.000000 0.000000 0.000000 0.000000 0.000000
-520.020000 221.000000 3.141593 0.000000 0.000000 0.000000 0.000000 0.000000
-520.020000 221.000000 3.141593 0.000000 0.000000 0.000000 0.000000 0.000000
-520.020000 221.000000 3.141593 0.000000 0.000000 0.000000 0.000000 0.000000
-520.020000 221.000000 3.141593 0.000000 0.000000 0.000000 0.000000 0.000000
-520.020000 221.000000 3.141593 0.000000 0.000000 0.000000 0.000000 0.000000
-520.020000 221.000000 3.141593 0.000000 0.000000 0.000000 0.000000 0.000000
-520.020000 221.000000 3.141593 0.000000 0.000000 0.000000 0.000000 0.000000
-520.020000 221.000000 3.141593 0.000000 0.000000 0.000000 0.000000 0.000000
-520.020000 221.000000 3.141593 0.000000 0.000000 0.000000 0.000000 0.000000
-520.020000 221.000000 3.141593 0.000000 0.000000 0.000000 0.000000 0.000000
-520.020000 221.000000 3.141593 0.000000 0.000000 0.000000 0.000000 0.000000
-520.020000 221.000000 3.141593 0.000000 0.000000 0.000000 0.000000 0.000000
-520.020000 221.000000 3.141593 0.000000 0.000000 0.000000 0.000000 0.000000
-520.020000 221.000000 3.141593 0.000000 0.000000 0.000000 0.000000 0.000000
-520.020000 221.000000 3.141593 0.000000 0.000000 0.000000 0.000000 0.000000
-520.020000 221.000000 3.141593 0.000000 0.000000 0.000000 0.000000 0.000000
-520.020000 221.000000 3.141593 0.000000 0.000000 0.000000 0.000000 0.000000
-520.020000 221.000000 3.141593 0.000000 0.000000 0.000000 0.000000 0.000000
-520.020000 221.000000 3.141593 0.000000 0.000000 0.000000 0.000000 0.000000
-520.020000 221.000000 3.141593 0.000000 0.000000 0.000000 0.000000 0.000000
-520.020000 221.000000 3.141593 0.000000 0.000000 0.000000 0.000000 0.000000
-520.020000 221.000000 3.141593 0.000000 0.000000 0.000000 0.000000 0.000000
-520.020000 221.000000 3.141593 0.000000 0.000000 0.000000 0.000000 0.000000
-520.020000 221.000000 3.141593 0.000000 0.000000 0.000000 0.000000 0.000000
-520.020000 221.000000 3.141593 0.000000 0.000000 0.000000 0.000000 0.000000
-520.020000 221.000000 3.141593 0.000000 0.000000 0.000000 0.000000 0.000000
-520.020000 221.000000 3.141593 0.000000 0.000000 0.000000 0.000000 0.000000
-520.020000 221.000000 3.141593 0.000000 0.000000 0.000000 0.000000 0.000000
-520.020000 221.000000 3.141593 0.000000 0.000000 0.000000 0.000000 0.000000
-520.020000 221.000000 3.141593 0.000000 0.000000 0.000000 0.000000 0.000000
-520.020000 221.000000 3.141593 0.000000 0.000000 0.000000 0.000000 0.000000
-520.020000 221.000000 3.141593 0.000000 0.000000 0.000000 0.000000 0.000000
-520.020000 221.000000 3.141593 0.000000 0.000000 0.000000 0.000000 0.000000
-520.020000 221.000000 3.141593 0.000000 0.000000 0.000000 0.000000 0.000000
-520.020000 221.000000 3.141593 0.000000 0.000000 0.000000 0.000000 0.000000
-520.020000 221.000000 3.141593 0.000000 0.000000 0.000000 0.000000 0.000000
-520.020000 221.000000 3.141593 0.000000 0.000000 0.000000 0.000000 0.000000
-520.020000 221.000000 3.141593 0.000000 0.000000 0.000000 0.000000 0.000000
-520.020000 221.000000 3.141593 0.000000 0.000000 0.000000 0.000000 0.000000
-520.020000 221.000000 3.141593 0.000000 0.000000 0.000000 0.000000 0.000000
-520.020000 221.000000 3.141593 0.000000 0.000000 0.000000 0.000000 0.000000
-520.020000 221.000000 3.141593 0.000000 0.000000 0.000000 0.000000 0.000000
-520.020000 221.000000 3.141593 0.000000 0.000000 0.000000 0.000000 0.000000
-520.020000 221.000000 3.141593 0.000000 0.000000 0.000000 0.000000 0.000000
-520.020000 221.000000 3.141593 0.000000 0.000000 0.000000 0.000000 0.000000
-520.020000 221.000000 3.141593 0.000000 0.000000 0.000000 0.000000 0.000000
-520.020000 221.000000 3.141593 0.000000 0.000000 0.000000 0.000000 0.000000
-520.020000 221.000000 3.141593 0.000000 0.000000 0.000000 0.000000 0.000000
-520.020000 221.000000 3.141593 0.000000 0.000000 0.000000 0.000000 0.000000
-520.020000 221.000000 3.141593 0.000000 0.000000 0.000000 0.000000 0.000000
-520.020000 221.000000 3.141593 0.000000 0.000000 0.000000 0.000000 0.000000
-520.020000 221.000000 3.141593 0.000000 0.000000 0.000000 0.000000 0.000000
-520.020000 221.000000 3.141593 0.000000 0.000000 0.000000 0.000000 0.000000
-520.020000 221.000000 3.141593 0.000000 0.000000 0.000000 0.000000 0.000000
-520.020000 221.000000 3.141593 0.000000 0.000000 0.000000 0.000000 0.000000
-520.020000 221.000000 3.141593 0.000000 0.000000 0.000000 0.000000 0.000000
-520.020000 221.000000 3.141593 0.000000 0.000000 0.000000 0.000000 0.000000
-520.020000 221.000000 3.141593 0.000000 0.000000 0.000000 0.000000 0.000000
-520.020000 221.000000 3.141593 0.000000 0.000000 0.000000 0.000000 0.000000
-520.020000 221.000000 3.141593 0.000000 0.000000 0.000000 0.000000 0.000000
-520.020000 221.000000 3.141593 0.000000 0.000000 0.000000 0.000000 0.000000
-520.020000 221.000000 3.141593 0.000000 0.000000 0.000000 0.000000 0.000000
-520.020000 221.000000 3.141593 0.000000 0.000000 0.000000 0.000000 0.000000
-520.020000 221.000000 3.141593 0.000000 0.000000 0.000000 0.000000 0.000000
-520.020000 221.000000 3.141593 0.000000 0.000000 0.000000 0.000000 0.000000
-520.020000 221.000000 3.141593 0.000000 0.000000 0.000000 0.000000 0.000000
-520.020000 221.000000 3.141593 0.000000 0.000000 0.000000 0.000000 0.000000
-520.020000 221.000000 3.141593 0.000000 0.000000 0.000000 0.000000 0.000000
-520.020000 221.000000 3.141593 0.000000 0.000000 0.000000 0.000000 0.000000
-520.020000 221.000000 3.141593 0.000000 0.000000 0.000000 0.000000 0.000000
-520.020000 221.000000 3.141593 0.000000 0.000000 0.000000 0.000000 0.000000
-520.020000 221.000000 3.141593 0.000000 0.000000 0.000000 0.000000 0.000000
-520.020000 221.000000 3.141593 0.000000 0.000000 0.000000 0.000000 0.000000
-520.020000 221.000000 3.141593 0.000000 0.000000 0.000000 0.000000 0.000000
-520.020000 221.000000 3.141593 0.000000 0.000000 0.000000 0.000000 0.000000
-520.020000 221.000000 3.141593 0.000000 0.000000 0.000000 0.000000 0.000000
-520.020000 221.000000 3.141593 0.000000 0.000000 0.000000 0.000000 0.000000
-520.020000 221.000000 3.141593 0.000000 0.000000 0.000000 0.000000 0.000000
-520.020000 221.000000 3.141593 0.000000 0.000000 0.000000 0.000000 0.000000
-520.020000 221.000000 3.141593 0.000000 0.000000 0.000000 0.000000 0.000000
-520.020000 221.000000 3.141593 0.000000 0.000000 0.000000 0.000000 0.000000
-520.020000 221.000000 3.141593 0.000000 0.000000 0.000000 0.000000 0.000000
-520.020000 221.000000 3.141593 0.000000 0.000000 0.000000 0.000000 0.000000
-520.020000 221.000000 3.141593 0.000000 0.000000 0.000000 0.000000 0.000000
-520.020000 221.000000 3.141593 0.000000 0.000000 0.000000 0.000000 0.000000
-520.020000 221.000000 3.141593 0.000000 0.000000 0.000000 0.000000 0.000000
-520.020000 221.000000 3.141593 0.000000 0.000000 0.000000 0.000000 0.000000
-520.020000 221.000000 3.141593 0.000000 0.000000 0.000000 0.000000 0.000000
-520.020000 221.000000 3.141593 0.000000 0.000000 0.000000 0.000000 0.000000
-520.020000 221.000000 3.141593 0.000000 0.000000 0.000000 0.000000 0.000000
-520.020000 221.000000 3.141593 0.000000 0.000000 0.000000 0.000000 0.000000
-520.020000 221.000000 3.141593 0.000000 0.000000 0.000000 0.000000 0.000000
-520.020000 221.000000 3.141593 0.000000 0.000000 0.000000 0.000000 0.000000
-520.020000 221.000000 3.141593 0.000000 0.000000 0.000000 0.000000 0.000000
-520.020000 221.000000 3.141593 0.000000 0.000000 0.000000 0.000000 0.000000
-520.020000 221.000000 3.141593 0.000000 0.000000 0.000000 0.000000 0.000000
-520.020000 221.000000 3.141593 0.000000 0.000000 0.000000 0.000000 0.000000
-520.020000 221.000000 3.141593 0.000000 0.000000 0.000000 0.000000 0.000000
-520.020000 221.000000 3.141593 0.000000 0.000000 0.000000 0.000000 0.000000
-520.020000 221.000000 3.141593 0.000000 0.000000 0.000000 0.000000 0.000000
-520.020000 221.000000 3.141593 0.000000 0.000000 0.000000 0.000000 0.000000
-520.020000 221.000000 3.141593 0.000000 0.000000 0.000000 0.000000 0.000000
-520.020000 221.000000 3.141593 0.000000 0.000000 0.000000 0.000000 0.000000
-520.020000 221.000000 3.141593 0.000000 0.000000 0.000000 0.000000 0.000000
-520.020000 221.000000 3.141593 0.000000 0.000000 0.000000 0.000000 0.000000
-520.020000 221.000000 3.141593 0.000000 0.000000 0.000000 0.000000 0.000000
-520.020000 221.000000 3.141593 0.000000 0.000000 0.000000 0.000000 0.000000
-520.020000 221.000000 3.141593 0.000000 0.000000 0.000000 0.000000 0.000000
-520.020000 221.000000 3.141593 0.000000 0.000000 0.000000 0.000000 0.000000
-520.020000 221.000000 3.141593 0.000000 0.000000 0.000000 0.000000 0.000000
-520.020000 221.000000 3.141593 0.000000 0.000000 0.000000 0.000000 0.000000
-520.020000 221.000000 3.141593 0.000000 0.000000 0.000000 0.000000 0.000000
-520.020000 221.000000 3.141593 0.000000 0.000000 0.000000 0.000000 0.000000
-520.020000 221.000000 3.141593 0.000000 0.000000 0.000000 0.000000 0.000000
-520.020000 221.000000 3.141593 0.000000 0.000000 0.000000 0.000000 0.000000
-520.020000 221.000000 3.141593 0.000000 0.000000 0.000000 0.000000 0.000000
-520.020000 221.000000 3.141593 0.000000 0.000000 0.000000 0.000000 0.000000
-520.020000 221.000000 3.141593 0.000000 0.000000 0.000000 0.000000 0.000000
-520.020000 221.000000 3.141593 0.000000 0.000000 0.000000 0.000000 0.000000
-520.020000 221.000000 3.141593 0.000000 0.000000 0.000000 0.000000 0.000000
-520.020000 221.000000 3.141593 0.000000 0.000000 0.000000 0.000000 0.000000
-520.020000 221.000000 3.141593 0.000000 0.000000 0.000000 0.000000 0.000000
-520.020000 221.000000 3.141593 0.000000 0.000000 0.000000 0.000000 0.000000
-520.020000 221.000000 3.141593 0.000000 0.000000 0.000000 0.000000 0.000000
-520.020000 221.000000 3.141593 0.000000 0.000000 0.000000 0.000000 0.000000
-520.020000 221.000000 3.141593 0.000000 0.000000 0.000000 0.000000 0.000000
-520.020000 221.000000 3.141593 0.000000 0.000000 0.000000 0.000000 0.000000
-520.020000 221.000000 3.141593 0.000000 0.000000 0.000000 0.000000 0.000000
-520.020000 221.000000 3.141593 0.000000 0.000000 0.000000 0.000000 0.000000
-520.020000 221.000000 3.141593 0.000000 0.000000 0.000000 0.000000 0.000000
-520.020000 221.000000 3.141593 0.000000 0.000000 0.000000 0.000000 0.000000
-520.020000 221.000000 3.141593 0.000000 0.000000 0.000000 0.000000 0.000000
-520.020000 221.000000 3.141593 0.000000 0.000000 0.000000 0.000000 0.000000
-520.020000 221.000000 3.141593 0.000000 0.000000 0.000000 0.000000 0.000000
-520.020000 221.000000 3.141593 0.000000 0.000000 0.000000 0.000000 0.000000
-520.020000 221.000000 3.141593 0.000000 0.000000 0.000000 0.000000 0.000000
-520.020000 221.000000 3.141593 0.000000 0.000000 0.000000 0.000000 0.000000
-520.020000 221.000000 3.141593 0.000000 0.000000 0.000000 0.000000 0.000000
-520.020000 221.000000 3.141593 0.000000 0.000000 0.000000 0.000000 0.000000
-520.020000 221.000000 3.141593 0.000000 0.000000 0.000000 0.000000 0.000000
-520.020000 221.000000 3.141593 0.000000 0.000000 0.000000 0.000000 0.000000
-520.020000 221.000000 3.141593 0.000000 0.000000 0.000000 0.000000 0.000000
-520.020000 221.000000 3.141593 0.000000 0.000000 0.000000 0.000000 0.000000
-520.020000 221.000000 3.141593 0.000000 0.000000 0.000000 0.000000 0.000000
-520.020000 221.000000 3.141593 0.000000 0.000000 0.000000 0.000000 0.000000
-520.020000 221.000000 3.141593 0.000000 0.000000 0.000000 0.000000 0.000000
-520.020000 221.000000 3.141593 0.000000 0.000000 0.000000 0.000000 0.000000
-520.020000 221.000000 3.141593 0.000000 0.000000 0.000000 0.000000 0.000000
-520.020000 221.000000 3.141593 0.000000 0.000000 0.000000 0.000000 0.000000
-520.020000 221.000000 3.141593 0.000000 0.000000 0.000000 0.000000 0.000000
-520.020000 221.000000 3.141593 0.000000 0.000000 0.000000 0.000000 0.000000
-520.020000 221.000000 3.141593 0.000000 0.000000 0.000000 0.000000 0.000000
-520.020000 221.000000 3.141593 0.000000 0.000000 0.000000 0.000000 0.000000
-520.020000 221.000000 3.141593 0.000000 0.000000 0.000000 0.000000 0.000000
-520.020000 221.000000 3.141593 0.000000 0.000000 0.000000 0.000000 0.000000
-520.020000 221.000000 3.141593 0.000000 0.000000 0.000000 0.000000 0.000000
-520.020000 221.000000 3.141593 0.000000 0.000000 0.000000 0.000000 0.000000
-520.020000 221.000000 3.141593 0.000000 0.000000 0.000000 0.000000 0.000000
-520.020000 221.000000 3.141593 0.000000 0.000000 0.000000 0.000000 0.000000
-520.020000 221.000000 3.141593 0.000000 0.000000 0.000000 0.000000 0.000000
-520.020000 221.000000 3.141593 0.000000 0.000000 0.000000 0.000000 0.000000
-520.020000 221.000000 3.141593 0.000000 0.000000 0.000000 0.000000 0.000000
-520.020000 221.000000 3.141593 0.000000 0.000000 0.000000 0.000000 0.000000
-520.020000 221.000000 3.141593 0.000000 0.000000 0.000000 0.000000 0.000000
-520.020000 221.000000 3.141593 0.000000 0.000000 0.000000 0.000000 0.000000
-520.020000 221.000000 3.141593 0.000000 0.000000 0.000000 0.000000 0.000000
-520.020000 221.000000 3.141593 0.000000 0.000000 0.000000 0.000000 0.000000
-520.020000 221.000000 3.141593 0.000000 0.000000 0.000000 0.000000 0.000000
-520.020000 221.000000 3.141593 0.000000 0.000000 0.000000 0.000000 0.000000
-520.020000 221.000000 3.141593 0.000000 0.000000 0.000000 0.000000 0.000000
-520.020000 221.000000 3.141593 0.000000 0.000000 0.000000 0.000000 0.000000
-520.020000 221.000000 3.141593 0.000000 0.000000 0.000000 0.000000 0.000000
-520.020000 221.000000 3.141593 0.000000 0.000000 0.000000 0.000000 0.000000
-520.020000 221.000000 3.141593 0.000000 0.000000 0.000000 0.000000 0.000000
-520.020000 221.000000 3.141593 0.000000 0.000000 0.000000 0.000000 0.000000
-520.020000 221.000000 3.141593 0.000000 0.000000 0.000000 0.000000 0.000000
-520.020000 221.000000 3.141593 0.000000 0.000000 0.000000 0.000000 0.000000
-520.020000 221.000000 3.141593 0.000000 0.000000 0.000000 0.000000 0.000000
-520.020000 221.000000 3.141593 0.000000 0.000000 0.000000 0.000000 0.000000
-520.020000 221.000000 3.141593 0.000000 0.000000 0.000000 0.000000 0.000000
-520.020000 221.000000 3.141593 0.000000 0.000000 0.000000 0.000000 0.000000
-520.020000 221.000000 3.141593 0.000000 0.000000 0.000000 0.000000 0.000000
-520.020000 221.000000 3.141593 0.000000 0.000000 0.000000 0.000000 0.000000
-520.020000 221.000000 3.141593 0.000000 0.000000 0.000000 0.000000 0.000000
-520.020000 221.000000 3.141593 0.000000 0.000000 0.000000 0.000000 0.000000
-520.020000 221.000000 3.141593 0.000000 0.000000 0.000000 0.000000 0.000000
-520.020000 221.000000 3.141593 0.000000 0.000000 0.000000 0.000000 0.000000
-520.020000 221.000000 3.141593 0.000000 0.000000 0.000000 0.000000 0.000000
-520.020000 221.000000 3.141593 0.000000 0.000000 0.000000 0.000000 0.000000
-520.020000 221.000000 3.141593 0.000000 0.000000 0.000000 0.000000 0.000000
-520.020000 221.000000 3.141593 0.000000 0.000000 0.000000 0.000000 0.000000
-520.020000 221.000000 3.141593 0.000000 0.000000 0.000000 0.000000 0.000000
-520.020000 221.000000 3.141593 0.000000 0.000000 0.000000 0.000000 0.000000
-520.020000 221.000000 3.141593 0.000000 0.000000 0.000000 0.000000 0.000000
-520.020000 221.000000 3.141593 0.000000 0.000000 0.000000 0.000000 0.000000
-520.020000 221.000000 3.141593 0.000000 0.000000 0.000000 0.000000 0.000000
-520.020000 221.000000 3.141593 0.000000 0.000000 0.000000 0.000000 0.000000
-520.020000 221.000000 3.141593 0.000000 0.000000 0.000000 0.000000 0.000000
-520.020000 221.000000 3.141593 0.000000 0.000000 0.000000 0.000000 0.000000
-520.020000 221.000000 3.141593 0.000000 0.000000 0.000000 0.000000 0.000000
-520.020000 221.000000 3.141593 0.000000 0.000000 0.000000 0.000000 0.000000
-520.020000 221.000000 3.141593 0.000000 0.000000 0.000000 0.000000 0.000000
-520.020000 221.000000 3.141593 0.000000 0.000000 0.000000 0.000000 0.000000
-520.020000 221.000000 3.141593 0.000000 0.000000 0.000000 0.000000 0.000000
-520.020000 221.000000 3.141593 0.000000 0.000000 0.000000 0.000000 0.000000
-520.020000 221.000000 3.141593 0.000000 0.000000 0.000000 0.000000 0.000000
-520.020000 221.000000 3.141593 0.000000 0.000000 0.000000 0.000000 0.000000
-520.020000 221.000000 3.141593 0.000000 0.000000 0.000000 0.000000 0.000000
-520.020000 221.000000 3.141593 0.000000 0.000000 0.000000 0.000000 0.000000
-520.020000 221.000000 3.141593 0.000000 0.000000 0.000000 0.000000 0.000000
-520.020000 221.000000 3.141593 0.000000 0.000000 0.000000 0.000000 0.000000
-520.020000 221.000000 3.141593 0.000000 0.000000 0.000000 0.000000 0.000000
-520.020000 221.000000 3.141593 0.000000 0.000000 0.000000 0.000000 0.000000
-520.020000 221.000000 3.141593 0.000000 0.000000 0.000000 0.000000 0.000000
-520.020000 221.000000 3.141593 0.000000 0.000000 0.000000 0.000000 0.000000
-520.020000 221.000000 3.141593 0.000000 0.000000 0.000000 0.000000 0.000000
-520.020000 221.000000 3.141593 0.000000 0.000000 0.000000 0.000000 0.000000
-520.020000 221.000000 3.141593 0.000000 0.000000 0.000000 0.000000 0.000000
-520.020000 221.000000 3.141593 0.000000 0.000000 0.000000 0.000000 0.000000
-520.020000 221.000000 3.141593 0.000000 0.000000 0.000000 0.000000 0.000000
-520.020000 221.000000 3.141593 0.000000 0.000000 0.000000 0.000000 0.000000
-520.020000 221.000000 3.141593 0.000000 0.000000 0.000000 0.000000 0.000000
-520.020000 221.000000 3.141593 0.000000 0.000000 0.000000 0.000000 0.000000
-520.020000 221.000000 3.141593 0.000000 0.000000 0.000000 0.000000 0.000000
-520.020000 221.000000 3.141593 0.000000 0.000000 0.000000 0.000000 0.000000
-520.020000 221.000000 3.141593 0.000000 0.000000 0.000000 0.000000 0.000000
-520.020000 221.000000 3.141593 0.000000 0.000000 0.000000 0.000000 0.000000
-520.020000 221.000000 3.141593 0.000000 0.000000 0.000000 0.000000 0.000000
-520.020000 221.000000 3.141593 0.000000 0.000000 0.000000 0.000000 0.000000
-520.020000 221.000000 3.141593 0.000000 0.000000 0.000000 0.000000 0.000000
-520.020000 221.000000 3.141593 0.000000 0.000000 0.000000 0.000000 0.000000
-520.020000 221.000000 3.141593 0.000000 0.000000 0.000000 0.000000 0.000000
-520.020000 221.000000 3.141593 0.000000 0.000000 0.000000 0.000000 0.000000
-520.020000 221.000000 3.141593 0.000000 0.000000 0.000000 0.000000 0.000000
-520.020000 221.000000 3.141593 0.000000 0.000000 0.000000 0.000000 0.000000
-520.020000 221.000000 3.141593 0.000000 0.000000 0.000000 0.000000 0.000000
-520.020000 221.000000 3.141593 0.000000 0.000000 0.000000 0.000000 0.000000
-520.020000 221.000000 3.141593 0.000000 0.000000 0.000000 0.000000 0.000000
-520.020000 221.000000 3.141593 0.000000 0.000000 0.000000 0.000000 0.000000
-520.020000 221.000000 3.141593 0.000000 0.000000 0.000000 0.000000 0.000000
-520.020000 221.000000 3.141593 0.000000 0.000000 0.000000 0.000000 0.000000
-520.020000 221.000000 3.141593 0.000000 0.000000 0.000000 0.000000 0.000000
-520.020000 221.000000 3.141593 0.000000 0.000000 0.000000 0.000000 0.000000
-520.020000 221.000000 3.141593 0.000000 0.000000 0.000000 0.000000 0.000000
-520.020000 221.000000 3.141593 0.000000 0.000000 0.000000 0.000000 0.000000
-520.020000 221.000000 3.141593 0.000000 0.000000 0.000000 0.000000 0.000000
-520.020000 221.000000 3.141593 0.000000 0.000000 0.000000 0.000000 0.000000
-520.020000 221.000000 3.141593 0.000000 0.000000 0.000000 0.000000 0.000000
-520.020000 221.000000 3.141593 0.000000 0.000000 0.000000 0.000000 0.000000
-520.020000 221.000000 3.141593 0.000000 0.000000 0.000000 0.000000 0.000000
-520.020000 221.000000 3.141593 0.000000 0.000000 0.000000 0.000000 0.000000
-520.020000 221.000000 3.141593 0.000000 0.000000 0.000000 0.000000 0.000000
-520.020000 221.000000 3.141593 0.000000 0.000000 0.000000 0.000000 0.000000
-520.020000 221.000000 3.141593 0.000000 0.000000 0.000000 0.000000 0.000000
-520.020000 221.000000 3.141593 0.000000 0.000000 0.000000 0.000000 0.000000
-520.020000 221.000000 3.141593 0.000000 0.000000 0.000000 0.000000 0.000000
-520.020000 221.000000 3.141593 0.000000 0.000000 0.000000 0.000000 0.000000
-520.020000 221.000000 3.141593 0.000000 0.000000 0.000000 0.000000 0.000000
-520.020000 221.000000 3.141593 0.000000 0.000000 0.000000 0.000000 0.000000
-520.020000 221.000000 3.141593 0.000000 0.000000 0.000000 0.000000 0.000000
-520.020000 221.000000 3.141593 0.000000 0.000000 0.000000 0.000000 0.000000
-520.020000 221.000000 3.141593 0.000000 0.000000 0.000000 0.000000 0.000000
-520.020000 221.000000 3.141593 0.000000 0.000000 0.000000 0.000000 0.000000
-520.020000 221.000000 3.141593 0.000000 0.000000 0.000000 0.000000 0.000000
-520.020000 221.000000 3.141593 0.000000 0.000000 0.000000 0.000000 0.000000
-520.020000 221.000000 3.141593 0.000000 0.000000 0.000000 0.000000 0.000000
-520.020000 221.000000 3.141593 0.000000 0.000000 0.000000 0.000000 0.000000
-520.020000 221.000000 3.141593 0.000000 0.000000 0.000000 0.000000 0.000000
-520.020000 221.000000 3.141593 0.000000 0.000000 0.000000 0.000000 0.000000
-520.020000 221.000000 3.141593 0.000000 0.000000 0.000000 0.000000 0.000000
-520.020000 221.000000 3.141593 0.000000 0.000000 0.000000 0.000000 0.000000
-520.020000 221.000000 3.141593 0.000000 0.000000 0.000000 0.000000 0.000000
-520.020000 221.000000 3.141593 0.000000 0.000000 0.000000 0.000000 0.000000
-520.020000 221.000000 3.141593 0.000000 0.000000 0.000000 0.000000 0.000000
-520.020000 221.000000 3.141593 0.000000 0.000000 0.000000 0.000000 0.000000
-520.020000 221.000000 3.141593 0.000000 0.000000 0.000000 0.000000 0.000000
-520.020000 221.000000 3.141593 0.000000 0.000000 0.000000 0.000000 0.000000
-520.020000 221.000000 3.141593 0.000000 0.000000 0.000000 0.000000 0.000000
-520.020000 221.000000 3.141593 0.000000 0.000000 0.000000 0.000000 0.000000
-520.020000 221.000000 3.141593 0.000000 0.000000 0.000000 0.000000 0.000000
-520.020000 221.000000 3.141593 0.000000 0.000000 0.000000 0.000000 0.000000
-520.020000 221.000000 3.141593 0.000000 0.000000 0.000000 0.000000 0.000000
-520.020000 221.000000 3.141593 0.000000 0.000000 0.000000 0.000000 0.000000
-520.020000 221.000000 3.141593 0.000000 0.000000 0.000000 0.000000 0.000000
-520.020000 221.000000 3.141593 0.000000 0.000000 0.000000 0.000000 0.000000
-520.020000 221.000000 3.141593 0.000000 0.000000 0.000000 0.000000 0.000000
-520.020000 221.000000 3.141593 0.000000 0.000000 0.000000 0.000000 0.000000
-520.020000 221.000000 3.141593 0.000000 0.000000 0.000000 0.000000 0.000000
-520.020000 221.000000 3.141593 0.000000 0.000000 0.000000 0.000000 0.000000
-520.020000 221.000000 3.141593 0.000000 0.000000 0.000000 0.000000 0.000000
-520.020000 221.000000 3.141593 0.000000 0.000000 0.000000 0.000000 0.000000
-520.020000 221.000000 3.141593 0.000000 0.000000 0.000000 0.000000 0.000000
-520.020000 221.000000 3.141593 0.000000 0.000000 0.000000 0.000000 0.000000
-520.020000 221.000000 3.141593 0.000000 0.000000 0.000000 0.000000 0.000000
-520.020000 221.000000 3.141593 0.000000 0.000000 0.000000 0.000000 0.000000
-520.020000 221.000000 3.141593 0.000000 0.000000 0.000000 0.000000 0.000000
-520.020000 221.000000 3.141593 0.000000 0.000000 0.000000 0.000000 0.000000
-520.020000 221.000000 3.141593 0.000000 0.000000 0.000000 0.000000 0.000000
-520.020000 221.000000 3.141593 0.000000 0.000000 0.000000 0.000000 0.000000
-520.020000 221.000000 3.141593 0.000000 0.000000 0.000000 0.000000 0.000000
-520.020000 221.000000 3.141593 0.000000 0.000000 0.000000 0.000000 0.000000
-520.020000 221.000000 3.141593 0.000000 0.000000 0.000000 0.000000 0.000000
-520.020000 221.000000 3.141593 0.000000 0.000000 0.000000 0.000000 0.000000
-520.020000 221.000000 3.141593 0.000000 0.000000 0.000000 0.000000 0.000000
-520.020000 221.000000 3.141593 0.000000 0.000000 0.000000 0.000000 0.000000
-520.020000 221.000000 3.141593 0.000000 0.000000 0.000000 0.000000 0.000000
-520.020000 221.000000 3.141593 0.000000 0.000000 0.000000 0.000000 0.000000
-520.020000 221.000000 3.141593 0.000000 0.000000 0.000000 0.000000 0.000000
-520.020000 221.000000 3.141593 0.000000 0.000000 0.000000 0.000000 0.000000
-520.020000 221.000000 3.141593 0.000000 0.000000 0.000000 0.000000 0.000000
-520.020000 221.000000 3.141593 0.000000 0.000000 0.000000 0.000000 0.000000
-520.020000 221.000000 3.141593 0.000000 0.000000 0.000000 0.000000 0.000000
-520.020000 221.000000 3.141593 0.000000 0.000000 0.000000 0.000000 0.000000
-520.020000 221.000000 3.141593 0.000000 0.000000 0.000000 0.000000 0.000000
-520.020000 221.000000 3.141593 0.000000 0.000000 0.000000 0.000000 0.000000
-520.020000 221.000000 3.141593 0.000000 0.000000 0.000000 0.000000 0.000000
-520.020000 221.000000 3.141593 0.000000 0.000000 0.000000 0.000000 0.000000
-520.020000 221.000000 3.141593 0.000000 0.000000 0.000000 0.000000 0.000000
-520.020000 221.000000 3.141593 0.000000 0.000000 0.000000 0.000000 0.000000
-520.020000 221.000000 3.141593 0.000000 0.000000 0.000000 0.000000 0.000000
-520.020000 221.000000 3.141593 0.000000 0.000000 0.000000 0.000000 0.000000
-520.020000 221.000000 3.141593 0.000000 0.000000 0.000000 0.000000 0.000000
-520.020000 221.000000 3.141593 0.000000 0.000000 0.000000 0.000000 0.000000
-520.020000 221.000000 3.141593 0.000000 0.000000 0.000000 0.000000 0.000000
-520.020000 221.000000 3.141593 0.000000 0.000000 0.000000 0.000000 0.000000
-520.020000 221.000000 3.141593 0.000000 0.000000 0.000000 0.000000 0.000000
-520.020000 221.000000 3.141593 0.000000 0.000000 0.000000 0.000000 0.000000
-520.020000 221.000000 3.141593 0.000000 0.000000 0.000000 0.000000 0.000000
-520.020000 221.000000 3.141593 0.000000 0.000000 0.000000 0.000000 0.000000
-520.020000 221.000000 3.141593 0.000000 0.000000 0.000000 0.000000 0.000000
-520.020000 221.000000 3.141593 0.000000 0.000000 0.000000 0.000000 0.000000
-520.020000 221.000000 3.141593 0.000000 0.000000 0.000000 0.000000 0.000000
-520.020000 221.000000 3.141593 0.000000 0.000000 0.000000 0.000000 0.000000
-520.020000 221.000000 3.141593 0.000000 0.000000 0.000000 0.000000 0.000000
-520.020000 221.000000 3.141593 0.000000 0.000000 0.000000 0.000000 0.000000
-520.020000 221.000000 3.141593 0.000000 0.000000 0.000000 0.000000 0.000000
-520.020000 221.000000 3.141593 0.000000 0.000000 0.000000 0.000000 0.000000
-520.020000 221.000000 3.141593 0.000000 0.000000 0.000000 0.000000 0.000000
-520.020000 221.000000 3.141593 0.000000 0.000000 0.000000 0.000000 0.000000
-520.020000 221.000000 3.141593 0.000000 0.000000 0.000000 0.000000 0.000000
-520.020000 221.000000 3.141593 0.000000 0.000000 0.000000 0.000000 0.000000
-520.020000 221.000000 3.141593 0.000000 0.000000 0.000000 0.000000 0.000000
-520.020000 221.000000 3.141593 0.000000 0.000000 0.000000 0.000000 0.000000
-520.020000 221.000000 3.141593 0.000000 0.000000 0.000000 0.000000 0.000000
-520.020000 221.000000 3.141593 0.000000 0.000000 0.000000 0.000000 0.000000
-520.020000 221.000000 3.141593 0.000000 0.000000 0.000000 0.000000 0.000000
-520.020000 221.000000 3.141593 0.000000 0.000000 0.000000 0.000000 0.000000
-520.020000 221.000000 3.141593 0.000000 0.000000 0.000000 0.000000 0.000000
-520.020000 221.000000 3.141593 0.000000 0.000000 0.000000 0.000000 0.000000
-520.020000 221.000000 3.141593 0.000000 0.000000 0.000000 0.000000 0.000000
-520.020000 221.000000 3.141593 0.000000 0.000000 0.000000 0.000000 0.000000
-520.020000 221.000000 3.141593 0.000000 0.000000 0.000000 0.000000 0.000000
-520.020000 221.000000 3.141593 0.000000 0.000000 0.000000 0.000000 0.000000
-520.020000 221.000000 3.141593 0.000000 0.000000 0.000000 0.000000 0.000000
-520.020000 221.000000 3.141593 0.000000 0.000000 0.000000 0.000000 0.000000
-520.020000 221.000000 3.141593 0.000000 0.000000 0.000000 0.000000 0.000000
-520.020000 221.000000 3.141593 0.000000 0.000000 0.000000 0.000000 0.000000
-520.020000 221.000000 3.141593 0.000000 0.000000 0.000000 0.000000 0.000000
-520.020000 221.000000 3.141593 0.000000 0.000000 0.000000 0.000000 0.000000
-520.020000 221.000000 3.141593 0.000000 0.000000 0.000000 0.000000 0.000000
-520.020000 221.000000 3.141593 0.000000 0.000000 0.000000 0.000000 0.000000
-520.020000 221.000000 3.141593 0.000000 0.000000 0.000000 0.000000 0.000000
-520.020000 221.000000 3.141593 0.000000 0.000000 0.000000 0.000000 0.000000
-520.020000 221.000000 3.141593 0.000000 0.000000 0.000000 0.000000 0.000000
-520.020000 221.000000 3.141593 0.000000 0.000000 0.000000 0.000000 0.000000
-520.020000 221.000000 3.141593 0.000000 0.000000 0.000000 0.000000 0.000000
-520.020000 221.000000 3.141593 0.000000 0.000000 0.000000 0.000000 0.000000
-520.020000 221.000000 3.141593 0.000000 0.000000 0.000000 0.000000 0.000000
-520.020000 221.000000 3.141593 0.000000 0.000000 0.000000 0.000000 0.000000
-520.020000 221.000000 3.141593 0.000000 0.000000 0.000000 0.000000 0.000000
-520.020000 221.000000 3.141593 0.000000 0.000000 0.000000 0.000000 0.000000
-520.020000 221.000000 3.141593 0.000000 0.000000 0.000000 0.000000 0.000000
-520.020000 221.000000 3.141593 0.000000 0.000000 0.000000 0.000000 0.000000
-520.020000 221.000000 3.141593 0.000000 0.000000 0.000000 0.000000 0.000000
-520.020000 221.000000 3.141593 0.000000 0.000000 0.000000 0.000000 0.000000
-520.020000 221.000000 3.141593 0.000000 0.000000 0.000000 0.000000 0.000000
-520.020000 221.000000 3.141593 0.000000 0.000000 0.000000 0.000000 0.000000
-520.020000 221.000000 3.141593 0.000000 0.000000 0.000000 0.000000 0.000000
-520.020000 221.000000 3.141593 0.000000 0.000000 0.000000 0.000000 0.000000
-520.020000 221.000000 3.141593 0.000000 0.000000 0.000000 0.000000 0.000000
-520.020000 221.000000 3.141593 0.000000 0.000000 0.000000 0.000000 0.000000
-520.020000 221.000000 3.141593 0.000000 0.000000 0.000000 0.000000 0.000000
-520.020000 221.000000 3.141593 0.000000 0.000000 0.000000 0.000000 0.000000
-520.020000 221.000000 3.141593 0.000000 0.000000 0.000000 0.000000 0.000000
-520.020000 221.000000 3.141593 0.000000 0.000000 0.000000 0.000000 0.000000
-520.020000 221.000000 3.141593 0.000000 0.000000 0.000000 0.000000 0.000000
-520.020000 221.000000 3.141593 0.000000 0.000000 0.000000 0.000000 0.000000
-520.020000 221.000000 3.141593 0.000000 0.000000 0.000000 0.000000 0.000000
-520.020000 221.000000 3.141593 0.000000 0.000000 0.000000 0.000000 0.000000
-520.020000 221.000000 3.141593 0.000000 0.000000 0.000000 0.000000 0.000000
-520.020000 221.000000 3.141593 0.000000 0.000000 0.000000 0.000000 0.000000
-520.020000 221.000000 3.141593 0.000000 0.000000 0.000000 0.000000 0.000000
-520.020000 221.000000 3.141593 0.000000 0.000000 0.000000 0.000000 0.000000
-520.020000 221.000000 3.141593 0.000000 0.000000 0.000000 0.000000 0.000000
-520.020000 221.000000 3.141593 0.000000 0.000000 0.000000 0.000000 0.000000
-520.020000 221.000000 3.141593 0.000000 0.000000 0.000000 0.000000 0.000000
-520.020000 221.000000 3.141593 0.000000 0.000000 0.000000 0.000000 0.000000
-520.020000 221.000000 3.141593 0.000000 0.000000 0.000000 0.000000 0.000000
-520.020000 221.000000 3.141593 0.000000 0.000000 0.000000 0.000000 0.000000
-520.020000 221.000000 3.141593 0.000000 0.000000 0.000000 0.000000 0.000000
-520.020000 221.000000 3.141593 0.000000 0.000000 0.000000 0.000000 0.000000
-520.020000 221.000000 3.141593 0.000000 0.000000 0.000000 0.000000 0.000000
-520.020000 221.000000 3.141593 0.000000 0.000000 0.000000 0.000000 0.000000
-520.020000 221.000000 3.141593 0.000000 0.000000 0.000000 0.000000 0.000000
-520.020000 221.000000 3.141593 0.000000 0.000000 0.000000 0.000000 0.000000
-520.020000 221.000000 3.141593 0.000000 0.000000 0.000000 0.000000 0.000000
-520.020000 221.000000 3.141593 0.000000 0.000000 0.000000 0.000000 0.000000
-520.020000 221.000000 3.141593 0.000000 0.000000 0.000000 0.000000 0.000000
-520.020000 221.000000 3.141593 0.000000 0.000000 0.000000 0.000000 0.000000
-520.020000 221.000000 3.141593 0.000000 0.000000 0.000000 0.000000 0.000000
-520.020000 221.000000 3.141593 0.000000 0.000000 0.000000 0.000000 0.000000
-520.020000 221.000000 3.141593 0.000000 0.000000 0.000000 0.000000 0.000000
-520.020000 221.000000 3.141593 0.000000 0.000000 0.000000 0.000000 0.000000
-520.020000 221.000000 3.141593 0.000000 0.000000 0.000000 0.000000 0.000000
-520.020000 221.000000 3.141593 0.000000 0.000000 0.000000 0.000000 0.000000
-520.020000 221.000000 3.141593 0.000000 0.000000 0.000000 0.000000 0.000000
-520.020000 221.000000 3.141593 0.000000 0.000000 0.000000 0.000000 0.000000
-520.020000 221.000000 3.141593 0.000000 0.000000 0.000000 0.000000 0.000000
-520.020000 221.000000 3.141593 0.000000 0.000000 0.000000 0.000000 0.000000
-520.020000 221.000000 3.141593 0.000000 0.000000 0.000000 0.000000 0.000000
-520.020000 221.000000 3.141593 0.000000 0.000000 0.000000 0.000000 0.000000
-520.020000 221.000000 3.141593 0.000000 0.000000 0.000000 0.000000 0.000000
-520.020000 221.000000 3.141593 0.000000 0.000000 0.000000 0.000000 0.000000
-520.020000 221.000000 3.141593 0.000000 0.000000 0.000000 0.000000 0.000000
-520.020000 221.000000 3.141593 0.000000 0.000000 0.000000 0.000000 0.000000
-520.020000 221.000000 3.141593 0.000000 0.000000 0.000000 0.000000 0.000000
-520.020000 221.000000 3.141593 0.000000 0.000000 0.000000 0.000000 0.000000
-520.020000 221.000000 3.141593 0.000000 0.000000 0.000000 0.000000 0.000000
-520.020000 221.000000 3.141593 0.000000 0.000000 0.000000 0.000000 0.000000
-520.020000 221.000000 3.141593 0.000000 0.000000 0.000000 0.000000 0.000000
-520.020000 221.000000 3.141593 0.000000 0.000000 0.000000 0.000000 0.000000
-520.020000 221.000000 3.141593 0.000000 0.000000 0.000000 0.000000 0.000000
-520.020000 221.000000 3.141593 0.000000 0.000000 0.000000 0.000000 0.000000
-520.020000 221.000000 3.141593 0.000000 0.000000 0.000000 0.000000 0.000000
-520.020000 221.000000 3.141593 0.000000 0.000000 0.000000 0.000000 0.000000
-520.020000 221.000000 3.141593 0.000000 0.000000 0.000000 0.000000 0.000000
-520.020000 221.000000 3.141593 0.000000 0.000000 0.000000 0.000000 0.000000
-520.020000 221.000000 3.141593 0.000000 0.000000 0.000000 0.000000 0.000000
-520.020000 221.000000 3.141593 0.000000 0.000000 0.000000 0.000000 0.000000
-520.020000 221.000000 3.141593 0.000000 0.000000 0.000000 0.000000 0.000000
-520.020000 221.000000 3.141593 0.000000 0.000000 0.000000 0.000000 0.000000
-520.020000 221.000000 3.141593 0.000000 0.000000 0.000000 0.000000 0.000000
-520.020000 221.000000 3.141593 0.000000 0.000000 0.000000 0.000000 0.000000
-520.020000 221.000000 3.141593 0.000000 0.000000 0.000000 0.000000 0.000000
-520.020000 221.000000 3.141593 0.000000 0.000000 0.000000 0.000000 0.000000
-520.020000 221.000000 3.141593 0.000000 0.000000 0.000000 0.000000 0.000000
-520.020000 221.000000 3.141593 0.000000 0.000000 0.000000 0.000000 0.000000
-520.020000 221.000000 3.141593 0.000000 0.000000 0.000000 0.000000 0.000000
-520.020000 221.000000 3.141593 0.000000 0.000000 0.000000 0.000000 0.000000
-520.020000 221.000000 3.141593 0.000000 0.000000 0.000000 0.000000 0.000000
-520.020000 221.000000 3.141593 0.000000 0.000000 0.000000 0.000000 0.000000
-520.020000 221.000000 3.141593 0.000000 0.000000 0.000000 0.000000 0.000000
-520.020000 221.000000 3.141593 0.000000 0.000000 0.000000 0.000000 0.000000
-520.020000 221.000000 3.141593 0.000000 0.000000 0.000000 0.000000 0.000000
-520.020000 221.000000 3.141593 0.000000 0.000000 0.000000 0.000000 0.000000
-520.020000 221.000000 3.141593 0.000000 0.000000 0.000000 0.000000 0.000000
-520.020000 221.000000 3.141593 0.000000 0.000000 0.000000 0.000000 0.000000
-520.020000 221.000000 3.141593 0.000000 0.000000 0.000000 0.000000 0.000000
-520.020000 221.000000 3.141593 0.000000 0.000000 0.000000 0.000000 0.000000
-520.020000 221.000000 3.141593 0.000000 0.000000 0.000000 0.000000 0.000000
-520.020000 221.000000 3.141593 0.000000 0.000000 0.000000 0.000000 0.000000
-520.020000 221.000000 3.141593 0.000000 0.000000 0.000000 0.000000 0.000000
-520.020000 221.000000 3.141593 0.000000 0.000000 0.000000 0.000000 0.000000
-520.020000 221.000000 3.141593 0.000000 0.000000 0.000000 0.000000 0.000000
-520.020000 221.000000 3.141593 0.000000 0.000000 0.000000 0.000000 0.000000
-520.020000 221.000000 3.141593 0.000000 0.000000 0.000000 0.000000 0.000000
-520.020000 221.000000 3.141593 0.000000 0.000000 0.000000 0.000000 0.000000
-520.020000 221.000000 3.141593 0.000000 0.000000 0.000000 0.000000 0.000000
-520.020000 221.000000 3.141593 0.000000 0.000000 0.000000 0.000000 0.000000
-520.020000 221.000000 3.141593 0.000000 0.000000 0.000000 0.000000 0.000000
-520.020000 221.000000 3.141593 0.000000 0.000000 0.000000 0.000000 0.000000
-520.020000 221.000000 3.141593 0.000000 0.000000 0.000000 0.000000 0.000000
-520.020000 221.000000 3.141593 0.000000 0.000000 0.000000 0.000000 0.000000
-520.020000 221.000000 3.141593 0.000000 0.000000 0.000000 0.000000 0.000000
-520.020000 221.000000 3.141593 0.000000 0.000000 0.000000 0.000000 0.000000
-520.020000 221.000000 3.141593 0.000000 0.000000 0.000000 0.000000 0.000000
-520.020000 221.000000 3.141593 0.000000 0.000000 0.000000 0.000000 0.000000
-520.020000 221.000000 3.141593 0.000000 0.000000 0.000000 0.000000 0.000000
-520.020000 221.000000 3.141593 0.000000 0.000000 0.000000 0.000000 0.000000
-520.020000 221.000000 3.141593 0.000000 0.000000 0.000000 0.000000 0.000000
-520.020000 221.000000 3.141593 0.000000 0.000000 0.000000 0.000000 0.000000
-520.020000 221.000000 3.141593 0.000000 0.000000 0.000000 0.000000 0.000000
-520.020000 221.000000 3.141593 0.000000 0.000000 0.000000 0.000000 0.000000
-520.020000 221.000000 3.141593 0.000000 0.000000 0.000000 0.000000 0.000000
-520.020000 221.000000 3.141593 0.000000 0.000000 0.000000 0.000000 0.000000
-520.020000 221.000000 3.141593 0.000000 0.000000 0.000000 0.000000 0.000000
-520.020000 221.000000 3.141593 0.000000 0.000000 0.000000 0.000000 0.000000
-520.020000 221.000000 3.141593 0.000000 0.000000 0.000000 0.000000 0.000000
-520.020000 221.000000 3.141593 0.000000 0.000000 0.000000 0.000000 0.000000
-520.020000 221.000000 3.141593 0.000000 0.000000 0.000000 0.000000 0.000000
-520.020000 221.000000 3.141593 0.000000 0.000000 0.000000 0.000000 0.000000
-520.020000 221.000000 3.141593 0.000000 0.000000 0.000000 0.000000 0.000000
-520.020000 221.000000 3.141593 0.000000 0.000000 0.000000 0.000000 0.000000
-520.020000 221.000000 3.141593 0.000000 0.000000 0.000000 0.000000 0.000000
-520.020000 221.000000 3.141593 0.000000 0.000000 0.000000 0.000000 0.000000
-520.020000 221.000000 3.141593 0.000000 0.000000 0.000000 0.000000 0.000000
-520.020000 221.000000 3.141593 0.000000 0.000000 0.000000 0.000000 0.000000
-520.020000 221.000000 3.141593 0.000000 0.000000 0.000000 0.000000 0.000000
-520.020000 221.000000 3.141593 0.000000 0.000000 0.000000 0.000000 0.000000
-520.020000 221.000000 3.141593 0.000000 0.000000 0.000000 0.000000 0.000000
-520.020000 221.000000 3.141593 0.000000 0.000000 0.000000 0.000000 0.000000
-520.020000 221.000000 3.141593 0.000000 0.000000 0.000000 0.000000 0.000000
-520.020000 221.000000 3.141593 0.000000 0.000000 0.000000 0.000000 0.000000
-520.020000 221.000000 3.141593 0.000000 0.000000 0.000000 0.000000 0.000000
-520.020000 221.000000 3.141593 0.000000 0.000000 0.000000 0.000000 0.000000
-520.020000 221.000000 3.141593 0.000000 0.000000 0.000000 0.000000 0.000000
-520.020000 221.000000 3.141593 0.000000 0.000000 0.000000 0.000000 0.000000
-520.020000 221.000000 3.141593 0.000000 0.000000 0.000000 0.000000 0.000000
-520.020000 221.000000 3.141593 0.000000 0.000000 0.000000 0.000000 0.000000
-520.020000 221.000000 3.141593 0.000000 0.000000 0.000000 0.000000 0.000000
-520.020000 221.000000 3.141593 0.000000 0.000000 0.000000 0.000000 0.000000
-520.020000 221.000000 3.141593 0.000000 0.000000 0.000000 0.000000 0.000000
-520.020000 221.000000 3.141593 0.000000 0.000000 0.000000 0.000000 0.000000
-520.020000 221.000000 3.141593 0.000000 0.000000 0.000000 0.000000 0.000000
-520.020000 221.000000 3.141593 0.000000 0.000000 0.000000 0.000000 0.000000
-520.020000 221.000000 3.141593 0.000000 0.000000 0.000000 0.000000 0.000000
-520.020000 221.000000 3.141593 0.000000 0.000000 0.000000 0.000000 0.000000
-520.020000 221.000000 3.141593 0.000000 0.000000 0.000000 0.000000 0.000000
-520.020000 221.000000 3.141593 0.000000 0.000000 0.000000 0.000000 0.000000
-520.020000 221.000000 3.141593 0.000000 0.000000 0.000000 0.000000 0.000000
-520.020000 221.000000 3.141593 0.000000 0.000000 0.000000 0.000000 0.000000
-520.020000 221.000000 3.141593 0.000000 0.000000 0.000000 0.000000 0.000000
-520.020000 221.000000 3.141593 0.000000 0.000000 0.000000 0.000000 0.000000
-520.020000 221.000000 3.141593 0.000000 0.000000 0.000000 0.000000 0.000000
-520.020000 221.000000 3.141593 0.000000 0.000000 0.000000 0.000000 0.000000
-520.020000 221.000000 3.141593 0.000000 0.000000 0.000000 0.000000 0.000000
-520.020000 221.000000 3.141593 0.000000 0.000000 0.000000 0.000000 0.000000
-520.020000 221.000000 3.141593 0.000000 0.000000 0.000000 0.000000 0.000000
-520.020000 221.000000 3.141593 0.000000 0.000000 0.000000 0.000000 0.000000
-520.020000 221.000000 3.141593 0.000000 0.000000 0.000000 0.000000 0.000000
-520.020000 221.000000 3.141593 0.000000 0.000000 0.000000 0.000000 0.000000
-520.020000 221.000000 3.141593 0.000000 0.000000 0.000000 0.000000 0.000000
-520.020000 221.000000 3.141593 0.000000 0.000000 0.000000 0.000000 0.000000
-520.020000 221.000000 3.141593 0.000000 0.000000 0.000000 0.000000 0.000000
-520.020000 221.000000 3.141593 0.000000 0.000000 0.000000 0.000000 0.000000
-520.020000 221.000000 3.141593 0.000000 0.000000 0.000000 0.000000 0.000000
-520.020000 221.000000 3.141593 0.000000 0.000000 0.000000 0.000000 0.000000
-520.020000 221.000000 3.141593 0.000000 0.000000 0.000000 0.000000 0.000000
-520.020000 221.000000 3.141593 0.000000 0.000000 0.000000 0.000000 0.000000
-520.020000 221.000000 3.141593 0.000000 0.000000 0.000000 0.000000 0.000000
-520.020000 221.000000 3.141593 0.000000 0.000000 0.000000 0.000000 0.000000
-520.020000 221.000000 3.141593 0.000000 0.000000 0.000000 0.000000 0.000000
-520.020000 221.000000 3.141593 0.000000 0.000000 0.000000 0.000000 0.000000
-520.020000 221.000000 3.141593 0.000000 0.000000 0.000000 0.000000 0.000000
-520.020000 221.000000 3.141593 0.000000 0.000000 0.000000 0.000000 0.000000
-520.020000 221.000000 3.141593 0.000000 0.000000 0.000000 0.000000 0.000000
-520.020000 221.000000 3.141593 0.000000 0.000000 0.000000 0.000000 0.000000
-520.020000 221.000000 3.141593 0.000000 0.000000 0.000000 0.000000 0.000000
-520.020000 221.000000 3.141593 0.000000 0.000000 0.000000 0.000000 0.000000
-520.020000 221.000000 3.141593 0.000000 0.000000 0.000000 0.000000 0.000000
-520.020000 221.000000 3.141593 0.000000 0.000000 0.000000 0.000000 0.000000
-520.020000 221.000000 3.141593 0.000000 0.000000 0.000000 0.000000 0.000000
-520.020000 221.000000 3.141593 0.000000 0.000000 0.000000 0.000000 0.000000
-520.020000 221.000000 3.141593 0.000000 0.000000 0.000000 0.000000 0.000000
-520.020000 221.000000 3.141593 0.000000 0.000000 0.000000 0.000000 0.000000
-520.020000 221.000000 3.141593 0.000000 0.000000 0.000000 0.000000 0.000000
-520.020000 221.000000 3.141593 0.000000 0.000000 0.000000 0.000000 0.000000
-520.020000 221.000000 3.141593 0.000000 0.000000 0.000000 0.000000 0.000000
-520.020000 221.000000 3.141593 0.000000 0.000000 0.000000 0.000000 0.000000
-520.020000 221.000000 3.141593 0.000000 0.000000 0.000000 0.000000 0.000000
-520.020000 221.000000 3.141593 0.000000 0.000000 0.000000 0.000000 0.000000
-520.020000 221.000000 3.141593 0.000000 0.000000 0.000000 0.000000 0.000000
-520.020000 221.000000 3.141593 0.000000 0.000000 0.000000 0.000000 0.000000
-520.020000 221.000000 3.141593 0.000000 0.000000 0.000000 0.000000 0.000000
-520.020000 221.000000 3.141593 0.000000 0.000000 0.000000 0.000000 0.000000
-520.020000 221.000000 3.141593 0.000000 0.000000 0.000000 0.000000 0.000000
-520.020000 221.000000 3.141593 0.000000 0.000000 0.000000 0.000000 0.000000
-520.020000 221.000000 3.141593 0.000000 0.000000 0.000000 0.000000 0.000000
-520.020000 221.000000 3.141593 0.000000 0.000000 0.000000 0.000000 0.000000
-520.020000 221.000000 3.141593 0.000000 0.000000 0.000000 0.000000 0.000000
-520.020000 221.000000 3.141593 0.000000 0.000000 0.000000 0.000000 0.000000
-520.020000 221.000000 3.141593 0.000000 0.000000 0.000000 0.000000 0.000000
-520.020000 221.000000 3.141593 0.000000 0.000000 0.000000 0.000000 0.000000
-520.020000 221.000000 3.141593 0.000000 0.000000 0.000000 0.000000 0.000000
-520.020000 221.000000 3.141593 0.000000 0.000000 0.000000 0.000000 0.000000
-520.020000 221.000000 3.141593 0.000000 0.000000 0.000000 0.000000 0.000000
-520.020000 221.000000 3.141593 0.000000 0.000000 0.000000 0.000000 0.000000
-520.020000 221.000000 3.141593 0.000000 0.000000 0.000000 0.000000 0.000000
-520.020000 221.000000 3.141593 0.000000 0.000000 0.000000 0.000000 0.000000
-520.020000 221.000000 3.141593 0.000000 0.000000 0.000000 0.000000 0.000000
-520.020000 221.000000 3.141593 0.000000 0.000000 0.000000 0.000000 0.000000
-520.020000 221.000000 3.141593 0.000000 0.000000 0.000000 0.000000 0.000000
-520.020000 221.000000 3.141593 0.000000 0.000000 0.000000 0.000000 0.000000
-520.020000 221.000000 3.141593 0.000000 0.000000 0.000000 0.000000 0.000000
-520.020000 221.000000 3.141593 0.000000 0.000000 0.000000 0.000000 0.000000
-520.020000 221.000000 3.141593 0.000000 0.000000 0.000000 0.000000 0.000000
-520.020000 221.000000 3.141593 0.000000 0.000000 0.000000 0.000000 0.000000
-520.020000 221.000000 3.141593 0.000000 0.000000 0.000000 0.000000 0.000000
-520.020000 221.000000 3.141593 0.000000 0.000000 0.000000 0.000000 0.000000
-520.020000 221.000000 3.141593 0.000000 0.000000 0.000000 0.000000 0.000000
-520.020000 221.000000 3.141593 0.000000 0.000000 0.000000 0.000000 0.000000
-520.020000 221.000000 3.141593 0.000000 0.000000 0.000000 0.000000 0.000000
-520.020000 221.000000 3.141593 0.000000 0.000000 0.000000 0.000000 0.000000
-520.020000 221.000000 3.141593 0.000000 0.000000 0.000000 0.000000 0.000000
-520.020000 221.000000 3.141593 0.000000 0.000000 0.000000 0.000000 0.000000
-520.020000 221.000000 3.141593 0.000000 0.000000 0.000000 0.000000 0.000000
-520.020000 221.000000 3.141593 0.000000 0.000000 0.000000 0.000000 0.000000
-520.020000 221.000000 3.141593 0.000000 0.000000 0.000000 0.000000 0.000000
-520.020000 221.000000 3.141593 0.000000 0.000000 0.000000 0.000000 0.000000
-520.020000 221.000000 3.141593 0.000000 0.000000 0.000000 0.000000 0.000000
-520.020000 221.000000 3.141593 0.000000 0.000000 0.000000 0.000000 0.000000
-520.020000 221.000000 3.141593 0.000000 0.000000 0.000000 0.000000 0.000000
-520.020000 221.000000 3.141593 0.000000 0.000000 0.000000 0.000000 0.000000
-520.020000 221.000000 3.141593 0.000000 0.000000 0.000000 0.000000 0.000000
-520.020000 221.000000 3.141593 0.000000 0.000000 0.000000 0.000000 0.000000
-520.020000 221.000000 3.141593 0.000000 0.000000 0.000000 0.000000 0.000000
-520.020000 221.000000 3.141593 0.000000 0.000000 0.000000 0.000000 0.000000
-520.020000 221.000000 3.141593 0.000000 0.000000 0.000000 0.000000 0.000000
-520.020000 221.000000 3.141593 0.000000 0.000000 0.000000 0.000000 0.000000
-520.020000 221.000000 3.141593 0.000000 0.000000 0.000000 0.000000 0.000000
-520.020000 221.000000 3.141593 0.000000 0.000000 0.000000 0.000000 0.000000
-520.020000 221.000000 3.141593 0.000000 0.000000 0.000000 0.000000 0.000000
-520.020000 221.000000 3.141593 0.000000 0.000000 0.000000 0.000000 0.000000
-520.020000 221.000000 3.141593 0.000000 0.000000 0.000000 0.000000 0.000000
-520.020000 221.000000 3.141593 0.000000 0.000000 0.000000 0.000000 0.000000
-520.020000 221.000000 3.141593 0.000000 0.000000 0.000000 0.000000 0.000000
-520.020000 221.000000 3.141593 0.000000 0.000000 0.000000 0.000000 0.000000
-520.020000 221.000000 3.141593 0.000000 0.000000 0.000000 0.000000 0.000000
-520.020000 221.000000 3.141593 0.000000 0.000000 0.000000 0.000000 0.000000
-520.020000 221.000000 3.141593 0.000000 0.000000 0.000000 0.000000 0.000000
-520.020000 221.000000 3.141593 0.000000 0.000000 0.000000 0.000000 0.000000
-520.020000 221.000000 3.141593 0.000000 0.000000 0.000000 0.000000 0.000000
-520.020000 221.000000 3.141593 0.000000 0.000000 0.000000 0.000000 0.000000
-520.020000 221.000000 3.141593 0.000000 0.000000 0.000000 0.000000 0.000000
-520.020000 221.000000 3.141593 0.000000 0.000000 0.000000 0.000000 0.000000
-520.020000 221.000000 3.141593 0.000000 0.000000 0.000000 0.000000 0.000000
-520.020000 221.000000 3.141593 0.000000 0.000000 0.000000 0.000000 0.000000
-520.020000 221.000000 3.141593 0.000000 0.000000 0.000000 0.000000 0.000000
-520.020000 221.000000 3.141593 0.000000 0.000000 0.000000 0.000000 0.000000
-520.020000 221.000000 3.141593 0.000000 0.000000 0.000000 0.000000 0.000000
-520.020000 221.000000 3.141593 0.000000 0.000000 0.000000 0.000000 0.000000
-520.020000 221.000000 3.141593 0.000000 0.000000 0.000000 0.000000 0.000000
-520.020000 221.000000 3.141593 0.000000 0.000000 0.000000 0.000000 0.000000
-520.020000 221.000000 3.141593 0.000000 0.000000 0.000000 0.000000 0.000000
-520.020000 221.000000 3.141593 0.000000 0.000000 0.000000 0.000000 0.000000
-520.020000 221.000000 3.141593 0.000000 0.000000 0.000000 0.000000 0.000000
-520.020000 221.000000 3.141593 0.000000 0.000000 0.000000 0.000000 0.000000
-520.020000 221.000000 3.141593 0.000000 0.000000 0.000000 0.000000 0.000000
-520.020000 221.000000 3.141593 0.000000 0.000000 0.000000 0.000000 0.000000
-520.020000 221.000000 3.141593 0.000000 0.000000 0.000000 0.000000 0.000000
-520.020000 221.000000 3.141593 0.000000 0.000000 0.000000 0.000000 0.000000
-520.020000 221.000000 3.141593 0.000000 0.000000 0.000000 0.000000 0.000000
-520.020000 221.000000 3.141593 0.000000 0.000000 0.000000 0.000000 0.000000
-520.020000 221.000000 3.141593 0.000000 0.000000 0.000000 0.000000 0.000000
-520.020000 221.000000 3.141593 0.000000 0.000000 0.000000 0.000000 0.000000
-520.020000 221.000000 3.141593 0.000000 0.000000 0.000000 0.000000 0.000000
-520.020000 221.000000 3.141593 0.000000 0.000000 0.000000 0.000000 0.000000
-520.020000 221.000000 3.141593 0.000000 0.000000 0.000000 0.000000 0.000000
-520.020000 221.000000 3.141593 0.000000 0.000000 0.000000 0.000000 0.000000
-520.020000 221.000000 3.141593 0.000000 0.000000 0.000000 0.000000 0.000000
-520.020000 221.000000 3.141593 0.000000 0.000000 0.000000 0.000000 0.000000
-520.020000 221.000000 3.141593 0.000000 0.000000 0.000000 0.000000 0.000000
-520.020000 221.000000 3.141593 0.000000 0.000000 0.000000 0.000000 0.000000
-520.020000 221.000000 3.141593 0.000000 0.000000 0.000000 0.000000 0.000000
-520.020000 221.000000 3.141593 0.000000 0.000000 0.000000 0.000000 0.000000
-520.020000 221.000000 3.141593 0.000000 0.000000 0.000000 0.000000 0.000000
-520.020000 221.000000 3.141593 0.000000 0.000000 0.000000 0.000000 0.000000
-520.020000 221.000000 3.141593 0.000000 0.000000 0.000000 0.000000 0.000000
-520.020000 221.000000 3.141593 0.000000 0.000000 0.000000 0.000000 0.000000
-520.020000 221.000000 3.141593 0.000000 0.000000 0.000000 0.000000 0.000000
-520.020000 221.000000 3.141593 0.000000 0.000000 0.000000 0.000000 0.000000
-520.020000 221.000000 3.141593 0.000000 0.000000 0.000000 0.000000 0.000000
-520.020000 221.000000 3.141593 0.000000 0.000000 0.000000 0.000000 0.000000
-520.020000 221.000000 3.141593 0.000000 0.000000 0.000000 0.000000 0.000000
-520.020000 221.000000 3.141593 0.000000 0.000000 0.000000 0.000000 0.000000
-520.020000 221.000000 3.141593 0.000000 0.000000 0.000000 0.000000 0.000000
-520.020000 221.000000 3.141593 0.000000 0.000000 0.000000 0.000000 0.000000
-520.020000 221.000000 3.141593 0.000000 0.000000 0.000000 0.000000 0.000000
-520.020000 221.000000 3.141593 0.000000 0.000000 0.000000 0.000000 0.000000
-520.020000 221.000000 3.141593 0.000000 0.000000 0.000000 0.000000 0.000000
-520.020000 221.000000 3.141593 0.000000 0.000000 0.000000 0.000000 0.000000
-520.020000 221.000000 3.141593 0.000000 0.000000 0.000000 0.000000 0.000000
-520.020000 221.000000 3.141593 0.000000 0.000000 0.000000 0.000000 0.000000
-520.020000 221.000000 3.141593 0.000000 0.000000 0.000000 0.000000 0.000000
-520.020000 221.000000 3.141593 0.000000 0.000000 0.000000 0.000000 0.000000
-520.020000 221.000000 3.141593 0.000000 0.000000 0.000000 0.000000 0.000000
-520.020000 221.000000 3.141593 0.000000 0.000000 0.000000 0.000000 0.000000
-520.020000 221.000000 3.141593 0.000000 0.000000 0.000000 0.000000 0.000000
-520.020000 221.000000 3.141593 0.000000 0.000000 0.000000 0.000000 0.000000
-520.020000 221.000000 3.141593 0.000000 0.000000 0.000000 0.000000 0.000000
-520.020000 221.000000 3.141593 0.000000 0.000000 0.000000 0.000000 0.000000
-520.020000 221.000000 3.141593 0.000000 0.000000 0.000000 0.000000 0.000000
-520.020000 221.000000 3.141593 0.000000 0.000000 0.000000 0.000000 0.000000
-520.020000 221.000000 3.141593 0.000000 0.000000 0.000000 0.000000 0.000000
-520.020000 221.000000 3.141593 0.000000 0.000000 0.000000 0.000000 0.000000
-520.020000 221.000000 3.141593 0.000000 0.000000 0.000000 0.000000 0.000000
-520.020000 221.000000 3.141593 0.000000 0.000000 0.000000 0.000000 0.000000
-520.020000 221.000000 3.141593 0.000000 0.000000 0.000000 0.000000 0.000000
-520.020000 221.000000 3.141593 0.000000 0.000000 0.000000 0.000000 0.000000
-520.020000 221.000000 3.141593 0.000000 0.000000 0.000000 0.000000 0.000000
-520.020000 221.000000 3.141593 0.000000 0.000000 0.000000 0.000000 0.000000
-520.020000 221.000000 3.141593 0.000000 0.000000 0.000000 0.000000 0.000000
-520.020000 221.000000 3.141593 0.000000 0.000000 0.000000 0.000000 0.000000
-520.020000 221.000000 3.141593 0.000000 0.000000 0.000000 0.000000 0.000000
-520.020000 221.000000 3.141593 0.000000 0.000000 0.000000 0.000000 0.000000
-520.020000 221.000000 3.141593 0.000000 0.000000 0.000000 0.000000 0.000000
-520.020000 221.000000 3.141593 0.000000 0.000000 0.000000 0.000000 0.000000
-520.020000 221.000000 3.141593 0.000000 0.000000 0.000000 0.000000 0.000000
-520.020000 221.000000 3.141593 0.000000 0.000000 0.000000 0.000000 0.000000
-520.020000 221.000000 3.141593 0.000000 0.000000 0.000000 0.000000 0.000000
-520.020000 221.000000 3.141593 0.000000 0.000000 0.000000 0.000000 0.000000
-520.020000 221.000000 3.141593 0.000000 0.000000 0.000000 0.000000 0.000000
-520.020000 221.000000 3.141593 0.000000 0.000000 0.000000 0.000000 0.000000
-520.020000 221.000000 3.141593 0.000000 0.000000 0.000000 0.000000 0.000000
-520.020000 221.000000 3.141593 0.000000 0.000000 0.000000 0.000000 0.000000
-520.020000 221.000000 3.141593 0.000000 0.000000 0.000000 0.000000 0.000000
-520.020000 221.000000 3.141593 0.000000 0.000000 0.000000 0.000000 0.000000
-520.020000 221.000000 3.141593 0.000000 0.000000 0.000000 0.000000 0.000000
-520.020000 221.000000 3.141593 0.000000 0.000000 0.000000 0.000000 0.000000
-520.020000 221.000000 3.141593 0.000000 0.000000 0.000000 0.000000 0.000000
-520.020000 221.000000 3.141593 0.000000 0.000000 0.000000 0.000000 0.000000
-520.020000 221.000000 3.141593 0.000000 0.000000 0.000000 0.000000 0.000000
-520.020000 221.000000 3.141593 0.000000 0.000000 0.000000 0.000000 0.000000
-520.020000 221.000000 3.141593 0.000000 0.000000 0.000000 0.000000 0.000000
-520.020000 221.000000 3.141593 0.000000 0.000000 0.000000 0.000000 0.000000
-520.020000 221.000000 3.141593 0.000000 0.000000 0.000000 0.000000 0.000000
-520.020000 221.000000 3.141593 0.000000 0.000000 0.000000 0.000000 0.000000
-520.020000 221.000000 3.141593 0.000000 0.000000 0.000000 0.000000 0.000000
-520.020000 221.000000 3.141593 0.000000 0.000000 0.000000 0.000000 0.000000
-520.020000 221.000000 3.141593 0.000000 0.000000 0.000000 0.000000 0.000000
-520.020000 221.000000 3.141593 0.000000 0.000000 0.000000 0.000000 0.000000
-520.020000 221.000000 3.141593 0.000000 0.000000 0.000000 0.000000 0.000000
-520.020000 221.000000 3.141593 0.000000 0.000000 0.000000 0.000000 0.000000
-520.020000 221.000000 3.141593 0.000000 0.000000 0.000000 0.000000 0.000000
-520.020000 221.000000 3.141593 0.000000 0.000000 0.000000 0.000000 0.000000
-520.020000 221.000000 3.141593 0.000000 0.000000 0.000000 0.000000 0.000000
-520.020000 221.000000 3.141593 0.000000 0.000000 0.000000 0.000000 0.000000
-520.020000 221.000000 3.141593 0.000000 0.000000 0.000000 0.000000 0.000000
-520.020000 221.000000 3.141593 0.000000 0.000000 0.000000 0.000000 0.000000
-520.020000 221.000000 3.141593 0.000000 0.000000 0.000000 0.000000 0.000000
-520.020000 221.000000 3.141593 0.000000 0.000000 0.000000 0.000000 0.000000
-520.020000 221.000000 3.141593 0.000000 0.000000 0.000000 0.000000 0.000000
-520.020000 221.000000 3.141593 0.000000 0.000000 0.000000 0.000000 0.000000
-520.020000 221.000000 3.141593 0.000000 0.000000 0.000000 0.000000 0.000000
-520.020000 221.000000 3.141593 0.000000 0.000000 0.000000 0.000000 0.000000
-520.020000 221.000000 3.141593 0.000000 0.000000 0.000000 0.000000 0.000000
-520.020000 221.000000 3.141593 0.000000 0.000000 0.000000 0.000000 0.000000
-520.020000 221.000000 3.141593 0.000000 0.000000 0.000000 0.000000 0.000000
-520.020000 221.000000 3.141593 0.000000 0.000000 0.000000 0.000000 0.000000
-520.020000 221.000000 3.141593 0.000000 0.000000 0.000000 0.000000 0.000000
-520.020000 221.000000 3.141593 0.000000 0.000000 0.000000 0.000000 0.000000
-520.020000 221.000000 3.141593 0.000000 0.000000 0.000000 0.000000 0.000000
-520.020000 221.000000 3.141593 0.000000 0.000000 0.000000 0.000000 0.000000
-520.020000 221.000000 3.141593 0.000000 0.000000 0.000000 0.000000 0.000000
-520.020000 221.000000 3.141593 0.000000 0.000000 0.000000 0.000000 0.000000
-520.020000 221.000000 3.141593 0.000000 0.000000 0.000000 0.000000 0.000000
-520.020000 221.000000 3.141593 0.000000 0.000000 0.000000 0.000000 0.000000
-520.020000 221.000000 3.141593 0.000000 0.000000 0.000000 0.000000 0.000000
-520.020000 221.000000 3.141593 0.000000 0.000000 0.000000 0.000000 0.000000
-520.020000 221.000000 3.141593 0.000000 0.000000 0.000000 0.000000 0.000000
-520.020000 221.000000 3.141593 0.000000 0.000000 0.000000 0.000000 0.000000
-520.020000 221.000000 3.141593 0.000000 0.000000 0.000000 0.000000 0.000000
-520.020000 221.000000 3.141593 0.000000 0.000000 0.000000 0.000000 0.000000
-520.020000 221.000000 3.141593 0.000000 0.000000 0.000000 0.000000 0.000000
-520.020000 221.000000 3.141593 0.000000 0.000000 0.000000 0.000000 0.000000
-520.020000 221.000000 3.141593 0.000000 0.000000 0.000000 0.000000 0.000000
-520.020000 221.000000 3.141593 0.000000 0.000000 0.000000 0.000000 0.000000
-520.020000 221.000000 3.141593 0.000000 0.000000 0.000000 0.000000 0.000000
-520.020000 221.000000 3.141593 0.000000 0.000000 0.000000 0.000000 0.000000
-520.020000 221.000000 3.141593 0.000000 0.000000 0.000000 0.000000 0.000000
-520.020000 221.000000 3.141593 0.000000 0.000000 0.000000 0.000000 0.000000
-520.020000 221.000000 3.141593 0.000000 0.000000 0.000000 0.000000 0.000000
-520.020000 221.000000 3.141593 0.000000 0.000000 0.000000 0.000000 0.000000
-520.020000 221.000000 3.141593 0.000000 0.000000 0.000000 0.000000 0.000000
-520.020000 221.000000 3.141593 0.000000 0.000000 0.000000 0.000000 0.000000
-520.020000 221.000000 3.141593 0.000000 0.000000 0.000000 0.000000 0.000000
-520.020000 221.000000 3.141593 0.000000 0.000000 0.000000 0.000000 0.000000
-520.020000 221.000000 3.141593 0.000000 0.000000 0.000000 0.000000 0.000000
-520.020000 221.000000 3.141593 0.000000 0.000000 0.000000 0.000000 0.000000
-520.020000 221.000000 3.141593 0.000000 0.000000 0.000000 0.000000 0.000000
-520.020000 221.000000 3.141593 0.000000 0.000000 0.000000 0.000000 0.000000
-520.020000 221.000000 3.141593 0.000000 0.000000 0.000000 0.000000 0.000000
-520.020000 221.000000 3.141593 0.000000 0.000000 0.000000 0.000000 0.000000
-520.020000 221.000000 3.141593 0.000000 0.000000 0.000000 0.000000 0.000000
-520.020000 221.000000 3.141593 0.000000 0.000000 0.000000 0.000000 0.000000
-520.020000 221.000000 3.141593 0.000000 0.000000 0.000000 0.000000 0.000000
-520.020000 221.000000 3.141593 0.000000 0.000000 0.000000 0.000000 0.000000
-520.020000 221.000000 3.141593 0.000000 0.000000 0.000000 0.000000 0.000000
-520.020000 221.000000 3.141593 0.000000 0.000000 0.000000 0.000000 0.000000
-520.020000 221.000000 3.141593 0.000000 0.000000 0.000000 0.000000 0.000000
-520.020000 221.000000 3.141593 0.000000 0.000000 0.000000 0.000000 0.000000
-520.020000 221.000000 3.141593 0.000000 0.000000 0.000000 0.000000 0.000000
-520.020000 221.000000 3.141593 0.000000 0.000000 0.000000 0.000000 0.000000
-520.020000 221.000000 3.141593 0.000000 0.000000 0.000000 0.000000 0.000000
-520.020000 221.000000 3.141593 0.000000 0.000000 0.000000 0.000000 0.000000
-520.020000 221.000000 3.141593 0.000000 0.000000 0.000000 0.000000 0.000000
-520.020000 221.000000 3.141593 0.000000 0.000000 0.000000 0.000000 0.000000
-520.020000 221.000000 3.141593 0.000000 0.000000 0.000000 0.000000 0.000000
-520.020000 221.000000 3.141593 0.000000 0.000000 0.000000 0.000000 0.000000
-520.020000 221.000000 3.141593 0.000000 0.000000 0.000000 0.000000 0.000000
-520.020000 221.000000 3.141593 0.000000 0.000000 0.000000 0.000000 0.000000
-520.020000 221.000000 3.141593 0.000000 0.000000 0.000000 0.000000 0.000000
-520.020000 221.000000 3.141593 0.000000 0.000000 0.000000 0.000000 0.000000
-520.020000 221.000000 3.141593 0.000000 0.000000 0.000000 0.000000 0.000000
-520.020000 221.000000 3.141593 0.000000 0.000000 0.000000 0.000000 0.000000
-520.020000 221.000000 3.141593 0.000000 0.000000 0.000000 0.000000 0.000000
-520.020000 221.000000 3.141593 0.000000 0.000000 0.000000 0.000000 0.000000
-520.020000 221.000000 3.141593 0.000000 0.000000 0.000000 0.000000 0.000000
-520.020000 221.000000 3.141593 0.000000 0.000000 0.000000 0.000000 0.000000
-520.020000 221.000000 3.141593 0.000000 0.000000 0.000000 0.000000 0.000000
-520.020000 221.000000 3.141593 0.000000 0.000000 0.000000 0.000000 0.000000
-520.020000 221.000000 3.141593 0.000000 0.000000 0.000000 0.000000 0.000000
-520.020000 221.000000 3.141593 0.000000 0.000000 0.000000 0.000000 0.000000
-520.020000 221.000000 3.141593 0.000000 0.000000 0.000000 0.000000 0.000000
-520.020000 221.000000 3.141593 0.000000 0.000000 0.000000 0.000000 0.000000
-520.020000 221.000000 3.141593 0.000000 0.000000 0.000000 0.000000 0.000000
-520.020000 221.000000 3.141593 0.000000 0.000000 0.000000 0.000000 0.000000
-520.020000 221.000000 3.141593 0.000000 0.000000 0.000000 0.000000 0.000000
-520.020000 221.000000 3.141593 0.000000 0.000000 0.000000 0.000000 0.000000
-520.020000 221.000000 3.141593 0.000000 0.000000 0.000000 0.000000 0.000000
-520.020000 221.000000 3.141593 0.000000 0.000000 0.000000 0.000000 0.000000
-520.020000 221.000000 3.141593 0.000000 0.000000 0.000000 0.000000 0.000000
-520.020000 221.000000 3.141593 0.000000 0.000000 0.000000 0.000000 0.000000
-520.020000 221.000000 3.141593 0.000000 0.000000 0.000000 0.000000 0.000000
-520.020000 221.000000 3.141593 0.000000 0.000000 0.000000 0.000000 0.000000
-520.020000 221.000000 3.141593 0.000000 0.000000 0.000000 0.000000 0.000000
-520.020000 221.000000 3.141593 0.000000 0.000000 0.000000 0.000000 0.000000
-520.020000 221.000000 3.141593 0.000000 0.000000 0.000000 0.000000 0.000000
-520.020000 221.000000 3.141593 0.000000 0.000000 0.000000 0.000000 0.000000
-520.020000 221.000000 3.141593 0.000000 0.000000 0.000000 0.000000 0.000000
-520.020000 221.000000 3.141593 0.000000 0.000000 0.000000 0.000000 0.000000
-520.020000 221.000000 3.141593 0.000000 0.000000 0.000000 0.000000 0.000000
-520.020000 221.000000 3.141593 0.000000 0.000000 0.000000 0.000000 0.000000
-520.020000 221.000000 3.141593 0.000000 0.000000 0.000000 0.000000 0.000000
-520.020000 221.000000 3.141593 0.000000 0.000000 0.000000 0.000000 0.000000
-520.020000 221.000000 3.141593 0.000000 0.000000 0.000000 0.000000 0.000000
-520.020000 221.000000 3.141593 0.000000 0.000000 0.000000 0.000000 0.000000
-520.020000 221.000000 3.141593 0.000000 0.000000 0.000000 0.000000 0.000000
-520.020000 221.000000 3.141593 0.000000 0.000000 0.000000 0.000000 0.000000
-520.020000 221.000000 3.141593 0.000000 0.000000 0.000000 0.000000 0.000000
-520.020000 221.000000 3.141593 0.000000 0.000000 0.000000 0.000000 0.000000
-520.020000 221.000000 3.141593 0.000000 0.000000 0.000000 0.000000 0.000000
-520.020000 221.000000 3.141593 0.000000 0.000000 0.000000 0.000000 0.000000
-520.020000 221.000000 3.141593 0.000000 0.000000 0.000000 0.000000 0.000000
-520.020000 221.000000 3.141593 0.000000 0.000000 0.000000 0.000000 0.000000
-520.020000 221.000000 3.141593 0.000000 0.000000 0.000000 0.000000 0.000000
-520.020000 221.000000 3.141593 0.000000 0.000000 0.000000 0.000000 0.000000
-520.020000 221.000000 3.141593 0.000000 0.000000 0.000000 0.000000 0.000000
-520.020000 221.000000 3.141593 0.000000 0.000000 0.000000 0.000000 0.000000
-520.020000 221.000000 3.141593 0.000000 0.000000 0.000000 0.000000 0.000000
-520.020000 221.000000 3.141593 0.000000 0.000000 0.000000 0.000000 0.000000
-520.020000 221.000000 3.141593 0.000000 0.000000 0.000000 0.000000 0.000000
-520.020000 221.000000 3.141593 0.000000 0.000000 0.000000 0.000000 0.000000
-520.020000 221.000000 3.141593 0.000000 0.000000 0.000000 0.000000 0.000000
-520.020000 221.000000 3.141593 0.000000 0.000000 0.000000 0.000000 0.000000
-520.020000 221.000000 3.141593 0.000000 0.000000 0.000000 0.000000 0.000000
-520.020000 221.000000 3.141593 0.000000 0.000000 0.000000 0.000000 0.000000
-520.020000 221.000000 3.141593 0.000000 0.000000 0.000000 0.000000 0.000000
-520.020000 221.000000 3.141593 0.000000 0.000000 0.000000 0.000000 0.000000
-520.020000 221.000000 3.141593 0.000000 0.000000 0.000000 0.000000 0.000000
-520.020000 221.000000 3.141593 0.000000 0.000000 0.000000 0.000000 0.000000
-520.020000 221.000000 3.141593 0.000000 0.000000 0.000000 0.000000 0.000000
-520.020000 221.000000 3.141593 0.000000 0.000000 0.000000 0.000000 0.000000
-520.020000 221.000000 3.141593 0.000000 0.000000 0.000000 0.000000 0.000000
-520.020000 221.000000 3.141593 0.000000 0.000000 0.000000 0.000000 0.000000
-520.020000 221.000000 3.141593 0.000000 0.000000 0.000000 0.000000 0.000000
-520.020000 221.000000 3.141593 0.000000 0.000000 0.000000 0.000000 0.000000
-520.020000 221.000000 3.141593 0.000000 0.000000 0.000000 0.000000 0.000000
-520.020000 221.000000 3.141593 0.000000 0.000000 0.000000 0.000000 0.000000
-520.020000 221.000000 3.141593 0.000000 0.000000 0.000000 0.000000 0.000000
-520.020000 221.000000 3.141593 0.000000 0.000000 0.000000 0.000000 0.000000
-520.020000 221.000000 3.141593 0.000000 0.000000 0.000000 0.000000 0.000000
-520.020000 221.000000 3.141593 0.000000 0.000000 0.000000 0.000000 0.000000
-520.020000 221.000000 3.141593 0.000000 0.000000 0.000000 0.000000 0.000000
-520.020000 221.000000 3.141593 0.000000 0.000000 0.000000 0.000000 0.000000
-520.020000 221.000000 3.141593 0.000000 0.000000 0.000000 0.000000 0.000000
-520.020000 221.000000 3.141593 0.000000 0.000000 0.000000 0.000000 0.000000
-520.020000 221.000000 3.141593 0.000000 0.000000 0.000000 0.000000 0.000000
-520.020000 221.000000 3.141593 0.000000 0.000000 0.000000 0.000000 0.000000
-520.020000 221.000000 3.141593 0.000000 0.000000 0.000000 0.000000 0.000000
-520.020000 221.000000 3.141593 0.000000 0.000000 0.000000 0.000000 0.000000
-520.020000 221.000000 3.141593 0.000000 0.000000 0.000000 0.000000 0.000000
-520.020000 221.000000 3.141593 0.000000 0.000000 0.000000 0.000000 0.000000
-520.020000 221.000000 3.141593 0.000000 0.000000 0.000000 0.000000 0.000000
-520.020000 221.000000 3.141593 0.000000 0.000000 0.000000 0.000000 0.000000
-520.020000 221.000000 3.141593 0.000000 0.000000 0.000000 0.000000 0.000000
-520.020000 221.000000 3.141593 0.000000 0.000000 0.000000 0.000000 0.000000
-520.020000 221.000000 3.141593 0.000000 0.000000 0.000000 0.000000 0.000000
-520.020000 221.000000 3.141593 0.000000 0.000000 0.000000 0.000000 0.000000
-520.020000 221.000000 3.141593 0.000000 0.000000 0.000000 0.000000 0.000000
-520.020000 221.000000 3.141593 0.000000 0.000000 0.000000 0.000000 0.000000
-520.020000 221.000000 3.141593 0.000000 0.000000 0.000000 0.000000 0.000000
-520.020000 221.000000 3.141593 0.000000 0.000000 0.000000 0.000000 0.000000
-520.020000 221.000000 3.141593 0.000000 0.000000 0.000000 0.000000 0.000000
-520.020000 221.000000 3.141593 0.000000 0.000000 0.000000 0.000000 0.000000
-520.020000 221.000000 3.141593 0.000000 0.000000 0.000000 0.000000 0.000000
-520.020000 221.000000 3.141593 0.000000 0.000000 0.000000 0.000000 0.000000
-520.020000 221.000000 3.141593 0.000000 0.000000 0.000000 0.000000 0.000000
-520.020000 221.000000 3.141593 0.000000 0.000000 0.000000 0.000000 0.000000
-520.020000 221.000000 3.141593 0.000000 0.000000 0.000000 0.000000 0.000000
-520.020000 221.000000 3.141593 0.000000 0.000000 0.000000 0.000000 0.000000
-520.020000 221.000000 3.141593 0.000000 0.000000 0.000000 0.000000 0.000000
-520.020000 221.000000 3.141593 0.000000 0.000000 0.000000 0.000000 0.000000
-520.020000 221.000000 3.141593 0.000000 0.000000 0.000000 0.000000 0.000000
-520.020000 221.000000 3.141593 0.000000 0.000000 0.000000 0.000000 0.000000
-520.020000 221.000000 3.141593 0.000000 0.000000 0.000000 0.000000 0.000000
-520.020000 221.000000 3.141593 0.000000 0.000000 0.000000 0.000000 0.000000
-520.020000 221.000000 3.141593 0.000000 0.000000 0.000000 0.000000 0.000000
-520.020000 221.000000 3.141593 0.000000 0.000000 0.000000 0.000000 0.000000
-520.020000 221.000000 3.141593 0.000000 0.000000 0.000000 0.000000 0.000000
-520.020000 221.000000 3.141593 0.000000 0.000000 0.000000 0.000000 0.000000
-520.020000 221.000000 3.141593 0.000000 0.000000 0.000000 0.000000 0.000000
-520.020000 221.000000 3.141593 0.000000 0.000000 0.000000 0.000000 0.000000
-520.020000 221.000000 3.141593 0.000000 0.000000 0.000000 0.000000 0.000000
-520.020000 221.000000 3.141593 0.000000 0.000000 0.000000 0.000000 0.000000
-520.020000 221.000000 3.141593 0.000000 0.000000 0.000000 0.000000 0.000000
-520.020000 221.000000 3.141593 0.000000 0.000000 0.000000 0.000000 0.000000
-520.020000 221.000000 3.141593 0.000000 0.000000 0.000000 0.000000 0.000000
-520.020000 221.000000 3.141593 0.000000 0.000000 0.000000 0.000000 0.000000
-520.020000 221.000000 3.141593 0.000000 0.000000 0.000000 0.000000 0.000000
-520.020000 221.000000 3.141593 0.000000 0.000000 0.000000 0.000000 0.000000
-520.020000 221.000000 3.141593 0.000000 0.000000 0.000000 0.000000 0.000000
-520.020000 221.000000 3.141593 0.000000 0.000000 0.000000 0.000000 0.000000
-520.020000 221.000000 3.141593 0.000000 0.000000 0.000000 0.000000 0.000000
-520.020000 221.000000 3.141593 0.000000 0.000000 0.000000 0.000000 0.000000
-520.020000 221.000000 3.141593 0.000000 0.000000 0.000000 0.000000 0.000000
-520.020000 221.000000 3.141593 0.000000 0.000000 0.000000 0.000000 0.000000
-520.020000 221.000000 3.141593 0.000000 0.000000 0.000000 0.000000 0.000000
-520.020000 221.000000 3.141593 0.000000 0.000000 0.000000 0.000000 0.000000
-520.020000 221.000000 3.141593 0.000000 0.000000 0.000000 0.000000 0.000000
-520.020000 221.000000 3.141593 0.000000 0.000000 0.000000 0.000000 0.000000
-520.020000 221.000000 3.141593 0.000000 0.000000 0.000000 0.000000 0.000000
-520.020000 221.000000 3.141593 0.000000 0.000000 0.000000 0.000000 0.000000
-520.020000 221.000000 3.141593 0.000000 0.000000 0.000000 0.000000 0.000000
-520.020000 221.000000 3.141593 0.000000 0.000000 0.000000 0.000000 0.000000
-520.020000 221.000000 3.141593 0.000000 0.000000 0.000000 0.000000 0.000000
-520.020000 221.000000 3.141593 0.000000 0.000000 0.000000 0.000000 0.000000
-520.020000 221.000000 3.141593 0.000000 0.000000 0.000000 0.000000 0.000000
-520.020000 221.000000 3.141593 0.000000 0.000000 0.000000 0.000000 0.000000
-520.020000 221.000000 3.141593 0.000000 0.000000 0.000000 0.000000 0.000000
-520.020000 221.000000 3.141593 0.000000 0.000000 0.000000 0.000000 0.000000
-520.020000 221.000000 3.141593 0.000000 0.000000 0.000000 0.000000 0.000000
-520.020000 221.000000 3.141593 0.000000 0.000000 0.000000 0.000000 0.000000
-520.020000 221.000000 3.141593 0.000000 0.000000 0.000000 0.000000 0.000000
-520.020000 221.000000 3.141593 0.000000 0.000000 0.000000 0.000000 0.000000
-520.020000 221.000000 3.141593 0.000000 0.000000 0.000000 0.000000 0.000000
-520.020000 221.000000 3.141593 0.000000 0.000000 0.000000 0.000000 0.000000
-520.020000 221.000000 3.141593 0.000000 0.000000 0.000000 0.000000 0.000000
-520.020000 221.000000 3.141593 0.000000 0.000000 0.000000 0.000000 0.000000
-520.020000 221.000000 3.141593 0.000000 0.000000 0.000000 0.000000 0.000000
-520.020000 221.000000 3.141593 0.000000 0.000000 0.000000 0.000000 0.000000
-520.020000 221.000000 3.141593 0.000000 0.000000 0.000000 0.000000 0.000000
-520.020000 221.000000 3.141593 0.000000 0.000000 0.000000 0.000000 0.000000
-520.020000 221.000000 3.141593 0.000000 0.000000 0.000000 0.000000 0.000000
-520.020000 221.000000 3.141593 0.000000 0.000000 0.000000 0.000000 0.000000
-520.020000 221.000000 3.141593 0.000000 0.000000 0.000000 0.000000 0.000000
-520.020000 221.000000 3.141593 0.000000 0.000000 0.000000 0.000000 0.000000
-520.020000 221.000000 3.141593 0.000000 0.000000 0.000000 0.000000 0.000000
-520.020000 221.000000 3.141593 0.000000 0.000000 0.000000 0.000000 0.000000
-520.020000 221.000000 3.141593 0.000000 0.000000 0.000000 0.000000 0.000000
-520.020000 221.000000 3.141593 0.000000 0.000000 0.000000 0.000000 0.000000
-520.020000 221.000000 3.141593 0.000000 0.000000 0.000000 0.000000 0.000000
-520.020000 221.000000 3.141593 0.000000 0.000000 0.000000 0.000000 0.000000
-520.020000 221.000000 3.141593 0.000000 0.000000 0.000000 0.000000 0.000000
-520.020000 221.000000 3.141593 0.000000 0.000000 0.000000 0.000000 0.000000
-520.020000 221.000000 3.141593 0.000000 0.000000 0.000000 0.000000 0.000000
-520.020000 221.000000 3.141593 0.000000 0.000000 0.000000 0.000000 0.000000
-520.020000 221.000000 3.141593 0.000000 0.000000 0.000000 0.000000 0.000000
-520.020000 221.000000 3.141593 0.000000 0.000000 0.000000 0.000000 0.000000
-520.020000 221.000000 3.141593 0.000000 0.000000 0.000000 0.000000 0.000000
-520.020000 221.000000 3.141593 0.000000 0.000000 0.000000 0.000000 0.000000
-520.020000 221.000000 3.141593 0.000000 0.000000 0.000000 0.000000 0.000000
-520.020000 221.000000 3.141593 0.000000 0.000000 0.000000 0.000000 0.000000
-520.020000 221.000000 3.141593 0.000000 0.000000 0.000000 0.000000 0.000000
-520.020000 221.000000 3.141593 0.000000 0.000000 0.000000 0.000000 0.000000
-520.020000 221.000000 3.141593 0.000000 0.000000 0.000000 0.000000 0.000000
-520.020000 221.000000 3.141593 0.000000 0.000000 0.000000 0.000000 0.000000
-520.020000 221.000000 3.141593 0.000000 0.000000 0.000000 0.000000 0.000000
-520.020000 221.000000 3.141593 0.000000 0.000000 0.000000 0.000000 0.000000
-520.020000 221.000000 3.141593 0.000000 0.000000 0.000000 0.000000 0.000000
-520.020000 221.000000 3.141593 0.000000 0.000000 0.000000 0.000000 0.000000
-520.020000 221.000000 3.141593 0.000000 0.000000 0.000000 0.000000 0.000000
-520.020000 221.000000 3.141593 0.000000 0.000000 0.000000 0.000000 0.000000
-520.020000 221.000000 3.141593 0.000000 0.000000 0.000000 0.000000 0.000000
-520.020000 221.000000 3.141593 0.000000 0.000000 0.000000 0.000000 0.000000
-520.020000 221.000000 3.141593 0.000000 0.000000 0.000000 0.000000 0.000000
-520.020000 221.000000 3.141593 0.000000 0.000000 0.000000 0.000000 0.000000
-520.020000 221.000000 3.141593 0.000000 0.000000 0.000000 0.000000 0.000000
-520.020000 221.000000 3.141593 0.000000 0.000000 0.000000 0.000000 0.000000
-520.020000 221.000000 3.141593 0.000000 0.000000 0.000000 0.000000 0.000000
-520.020000 221.000000 3.141593 0.000000 0.000000 0.000000 0.000000 0.000000
-520.020000 221.000000 3.141593 0.000000 0.000000 0.000000 0.000000 0.000000
-520.020000 221.000000 3.141593 0.000000 0.000000 0.000000 0.000000 0.000000
-520.020000 221.000000 3.141593 0.000000 0.000000 0.000000 0.000000 0.000000
-520.020000 221.000000 3.141593 0.000000 0.000000 0.000000 0.000000 0.000000
-520.020000 221.000000 3.141593 0.000000 0.000000 0.000000 0.000000 0.000000
-520.020000 221.000000 3.141593 0.000000 0.000000 0.000000 0.000000 0.000000
-520.020000 221.000000 3.141593 0.000000 0.000000 0.000000 0.000000 0.000000
-520.020000 221.000000 3.141593 0.000000 0.000000 0.000000 0.000000 0.000000
-520.020000 221.000000 3.141593 0.000000 0.000000 0.000000 0.000000 0.000000
-520.020000 221.000000 3.141593 0.000000 0.000000 0.000000 0.000000 0.000000
-520.020000 221.000000 3.141593 0.000000 0.000000 0.000000 0.000000 0.000000
-520.020000 221.000000 3.141593 0.000000 0.000000 0.000000 0.000000 0.000000
-520.020000 221.000000 3.141593 0.000000 0.000000 0.000000 0.000000 0.000000
-520.020000 221.000000 3.141593 0.000000 0.000000 0.000000 0.000000 0.000000
-520.020000 221.000000 3.141593 0.000000 0.000000 0.000000 0.000000 0.000000
-520.020000 221.000000 3.141593 0.000000 0.000000 0.000000 0.000000 0.000000
-520.020000 221.000000 3.141593 0.000000 0.000000 0.000000 0.000000 0.000000
-520.020000 221.000000 3.141593 0.000000 0.000000 0.000000 0.000000 0.000000
-520.020000 221.000000 3.141593 0.000000 0.000000 0.000000 0.000000 0.000000
-520.020000 221.000000 3.141593 0.000000 0.000000 0.000000 0.000000 0.000000
-520.020000 221.000000 3.141593 0.000000 0.000000 0.000000 0.000000 0.000000
-520.020000 221.000000 3.141593 0.000000 0.000000 0.000000 0.000000 0.000000
-520.020000 221.000000 3.141593 0.000000 0.000000 0.000000 0.000000 0.000000
-520.020000 221.000000 3.141593 0.000000 0.000000 0.000000 0.000000 0.000000
-520.020000 221.000000 3.141593 0.000000 0.000000 0.000000 0.000000 0.000000
-520.020000 221.000000 3.141593 0.000000 0.000000 0.000000 0.000000 0.000000
-520.020000 221.000000 3.141593 0.000000 0.000000 0.000000 0.000000 0.000000
-520.020000 221.000000 3.141593 0.000000 0.000000 0.000000 0.000000 0.000000
-520.020000 221.000000 3.141593 0.000000 0.000000 0.000000 0.000000 0.000000
-520.020000 221.000000 3.141593 0.000000 0.000000 0.000000 0.000000 0.000000
-520.020000 221.000000 3.141593 0.000000 0.000000 0.000000 0.000000 0.000000
-520.020000 221.000000 3.141593 0.000000 0.000000 0.000000 0.000000 0.000000
-520.020000 221.000000 3.141593 0.000000 0.000000 0.000000 0.000000 0.000000
-520.020000 221.000000 3.141593 0.000000 0.000000 0.000000 0.000000 0.000000
-520.020000 221.000000 3.141593 0.000000 0.000000 0.000000 0.000000 0.000000
-520.020000 221.000000 3.141593 0.000000 0.000000 0.000000 0.000000 0.000000
-520.020000 221.000000 3.141593 0.000000 0.000000 0.000000 0.000000 0.000000
-520.020000 221.000000 3.141593 0.000000 0.000000 0.000000 0.000000 0.000000
-520.020000 221.000000 3.141593 0.000000 0.000000 0.000000 0.000000 0.000000
-520.020000 221.000000 3.141593 0.000000 0.000000 0.000000 0.000000 0.000000
-520.020000 221.000000 3.141593 0.000000 0.000000 0.000000 0.000000 0.000000
-520.020000 221.000000 3.141593 0.000000 0.000000 0.000000 0.000000 0.000000
-520.020000 221.000000 3.141593 0.000000 0.000000 0.000000 0.000000 0.000000
-520.020000 221.000000 3.141593 0.000000 0.000000 0.000000 0.000000 0.000000
-520.020000 221.000000 3.141593 0.000000 0.000000 0.000000 0.000000 0.000000
-520.020000 221.000000 3.141593 0.000000 0.000000 0.000000 0.000000 0.000000
-520.020000 221.000000 3.141593 0.000000 0.000000 0.000000 0.000000 0.000000
-520.020000 221.000000 3.141593 0.000000 0.000000 0.000000 0.000000 0.000000
-520.020000 221.000000 3.141593 0.000000 0.000000 0.000000 0.000000 0.000000
-520.020000 221.000000 3.141593 0.000000 0.000000 0.000000 0.000000 0.000000
-520.020000 221.000000 3.141593 0.000000 0.000000 0.000000 0.000000 0.000000
-520.020000 221.000000 3.141593 0.000000 0.000000 0.000000 0.000000 0.000000
-520.020000 221.000000 3.141593 0.000000 0.000000 0.000000 0.000000 0.000000
-520.020000 221.000000 3.141593 0.000000 0.000000 0.000000 0.000000 0.000000
-520.020000 221.000000 3.141593 0.000000 0.000000 0.000000 0.000000 0.000000
-520.020000 221.000000 3.141593 0.000000 0.000000 0.000000 0.000000 0.000000
-520.020000 221.000000 3.141593 0.000000 0.000000 0.000000 0.000000 0.000000
-520.020000 221.000000 3.141593 0.000000 0.000000 0.000000 0.000000 0.000000
-520.020000 221.000000 3.141593 0.000000 0.000000 0.000000 0.000000 0.000000
-520.020000 221.000000 3.141593 0.000000 0.000000 0.000000 0.000000 0.000000
-520.020000 221.000000 3.141593 0.000000 0.000000 0.000000 0.000000 0.000000
-520.020000 221.000000 3.141593 0.000000 0.000000 0.000000 0.000000 0.000000
-520.020000 221.000000 3.141593 0.000000 0.000000 0.000000 0.000000 0.000000
-520.020000 221.000000 3.141593 0.000000 0.000000 0.000000 0.000000 0.000000
-520.020000 221.000000 3.141593 0.000000 0.000000 0.000000 0.000000 0.000000
-520.020000 221.000000 3.141593 0.000000 0.000000 0.000000 0.000000 0.000000
-520.020000 221.000000 3.141593 0.000000 0.000000 0.000000 0.000000 0.000000
-520.020000 221.000000 3.141593 0.000000 0.000000 0.000000 0.000000 0.000000
-520.020000 221.000000 3.141593 0.000000 0.000000 0.000000 0.000000 0.000000
-520.020000 221.000000 3.141593 0.000000 0.000000 0.000000 0.000000 0.000000
-520.020000 221.000000 3.141593 0.000000 0.000000 0.000000 0.000000 0.000000
-520.020000 221.000000 3.141593 0.000000 0.000000 0.000000 0.000000 0.000000
-520.020000 221.000000 3.141593 0.000000 0.000000 0.000000 0.000000 0.000000
-520.020000 221.000000 3.141593 0.000000 0.000000 0.000000 0.000000 0.000000
-520.020000 221.000000 3.141593 0.000000 0.000000 0.000000 0.000000 0.000000
-520.020000 221.000000 3.141593 0.000000 0.000000 0.000000 0.000000 0.000000
-520.020000 221.000000 3.141593 0.000000 0.000000 0.000000 0.000000 0.000000
-520.020000 221.000000 3.141593 0.000000 0.000000 0.000000 0.000000 0.000000
-520.020000 221.000000 3.141593 0.000000 0.000000 0.000000 0.000000 0.000000
-520.020000 221.000000 3.141593 0.000000 0.000000 0.000000 0.000000 0.000000
-520.020000 221.000000 3.141593 0.000000 0.000000 0.000000 0.000000 0.000000
-520.020000 221.000000 3.141593 0.000000 0.000000 0.000000 0.000000 0.000000
-520.020000 221.000000 3.141593 0.000000 0.000000 0.000000 0.000000 0.000000
-520.020000 221.000000 3.141593 0.000000 0.000000 0.000000 0.000000 0.000000
-520.020000 221.000000 3.141593 0.000000 0.000000 0.000000 0.000000 0.000000
-520.020000 221.000000 3.141593 0.000000 0.000000 0.000000 0.000000 0.000000
-520.020000 221.000000 3.141593 0.000000 0.000000 0.000000 0.000000 0.000000
-520.020000 221.000000 3.141593 0.000000 0.000000 0.000000 0.000000 0.000000
-520.020000 221.000000 3.141593 0.000000 0.000000 0.000000 0.000000 0.000000
-520.020000 221.000000 3.141593 0.000000 0.000000 0.000000 0.000000 0.000000
-520.020000 221.000000 3.141593 0.000000 0.000000 0.000000 0.000000 0.000000
-520.020000 221.000000 3.141593 0.000000 0.000000 0.000000 0.000000 0.000000
-520.020000 221.000000 3.141593 0.000000 0.000000 0.000000 0.000000 0.000000
-520.020000 221.000000 3.141593 0.000000 0.000000 0.000000 0.000000 0.000000
-520.020000 221.000000 3.141593 0.000000 0.000000 0.000000 0.000000 0.000000
-520.020000 221.000000 3.141593 0.000000 0.000000 0.000000 0.000000 0.000000
-520.020000 221.000000 3.141593 0.000000 0.000000 0.000000 0.000000 0.000000
-520.020000 221.000000 3.141593 0.000000 0.000000 0.000000 0.000000 0.000000
-520.020000 221.000000 3.141593 0.000000 0.000000 0.000000 0.000000 0.000000
-520.020000 221.000000 3.141593 0.000000 0.000000 0.000000 0.000000 0.000000
-520.020000 221.000000 3.141593 0.000000 0.000000 0.000000 0.000000 0.000000
-520.020000 221.000000 3.141593 0.000000 0.000000 0.000000 0.000000 0.000000
-520.020000 221.000000 3.141593 0.000000 0.000000 0.000000 0.000000 0.000000
-520.020000 221.000000 3.141593 0.000000 0.000000 0.000000 0.000000 0.000000
-520.020000 221.000000 3.141593 0.000000 0.000000 0.000000 0.000000 0.000000
-520.020000 221.000000 3.141593 0.000000 0.000000 0.000000 0.000000 0.000000
-520.020000 221.000000 3.141593 0.000000 0.000000 0.000000 0.000000 0.000000
-520.020000 221.000000 3.141593 0.000000 0.000000 0.000000 0.000000 0.000000
-520.020000 221.000000 3.141593 0.000000 0.000000 0.000000 0.000000 0.000000
-520.020000 221.000000 3.141593 0.000000 0.000000 0.000000 0.000000 0.000000
-520.020000 221.000000 3.141593 0.000000 0.000000 0.000000 0.000000 0.000000
-520.020000 221.000000 3.141593 0.000000 0.000000 0.000000 0.000000 0.000000
-520.020000 221.000000 3.141593 0.000000 0.000000 0.000000 0.000000 0.000000
-520.020000 221.000000 3.141593 0.000000 0.000000 0.000000 0.000000 0.000000
-520.020000 221.000000 3.141593 0.000000 0.000000 0.000000 0.000000 0.000000
-520.020000 221.000000 3.141593 0.000000 0.000000 0.000000 0.000000 0.000000
-520.020000 221.000000 3.141593 0.000000 0.000000 0.000000 0.000000 0.000000
-520.020000 221.000000 3.141593 0.000000 0.000000 0.000000 0.000000 0.000000
-520.020000 221.000000 3.141593 0.000000 0.000000 0.000000 0.000000 0.000000
-520.020000 221.000000 3.141593 0.000000 0.000000 0.000000 0.000000 0.000000
-520.020000 221.000000 3.141593 0.000000 0.000000 0.000000 0.000000 0.000000
-520.020000 221.000000 3.141593 0.000000 0.000000 0.000000 0.000000 0.000000
-520.020000 221.000000 3.141593 0.000000 0.000000 0.000000 0.000000 0.000000
-520.020000 221.000000 3.141593 0.000000 0.000000 0.000000 0.000000 0.000000
-520.020000 221.000000 3.141593 0.000000 0.000000 0.000000 0.000000 0.000000
-520.020000 221.000000 3.141593 0.000000 0.000000 0.000000 0.000000 0.000000
-520.020000 221.000000 3.141593 0.000000 0.000000 0.000000 0.000000 0.000000
-520.020000 221.000000 3.141593 0.000000 0.000000 0.000000 0.000000 0.000000
-520.020000 221.000000 3.141593 0.000000 0.000000 0.000000 0.000000 0.000000
-520.020000 221.000000 3.141593 0.000000 0.000000 0.000000 0.000000 0.000000
-520.020000 221.000000 3.141593 0.000000 0.000000 0.000000 0.000000 0.000000
-520.020000 221.000000 3.141593 0.000000 0.000000 0.000000 0.000000 0.000000
-520.020000 221.000000 3.141593 0.000000 0.000000 0.000000 0.000000 0.000000
-520.020000 221.000000 3.141593 0.000000 0.000000 0.000000 0.000000 0.000000
-520.020000 221.000000 3.141593 0.000000 0.000000 0.000000 0.000000 0.000000
-520.020000 221.000000 3.141593 0.000000 0.000000 0.000000 0.000000 0.000000
-520.020000 221.000000 3.141593 0.000000 0.000000 0.000000 0.000000 0.000000
-520.020000 221.000000 3.141593 0.000000 0.000000 0.000000 0.000000 0.000000
-520.020000 221.000000 3.141593 0.000000 0.000000 0.000000 0.000000 0.000000
-520.020000 221.000000 3.141593 0.000000 0.000000 0.000000 0.000000 0.000000
-520.020000 221.000000 3.141593 0.000000 0.000000 0.000000 0.000000 0.000000
-520.020000 221.000000 3.141593 0.000000 0.000000 0.000000 0.000000 0.000000
-520.020000 221.000000 3.141593 0.000000 0.000000 0.000000 0.000000 0.000000
-520.020000 221.000000 3.141593 0.000000 0.000000 0.000000 0.000000 0.000000
-520.020000 221.000000 3.141593 0.000000 0.000000 0.000000 0.000000 0.000000
-520.020000 221.000000 3.141593 0.000000 0.000000 0.000000 0.000000 0.000000
-520.020000 221.000000 3.141593 0.000000 0.000000 0.000000 0.000000 0.000000
-520.020000 221.000000 3.141593 0.000000 0.000000 0.000000 0.000000 0.000000
-520.020000 221.000000 3.141593 0.000000 0.000000 0.000000 0.000000 0.000000
-520.020000 221.000000 3.141593 0.000000 0.000000 0.000000 0.000000 0.000000
-520.020000 221.000000 3.141593 0.000000 0.000000 0.000000 0.000000 0.000000
-520.020000 221.000000 3.141593 0.000000 0.000000 0.000000 0.000000 0.000000
-520.020000 221.000000 3.141593 0.000000 0.000000 0.000000 0.000000 0.000000
-520.020000 221.000000 3.141593 0.000000 0.000000 0.000000 0.000000 0.000000
-520.020000 221.000000 3.141593 0.000000 0.000000 0.000000 0.000000 0.000000
-520.020000 221.000000 3.141593 0.000000 0.000000 0.000000 0.000000 0.000000
-520.020000 221.000000 3.141593 0.000000 0.000000 0.000000 0.000000 0.000000
-520.020000 221.000000 3.141593 0.000000 0.000000 0.000000 0.000000 0.000000
-520.020000 221.000000 3.141593 0.000000 0.000000 0.000000 0.000000 0.000000
-520.020000 221.000000 3.141593 0.000000 0.000000 0.000000 0.000000 0.000000
-520.020000 221.000000 3.141593 0.000000 0.000000 0.000000 0.000000 0.000000
-520.020000 221.000000 3.141593 0.000000 0.000000 0.000000 0.000000 0.000000
-520.020000 221.000000 3.141593 0.000000 0.000000 0.000000 0.000000 0.000000
-520.020000 221.000000 3.141593 0.000000 0.000000 0.000000 0.000000 0.000000
-520.020000 221.000000 3.141593 0.000000 0.000000 0.000000 0.000000 0.000000
-520.020000 221.000000 3.141593 0.000000 0.000000 0.000000 0.000000 0.000000
-520.020000 221.000000 3.141593 0.000000 0.000000 0.000000 0.000000 0.000000
-520.020000 221.000000 3.141593 0.000000 0.000000 0.000000 0.000000 0.000000
-520.020000 221.000000 3.141593 0.000000 0.000000 0.000000 0.000000 0.000000
-520.020000 221.000000 3.141593 0.000000 0.000000 0.000000 0.000000 0.000000
-520.020000 221.000000 3.141593 0.000000 0.000000 0.000000 0.000000 0.000000
-520.020000 221.000000 3.141593 0.000000 0.000000 0.000000 0.000000 0.000000
-520.020000 221.000000 3.141593 0.000000 0.000000 0.000000 0.000000 0.000000
-520.020000 221.000000 3.141593 0.000000 0.000000 0.000000 0.000000 0.000000
-520.020000 221.000000 3.141593 0.000000 0.000000 0.000000 0.000000 0.000000
-520.020000 221.000000 3.141593 0.000000 0.000000 0.000000 0.000000 0.000000
-520.020000 221.000000 3.141593 0.000000 0.000000 0.000000 0.000000 0.000000
-520.020000 221.000000 3.141593 0.000000 0.000000 0.000000 0.000000 0.000000
-520.020000 221.000000 3.141593 0.000000 0.000000 0.000000 0.000000 0.000000
-520.020000 221.000000 3.141593 0.000000 0.000000 0.000000 0.000000 0.000000
-520.020000 221.000000 3.141593 0.000000 0.000000 0.000000 0.000000 0.000000
-520.020000 221.000000 3.141593 0.000000 0.000000 0.000000 0.000000 0.000000
-520.020000 221.000000 3.141593 0.000000 0.000000 0.000000 0.000000 0.000000
-520.020000 221.000000 3.141593 0.000000 0.000000 0.000000 0.000000 0.000000
-520.020000 221.000000 3.141593 0.000000 0.000000 0.000000 0.000000 0.000000
-520.020000 221.000000 3.141593 0.000000 0.000000 0.000000 0.000000 0.000000
-520.020000 221.000000 3.141593 0.000000 0.000000 0.000000 0.000000 0.000000
-520.020000 221.000000 3.141593 0.000000 0.000000 0.000000 0.000000 0.000000
-520.020000 221.000000 3.141593 0.000000 0.000000 0.000000 0.000000 0.000000
-520.020000 221.000000 3.141593 0.000000 0.000000 0.000000 0.000000 0.000000
-520.020000 221.000000 3.141593 0.000000 0.000000 0.000000 0.000000 0.000000
-520.020000 221.000000 3.141593 0.000000 0.000000 0.000000 0.000000 0.000000
-520.020000 221.000000 3.141593 0.000000 0.000000 0.000000 0.000000 0.000000
-520.020000 221.000000 3.141593 0.000000 0.000000 0.000000 0.000000 0.000000
-520.020000 221.000000 3.141593 0.000000 0.000000 0.000000 0.000000 0.000000
-520.020000 221.000000 3.141593 0.000000 0.000000 0.000000 0.000000 0.000000
-520.020000 221.000000 3.141593 0.000000 0.000000 0.000000 0.000000 0.000000
-520.020000 221.000000 3.141593 0.000000 0.000000 0.000000 0.000000 0.000000
-520.020000 221.000000 3.141593 0.000000 0.000000 0.000000 0.000000 0.000000
-520.020000 221.000000 3.141593 0.000000 0.000000 0.000000 0.000000 0.000000
-520.020000 221.000000 3.141593 0.000000 0.000000 0.000000 0.000000 0.000000
-520.020000 221.000000 3.141593 0.000000 0.000000 0.000000 0.000000 0.000000
-520.020000 221.000000 3.141593 0.000000 0.000000 0.000000 0.000000 0.000000
-520.020000 221.000000 3.141593 0.000000 0.000000 0.000000 0.000000 0.000000
-520.020000 221.000000 3.141593 0.000000 0.000000 0.000000 0.000000 0.000000
-520.020000 221.000000 3.141593 0.000000 0.000000 0.000000 0.000000 0.000000
-520.020000 221.000000 3.141593 0.000000 0.000000 0.000000 0.000000 0.000000
-520.020000 221.000000 3.141593 0.000000 0.000000 0.000000 0.000000 0.000000
-520.020000 221.000000 3.141593 0.000000 0.000000 0.000000 0.000000 0.000000
-520.020000 221.000000 3.141593 0.000000 0.000000 0.000000 0.000000 0.000000
-520.020000 221.000000 3.141593 0.000000 0.000000 0.000000 0.000000 0.000000
-520.020000 221.000000 3.141593 0.000000 0.000000 0.000000 0.000000 0.000000
-520.020000 221.000000 3.141593 0.000000 0.000000 0.000000 0.000000 0.000000
-520.020000 221.000000 3.141593 0.000000 0.000000 0.000000 0.000000 0.000000
-520.020000 221.000000 3.141593 0.000000 0.000000 0.000000 0.000000 0.000000
-520.020000 221.000000 3.141593 0.000000 0.000000 0.000000 0.000000 0.000000
-520.020000 221.000000 3.141593 0.000000 0.000000 0.000000 0.000000 0.000000
-520.020000 221.000000 3.141593 0.000000 0.000000 0.000000 0.000000 0.000000
-520.020000 221.000000 3.141593 0.000000 0.000000 0.000000 0.000000 0.000000
-520.020000 221.000000 3.141593 0.000000 0.000000 0.000000 0.000000 0.000000
-520.020000 221.000000 3.141593 0.000000 0.000000 0.000000 0.000000 0.000000
-520.020000 221.000000 3.141593 0.000000 0.000000 0.000000 0.000000 0.000000
-520.020000 221.000000 3.141593 0.000000 0.000000 0.000000 0.000000 0.000000
-520.020000 221.000000 3.141593 0.000000 0.000000 0.000000 0.000000 0.000000
-520.020000 221.000000 3.141593 0.000000 0.000000 0.000000 0.000000 0.000000
-520.020000 221.000000 3.141593 0.000000 0.000000 0.000000 0.000000 0.000000
-520.020000 221.000000 3.141593 0.000000 0.000000 0.000000 0.000000 0.000000
-520.020000 221.000000 3.141593 0.000000 0.000000 0.000000 0.000000 0.000000
-520.020000 221.000000 3.141593 0.000000 0.000000 0.000000 0.000000 0.000000
-520.020000 221.000000 3.141593 0.000000 0.000000 0.000000 0.000000 0.000000
-520.020000 221.000000 3.141593 0.000000 0.000000 0.000000 0.000000 0.000000
-520.020000 221.000000 3.141593 0.000000 0.000000 0.000000 0.000000 0.000000
-520.020000 221.000000 3.141593 0.000000 0.000000 0.000000 0.000000 0.000000
-520.020000 221.000000 3.141593 0.000000 0.000000 0.000000 0.000000 0.000000
-520.020000 221.000000 3.141593 0.000000 0.000000 0.000000 0.000000 0.000000
-520.020000 221.000000 3.141593 0.000000 0.000000 0.000000 0.000000 0.000000
-520.020000 221.000000 3.141593 0.000000 0.000000 0.000000 0.000000 0.000000
-520.020000 221.000000 3.141593 0.000000 0.000000 0.000000 0.000000 0.000000
-520.020000 221.000000 3.141593 0.000000 0.000000 0.000000 0.000000 0.000000
-520.020000 221.000000 3.141593 0.000000 0.000000 0.000000 0.000000 0.000000
-520.020000 221.000000 3.141593 0.000000 0.000000 0.000000 0.000000 0.000000
-520.020000 221.000000 3.141593 0.000000 0.000000 0.000000 0.000000 0.000000
-520.020000 221.000000 3.141593 0.000000 0.000000 0.000000 0.000000 0.000000
-520.020000 221.000000 3.141593 0.000000 0.000000 0.000000 0.000000 0.000000
-520.020000 221.000000 3.141593 0.000000 0.000000 0.000000 0.000000 0.000000
-520.020000 221.000000 3.141593 0.000000 0.000000 0.000000 0.000000 0.000000
-520.020000 221.000000 3.141593 0.000000 0.000000 0.000000 0.000000 0.000000
-520.020000 221.000000 3.141593 0.000000 0.000000 0.000000 0.000000 0.000000
-520.020000 221.000000 3.141593 0.000000 0.000000 0.000000 0.000000 0.000000
-520.020000 221.000000 3.141593 0.000000 0.000000 0.000000 0.000000 0.000000
-520.020000 221.000000 3.141593 0.000000 0.000000 0.000000 0.000000 0.000000
-520.020000 221.000000 3.141593 0.000000 0.000000 0.000000 0.000000 0.000000
-520.020000 221.000000 3.141593 0.000000 0.000000 0.000000 0.000000 0.000000
-520.020000 221.000000 3.141593 0.000000 0.000000 0.000000 0.000000 0.000000
-520.020000 221.000000 3.141593 0.000000 0.000000 0.000000 0.000000 0.000000
-520.020000 221.000000 3.141593 0.000000 0.000000 0.000000 0.000000 0.000000
-520.020000 221.000000 3.141593 0.000000 0.000000 0.000000 0.000000 0.000000
-520.020000 221.000000 3.141593 0.000000 0.000000 0.000000 0.000000 0.000000
-520.020000 221.000000 3.141593 0.000000 0.000000 0.000000 0.000000 0.000000
-520.020000 221.000000 3.141593 0.000000 0.000000 0.000000 0.000000 0.000000
-520.020000 221.000000 3.141593 0.000000 0.000000 0.000000 0.000000 0.000000
-520.020000 221.000000 3.141593 0.000000 0.000000 0.000000 0.000000 0.000000
-520.020000 221.000000 3.141593 0.000000 0.000000 0.000000 0.000000 0.000000
-520.020000 221.000000 3.141593 0.000000 0.000000 0.000000 0.000000 0.000000
-520.020000 221.000000 3.141593 0.000000 0.000000 0.000000 0.000000 0.000000
-520.020000 221.000000 3.141593 0.000000 0.000000 0.000000 0.000000 0.000000
-520.020000 221.000000 3.141593 0.000000 0.000000 0.000000 0.000000 0.000000
-520.020000 221.000000 3.141593 0.000000 0.000000 0.000000 0.000000 0.000000
-520.020000 221.000000 3.141593 0.000000 0.000000 0.000000 0.000000 0.000000
-520.020000 221.000000 3.141593 0.000000 0.000000 0.000000 0.000000 0.000000
-520.020000 221.000000 3.141593 0.000000 0.000000 0.000000 0.000000 0.000000
-520.020000 221.000000 3.141593 0.000000 0.000000 0.000000 0.000000 0.000000
-520.020000 221.000000 3.141593 0.000000 0.000000 0.000000 0.000000 0.000000
-520.020000 221.000000 3.141593 0.000000 0.000000 0.000000 0.000000 0.000000
-520.020000 221.000000 3.141593 0.000000 0.000000 0.000000 0.000000 0.000000
-520.020000 221.000000 3.141593 0.000000 0.000000 0.000000 0.000000 0.000000
-520.020000 221.000000 3.141593 0.000000 0.000000 0.000000 0.000000 0.000000
-520.020000 221.000000 3.141593 0.000000 0.000000 0.000000 0.000000 0.000000
-520.020000 221.000000 3.141593 0.000000 0.000000 0.000000 0.000000 0.000000
-520.020000 221.000000 3.141593 0.000000 0.000000 0.000000 0.000000 0.000000
-520.020000 221.000000 3.141593 0.000000 0.000000 0.000000 0.000000 0.000000
-520.020000 221.000000 3.141593 0.000000 0.000000 0.000000 0.000000 0.000000
-520.020000 221.000000 3.141593 0.000000 0.000000 0.000000 0.000000 0.000000
-520.020000 221.000000 3.141593 0.000000 0.000000 0.000000 0.000000 0.000000
-520.020000 221.000000 3.141593 0.000000 0.000000 0.000000 0.000000 0.000000
-520.020000 221.000000 3.141593 0.000000 0.000000 0.000000 0.000000 0.000000
-520.020000 221.000000 3.141593 0.000000 0.000000 0.000000 0.000000 0.000000
-520.020000 221.000000 3.141593 0.000000 0.000000 0.000000 0.000000 0.000000
-520.020000 221.000000 3.141593 0.000000 0.000000 0.000000 0.000000 0.000000
-520.020000 221.000000 3.141593 0.000000 0.000000 0.000000 0.000000 0.000000
-520.020000 221.000000 3.141593 0.000000 0.000000 0.000000 0.000000 0.000000
-520.020000 221.000000 3.141593 0.000000 0.000000 0.000000 0.000000 0.000000
-520.020000 221.000000 3.141593 0.000000 0.000000 0.000000 0.000000 0.000000
-520.020000 221.000000 3.141593 0.000000 0.000000 0.000000 0.000000 0.000000
-520.020000 221.000000 3.141593 0.000000 0.000000 0.000000 0.000000 0.000000
-520.020000 221.000000 3.141593 0.000000 0.000000 0.000000 0.000000 0.000000
-520.020000 221.000000 3.141593 0.000000 0.000000 0.000000 0.000000 0.000000
-520.020000 221.000000 3.141593 0.000000 0.000000 0.000000 0.000000 0.000000
-520.020000 221.000000 3.141593 0.000000 0.000000 0.000000 0.000000 0.000000
-520.020000 221.000000 3.141593 0.000000 0.000000 0.000000 0.000000 0.000000
-520.020000 221.000000 3.141593 0.000000 0.000000 0.000000 0.000000 0.000000
-520.020000 221.000000 3.141593 0.000000 0.000000 0.000000 0.000000 0.000000
-520.020000 221.000000 3.141593 0.000000 0.000000 0.000000 0.000000 0.000000
-520.020000 221.000000 3.141593 0.000000 0.000000 0.000000 0.000000 0.000000
-520.020000 221.000000 3.141593 0.000000 0.000000 0.000000 0.000000 0.000000
-520.020000 221.000000 3.141593 0.000000 0.000000 0.000000 0.000000 0.000000
-520.020000 221.000000 3.141593 0.000000 0.000000 0.000000 0.000000 0.000000
-520.020000 221.000000 3.141593 0.000000 0.000000 0.000000 0.000000 0.000000
-520.020000 221.000000 3.141593 0.000000 0.000000 0.000000 0.000000 0.000000
-520.020000 221.000000 3.141593 0.000000 0.000000 0.000000 0.000000 0.000000
-520.020000 221.000000 3.141593 0.000000 0.000000 0.000000 0.000000 0.000000
-520.020000 221.000000 3.141593 0.000000 0.000000 0.000000 0.000000 0.000000
-520.020000 221.000000 3.141593 0.000000 0.000000 0.000000 0.000000 0.000000
-520.020000 221.000000 3.141593 0.000000 0.000000 0.000000 0.000000 0.000000
-520.020000 221.000000 3.141593 0.000000 0.000000 0.000000 0.000000 0.000000
-520.020000 221.000000 3.141593 0.000000 0.000000 0.000000 0.000000 0.000000
-520.020000 221.000000 3.141593 0.000000 0.000000 0.000000 0.000000 0.000000
-520.020000 221.000000 3.141593 0.000000 0.000000 0.000000 0.000000 0.000000
-520.020000 221.000000 3.141593 0.000000 0.000000 0.000000 0.000000 0.000000
-520.020000 221.000000 3.141593 0.000000 0.000000 0.000000 0.000000 0.000000
-520.020000 221.000000 3.141593 0.000000 0.000000 0.000000 0.000000 0.000000
-520.020000 221.000000 3.141593 0.000000 0.000000 0.000000 0.000000 0.000000
-520.020000 221.000000 3.141593 0.000000 0.000000 0.000000 0.000000 0.000000
-520.020000 221.000000 3.141593 0.000000 0.000000 0.000000 0.000000 0.000000
-520.020000 221.000000 3.141593 0.000000 0.000000 0.000000 0.000000 0.000000
-520.020000 221.000000 3.141593 0.000000 0.000000 0.000000 0.000000 0.000000
-520.020000 221.000000 3.141593 0.000000 0.000000 0.000000 0.000000 0.000000
-520.020000 221.000000 3.141593 0.000000 0.000000 0.000000 0.000000 0.000000
-520.020000 221.000000 3.141593 0.000000 0.000000 0.000000 0.000000 0.000000
-520.020000 221.000000 3.141593 0.000000 0.000000 0.000000 0.000000 0.000000
-520.020000 221.000000 3.141593 0.000000 0.000000 0.000000 0.000000 0.000000
-520.020000 221.000000 3.141593 0.000000 0.000000 0.000000 0.000000 0.000000
-520.020000 221.000000 3.141593 0.000000 0.000000 0.000000 0.000000 0.000000
-520.020000 221.000000 3.141593 0.000000 0.000000 0.000000 0.000000 0.000000
-520.020000 221.000000 3.141593 0.000000 0.000000 0.000000 0.000000 0.000000
-520.020000 221.000000 3.141593 0.000000 0.000000 0.000000 0.000000 0.000000
-520.020000 221.000000 3.141593 0.000000 0.000000 0.000000 0.000000 0.000000
-520.020000 221.000000 3.141593 0.000000 0.000000 0.000000 0.000000 0.000000
-520.020000 221.000000 3.141593 0.000000 0.000000 0.000000 0.000000 0.000000
-520.020000 221.000000 3.141593 0.000000 0.000000 0.000000 0.000000 0.000000
-520.020000 221.000000 3.141593 0.000000 0.000000 0.000000 0.000000 0.000000
-520.020000 221.000000 3.141593 0.000000 0.000000 0.000000 0.000000 0.000000
-520.020000 221.000000 3.141593 0.000000 0.000000 0.000000 0.000000 0.000000
-520.020000 221.000000 3.141593 0.000000 0.000000 0.000000 0.000000 0.000000
-520.020000 221.000000 3.141593 0.000000 0.000000 0.000000 0.000000 0.000000
-520.020000 221.000000 3.141593 0.000000 0.000000 0.000000 0.000000 0.000000
-520.020000 221.000000 3.141593 0.000000 0.000000 0.000000 0.000000 0.000000
-520.020000 221.000000 3.141593 0.000000 0.000000 0.000000 0.000000 0.000000
-520.020000 221.000000 3.141593 0.000000 0.000000 0.000000 0.000000 0.000000
-520.020000 221.000000 3.141593 0.000000 0.000000 0.000000 0.000000 0.000000
-520.020000 221.000000 3.141593 0.000000 0.000000 0.000000 0.000000 0.000000
-520.020000 221.000000 3.141593 0.000000 0.000000 0.000000 0.000000 0.000000
-520.020000 221.000000 3.141593 0.000000 0.000000 0.000000 0.000000 0.000000
-520.020000 221.000000 3.141593 0.000000 0.000000 0.000000 0.000000 0.000000
-520.020000 221.000000 3.141593 0.000000 0.000000 0.000000 0.000000 0.000000
-520.020000 221.000000 3.141593 0.000000 0.000000 0.000000 0.000000 0.000000
-520.020000 221.000000 3.141593 0.000000 0.000000 0.000000 0.000000 0.000000
-520.020000 221.000000 3.141593 0.000000 0.000000 0.000000 0.000000 0.000000
-520.020000 221.000000 3.141593 0.000000 0.000000 0.000000 0.000000 0.000000
-520.020000 221.000000 3.141593 0.000000 0.000000 0.000000 0.000000 0.000000
-520.020000 221.000000 3.141593 0.000000 0.000000 0.000000 0.000000 0.000000
-520.020000 221.000000 3.141593 0.000000 0.000000 0.000000 0.000000 0.000000
-520.020000 221.000000 3.141593 0.000000 0.000000 0.000000 0.000000 0.000000
-520.020000 221.000000 3.141593 0.000000 0.000000 0.000000 0.000000 0.000000
-520.020000 221.000000 3.141593 0.000000 0.000000 0.000000 0.000000 0.000000
-520.020000 221.000000 3.141593 0.000000 0.000000 0.000000 0.000000 0.000000
-520.020000 221.000000 3.141593 0.000000 0.000000 0.000000 0.000000 0.000000
-520.020000 221.000000 3.141593 0.000000 0.000000 0.000000 0.000000 0.000000
-520.020000 221.000000 3.141593 0.000000 0.000000 0.000000 0.000000 0.000000
-520.020000 221.000000 3.141593 0.000000 0.000000 0.000000 0.000000 0.000000
-520.020000 221.000000 3.141593 0.000000 0.000000 0.000000 0.000000 0.000000
-520.020000 221.000000 3.141593 0.000000 0.000000 0.000000 0.000000 0.000000
-520.020000 221.000000 3.141593 0.000000 0.000000 0.000000 0.000000 0.000000
-520.020000 221.000000 3.141593 0.000000 0.000000 0.000000 0.000000 0.000000
-520.020000 221.000000 3.141593 0.000000 0.000000 0.000000 0.000000 0.000000
-520.020000 221.000000 3.141593 0.000000 0.000000 0.000000 0.000000 0.000000
-520.020000 221.000000 3.141593 0.000000 0.000000 0.000000 0.000000 0.000000
-520.020000 221.000000 3.141593 0.000000 0.000000 0.000000 0.000000 0.000000
-520.020000 221.000000 3.141593 0.000000 0.000000 0.000000 0.000000 0.000000
-520.020000 221.000000 3.141593 0.000000 0.000000 0.000000 0.000000 0.000000
-520.020000 221.000000 3.141593 0.000000 0.000000 0.000000 0.000000 0.000000
-520.020000 221.000000 3.141593 0.000000 0.000000 0.000000 0.000000 0.000000
-520.020000 221.000000 3.141593 0.000000 0.000000 0.000000 0.000000 0.000000
-520.020000 221.000000 3.141593 0.000000 0.000000 0.000000 0.000000 0.000000
-520.020000 221.000000 3.141593 0.000000 0.000000 0.000000 0.000000 0.000000
-520.020000 221.000000 3.141593 0.000000 0.000000 0.000000 0.000000 0.000000
-520.020000 221.000000 3.141593 0.000000 0.000000 0.000000 0.000000 0.000000
-520.020000 221.000000 3.141593 0.000000 0.000000 0.000000 0.000000 0.000000
-520.020000 221.000000 3.141593 0.000000 0.000000 0.000000 0.000000 0.000000
-520.020000 221.000000 3.141593 0.000000 0.000000 0.000000 0.000000 0.000000
-520.020000 221.000000 3.141593 0.000000 0.000000 0.000000 0.000000 0.000000
-520.020000 221.000000 3.141593 0.000000 0.000000 0.000000 0.000000 0.000000
-520.020000 221.000000 3.141593 0.000000 0.000000 0.000000 0.000000 0.000000
-520.020000 221.000000 3.141593 0.000000 0.000000 0.000000 0.000000 0.000000
-520.020000 221.000000 3.141593 0.000000 0.000000 0.000000 0.000000 0.000000
-520.020000 221.000000 3.141593 0.000000 0.000000 0.000000 0.000000 0.000000
-520.020000 221.000000 3.141593 0.000000 0.000000 0.000000 0.000000 0.000000
-520.020000 221.000000 3.141593 0.000000 0.000000 0.000000 0.000000 0.000000
-520.020000 221.000000 3.141593 0.000000 0.000000 0.000000 0.000000 0.000000
-520.020000 221.000000 3.141593 0.000000 0.000000 0.000000 0.000000 0.000000
-520.020000 221.000000 3.141593 0.000000 0.000000 0.000000 0.000000 0.000000
-520.020000 221.000000 3.141593 0.000000 0.000000 0.000000 0.000000 0.000000
-520.020000 221.000000 3.141593 0.000000 0.000000 0.000000 0.000000 0.000000
-520.020000 221.000000 3.141593 0.000000 0.000000 0.000000 0.000000 0.000000
-520.020000 221.000000 3.141593 0.000000 0.000000 0.000000 0.000000 0.000000
-520.020000 221.000000 3.141593 0.000000 0.000000 0.000000 0.000000 0.000000
-520.020000 221.000000 3.141593 0.000000 0.000000 0.000000 0.000000 0.000000
-520.020000 221.000000 3.141593 0.000000 0.000000 0.000000 0.000000 0.000000
-520.020000 221.000000 3.141593 0.000000 0.000000 0.000000 0.000000 0.000000
-520.020000 221.000000 3.141593 0.000000 0.000000 0.000000 0.000000 0.000000
-520.020000 221.000000 3.141593 0.000000 0.000000 0.000000 0.000000 0.000000
-520.020000 221.000000 3.141593 0.000000 0.000000 0.000000 0.000000 0.000000
-520.020000 221.000000 3.141593 0.000000 0.000000 0.000000 0.000000 0.000000
-520.020000 221.000000 3.141593 0.000000 0.000000 0.000000 0.000000 0.000000
-520.020000 221.000000 3.141593 0.000000 0.000000 0.000000 0.000000 0.000000
-520.020000 221.000000 3.141593 0.000000 0.000000 0.000000 0.000000 0.000000
-520.020000 221.000000 3.141593 0.000000 0.000000 0.000000 0.000000 0.000000
-520.020000 221.000000 3.141593 0.000000 0.000000 0.000000 0.000000 0.000000
-520.020000 221.000000 3.141593 0.000000 0.000000 0.000000 0.000000 0.000000
-520.020000 221.000000 3.141593 0.000000 0.000000 0.000000 0.000000 0.000000
-520.020000 221.000000 3.141593 0.000000 0.000000 0.000000 0.000000 0.000000
-520.020000 221.000000 3.141593 0.000000 0.000000 0.000000 0.000000 0.000000
-520.020000 221.000000 3.141593 0.000000 0.000000 0.000000 0.000000 0.000000
-520.020000 221.000000 3.141593 0.000000 0.000000 0.000000 0.000000 0.000000
-520.020000 221.000000 3.141593 0.000000 0.000000 0.000000 0.000000 0.000000
-520.020000 221.000000 3.141593 0.000000 0.000000 0.000000 0.000000 0.000000
-520.020000 221.000000 3.141593 0.000000 0.000000 0.000000 0.000000 0.000000
-520.020000 221.000000 3.141593 0.000000 0.000000 0.000000 0.000000 0.000000
-520.020000 221.000000 3.141593 0.000000 0.000000 0.000000 0.000000 0.000000
-520.020000 221.000000 3.141593 0.000000 0.000000 0.000000 0.000000 0.000000
-520.020000 221.000000 3.141593 0.000000 0.000000 0.000000 0.000000 0.000000
-520.020000 221.000000 3.141593 0.000000 0.000000 0.000000 0.000000 0.000000
-520.020000 221.000000 3.141593 0.000000 0.000000 0.000000 0.000000 0.000000
-520.020000 221.000000 3.141593 0.000000 0.000000 0.000000 0.000000 0.000000
-520.020000 221.000000 3.141593 0.000000 0.000000 0.000000 0.000000 0.000000
-520.020000 221.000000 3.141593 0.000000 0.000000 0.000000 0.000000 0.000000
-520.020000 221.000000 3.141593 0.000000 0.000000 0.000000 0.000000 0.000000
-520.020000 221.000000 3.141593 0.000000 0.000000 0.000000 0.000000 0.000000
-520.020000 221.000000 3.141593 0.000000 0.000000 0.000000 0.000000 0.000000
-520.020000 221.000000 3.141593 0.000000 0.000000 0.000000 0.000000 0.000000
-520.020000 221.000000 3.141593 0.000000 0.000000 0.000000 0.000000 0.000000
-520.020000 221.000000 3.141593 0.000000 0.000000 0.000000 0.000000 0.000000
-520.020000 221.000000 3.141593 0.000000 0.000000 0.000000 0.000000 0.000000
-520.020000 221.000000 3.141593 0.000000 0.000000 0.000000 0.000000 0.000000
-520.020000 221.000000 3.141593 0.000000 0.000000 0.000000 0.000000 0.000000
-520.020000 221.000000 3.141593 0.000000 0.000000 0.000000 0.000000 0.000000
-520.020000 221.000000 3.141593 0.000000 0.000000 0.000000 0.000000 0.000000
-520.020000 221.000000 3.141593 0.000000 0.000000 0.000000 0.000000 0.000000
-520.020000 221.000000 3.141593 0.000000 0.000000 0.000000 0.000000 0.000000
-520.020000 221.000000 3.141593 0.000000 0.000000 0.000000 0.000000 0.000000
-520.020000 221.000000 3.141593 0.000000 0.000000 0.000000 0.000000 0.000000
-520.020000 221.000000 3.141593 0.000000 0.000000 0.000000 0.000000 0.000000
-520.020000 221.000000 3.141593 0.000000 0.000000 0.000000 0.000000 0.000000
-520.020000 221.000000 3.141593 0.000000 0.000000 0.000000 0.000000 0.000000
-520.020000 221.000000 3.141593 0.000000 0.000000 0.000000 0.000000 0.000000
-520.020000 221.000000 3.141593 0.000000 0.000000 0.000000 0.000000 0.000000
-520.020000 221.000000 3.141593 0.000000 0.000000 0.000000 0.000000 0.000000
-520.020000 221.000000 3.141593 0.000000 0.000000 0.000000 0.000000 0.000000
-520.020000 221.000000 3.141593 0.000000 0.000000 0.000000 0.000000 0.000000
-520.020000 221.000000 3.141593 0.000000 0.000000 0.000000 0.000000 0.000000
-520.020000 221.000000 3.141593 0.000000 0.000000 0.000000 0.000000 0.000000
-520.020000 221.000000 3.141593 0.000000 0.000000 0.000000 0.000000 0.000000
-520.020000 221.000000 3.141593 0.000000 0.000000 0.000000 0.000000 0.000000
-520.020000 221.000000 3.141593 0.000000 0.000000 0.000000 0.000000 0.000000
-520.020000 221.000000 3.141593 0.000000 0.000000 0.000000 0.000000 0.000000
-520.020000 221.000000 3.141593 0.000000 0.000000 0.000000 0.000000 0.000000
-520.020000 221.000000 3.141593 0.000000 0.000000 0.000000 0.000000 0.000000
-520.020000 221.000000 3.141593 0.000000 0.000000 0.000000 0.000000 0.000000
-520.020000 221.000000 3.141593 0.000000 0.000000 0.000000 0.000000 0.000000
-520.020000 221.000000 3.141593 0.000000 0.000000 0.000000 0.000000 0.000000
-520.020000 221.000000 3.141593 0.000000 0.000000 0.000000 0.000000 0.000000
-520.020000 221.000000 3.141593 0.000000 0.000000 0.000000 0.000000 0.000000
-520.020000 221.000000 3.141593 0.000000 0.000000 0.000000 0.000000 0.000000
-520.020000 221.000000 3.141593 0.000000 0.000000 0.000000 0.000000 0.000000
-520.020000 221.000000 3.141593 0.000000 0.000000 0.000000 0.000000 0.000000
-520.020000 221.000000 3.141593 0.000000 0.000000 0.000000 0.000000 0.000000
-520.020000 221.000000 3.141593 0.000000 0.000000 0.000000 0.000000 0.000000
-520.020000 221.000000 3.141593 0.000000 0.000000 0.000000 0.000000 0.000000
-520.020000 221.000000 3.141593 0.000000 0.000000 0.000000 0.000000 0.000000
-520.020000 221.000000 3.141593 0.000000 0.000000 0.000000 0.000000 0.000000
-520.020000 221.000000 3.141593 0.000000 0.000000 0.000000 0.000000 0.000000
-520.020000 221.000000 3.141593 0.000000 0.000000 0.000000 0.000000 0.000000
-520.020000 221.000000 3.141593 0.000000 0.000000 0.000000 0.000000 0.000000
-520.020000 221.000000 3.141593 0.000000 0.000000 0.000000 0.000000 0.000000
-520.020000 221.000000 3.141593 0.000000 0.000000 0.000000 0.000000 0.000000
-520.020000 221.000000 3.141593 0.000000 0.000000 0.000000 0.000000 0.000000
-520.020000 221.000000 3.141593 0.000000 0.000000 0.000000 0.000000 0.000000
-520.020000 221.000000 3.141593 0.000000 0.000000 0.000000 0.000000 0.000000
-520.020000 221.000000 3.141593 0.000000 0.000000 0.000000 0.000000 0.000000
-520.020000 221.000000 3.141593 0.000000 0.000000 0.000000 0.000000 0.000000
-520.020000 221.000000 3.141593 0.000000 0.000000 0.000000 0.000000 0.000000
-520.020000 221.000000 3.141593 0.000000 0.000000 0.000000 0.000000 0.000000
-520.020000 221.000000 3.141593 0.000000 0.000000 0.000000 0.000000 0.000000
-520.020000 221.000000 3.141593 0.000000 0.000000 0.000000 0.000000 0.000000
-520.020000 221.000000 3.141593 0.000000 0.000000 0.000000 0.000000 0.000000
-520.020000 221.000000 3.141593 0.000000 0.000000 0.000000 0.000000 0.000000
-520.020000 221.000000 3.141593 0.000000 0.000000 0.000000 0.000000 0.000000
-520.020000 221.000000 3.141593 0.000000 0.000000 0.000000 0.000000 0.000000
-520.020000 221.000000 3.141593 0.000000 0.000000 0.000000 0.000000 0.000000
-520.020000 221.000000 3.141593 0.000000 0.000000 0.000000 0.000000 0.000000
-520.020000 221.000000 3.141593 0.000000 0.000000 0.000000 0.000000 0.000000
-520.020000 221.000000 3.141593 0.000000 0.000000 0.000000 0.000000 0.000000
-520.020000 221.000000 3.141593 0.000000 0.000000 0.000000 0.000000 0.000000
-520.020000 221.000000 3.141593 0.000000 0.000000 0.000000 0.000000 0.000000
-520.020000 221.000000 3.141593 0.000000 0.000000 0.000000 0.000000 0.000000
-520.020000 221.000000 3.141593 0.000000 0.000000 0.000000 0.000000 0.000000
-520.020000 221.000000 3.141593 0.000000 0.000000 0.000000 0.000000 0.000000
-520.020000 221.000000 3.141593 0.000000 0.000000 0.000000 0.000000 0.000000
-520.020000 221.000000 3.141593 0.000000 0.000000 0.000000 0.000000 0.000000
-520.020000 221.000000 3.141593 0.000000 0.000000 0.000000 0.000000 0.000000
-520.020000 221.000000 3.141593 0.000000 0.000000 0.000000 0.000000 0.000000
-520.020000 221.000000 3.141593 0.000000 0.000000 0.000000 0.000000 0.000000
-520.020000 221.000000 3.141593 0.000000 0.000000 0.000000 0.000000 0.000000
-520.020000 221.000000 3.141593 0.000000 0.000000 0.000000 0.000000 0.000000
-520.020000 221.000000 3.141593 0.000000 0.000000 0.000000 0.000000 0.000000
-520.020000 221.000000 3.141593 0.000000 0.000000 0.000000 0.000000 0.000000
-520.020000 221.000000 3.141593 0.000000 0.000000 0.000000 0.000000 0.000000
-520.020000 221.000000 3.141593 0.000000 0.000000 0.000000 0.000000 0.000000
-520.020000 221.000000 3.141593 0.000000 0.000000 0.000000 0.000000 0.000000
-520.020000 221.000000 3.141593 0.000000 0.000000 0.000000 0.000000 0.000000
-520.020000 221.000000 3.141593 0.000000 0.000000 0.000000 0.000000 0.000000
-520.020000 221.000000 3.141593 0.000000 0.000000 0.000000 0.000000 0.000000
-520.020000 221.000000 3.141593 0.000000 0.000000 0.000000 0.000000 0.000000
-520.020000 221.000000 3.141593 0.000000 0.000000 0.000000 0.000000 0.000000
-520.020000 221.000000 3.141593 0.000000 0.000000 0.000000 0.000000 0.000000
-520.020000 221.000000 3.141593 0.000000 0.000000 0.000000 0.000000 0.000000
-520.020000 221.000000 3.141593 0.000000 0.000000 0.000000 0.000000 0.000000
-520.020000 221.000000 3.141593 0.000000 0.000000 0.000000 0.000000 0.000000
-520.020000 221.000000 3.141593 0.000000 0.000000 0.000000 0.000000 0.000000
-520.020000 221.000000 3.141593 0.000000 0.000000 0.000000 0.000000 0.000000
-520.020000 221.000000 3.141593 0.000000 0.000000 0.000000 0.000000 0.000000
-520.020000 221.000000 3.141593 0.000000 0.000000 0.000000 0.000000 0.000000
-520.020000 221.000000 3.141593 0.000000 0.000000 0.000000 0.000000 0.000000
-520.020000 221.000000 3.141593 0.000000 0.000000 0.000000 0.000000 0.000000
-520.020000 221.000000 3.141593 0.000000 0.000000 0.000000 0.000000 0.000000
-520.020000 221.000000 3.141593 0.000000 0.000000 0.000000 0.000000 0.000000
-520.020000 221.000000 3.141593 0.000000 0.000000 0.000000 0.000000 0.000000
-520.020000 221.000000 3.141593 0.000000 0.000000 0.000000 0.000000 0.000000
-520.020000 221.000000 3.141593 0.000000 0.000000 0.000000 0.000000 0.000000
-520.020000 221.000000 3.141593 0.000000 0.000000 0.000000 0.000000 0.000000
-520.020000 221.000000 3.141593 0.000000 0.000000 0.000000 0.000000 0.000000
-520.020000 221.000000 3.141593 0.000000 0.000000 0.000000 0.000000 0.000000
-520.020000 221.000000 3.141593 0.000000 0.000000 0.000000 0.000000 0.000000
-520.020000 221.000000 3.141593 0.000000 0.000000 0.000000 0.000000 0.000000
-520.020000 221.000000 3.141593 0.000000 0.000000 0.000000 0.000000 0.000000
-520.020000 221.000000 3.141593 0.000000 0.000000 0.000000 0.000000 0.000000
-520.020000 221.000000 3.141593 0.000000 0.000000 0.000000 0.000000 0.000000
-520.020000 221.000000 3.141593 0.000000 0.000000 0.000000 0.000000 0.000000
-520.020000 221.000000 3.141593 0.000000 0.000000 0.000000 0.000000 0.000000
-520.020000 221.000000 3.141593 0.000000 0.000000 0.000000 0.000000 0.000000
-520.020000 221.000000 3.141593 0.000000 0.000000 0.000000 0.000000 0.000000
-520.020000 221.000000 3.141593 0.000000 0.000000 0.000000 0.000000 0.000000
-520.020000 221.000000 3.141593 0.000000 0.000000 0.000000 0.000000 0.000000
-520.020000 221.000000 3.141593 0.000000 0.000000 0.000000 0.000000 0.000000
-520.020000 221.000000 3.141593 0.000000 0.000000 0.000000 0.000000 0.000000
-520.020000 221.000000 3.141593 0.000000 0.000000 0.000000 0.000000 0.000000
-520.020000 221.000000 3.141593 0.000000 0.000000 0.000000 0.000000 0.000000
-520.020000 221.000000 3.141593 0.000000 0.000000 0.000000 0.000000 0.000000
-520.020000 221.000000 3.141593 0.000000 0.000000 0.000000 0.000000 0.000000
-520.020000 221.000000 3.141593 0.000000 0.000000 0.000000 0.000000 0.000000
-520.020000 221.000000 3.141593 0.000000 0.000000 0.000000 0.000000 0.000000
-520.020000 221.000000 3.141593 0.000000 0.000000 0.000000 0.000000 0.000000
-520.020000 221.000000 3.141593 0.000000 0.000000 0.000000 0.000000 0.000000
-520.020000 221.000000 3.141593 0.000000 0.000000 0.000000 0.000000 0.000000
-520.020000 221.000000 3.141593 0.000000 0.000000 0.000000 0.000000 0.000000
-520.020000 221.000000 3.141593 0.000000 0.000000 0.000000 0.000000 0.000000
-520.020000 221.000000 3.141593 0.000000 0.000000 0.000000 0.000000 0.000000
-520.020000 221.000000 3.141593 0.000000 0.000000 0.000000 0.000000 0.000000
-520.020000 221.000000 3.141593 0.000000 0.000000 0.000000 0.000000 0.000000
-520.020000 221.000000 3.141593 0.000000 0.000000 0.000000 0.000000 0.000000
-520.020000 221.000000 3.141593 0.000000 0.000000 0.000000 0.000000 0.000000
-520.020000 221.000000 3.141593 0.000000 0.000000 0.000000 0.000000 0.000000
-520.020000 221.000000 3.141593 0.000000 0.000000 0.000000 0.000000 0.000000
-520.020000 221.000000 3.141593 0.000000 0.000000 0.000000 0.000000 0.000000
-520.020000 221.000000 3.141593 0.000000 0.000000 0.000000 0.000000 0.000000
-520.020000 221.000000 3.141593 0.000000 0.000000 0.000000 0.000000 0.000000
-520.020000 221.000000 3.141593 0.000000 0.000000 0.000000 0.000000 0.000000
-520.020000 221.000000 3.141593 0.000000 0.000000 0.000000 0.000000 0.000000
-520.020000 221.000000 3.141593 0.000000 0.000000 0.000000 0.000000 0.000000
-520.020000 221.000000 3.141593 0.000000 0.000000 0.000000 0.000000 0.000000
-520.020000 221.000000 3.141593 0.000000 0.000000 0.000000 0.000000 0.000000
-520.020000 221.000000 3.141593 0.000000 0.000000 0.000000 0.000000 0.000000
-520.020000 221.000000 3.141593 0.000000 0.000000 0.000000 0.000000 0.000000
-520.020000 221.000000 3.141593 0.000000 0.000000 0.000000 0.000000 0.000000
-520.020000 221.000000 3.141593 0.000000 0.000000 0.000000 0.000000 0.000000
-520.020000 221.000000 3.141593 0.000000 0.000000 0.000000 0.000000 0.000000
-520.020000 221.000000 3.141593 0.000000 0.000000 0.000000 0.000000 0.000000
-520.020000 221.000000 3.141593 0.000000 0.000000 0.000000 0.000000 0.000000
-520.020000 221.000000 3.141593 0.000000 0.000000 0.000000 0.000000 0.000000
-520.020000 221.000000 3.141593 0.000000 0.000000 0.000000 0.000000 0.000000
-520.020000 221.000000 3.141593 0.000000 0.000000 0.000000 0.000000 0.000000
-520.020000 221.000000 3.141593 0.000000 0.000000 0.000000 0.000000 0.000000
-520.020000 221.000000 3.141593 0.000000 0.000000 0.000000 0.000000 0.000000
-520.020000 221.000000 3.141593 0.000000 0.000000 0.000000 0.000000 0.000000
-520.020000 221.000000 3.141593 0.000000 0.000000 0.000000 0.000000 0.000000
-520.020000 221.000000 3.141593 0.000000 0.000000 0.000000 0.000000 0.000000
-520.020000 221.000000 3.141593 0.000000 0.000000 0.000000 0.000000 0.000000
-520.020000 221.000000 3.141593 0.000000 0.000000 0.000000 0.000000 0.000000
-520.020000 221.000000 3.141593 0.000000 0.000000 0.000000 0.000000 0.000000
-520.020000 221.000000 3.141593 0.000000 0.000000 0.000000 0.000000 0.000000
-520.020000 221.000000 3.141593 0.000000 0.000000 0.000000 0.000000 0.000000
-520.020000 221.000000 3.141593 0.000000 0.000000 0.000000 0.000000 0.000000
-520.020000 221.000000 3.141593 0.000000 0.000000 0.000000 0.000000 0.000000
-520.020000 221.000000 3.141593 0.000000 0.000000 0.000000 0.000000 0.000000
-520.020000 221.000000 3.141593 0.000000 0.000000 0.000000 0.000000 0.000000
-520.020000 221.000000 3.141593 0.000000 0.000000 0.000000 0.000000 0.000000
-520.020000 221.000000 3.141593 0.000000 0.000000 0.000000 0.000000 0.000000
-520.020000 221.000000 3.141593 0.000000 0.000000 0.000000 0.000000 0.000000
-520.020000 221.000000 3.141593 0.000000 0.000000 0.000000 0.000000 0.000000
-520.020000 221.000000 3.141593 0.000000 0.000000 0.000000 0.000000 0.000000
-520.020000 221.000000 3.141593 0.000000 0.000000 0.000000 0.000000 0.000000
-520.020000 221.000000 3.141593 0.000000 0.000000 0.000000 0.000000 0.000000
-520.020000 221.000000 3.141593 0.000000 0.000000 0.000000 0.000000 0.000000
-520.020000 221.000000 3.141593 0.000000 0.000000 0.000000 0.000000 0.000000
-520.020000 221.000000 3.141593 0.000000 0.000000 0.000000 0.000000 0.000000
-520.020000 221.000000 3.141593 0.000000 0.000000 0.000000 0.000000 0.000000
-520.020000 221.000000 3.141593 0.000000 0.000000 0.000000 0.000000 0.000000
-520.020000 221.000000 3.141593 0.000000 0.000000 0.000000 0.000000 0.000000
-520.020000 221.000000 3.141593 0.000000 0.000000 0.000000 0.000000 0.000000
-520.020000 221.000000 3.141593 0.000000 0.000000 0.000000 0.000000 0.000000
-520.020000 221.000000 3.141593 0.000000 0.000000 0.000000 0.000000 0.000000
-520.020000 221.000000 3.141593 0.000000 0.000000 0.000000 0.000000 0.000000
-520.020000 221.000000 3.141593 0.000000 0.000000 0.000000 0.000000 0.000000
-520.020000 221.000000 3.141593 0.000000 0.000000 0.000000 0.000000 0.000000
-520.020000 221.000000 3.141593 0.000000 0.000000 0.000000 0.000000 0.000000
-520.020000 221.000000 3.141593 0.000000 0.000000 0.000000 0.000000 0.000000
-520.020000 221.000000 3.141593 0.000000 0.000000 0.000000 0.000000 0.000000
-520.020000 221.000000 3.141593 0.000000 0.000000 0.000000 0.000000 0.000000
-520.020000 221.000000 3.141593 0.000000 0.000000 0.000000 0.000000 0.000000
-520.020000 221.000000 3.141593 0.000000 0.000000 0.000000 0.000000 0.000000
-520.020000 221.000000 3.141593 0.000000 0.000000 0.000000 0.000000 0.000000
-520.020000 221.000000 3.141593 0.000000 0.000000 0.000000 0.000000 0.000000
-520.020000 221.000000 3.141593 0.000000 0.000000 0.000000 0.000000 0.000000
-520.020000 221.000000 3.141593 0.000000 0.000000 0.000000 0.000000 0.000000
-520.020000 221.000000 3.141593 0.000000 0.000000 0.000000 0.000000 0.000000
-520.020000 221.000000 3.141593 0.000000 0.000000 0.000000 0.000000 0.000000
-520.020000 221.000000 3.141593 0.000000 0.000000 0.000000 0.000000 0.000000
-520.020000 221.000000 3.141593 0.000000 0.000000 0.000000 0.000000 0.000000
-520.020000 221.000000 3.141593 0.000000 0.000000 0.000000 0.000000 0.000000
-520.020000 221.000000 3.141593 0.000000 0.000000 0.000000 0.000000 0.000000
-520.020000 221.000000 3.141593 0.000000 0.000000 0.000000 0.000000 0.000000
-520.020000 221.000000 3.141593 0.000000 0.000000 0.000000 0.000000 0.000000
-520.020000 221.000000 3.141593 0.000000 0.000000 0.000000 0.000000 0.000000
-520.020000 221.000000 3.141593 0.000000 0.000000 0.000000 0.000000 0.000000
-520.020000 221.000000 3.141593 0.000000 0.000000 0.000000 0.000000 0.000000
-520.020000 221.000000 3.141593 0.000000 0.000000 0.000000 0.000000 0.000000
-520.020000 221.000000 3.141593 0.000000 0.000000 0.000000 0.000000 0.000000
-520.020000 221.000000 3.141593 0.000000 0.000000 0.000000 0.000000 0.000000
-520.020000 221.000000 3.141593 0.000000 0.000000 0.000000 0.000000 0.000000
-520.020000 221.000000 3.141593 0.000000 0.000000 0.000000 0.000000 0.000000
-520.020000 221.000000 3.141593 0.000000 0.000000 0.000000 0.000000 0.000000
-520.020000 221.000000 3.141593 0.000000 0.000000 0.000000 0.000000 0.000000
-520.020000 221.000000 3.141593 0.000000 0.000000 0.000000 0.000000 0.000000
-520.020000 221.000000 3.141593 0.000000 0.000000 0.000000 0.000000 0.000000
-520.020000 221.000000 3.141593 0.000000 0.000000 0.000000 0.000000 0.000000
-520.020000 221.000000 3.141593 0.000000 0.000000 0.000000 0.000000 0.000000
-520.020000 221.000000 3.141593 0.000000 0.000000 0.000000 0.000000 0.000000
-520.020000 221.000000 3.141593 0.000000 0.000000 0.000000 0.000000 0.000000
-520.020000 221.000000 3.141593 0.000000 0.000000 0.000000 0.000000 0.000000
-520.020000 221.000000 3.141593 0.000000 0.000000 0.000000 0.000000 0.000000
-520.020000 221.000000 3.141593 0.000000 0.000000 0.000000 0.000000 0.000000
-520.020000 221.000000 3.141593 0.000000 0.000000 0.000000 0.000000 0.000000
-520.020000 221.000000 3.141593 0.000000 0.000000 0.000000 0.000000 0.000000
-520.020000 221.000000 3.141593 0.000000 0.000000 0.000000 0.000000 0.000000
-520.020000 221.000000 3.141593 0.000000 0.000000 0.000000 0.000000 0.000000
-520.020000 221.000000 3.141593 0.000000 0.000000 0.000000 0.000000 0.000000
-520.020000 221.000000 3.141593 0.000000 0.000000 0.000000 0.000000 0.000000
-520.020000 221.000000 3.141593 0.000000 0.000000 0.000000 0.000000 0.000000
-520.020000 221.000000 3.141593 0.000000 0.000000 0.000000 0.000000 0.000000
-520.020000 221.000000 3.141593 0.000000 0.000000 0.000000 0.000000 0.000000
-520.020000 221.000000 3.141593 0.000000 0.000000 0.000000 0.000000 0.000000
-520.020000 221.000000 3.141593 0.000000 0.000000 0.000000 0.000000 0.000000
-520.020000 221.000000 3.141593 0.000000 0.000000 0.000000 0.000000 0.000000
-520.020000 221.000000 3.141593 0.000000 0.000000 0.000000 0.000000 0.000000
-520.020000 221.000000 3.141593 0.000000 0.000000 0.000000 0.000000 0.000000
-520.020000 221.000000 3.141593 0.000000 0.000000 0.000000 0.000000 0.000000
-520.020000 221.000000 3.141593 0.000000 0.000000 0.000000 0.000000 0.000000
-520.020000 221.000000 3.141593 0.000000 0.000000 0.000000 0.000000 0.000000
-520.020000 221.000000 3.141593 0.000000 0.000000 0.000000 0.000000 0.000000
-520.020000 221.000000 3.141593 0.000000 0.000000 0.000000 0.000000 0.000000
-520.020000 221.000000 3.141593 0.000000 0.000000 0.000000 0.000000 0.000000
-520.020000 221.000000 3.141593 0.000000 0.000000 0.000000 0.000000 0.000000
-520.020000 221.000000 3.141593 0.000000 0.000000 0.000000 0.000000 0.000000
-520.020000 221.000000 3.141593 0.000000 0.000000 0.000000 0.000000 0.000000
-520.020000 221.000000 3.141593 0.000000 0.000000 0.000000 0.000000 0.000000
-520.020000 221.000000 3.141593 0.000000 0.000000 0.000000 0.000000 0.000000
-520.020000 221.000000 3.141593 0.000000 0.000000 0.000000 0.000000 0.000000
-520.020000 221.000000 3.141593 0.000000 0.000000 0.000000 0.000000 0.000000
-520.020000 221.000000 3.141593 0.000000 0.000000 0.000000 0.000000 0.000000
-520.020000 221.000000 3.141593 0.000000 0.000000 0.000000 0.000000 0.000000
-520.020000 221.000000 3.141593 0.000000 0.000000 0.000000 0.000000 0.000000
-520.020000 221.000000 3.141593 0.000000 0.000000 0.000000 0.000000 0.000000
-520.020000 221.000000 3.141593 0.000000 0.000000 0.000000 0.000000 0.000000
-520.020000 221.000000 3.141593 0.000000 0.000000 0.000000 0.000000 0.000000
-520.020000 221.000000 3.141593 0.000000 0.000000 0.000000 0.000000 0.000000
-520.020000 221.000000 3.141593 0.000000 0.000000 0.000000 0.000000 0.000000
-520.020000 221.000000 3.141593 0.000000 0.000000 0.000000 0.000000 0.000000
-520.020000 221.000000 3.141593 0.000000 0.000000 0.000000 0.000000 0.000000
-520.020000 221.000000 3.141593 0.000000 0.000000 0.000000 0.000000 0.000000
-520.020000 221.000000 3.141593 0.000000 0.000000 0.000000 0.000000 0.000000
-520.020000 221.000000 3.141593 0.000000 0.000000 0.000000 0.000000 0.000000
-520.020000 221.000000 3.141593 0.000000 0.000000 0.000000 0.000000 0.000000
-520.020000 221.000000 3.141593 0.000000 0.000000 0.000000 0.000000 0.000000
-520.020000 221.000000 3.141593 0.000000 0.000000 0.000000 0.000000 0.000000
-520.020000 221.000000 3.141593 0.000000 0.000000 0.000000 0.000000 0.000000
-520.020000 221.000000 3.141593 0.000000 0.000000 0.000000 0.000000 0.000000
-520.020000 221.000000 3.141593 0.000000 0.000000 0.000000 0.000000 0.000000
-520.020000 221.000000 3.141593 0.000000 0.000000 0.000000 0.000000 0.000000
-520.020000 221.000000 3.141593 0.000000 0.000000 0.000000 0.000000 0.000000
-520.020000 221.000000 3.141593 0.000000 0.000000 0.000000 0.000000 0.000000
-520.020000 221.000000 3.141593 0.000000 0.000000 0.000000 0.000000 0.000000
-520.020000 221.000000 3.141593 0.000000 0.000000 0.000000 0.000000 0.000000
-520.020000 221.000000 3.141593 0.000000 0.000000 0.000000 0.000000 0.000000
-520.020000 221.000000 3.141593 0.000000 0.000000 0.000000 0.000000 0.000000
-520.020000 221.000000 3.141593 0.000000 0.000000 0.000000 0.000000 0.000000
-520.020000 221.000000 3.141593 0.000000 0.000000 0.000000 0.000000 0.000000
-520.020000 221.000000 3.141593 0.000000 0.000000 0.000000 0.000000 0.000000
-520.020000 221.000000 3.141593 0.000000 0.000000 0.000000 0.000000 0.000000
-520.020000 221.000000 3.141593 0.000000 0.000000 0.000000 0.000000 0.000000
-520.020000 221.000000 3.141593 0.000000 0.000000 0.000000 0.000000 0.000000
-520.020000 221.000000 3.141593 0.000000 0.000000 0.000000 0.000000 0.000000
-520.020000 221.000000 3.141593 0.000000 0.000000 0.000000 0.000000 0.000000
-520.020000 221.000000 3.141593 0.000000 0.000000 0.000000 0.000000 0.000000
-520.020000 221.000000 3.141593 0.000000 0.000000 0.000000 0.000000 0.000000
-520.020000 221.000000 3.141593 0.000000 0.000000 0.000000 0.000000 0.000000
-520.020000 221.000000 3.141593 0.000000 0.000000 0.000000 0.000000 0.000000
-520.020000 221.000000 3.141593 0.000000 0.000000 0.000000 0.000000 0.000000
-520.020000 221.000000 3.141593 0.000000 0.000000 0.000000 0.000000 0.000000
-520.020000 221.000000 3.141593 0.000000 0.000000 0.000000 0.000000 0.000000
-520.020000 221.000000 3.141593 0.000000 0.000000 0.000000 0.000000 0.000000
-520.020000 221.000000 3.141593 0.000000 0.000000 0.000000 0.000000 0.000000
-520.020000 221.000000 3.141593 0.000000 0.000000 0.000000 0.000000 0.000000
-520.020000 221.000000 3.141593 0.000000 0.000000 0.000000 0.000000 0.000000
-520.020000 221.000000 3.141593 0.000000 0.000000 0.000000 0.000000 0.000000
-520.020000 221.000000 3.141593 0.000000 0.000000 0.000000 0.000000 0.000000
-520.020000 221.000000 3.141593 0.000000 0.000000 0.000000 0.000000 0.000000
-520.020000 221.000000 3.141593 0.000000 0.000000 0.000000 0.000000 0.000000
-520.020000 221.000000 3.141593 0.000000 0.000000 0.000000 0.000000 0.000000
-520.020000 221.000000 3.141593 0.000000 0.000000 0.000000 0.000000 0.000000
-520.020000 221.000000 3.141593 0.000000 0.000000 0.000000 0.000000 0.000000
-520.020000 221.000000 3.141593 0.000000 0.000000 0.000000 0.000000 0.000000
-520.020000 221.000000 3.141593 0.000000 0.000000 0.000000 0.000000 0.000000
-520.020000 221.000000 3.141593 0.000000 0.000000 0.000000 0.000000 0.000000
-520.020000 221.000000 3.141593 0.000000 0.000000 0.000000 0.000000 0.000000
-520.020000 221.000000 3.141593 0.000000 0.000000 0.000000 0.000000 0.000000
-520.020000 221.000000 3.141593 0.000000 0.000000 0.000000 0.000000 0.000000
-520.020000 221.000000 3.141593 0.000000 0.000000 0.000000 0.000000 0.000000
-520.020000 221.000000 3.141593 0.000000 0.000000 0.000000 0.000000 0.000000
-520.020000 221.000000 3.141593 0.000000 0.000000 0.000000 0.000000 0.000000
-520.020000 221.000000 3.141593 0.000000 0.000000 0.000000 0.000000 0.000000
-520.020000 221.000000 3.141593 0.000000 0.000000 0.000000 0.000000 0.000000
-520.020000 221.000000 3.141593 0.000000 0.000000 0.000000 0.000000 0.000000
-520.020000 221.000000 3.141593 0.000000 0.000000 0.000000 0.000000 0.000000
-520.020000 221.000000 3.141593 0.000000 0.000000 0.000000 0.000000 0.000000
-520.020000 221.000000 3.141593 0.000000 0.000000 0.000000 0.000000 0.000000
-520.020000 221.000000 3.141593 0.000000 0.000000 0.000000 0.000000 0.000000
-520.020000 221.000000 3.141593 0.000000 0.000000 0.000000 0.000000 0.000000
-520.020000 221.000000 3.141593 0.000000 0.000000 0.000000 0.000000 0.000000
-520.020000 221.000000 3.141593 0.000000 0.000000 0.000000 0.000000 0.000000
-520.020000 221.000000 3.141593 0.000000 0.000000 0.000000 0.000000 0.000000
-520.020000 221.000000 3.141593 0.000000 0.000000 0.000000 0.000000 0.000000
-520.020000 221.000000 3.141593 0.000000 0.000000 0.000000 0.000000 0.000000
-520.020000 221.000000 3.141593 0.000000 0.000000 0.000000 0.000000 0.000000
-520.020000 221.000000 3.141593 0.000000 0.000000 0.000000 0.000000 0.000000
-520.020000 221.000000 3.141593 0.000000 0.000000 0.000000 0.000000 0.000000
-520.020000 221.000000 3.141593 0.000000 0.000000 0.000000 0.000000 0.000000
-520.020000 221.000000 3.141593 0.000000 0.000000 0.000000 0.000000 0.000000
-520.020000 221.000000 3.141593 0.000000 0.000000 0.000000 0.000000 0.000000
-520.020000 221.000000 3.141593 0.000000 0.000000 0.000000 0.000000 0.000000
-520.020000 221.000000 3.141593 0.000000 0.000000 0.000000 0.000000 0.000000
-520.020000 221.000000 3.141593 0.000000 0.000000 0.000000 0.000000 0.000000
-520.020000 221.000000 3.141593 0.000000 0.000000 0.000000 0.000000 0.000000
-520.020000 221.000000 3.141593 0.000000 0.000000 0.000000 0.000000 0.000000
-520.020000 221.000000 3.141593 0.000000 0.000000 0.000000 0.000000 0.000000
-520.020000 221.000000 3.141593 0.000000 0.000000 0.000000 0.000000 0.000000
-520.020000 221.000000 3.141593 0.000000 0.000000 0.000000 0.000000 0.000000
-520.020000 221.000000 3.141593 0.000000 0.000000 0.000000 0.000000 0.000000
-520.020000 221.000000 3.141593 0.000000 0.000000 0.000000 0.000000 0.000000
-520.020000 221.000000 3.141593 0.000000 0.000000 0.000000 0.000000 0.000000
-520.020000 221.000000 3.141593 0.000000 0.000000 0.000000 0.000000 0.000000
-520.020000 221.000000 3.141593 0.000000 0.000000 0.000000 0.000000 0.000000
-520.020000 221.000000 3.141593 0.000000 0.000000 0.000000 0.000000 0.000000
-520.020000 221.000000 3.141593 0.000000 0.000000 0.000000 0.000000 0.000000
-520.020000 221.000000 3.141593 0.000000 0.000000 0.000000 0.000000 0.000000
-520.020000 221.000000 3.141593 0.000000 0.000000 0.000000 0.000000 0.000000
-520.020000 221.000000 3.141593 0.000000 0.000000 0.000000 0.000000 0.000000
-520.020000 221.000000 3.141593 0.000000 0.000000 0.000000 0.000000 0.000000
-520.020000 221.000000 3.141593 0.000000 0.000000 0.000000 0.000000 0.000000
-520.020000 221.000000 3.141593 0.000000 0.000000 0.000000 0.000000 0.000000
-520.020000 221.000000 3.141593 0.000000 0.000000 0.000000 0.000000 0.000000
-520.020000 221.000000 3.141593 0.000000 0.000000 0.000000 0.000000 0.000000
-520.020000 221.000000 3.141593 0.000000 0.000000 0.000000 0.000000 0.000000
-520.020000 221.000000 3.141593 0.000000 0.000000 0.000000 0.000000 0.000000
-520.020000 221.000000 3.141593 0.000000 0.000000 0.000000 0.000000 0.000000
-520.020000 221.000000 3.141593 0.000000 0.000000 0.000000 0.000000 0.000000
-520.020000 221.000000 3.141593 0.000000 0.000000 0.000000 0.000000 0.000000
-520.020000 221.000000 3.141593 0.000000 0.000000 0.000000 0.000000 0.000000
-520.020000 221.000000 3.141593 0.000000 0.000000 0.000000 0.000000 0.000000
-520.020000 221.000000 3.141593 0.000000 0.000000 0.000000 0.000000 0.000000
-520.020000 221.000000 3.141593 0.000000 0.000000 0.000000 0.000000 0.000000
-520.020000 221.000000 3.141593 0.000000 0.000000 0.000000 0.000000 0.000000
-520.020000 221.000000 3.141593 0.000000 0.000000 0.000000 0.000000 0.000000
-520.020000 221.000000 3.141593 0.000000 0.000000 0.000000 0.000000 0.000000
-520.020000 221.000000 3.141593 0.000000 0.000000 0.000000 0.000000 0.000000
-520.020000 221.000000 3.141593 0.000000 0.000000 0.000000 0.000000 0.000000
-520.020000 221.000000 3.141593 0.000000 0.000000 0.000000 0.000000 0.000000
-520.020000 221.000000 3.141593 0.000000 0.000000 0.000000 0.000000 0.000000
-520.020000 221.000000 3.141593 0.000000 0.000000 0.000000 0.000000 0.000000
-520.020000 221.000000 3.141593 0.000000 0.000000 0.000000 0.000000 0.000000
-520.020000 221.000000 3.141593 0.000000 0.000000 0.000000 0.000000 0.000000
-520.020000 221.000000 3.141593 0.000000 0.000000 0.000000 0.000000 0.000000
-520.020000 221.000000 3.141593 0.000000 0.000000 0.000000 0.000000 0.000000
-520.020000 221.000000 3.141593 0.000000 0.000000 0.000000 0.000000 0.000000
-520.020000 221.000000 3.141593 0.000000 0.000000 0.000000 0.000000 0.000000
-520.020000 221.000000 3.141593 0.000000 0.000000 0.000000 0.000000 0.000000
-520.020000 221.000000 3.141593 0.000000 0.000000 0.000000 0.000000 0.000000
-520.020000 221.000000 3.141593 0.000000 0.000000 0.000000 0.000000 0.000000
-520.020000 221.000000 3.141593 0.000000 0.000000 0.000000 0.000000 0.000000
-520.020000 221.000000 3.141593 0.000000 0.000000 0.000000 0.000000 0.000000
-520.020000 221.000000 3.141593 0.000000 0.000000 0.000000 0.000000 0.000000
-520.020000 221.000000 3.141593 0.000000 0.000000 0.000000 0.000000 0.000000
-520.020000 221.000000 3.141593 0.000000 0.000000 0.000000 0.000000 0.000000
-520.020000 221.000000 3.141593 0.000000 0.000000 0.000000 0.000000 0.000000
-520.020000 221.000000 3.141593 0.000000 0.000000 0.000000 0.000000 0.000000
-520.020000 221.000000 3.141593 0.000000 0.000000 0.000000 0.000000 0.000000
-520.020000 221.000000 3.141593 0.000000 0.000000 0.000000 0.000000 0.000000
-520.020000 221.000000 3.141593 0.000000 0.000000 0.000000 0.000000 0.000000
-520.020000 221.000000 3.141593 0.000000 0.000000 0.000000 0.000000 0.000000
-520.020000 221.000000 3.141593 0.000000 0.000000 0.000000 0.000000 0.000000
-520.020000 221.000000 3.141593 0.000000 0.000000 0.000000 0.000000 0.000000
-520.020000 221.000000 3.141593 0.000000 0.000000 0.000000 0.000000 0.000000
-520.020000 221.000000 3.141593 0.000000 0.000000 0.000000 0.000000 0.000000
-520.020000 221.000000 3.141593 0.000000 0.000000 0.000000 0.000000 0.000000
-520.020000 221.000000 3.141593 0.000000 0.000000 0.000000 0.000000 0.000000
-520.020000 221.000000 3.141593 0.000000 0.000000 0.000000 0.000000 0.000000
-520.020000 221.000000 3.141593 0.000000 0.000000 0.000000 0.000000 0.000000
-520.020000 221.000000 3.141593 0.000000 0.000000 0.000000 0.000000 0.000000
-520.020000 221.000000 3.141593 0.000000 0.000000 0.000000 0.000000 0.000000
-520.020000 221.000000 3.141593 0.000000 0.000000 0.000000 0.000000 0.000000
-520.020000 221.000000 3.141593 0.000000 0.000000 0.000000 0.000000 0.000000
-520.020000 221.000000 3.141593 0.000000 0.000000 0.000000 0.000000 0.000000
-520.020000 221.000000 3.141593 0.000000 0.000000 0.000000 0.000000 0.000000
-520.020000 221.000000 3.141593 0.000000 0.000000 0.000000 0.000000 0.000000
-520.020000 221.000000 3.141593 0.000000 0.000000 0.000000 0.000000 0.000000
-520.020000 221.000000 3.141593 0.000000 0.000000 0.000000 0.000000 0.000000
-520.020000 221.000000 3.141593 0.000000 0.000000 0.000000 0.000000 0.000000
-520.020000 221.000000 3.141593 0.000000 0.000000 0.000000 0.000000 0.000000
-520.020000 221.000000 3.141593 0.000000 0.000000 0.000000 0.000000 0.000000
-520.020000 221.000000 3.141593 0.000000 0.000000 0.000000 0.000000 0.000000
-520.020000 221.000000 3.141593 0.000000 0.000000 0.000000 0.000000 0.000000
-520.020000 221.000000 3.141593 0.000000 0.000000 0.000000 0.000000 0.000000
-520.020000 221.000000 3.141593 0.000000 0.000000 0.000000 0.000000 0.000000
-520.020000 221.000000 3.141593 0.000000 0.000000 0.000000 0.000000 0.000000
-520.020000 221.000000 3.141593 0.000000 0.000000 0.000000 0.000000 0.000000
-520.020000 221.000000 3.141593 0.000000 0.000000 0.000000 0.000000 0.000000
-520.020000 221.000000 3.141593 0.000000 0.000000 0.000000 0.000000 0.000000
-520.020000 221.000000 3.141593 0.000000 0.000000 0.000000 0.000000 0.000000
-520.020000 221.000000 3.141593 0.000000 0.000000 0.000000 0.000000 0.000000
-520.020000 221.000000 3.141593 0.000000 0.000000 0.000000 0.000000 0.000000
-520.020000 221.000000 3.141593 0.000000 0.000000 0.000000 0.000000 0.000000
-520.020000 221.000000 3.141593 0.000000 0.000000 0.000000 0.000000 0.000000
-520.020000 221.000000 3.141593 0.000000 0.000000 0.000000 0.000000 0.000000
-520.020000 221.000000 3.141593 0.000000 0.000000 0.000000 0.000000 0.000000
-520.020000 221.000000 3.141593 0.000000 0.000000 0.000000 0.000000 0.000000
-520.020000 221.000000 3.141593 0.000000 0.000000 0.000000 0.000000 0.000000
-520.020000 221.000000 3.141593 0.000000 0.000000 0.000000 0.000000 0.000000
-520.020000 221.000000 3.141593 0.000000 0.000000 0.000000 0.000000 0.000000
-520.020000 221.000000 3.141593 0.000000 0.000000 0.000000 0.000000 0.000000
-520.020000 221.000000 3.141593 0.000000 0.000000 0.000000 0.000000 0.000000
-520.020000 221.000000 3.141593 0.000000 0.000000 0.000000 0.000000 0.000000
-520.020000 221.000000 3.141593 0.000000 0.000000 0.000000 0.000000 0.000000
-520.020000 221.000000 3.141593 0.000000 0.000000 0.000000 0.000000 0.000000
-520.020000 221.000000 3.141593 0.000000 0.000000 0.000000 0.000000 0.000000
-520.020000 221.000000 3.141593 0.000000 0.000000 0.000000 0.000000 0.000000
-520.020000 221.000000 3.141593 0.000000 0.000000 0.000000 0.000000 0.000000
-520.020000 221.000000 3.141593 0.000000 0.000000 0.000000 0.000000 0.000000
-520.020000 221.000000 3.141593 0.000000 0.000000 0.000000 0.000000 0.000000
-520.020000 221.000000 3.141593 0.000000 0.000000 0.000000 0.000000 0.000000
-520.020000 221.000000 3.141593 0.000000 0.000000 0.000000 0.000000 0.000000
-520.020000 221.000000 3.141593 0.000000 0.000000 0.000000 0.000000 0.000000
-520.020000 221.000000 3.141593 0.000000 0.000000 0.000000 0.000000 0.000000
-520.020000 221.000000 3.141593 0.000000 0.000000 0.000000 0.000000 0.000000
-520.020000 221.000000 3.141593 0.000000 0.000000 0.000000 0.000000 0.000000
-520.020000 221.000000 3.141593 0.000000 0.000000 0.000000 0.000000 0.000000
-520.020000 221.000000 3.141593 0.000000 0.000000 0.000000 0.000000 0.000000
-520.020000 221.000000 3.141593 0.000000 0.000000 0.000000 0.000000 0.000000
-520.020000 221.000000 3.141593 0.000000 0.000000 0.000000 0.000000 0.000000
-520.020000 221.000000 3.141593 0.000000 0.000000 0.000000 0.000000 0.000000
-520.020000 221.000000 3.141593 0.000000 0.000000 0.000000 0.000000 0.000000
-520.020000 221.000000 3.141593 0.000000 0.000000 0.000000 0.000000 0.000000
-520.020000 221.000000 3.141593 0.000000 0.000000 0.000000 0.000000 0.000000
-520.020000 221.000000 3.141593 0.000000 0.000000 0.000000 0.000000 0.000000
-520.020000 221.000000 3.141593 0.000000 0.000000 0.000000 0.000000 0.000000
-520.020000 221.000000 3.141593 0.000000 0.000000 0.000000 0.000000 0.000000
-520.020000 221.000000 3.141593 0.000000 0.000000 0.000000 0.000000 0.000000
-520.020000 221.000000 3.141593 0.000000 0.000000 0.000000 0.000000 0.000000
-520.020000 221.000000 3.141593 0.000000 0.000000 0.000000 0.000000 0.000000
-520.020000 221.000000 3.141593 0.000000 0.000000 0.000000 0.000000 0.000000
-520.020000 221.000000 3.141593 0.000000 0.000000 0.000000 0.000000 0.000000
-520.020000 221.000000 3.141593 0.000000 0.000000 0.000000 0.000000 0.000000
-520.020000 221.000000 3.141593 0.000000 0.000000 0.000000 0.000000 0.000000
-520.020000 221.000000 3.141593 0.000000 0.000000 0.000000 0.000000 0.000000
-520.020000 221.000000 3.141593 0.000000 0.000000 0.000000 0.000000 0.000000
-520.020000 221.000000 3.141593 0.000000 0.000000 0.000000 0.000000 0.000000
-520.020000 221.000000 3.141593 0.000000 0.000000 0.000000 0.000000 0.000000
-520.020000 221.000000 3.141593 0.000000 0.000000 0.000000 0.000000 0.000000
-520.020000 221.000000 3.141593 0.000000 0.000000 0.000000 0.000000 0.000000
-520.020000 221.000000 3.141593 0.000000 0.000000 0.000000 0.000000 0.000000
-520.020000 221.000000 3.141593 0.000000 0.000000 0.000000 0.000000 0.000000
-520.020000 221.000000 3.141593 0.000000 0.000000 0.000000 0.000000 0.000000
-520.020000 221.000000 3.141593 0.000000 0.000000 0.000000 0.000000 0.000000
-520.020000 221.000000 3.141593 0.000000 0.000000 0.000000 0.000000 0.000000
-520.020000 221.000000 3.141593 0.000000 0.000000 0.000000 0.000000 0.000000
-520.020000 221.000000 3.141593 0.000000 0.000000 0.000000 0.000000 0.000000
-520.020000 221.000000 3.141593 0.000000 0.000000 0.000000 0.000000 0.000000
-520.020000 221.000000 3.141593 0.000000 0.000000 0.000000 0.000000 0.000000
-520.020000 221.000000 3.141593 0.000000 0.000000 0.000000 0.000000 0.000000
-520.020000 221.000000 3.141593 0.000000 0.000000 0.000000 0.000000 0.000000
-520.020000 221.000000 3.141593 0.000000 0.000000 0.000000 0.000000 0.000000
-520.020000 221.000000 3.141593 0.000000 0.000000 0.000000 0.000000 0.000000
-520.020000 221.000000 3.141593 0.000000 0.000000 0.000000 0.000000 0.000000
-520.020000 221.000000 3.141593 0.000000 0.000000 0.000000 0.000000 0.000000
-520.020000 221.000000 3.141593 0.000000 0.000000 0.000000 0.000000 0.000000
-520.020000 221.000000 3.141593 0.000000 0.000000 0.000000 0.000000 0.000000
-520.020000 221.000000 3.141593 0.000000 0.000000 0.000000 0.000000 0.000000
-520.020000 221.000000 3.141593 0.000000 0.000000 0.000000 0.000000 0.000000
-520.020000 221.000000 3.141593 0.000000 0.000000 0.000000 0.000000 0.000000
-520.020000 221.000000 3.141593 0.000000 0.000000 0.000000 0.000000 0.000000
-520.020000 221.000000 3.141593 0.000000 0.000000 0.000000 0.000000 0.000000
-520.020000 221.000000 3.141593 0.000000 0.000000 0.000000 0.000000 0.000000
-520.020000 221.000000 3.141593 0.000000 0.000000 0.000000 0.000000 0.000000
-520.020000 221.000000 3.141593 0.000000 0.000000 0.000000 0.000000 0.000000
-520.020000 221.000000 3.141593 0.000000 0.000000 0.000000 0.000000 0.000000
-520.020000 221.000000 3.141593 0.000000 0.000000 0.000000 0.000000 0.000000
-520.020000 221.000000 3.141593 0.000000 0.000000 0.000000 0.000000 0.000000
-520.020000 221.000000 3.141593 0.000000 0.000000 0.000000 0.000000 0.000000
-520.020000 221.000000 3.141593 0.000000 0.000000 0.000000 0.000000 0.000000
-520.020000 221.000000 3.141593 0.000000 0.000000 0.000000 0.000000 0.000000
-520.020000 221.000000 3.141593 0.000000 0.000000 0.000000 0.000000 0.000000
-520.020000 221.000000 3.141593 0.000000 0.000000 0.000000 0.000000 0.000000
-520.020000 221.000000 3.141593 0.000000 0.000000 0.000000 0.000000 0.000000
-520.020000 221.000000 3.141593 0.000000 0.000000 0.000000 0.000000 0.000000
-520.020000 221.000000 3.141593 0.000000 0.000000 0.000000 0.000000 0.000000
-520.020000 221.000000 3.141593 0.000000 0.000000 0.000000 0.000000 0.000000
-520.020000 221.000000 3.141593 0.000000 0.000000 0.000000 0.000000 0.000000
-520.020000 221.000000 3.141593 0.000000 0.000000 0.000000 0.000000 0.000000
-520.020000 221.000000 3.141593 0.000000 0.000000 0.000000 0.000000 0.000000
-520.020000 221.000000 3.141593 0.000000 0.000000 0.000000 0.000000 0.000000
-520.020000 221.000000 3.141593 0.000000 0.000000 0.000000 0.000000 0.000000
-520.020000 221.000000 3.141593 0.000000 0.000000 0.000000 0.000000 0.000000
-520.020000 221.000000 3.141593 0.000000 0.000000 0.000000 0.000000 0.000000
-520.020000 221.000000 3.141593 0.000000 0.000000 0.000000 0.000000 0.000000
-520.020000 221.000000 3.141593 0.000000 0.000000 0.000000 0.000000 0.000000
-520.020000 221.000000 3.141593 0.000000 0.000000 0.000000 0.000000 0.000000
-520.020000 221.000000 3.141593 0.000000 0.000000 0.000000 0.000000 0.000000
-520.020000 221.000000 3.141593 0.000000 0.000000 0.000000 0.000000 0.000000
-520.020000 221.000000 3.141593 0.000000 0.000000 0.000000 0.000000 0.000000
-520.020000 221.000000 3.141593 0.000000 0.000000 0.000000 0.000000 0.000000
-520.020000 221.000000 3.141593 0.000000 0.000000 0.000000 0.000000 0.000000
-520.020000 221.000000 3.141593 0.000000 0.000000 0.000000 0.000000 0.000000
-520.020000 221.000000 3.141593 0.000000 0.000000 0.000000 0.000000 0.000000
-520.020000 221.000000 3.141593 0.000000 0.000000 0.000000 0.000000 0.000000
-520.020000 221.000000 3.141593 0.000000 0.000000 0.000000 0.000000 0.000000
-520.020000 221.000000 3.141593 0.000000 0.000000 0.000000 0.000000 0.000000
-520.020000 221.000000 3.141593 0.000000 0.000000 0.000000 0.000000 0.000000
-520.020000 221.000000 3.141593 0.000000 0.000000 0.000000 0.000000 0.000000
-520.020000 221.000000 3.141593 0.000000 0.000000 0.000000 0.000000 0.000000
-520.020000 221.000000 3.141593 0.000000 0.000000 0.000000 0.000000 0.000000
-520.020000 221.000000 3.141593 0.000000 0.000000 0.000000 0.000000 0.000000
-520.020000 221.000000 3.141593 0.000000 0.000000 0.000000 0.000000 0.000000
-520.020000 221.000000 3.141593 0.000000 0.000000 0.000000 0.000000 0.000000
-520.020000 221.000000 3.141593 0.000000 0.000000 0.000000 0.000000 0.000000
-520.020000 221.000000 3.141593 0.000000 0.000000 0.000000 0.000000 0.000000
-520.020000 221.000000 3.141593 0.000000 0.000000 0.000000 0.000000 0.000000
-520.020000 221.000000 3.141593 0.000000 0.000000 0.000000 0.000000 0.000000
-520.020000 221.000000 3.141593 0.000000 0.000000 0.000000 0.000000 0.000000
-520.020000 221.000000 3.141593 0.000000 0.000000 0.000000 0.000000 0.000000
-520.020000 221.000000 3.141593 0.000000 0.000000 0.000000 0.000000 0.000000
-520.020000 221.000000 3.141593 0.000000 0.000000 0.000000 0.000000 0.000000
-520.020000 221.000000 3.141593 0.000000 0.000000 0.000000 0.000000 0.000000
-520.020000 221.000000 3.141593 0.000000 0.000000 0.000000 0.000000 0.000000
-520.020000 221.000000 3.141593 0.000000 0.000000 0.000000 0.000000 0.000000
-520.020000 221.000000 3.141593 0.000000 0.000000 0.000000 0.000000 0.000000
-520.020000 221.000000 3.141593 0.000000 0.000000 0.000000 0.000000 0.000000
-520.020000 221.000000 3.141593 0.000000 0.000000 0.000000 0.000000 0.000000
-520.020000 221.000000 3.141593 0.000000 0.000000 0.000000 0.000000 0.000000
-520.020000 221.000000 3.141593 0.000000 0.000000 0.000000 0.000000 0.000000
-520.020000 221.000000 3.141593 0.000000 0.000000 0.000000 0.000000 0.000000
-520.020000 221.000000 3.141593 0.000000 0.000000 0.000000 0.000000 0.000000
-520.020000 221.000000 3.141593 0.000000 0.000000 0.000000 0.000000 0.000000
-520.020000 221.000000 3.141593 0.000000 0.000000 0.000000 0.000000 0.000000
-520.020000 221.000000 3.141593 0.000000 0.000000 0.000000 0.000000 0.000000
-520.020000 221.000000 3.141593 0.000000 0.000000 0.000000 0.000000 0.000000
-520.020000 221.000000 3.141593 0.000000 0.000000 0.000000 0.000000 0.000000
-520.020000 221.000000 3.141593 0.000000 0.000000 0.000000 0.000000 0.000000
-520.020000 221.000000 3.141593 0.000000 0.000000 0.000000 0.000000 0.000000
-520.020000 221.000000 3.141593 0.000000 0.000000 0.000000 0.000000 0.000000
-520.020000 221.000000 3.141593 0.000000 0.000000 0.000000 0.000000 0.000000
-520.020000 221.000000 3.141593 0.000000 0.000000 0.000000 0.000000 0.000000
-520.020000 221.000000 3.141593 0.000000 0.000000 0.000000 0.000000 0.000000
-520.020000 221.000000 3.141593 0.000000 0.000000 0.000000 0.000000 0.000000
-520.020000 221.000000 3.141593 0.000000 0.000000 0.000000 0.000000 0.000000
-520.020000 221.000000 3.141593 0.000000 0.000000 0.000000 0.000000 0.000000
-520.020000 221.000000 3.141593 0.000000 0.000000 0.000000 0.000000 0.000000
-520.020000 221.000000 3.141593 0.000000 0.000000 0.000000 0.000000 0.000000
-520.020000 221.000000 3.141593 0.000000 0.000000 0.000000 0.000000 0.000000
-520.020000 221.000000 3.141593 0.000000 0.000000 0.000000 0.000000 0.000000
-520.020000 221.000000 3.141593 0.000000 0.000000 0.000000 0.000000 0.000000
-520.020000 221.000000 3.141593 0.000000 0.000000 0.000000 0.000000 0.000000
-520.020000 221.000000 3.141593 0.000000 0.000000 0.000000 0.000000 0.000000
-520.020000 221.000000 3.141593 0.000000 0.000000 0.000000 0.000000 0.000000
-520.020000 221.000000 3.141593 0.000000 0.000000 0.000000 0.000000 0.000000
-520.020000 221.000000 3.141593 0.000000 0.000000 0.000000 0.000000 0.000000
-520.020000 221.000000 3.141593 0.000000 0.000000 0.000000 0.000000 0.000000
-520.020000 221.000000 3.141593 0.000000 0.000000 0.000000 0.000000 0.000000
-520.020000 221.000000 3.141593 0.000000 0.000000 0.000000 0.000000 0.000000
-520.020000 221.000000 3.141593 0.000000 0.000000 0.000000 0.000000 0.000000
-520.020000 221.000000 3.141593 0.000000 0.000000 0.000000 0.000000 0.000000
-520.020000 221.000000 3.141593 0.000000 0.000000 0.000000 0.000000 0.000000
-520.020000 221.000000 3.141593 0.000000 0.000000 0.000000 0.000000 0.000000
-520.020000 221.000000 3.141593 0.000000 0.000000 0.000000 0.000000 0.000000
-520.020000 221.000000 3.141593 0.000000 0.000000 0.000000 0.000000 0.000000
-520.020000 221.000000 3.141593 0.000000 0.000000 0.000000 0.000000 0.000000
-520.020000 221.000000 3.141593 0.000000 0.000000 0.000000 0.000000 0.000000
-520.020000 221.000000 3.141593 0.000000 0.000000 0.000000 0.000000 0.000000
-520.020000 221.000000 3.141593 0.000000 0.000000 0.000000 0.000000 0.000000
-520.020000 221.000000 3.141593 0.000000 0.000000 0.000000 0.000000 0.000000
-520.020000 221.000000 3.141593 0.000000 0.000000 0.000000 0.000000 0.000000
-520.020000 221.000000 3.141593 0.000000 0.000000 0.000000 0.000000 0.000000
-520.020000 221.000000 3.141593 0.000000 0.000000 0.000000 0.000000 0.000000
-520.020000 221.000000 3.141593 0.000000 0.000000 0.000000 0.000000 0.000000
-520.020000 221.000000 3.141593 0.000000 0.000000 0.000000 0.000000 0.000000
-520.020000 221.000000 3.141593 0.000000 0.000000 0.000000 0.000000 0.000000
-520.020000 221.000000 3.141593 0.000000 0.000000 0.000000 0.000000 0.000000
-520.020000 221.000000 3.141593 0.000000 0.000000 0.000000 0.000000 0.000000
-520.020000 221.000000 3.141593 0.000000 0.000000 0.000000 0.000000 0.000000
-520.020000 221.000000 3.141593 0.000000 0.000000 0.000000 0.000000 0.000000
-520.020000 221.000000 3.141593 0.000000 0.000000 0.000000 0.000000 0.000000
-520.020000 221.000000 3.141593 0.000000 0.000000 0.000000 0.000000 0.000000
-520.020000 221.000000 3.141593 0.000000 0.000000 0.000000 0.000000 0.000000
-520.020000 221.000000 3.141593 0.000000 0.000000 0.000000 0.000000 0.000000
-520.020000 221.000000 3.141593 0.000000 0.000000 0.000000 0.000000 0.000000
-520.020000 221.000000 3.141593 0.000000 0.000000 0.000000 0.000000 0.000000
-520.020000 221.000000 3.141593 0.000000 0.000000 0.000000 0.000000 0.000000
-520.020000 221.000000 3.141593 0.000000 0.000000 0.000000 0.000000 0.000000
-520.020000 221.000000 3.141593 0.000000 0.000000 0.000000 0.000000 0.000000
-520.020000 221.000000 3.141593 0.000000 0.000000 0.000000 0.000000 0.000000
-520.020000 221.000000 3.141593 0.000000 0.000000 0.000000 0.000000 0.000000
-520.020000 221.000000 3.141593 0.000000 0.000000 0.000000 0.000000 0.000000
-520.020000 221.000000 3.141593 0.000000 0.000000 0.000000 0.000000 0.000000
-520.020000 221.000000 3.141593 0.000000 0.000000 0.000000 0.000000 0.000000
-520.020000 221.000000 3.141593 0.000000 0.000000 0.000000 0.000000 0.000000
-520.020000 221.000000 3.141593 0.000000 0.000000 0.000000 0.000000 0.000000
-520.020000 221.000000 3.141593 0.000000 0.000000 0.000000 0.000000 0.000000
-520.020000 221.000000 3.141593 0.000000 0.000000 0.000000 0.000000 0.000000
-520.020000 221.000000 3.141593 0.000000 0.000000 0.000000 0.000000 0.000000
-520.020000 221.000000 3.141593 0.000000 0.000000 0.000000 0.000000 0.000000
-520.020000 221.000000 3.141593 0.000000 0.000000 0.000000 0.000000 0.000000
-520.020000 221.000000 3.141593 0.000000 0.000000 0.000000 0.000000 0.000000
-520.020000 221.000000 3.141593 0.000000 0.000000 0.000000 0.000000 0.000000
-520.020000 221.000000 3.141593 0.000000 0.000000 0.000000 0.000000 0.000000
-520.020000 221.000000 3.141593 0.000000 0.000000 0.000000 0.000000 0.000000
-520.020000 221.000000 3.141593 0.000000 0.000000 0.000000 0.000000 0.000000
-520.020000 221.000000 3.141593 0.000000 0.000000 0.000000 0.000000 0.000000
-520.020000 221.000000 3.141593 0.000000 0.000000 0.000000 0.000000 0.000000
-520.020000 221.000000 3.141593 0.000000 0.000000 0.000000 0.000000 0.000000
-520.020000 221.000000 3.141593 0.000000 0.000000 0.000000 0.000000 0.000000
-520.020000 221.000000 3.141593 0.000000 0.000000 0.000000 0.000000 0.000000
-520.020000 221.000000 3.141593 0.000000 0.000000 0.000000 0.000000 0.000000
-520.020000 221.000000 3.141593 0.000000 0.000000 0.000000 0.000000 0.000000
-520.020000 221.000000 3.141593 0.000000 0.000000 0.000000 0.000000 0.000000
-520.020000 221.000000 3.141593 0.000000 0.000000 0.000000 0.000000 0.000000
-520.020000 221.000000 3.141593 0.000000 0.000000 0.000000 0.000000 0.000000
-520.020000 221.000000 3.141593 0.000000 0.000000 0.000000 0.000000 0.000000
-520.020000 221.000000 3.141593 0.000000 0.000000 0.000000 0.000000 0.000000
-520.020000 221.000000 3.141593 0.000000 0.000000 0.000000 0.000000 0.000000
-520.020000 221.000000 3.141593 0.000000 0.000000 0.000000 0.000000 0.000000
-520.020000 221.000000 3.141593 0.000000 0.000000 0.000000 0.000000 0.000000
-520.020000 221.000000 3.141593 0.000000 0.000000 0.000000 0.000000 0.000000
-520.020000 221.000000 3.141593 0.000000 0.000000 0.000000 0.000000 0.000000
-520.020000 221.000000 3.141593 0.000000 0.000000 0.000000 0.000000 0.000000
-520.020000 221.000000 3.141593 0.000000 0.000000 0.000000 0.000000 0.000000
-520.020000 221.000000 3.141593 0.000000 0.000000 0.000000 0.000000 0.000000
-520.020000 221.000000 3.141593 0.000000 0.000000 0.000000 0.000000 0.000000
-520.020000 221.000000 3.141593 0.000000 0.000000 0.000000 0.000000 0.000000
-520.020000 221.000000 3.141593 0.000000 0.000000 0.000000 0.000000 0.000000
-520.020000 221.000000 3.141593 0.000000 0.000000 0.000000 0.000000 0.000000
-520.020000 221.000000 3.141593 0.000000 0.000000 0.000000 0.000000 0.000000
-520.020000 221.000000 3.141593 0.000000 0.000000 0.000000 0.000000 0.000000
-520.020000 221.000000 3.141593 0.000000 0.000000 0.000000 0.000000 0.000000
-520.020000 221.000000 3.141593 0.000000 0.000000 0.000000 0.000000 0.000000
-520.020000 221.000000 3.141593 0.000000 0.000000 0.000000 0.000000 0.000000
-520.020000 221.000000 3.141593 0.000000 0.000000 0.000000 0.000000 0.000000
-520.020000 221.000000 3.141593 0.000000 0.000000 0.000000 0.000000 0.000000
-520.020000 221.000000 3.141593 0.000000 0.000000 0.000000 0.000000 0.000000
-520.020000 221.000000 3.141593 0.000000 0.000000 0.000000 0.000000 0.000000
-520.020000 221.000000 3.141593 0.000000 0.000000 0.000000 0.000000 0.000000
-520.020000 221.000000 3.141593 0.000000 0.000000 0.000000 0.000000 0.000000
-520.020000 221.000000 3.141593 0.000000 0.000000 0.000000 0.000000 0.000000
-520.020000 221.000000 3.141593 0.000000 0.000000 0.000000 0.000000 0.000000
-520.020000 221.000000 3.141593 0.000000 0.000000 0.000000 0.000000 0.000000
-520.020000 221.000000 3.141593 0.000000 0.000000 0.000000 0.000000 0.000000
-520.020000 221.000000 3.141593 0.000000 0.000000 0.000000 0.000000 0.000000
-520.020000 221.000000 3.141593 0.000000 0.000000 0.000000 0.000000 0.000000
-520.020000 221.000000 3.141593 0.000000 0.000000 0.000000 0.000000 0.000000
-520.020000 221.000000 3.141593 0.000000 0.000000 0.000000 0.000000 0.000000
-520.020000 221.000000 3.141593 0.000000 0.000000 0.000000 0.000000 0.000000
-520.020000 221.000000 3.141593 0.000000 0.000000 0.000000 0.000000 0.000000
-520.020000 221.000000 3.141593 0.000000 0.000000 0.000000 0.000000 0.000000
-520.020000 221.000000 3.141593 0.000000 0.000000 0.000000 0.000000 0.000000
-520.020000 221.000000 3.141593 0.000000 0.000000 0.000000 0.000000 0.000000
-520.020000 221.000000 3.141593 0.000000 0.000000 0.000000 0.000000 0.000000
-520.020000 221.000000 3.141593 0.000000 0.000000 0.000000 0.000000 0.000000
-520.020000 221.000000 3.141593 0.000000 0.000000 0.000000 0.000000 0.000000
-520.020000 221.000000 3.141593 0.000000 0.000000 0.000000 0.000000 0.000000
-520.020000 221.000000 3.141593 0.000000 0.000000 0.000000 0.000000 0.000000
-520.020000 221.000000 3.141593 0.000000 0.000000 0.000000 0.000000 0.000000
-520.020000 221.000000 3.141593 0.000000 0.000000 0.000000 0.000000 0.000000
-520.020000 221.000000 3.141593 0.000000 0.000000 0.000000 0.000000 0.000000
-520.020000 221.000000 3.141593 0.000000 0.000000 0.000000 0.000000 0.000000
-520.020000 221.000000 3.141593 0.000000 0.000000 0.000000 0.000000 0.000000
-520.020000 221.000000 3.141593 0.000000 0.000000 0.000000 0.000000 0.000000
-520.020000 221.000000 3.141593 0.000000 0.000000 0.000000 0.000000 0.000000
-520.020000 221.000000 3.141593 0.000000 0.000000 0.000000 0.000000 0.000000
-520.020000 221.000000 3.141593 0.000000 0.000000 0.000000 0.000000 0.000000
-520.020000 221.000000 3.141593 0.000000 0.000000 0.000000 0.000000 0.000000
-520.020000 221.000000 3.141593 0.000000 0.000000 0.000000 0.000000 0.000000
-520.020000 221.000000 3.141593 0.000000 0.000000 0.000000 0.000000 0.000000
-520.020000 221.000000 3.141593 0.000000 0.000000 0.000000 0.000000 0.000000
-520.020000 221.000000 3.141593 0.000000 0.000000 0.000000 0.000000 0.000000
-520.020000 221.000000 3.141593 0.000000 0.000000 0.000000 0.000000 0.000000
-520.020000 221.000000 3.141593 0.000000 0.000000 0.000000 0.000000 0.000000
-520.020000 221.000000 3.141593 0.000000 0.000000 0.000000 0.000000 0.000000
-520.020000 221.000000 3.141593 0.000000 0.000000 0.000000 0.000000 0.000000
-520.020000 221.000000 3.141593 0.000000 0.000000 0.000000 0.000000 0.000000
-520.020000 221.000000 3.141593 0.000000 0.000000 0.000000 0.000000 0.000000
-520.020000 221.000000 3.141593 0.000000 0.000000 0.000000 0.000000 0.000000
-520.020000 221.000000 3.141593 0.000000 0.000000 0.000000 0.000000 0.000000
-520.020000 221.000000 3.141593 0.000000 0.000000 0.000000 0.000000 0.000000
-520.020000 221.000000 3.141593 0.000000 0.000000 0.000000 0.000000 0.000000
-520.020000 221.000000 3.141593 0.000000 0.000000 0.000000 0.000000 0.000000
-520.020000 221.000000 3.141593 0.000000 0.000000 0.000000 0.000000 0.000000
-520.020000 221.000000 3.141593 0.000000 0.000000 0.000000 0.000000 0.000000
-520.020000 221.000000 3.141593 0.000000 0.000000 0.000000 0.000000 0.000000
-520.020000 221.000000 3.141593 0.000000 0.000000 0.000000 0.000000 0.000000
-520.020000 221.000000 3.141593 0.000000 0.000000 0.000000 0.000000 0.000000
-520.020000 221.000000 3.141593 0.000000 0.000000 0.000000 0.000000 0.000000
-520.020000 221.000000 3.141593 0.000000 0.000000 0.000000 0.000000 0.000000
-520.020000 221.000000 3.141593 0.000000 0.000000 0.000000 0.000000 0.000000
-520.020000 221.000000 3.141593 0.000000 0.000000 0.000000 0.000000 0.000000
-520.020000 221.000000 3.141593 0.000000 0.000000 0.000000 0.000000 0.000000
-520.020000 221.000000 3.141593 0.000000 0.000000 0.000000 0.000000 0.000000
-520.020000 221.000000 3.141593 0.000000 0.000000 0.000000 0.000000 0.000000
-520.020000 221.000000 3.141593 0.000000 0.000000 0.000000 0.000000 0.000000
-520.020000 221.000000 3.141593 0.000000 0.000000 0.000000 0.000000 0.000000
-520.020000 221.000000 3.141593 0.000000 0.000000 0.000000 0.000000 0.000000
-520.020000 221.000000 3.141593 0.000000 0.000000 0.000000 0.000000 0.000000
-520.020000 221.000000 3.141593 0.000000 0.000000 0.000000 0.000000 0.000000
-520.020000 221.000000 3.141593 0.000000 0.000000 0.000000 0.000000 0.000000
-520.020000 221.000000 3.141593 0.000000 0.000000 0.000000 0.000000 0.000000
-520.020000 221.000000 3.141593 0.000000 0.000000 0.000000 0.000000 0.000000
-520.020000 221.000000 3.141593 0.000000 0.000000 0.000000 0.000000 0.000000
