-560.000000 220.000000 0.000000 0.000000 0.000000 0.000000 0.000000 0.000000
-559.999993 220.000000 0.000000 0.000150 0.000000 0.000000 0.000000 0.000000
-559.999963 220.000000 0.000000 0.000596 0.000000 0.000000 0.000000 0.000000
-559.999896 220.000000 0.000000 0.001337 0.000000 0.000000 0.000000 0.000000
-559.999778 220.000000 0.000000 0.002368 0.000000 0.000000 0.000000 0.000000
-559.999593 220.000000 0.000000 0.003688 0.000000 0.000000 0.000000 0.000000
-559.999329 220.000000 0.000000 0.005292 0.000000 0.000000 0.000000 0.000000
-559.998970 220.000000 0.000000 0.007179 0.000000 0.000000 0.000000 0.000000
-559.998502 220.000000 0.000000 0.009344 0.000000 0.000000 0.000000 0.000000
-559.997913 220.000000 0.000000 0.011785 0.000000 0.000000 0.000000 0.000000
-559.997188 220.000000 0.000000 0.014500 0.000000 0.000000 0.000000 0.000000
-559.996314 220.000000 0.000000 0.017485 0.000000 0.000000 0.000000 0.000000
-559.995277 220.000000 0.000000 0.020736 0.000000 0.000000 0.000000 0.000000
-559.994065 220.000000 0.000000 0.024252 0.000000 0.000000 0.000000 0.000000
-559.992663 220.000000 0.000000 0.028028 0.000000 0.000000 0.000000 0.000000
-559.991060 220.000000 0.000000 0.032063 0.000000 0.000000 0.000000 0.000000
-559.989242 220.000000 0.000000 0.036352 0.000000 0.000000 0.000000 0.000000
-559.987198 220.000000 0.000000 0.040894 0.000000 0.000000 0.000000 0.000000
-559.984914 220.000000 0.000000 0.045684 0.000000 0.000000 0.000000 0.000000
-559.982378 220.000000 0.000000 0.050721 0.000000 0.000000 0.000000 0.000000
-559.979578 220.000000 0.000000 0.056000 0.000000 0.000000 0.000000 0.000000
-559.976502 220.000000 0.000000 0.061520 0.000000 0.000000 0.000000 0.000000
-559.973138 220.000000 0.000000 0.067276 0.000000 0.000000 0.000000 0.000000
-559.969474 220.000000 0.000000 0.073267 0.000000 0.000000 0.000000 0.000000
-559.965500 220.000000 0.000000 0.079488 0.000000 0.000000 0.000000 0.000000
-559.961203 220.000000 0.000000 0.085938 0.000000 0.000000 0.000000 0.000000
-559.956573 220.000000 0.000000 0.092612 0.000000 0.000000 0.000000 0.000000
-559.951597 220.000000 0.000000 0.099508 0.000000 0.000000 0.000000 0.000000
-559.946266 220.000000 0.000000 0.106624 0.000000 0.000000 0.000000 0.000000
-559.940568 220.000000 0.000000 0.113956 0.000000 0.000000 0.000000 0.000000
-559.934493 220.000000 0.000000 0.121500 0.000000 0.000000 0.000000 0.000000
-559.928030 220.000000 0.000000 0.129254 0.000000 0.000000 0.000000 0.000000
-559.921170 220.000000 0.000000 0.137216 0.000000 0.000000 0.000000 0.000000
-559.913901 220.000000 0.000000 0.145382 0.000000 0.000000 0.000000 0.000000
-559.906213 220.000000 0.000000 0.153748 0.000000 0.000000 0.000000 0.000000
-559.898098 220.000000 0.000000 0.162312 0.000000 0.000000 0.000000 0.000000
-559.889544 220.000000 0.000000 0.171072 0.000000 0.000000 0.000000 0.000000
-559.880543 220.000000 0.000000 0.180023 0.000000 0.000000 0.000000 0.000000
-559.871085 220.000000 0.000000 0.189164 0.000000 0.000000 0.000000 0.000000
-559.861160 220.000000 0.000000 0.198491 0.000000 0.000000 0.000000 0.000000
-559.850760 220.000000 0.000000 0.208000 0.000000 0.000000 0.000000 0.000000
-559.839876 220.000000 0.000000 0.217690 0.000000 0.000000 0.000000 0.000000
-559.828498 220.000000 0.000000 0.227556 0.000000 0.000000 0.000000 0.000000
-559.816618 220.000000 0.000000 0.237596 0.000000 0.000000 0.000000 0.000000
-559.804228 220.000000 0.000000 0.247808 0.000000 0.000000 0.000000 0.000000
-559.791318 220.000000 0.000000 0.258188 0.000000 0.000000 0.000000 0.000000
-559.777882 220.000000 0.000000 0.268732 0.000000 0.000000 0.000000 0.000000
-559.763910 220.000000 0.000000 0.279439 0.000000 0.000000 0.000000 0.000000
-559.749394 220.000000 0.000000 0.290304 0.000000 0.000000 0.000000 0.000000
-559.734328 220.000000 0.000000 0.301326 0.000000 0.000000 0.000000 0.000000
-559.718703 220.000000 0.000000 0.312500 0.000000 0.000000 0.000000 0.000000
-559.702512 220.000000 0.000000 0.323824 0.000000 0.000000 0.000000 0.000000
-559.685747 220.000000 0.000000 0.335296 0.000000 0.000000 0.000000 0.000000
-559.668402 220.000000 0.000000 0.346912 0.000000 0.000000 0.000000 0.000000
-559.650468 220.000000 0.000000 0.358668 0.000000 0.000000 0.000000 0.000000
-559.631940 220.000000 0.000000 0.370563 0.000000 0.000000 0.000000 0.000000
-559.612810 220.000000 0.000000 0.382592 0.000000 0.000000 0.000000 0.000000
-559.593073 220.000000 0.000000 0.394754 0.000000 0.000000 0.000000 0.000000
-559.572721 220.000000 0.000000 0.407044 0.000000 0.000000 0.000000 0.000000
-559.551748 220.000000 0.000000 0.419461 0.000000 0.000000 0.000000 0.000000
-559.530148 220.000000 0.000000 0.432000 0.000000 0.000000 0.000000 0.000000
-559.507915 220.000000 0.000000 0.444660 0.000000 0.000000 0.000000 0.000000
-559.485043 220.000000 0.000000 0.457436 0.000000 0.000000 0.000000 0.000000
-559.461526 220.000000 0.000000 0.470327 0.000000 0.000000 0.000000 0.000000
-559.437360 220.000000 0.000000 0.483328 0.000000 0.000000 0.000000 0.000000
-559.412538 220.000000 0.000000 0.496438 0.000000 0.000000 0.000000 0.000000
-559.387056 220.000000 0.000000 0.509652 0.000000 0.000000 0.000000 0.000000
-559.360907 220.000000 0.000000 0.522969 0.000000 0.000000 0.000000 0.000000
-559.334088 220.000000 0.000000 0.536384 0.000000 0.000000 0.000000 0.000000
-559.306593 220.000000 0.000000 0.549895 0.000000 0.000000 0.000000 0.000000
-559.278418 220.000000 0.000000 0.563500 0.000000 0.000000 0.000000 0.000000
-559.249558 220.000000 0.000000 0.577195 0.000000 0.000000 0.000000 0.000000
-559.220010 220.000000 0.000000 0.590976 0.000000 0.000000 0.000000 0.000000
-559.189768 220.000000 0.000000 0.604842 0.000000 0.000000 0.000000 0.000000
-559.158828 220.000000 0.000000 0.618788 0.000000 0.000000 0.000000 0.000000
-559.127188 220.000000 0.000000 0.632812 0.000000 0.000000 0.000000 0.000000
-559.094842 220.000000 0.000000 0.646912 0.000000 0.000000 0.000000 0.000000
-559.061788 220.000000 0.000000 0.661083 0.000000 0.000000 0.000000 0.000000
-559.028022 220.000000 0.000000 0.675324 0.000000 0.000000 0.000000 0.000000
-558.993540 220.000000 0.000000 0.689631 0.000000 0.000000 0.000000 0.000000
-558.958340 220.000000 0.000000 0.704000 0.000000 0.000000 0.000000 0.000000
-558.922419 220.000000 0.000000 0.718429 0.000000 0.000000 0.000000 0.000000
-558.885773 220.000000 0.000000 0.732916 0.000000 0.000000 0.000000 0.000000
-558.848400 220.000000 0.000000 0.747456 0.000000 0.000000 0.000000 0.000000
-558.810298 220.000000 0.000000 0.762048 0.000000 0.000000 0.000000 0.000000
-558.771463 220.000000 0.000000 0.776687 0.000000 0.000000 0.000000 0.000000
-558.731895 220.000000 0.000000 0.791372 0.000000 0.000000 0.000000 0.000000
-558.691590 220.000000 0.000000 0.806099 0.000000 0.000000 0.000000 0.000000
-558.650546 220.000000 0.000000 0.820864 0.000000 0.000000 0.000000 0.000000
-558.608763 220.000000 0.000000 0.835665 0.000000 0.000000 0.000000 0.000000
-558.566238 220.000000 0.000000 0.850500 0.000000 0.000000 0.000000 0.000000
-558.522970 220.000000 0.000000 0.865364 0.000000 0.000000 0.000000 0.000000
-558.478957 220.000000 0.000000 0.880256 0.000000 0.000000 0.000000 0.000000
-558.434199 220.000000 0.000000 0.895172 0.000000 0.000000 0.000000 0.000000
-558.388693 220.000000 0.000000 0.910108 0.000000 0.000000 0.000000 0.000000
-558.342440 220.000000 0.000000 0.925063 0.000000 0.000000 0.000000 0.000000
-558.295438 220.000000 0.000000 0.940032 0.000000 0.000000 0.000000 0.000000
-558.247688 220.000000 0.000000 0.955014 0.000000 0.000000 0.000000 0.000000
-558.199188 220.000000 0.000000 0.970004 0.000000 0.000000 0.000000 0.000000
-558.149938 220.000000 0.000000 0.985000 0.000000 0.000000 0.000000 0.000000
-558.099938 220.000000 0.000000 1.000000 0.000000 0.000000 0.000000 0.000000
-558.049188 220.000000 0.000000 1.015000 0.000000 0.000000 0.000000 0.000000
-557.997688 220.000000 0.000000 1.029996 0.000000 0.000000 0.000000 0.000000
-557.945438 220.000000 0.000000 1.044986 0.000000 0.000000 0.000000 0.000000
-557.892440 220.000000 0.000000 1.059968 0.000000 0.000000 0.000000 0.000000
-557.838693 220.000000 0.000000 1.074937 0.000000 0.000000 0.000000 0.000000
-557.784199 220.000000 0.000000 1.089892 0.000000 0.000000 0.000000 0.000000
-557.728957 220.000000 0.000000 1.104828 0.000000 0.000000 0.000000 0.000000
-557.672970 220.000000 0.000000 1.119744 0.000000 0.000000 0.000000 0.000000
-557.616238 220.000000 0.000000 1.134635 0.000000 0.000000 0.000000 0.000000
-557.558763 220.000000 0.000000 1.149500 0.000000 0.000000 0.000000 0.000000
-557.500546 220.000000 0.000000 1.164335 0.000000 0.000000 0.000000 0.000000
-557.441590 220.000000 0.000000 1.179136 0.000000 0.000000 0.000000 0.000000
-557.381895 220.000000 0.000000 1.193902 0.000000 0.000000 0.000000 0.000000
-557.321463 220.000000 0.000000 1.208628 0.000000 0.000000 0.000000 0.000000
-557.260298 220.000000 0.000000 1.223312 0.000000 0.000000 0.000000 0.000000
-557.198400 220.000000 0.000000 1.237952 0.000000 0.000000 0.000000 0.000000
-557.135773 220.000000 0.000000 1.252544 0.000000 0.000000 0.000000 0.000000
-557.072419 220.000000 0.000000 1.267084 0.000000 0.000000 0.000000 0.000000
-557.008340 220.000000 0.000000 1.281570 0.000000 0.000000 0.000000 0.000000
-556.943540 220.000000 0.000000 1.296000 0.000000 0.000000 0.000000 0.000000
-556.878022 220.000000 0.000000 1.310370 0.000000 0.000000 0.000000 0.000000
-556.811788 220.000000 0.000000 1.324676 0.000000 0.000000 0.000000 0.000000
-556.744842 220.000000 0.000000 1.338916 0.000000 0.000000 0.000000 0.000000
-556.677188 220.000000 0.000000 1.353088 0.000000 0.000000 0.000000 0.000000
-556.608828 220.000000 0.000000 1.367188 0.000000 0.000000 0.000000 0.000000
-556.539768 220.000000 0.000000 1.381212 0.000000 0.000000 0.000000 0.000000
-556.470010 220.000000 0.000000 1.395158 0.000000 0.000000 0.000000 0.000000
-556.399558 220.000000 0.000000 1.409024 0.000000 0.000000 0.000000 0.000000
-556.328418 220.000000 0.000000 1.422805 0.000000 0.000000 0.000000 0.000000
-556.256593 220.000000 0.000000 1.436500 0.000000 0.000000 0.000000 0.000000
-556.184088 220.000000 0.000000 1.450105 0.000000 0.000000 0.000000 0.000000
-556.110907 220.000000 0.000000 1.463616 0.000000 0.000000 0.000000 0.000000
-556.037056 220.000000 0.000000 1.477031 0.000000 0.000000 0.000000 0.000000
-555.962538 220.000000 0.000000 1.490348 0.000000 0.000000 0.000000 0.000000
-555.887360 220.000000 0.000000 1.503563 0.000000 0.000000 0.000000 0.000000
-555.811526 220.000000 0.000000 1.516672 0.000000 0.000000 0.000000 0.000000
-555.735043 220.000000 0.000000 1.529674 0.000000 0.000000 0.000000 0.000000
-555.657915 220.000000 0.000000 1.542564 0.000000 0.000000 0.000000 0.000000
-555.580148 220.000000 0.000000 1.555341 0.000000 0.000000 0.000000 0.000000
-555.501748 220.000000 0.000000 1.568000 0.000000 0.000000 0.000000 0.000000
-555.422721 220.000000 0.000000 1.580540 0.000000 0.000000 0.000000 0.000000
-555.343073 220.000000 0.000000 1.592956 0.000000 0.000000 0.000000 0.000000
-555.262810 220.000000 0.000000 1.605247 0.000000 0.000000 0.000000 0.000000
-555.181940 220.000000 0.000000 1.617408 0.000000 0.000000 0.000000 0.000000
-555.100468 220.000000 0.000000 1.629438 0.000000 0.000000 0.000000 0.000000
-555.018402 220.000000 0.000000 1.641332 0.000000 0.000000 0.000000 0.000000
-554.935747 220.000000 0.000000 1.653089 0.000000 0.000000 0.000000 0.000000
-554.852512 220.000000 0.000000 1.664704 0.000000 0.000000 0.000000 0.000000
-554.768703 220.000000 0.000000 1.676175 0.000000 0.000000 0.000000 0.000000
-554.684328 220.000000 0.000000 1.687500 0.000000 0.000000 0.000000 0.000000
-554.599394 220.000000 0.000000 1.698675 0.000000 0.000000 0.000000 0.000000
-554.513910 220.000000 0.000000 1.709696 0.000000 0.000000 0.000000 0.000000
-554.427882 220.000000 0.000000 1.720562 0.000000 0.000000 0.000000 0.000000
-554.341318 220.000000 0.000000 1.731268 0.000000 0.000000 0.000000 0.000000
-554.254228 220.000000 0.000000 1.741813 0.000000 0.000000 0.000000 0.000000
-554.166618 220.000000 0.000000 1.752192 0.000000 0.000000 0.000000 0.000000
-554.078498 220.000000 0.000000 1.762404 0.000000 0.000000 0.000000 0.000000
-553.989876 220.000000 0.000000 1.772444 0.000000 0.000000 0.000000 0.000000
-553.900760 220.000000 0.000000 1.782310 0.000000 0.000000 0.000000 0.000000
-553.811160 220.000000 0.000000 1.792000 0.000000 0.000000 0.000000 0.000000
-553.721085 220.000000 0.000000 1.801509 0.000000 0.000000 0.000000 0.000000
-553.630543 220.000000 0.000000 1.810836 0.000000 0.000000 0.000000 0.000000
-553.539544 220.000000 0.000000 1.819977 0.000000 0.000000 0.000000 0.000000
-553.448098 220.000000 0.000000 1.828928 0.000000 0.000000 0.000000 0.000000
-553.356213 220.000000 0.000000 1.837687 0.000000 0.000000 0.000000 0.000000
-553.263901 220.000000 0.000000 1.846252 0.000000 0.000000 0.000000 0.000000
-553.171170 220.000000 0.000000 1.854619 0.000000 0.000000 0.000000 0.000000
-553.078030 220.000000 0.000000 1.862784 0.000000 0.000000 0.000000 0.000000
-552.984493 220.000000 0.000000 1.870745 0.000000 0.000000 0.000000 0.000000
-552.890568 220.000000 0.000000 1.878500 0.000000 0.000000 0.000000 0.000000
-552.796266 220.000000 0.000000 1.886044 0.000000 0.000000 0.000000 0.000000
-552.701597 220.000000 0.000000 1.893376 0.000000 0.000000 0.000000 0.000000
-552.606573 220.000000 0.000000 1.900492 0.000000 0.000000 0.000000 0.000000
-552.511203 220.000000 0.000000 1.907388 0.000000 0.000000 0.000000 0.000000
-552.415500 220.000000 0.000000 1.914062 0.000000 0.000000 0.000000 0.000000
-552.319474 220.000000 0.000000 1.920512 0.000000 0.000000 0.000000 0.000000
-552.223138 220.000000 0.000000 1.926734 0.000000 0.000000 0.000000 0.000000
-552.126502 220.000000 0.000000 1.932724 0.000000 0.000000 0.000000 0.000000
-552.029578 220.000000 0.000000 1.938481 0.000000 0.000000 0.000000 0.000000
-551.932378 220.000000 0.000000 1.944000 0.000000 0.000000 0.000000 0.000000
-551.834914 220.000000 0.000000 1.949279 0.000000 0.000000 0.000000 0.000000
-551.737198 220.000000 0.000000 1.954316 0.000000 0.000000 0.000000 0.000000
-551.639242 220.000000 0.000000 1.959107 0.000000 0.000000 0.000000 0.000000
-551.541060 220.000000 0.000000 1.963648 0.000000 0.000000 0.000000 0.000000
-551.442663 220.000000 0.000000 1.967938 0.000000 0.000000 0.000000 0.000000
-551.344065 220.000000 0.000000 1.971972 0.000000 0.000000 0.000000 0.000000
-551.245277 220.000000 0.000000 1.975748 0.000000 0.000000 0.000000 0.000000
-551.146314 220.000000 0.000000 1.979264 0.000000 0.000000 0.000000 0.000000
-551.047188 220.000000 0.000000 1.982515 0.000000 0.000000 0.000000 0.000000
-550.947913 220.000000 0.000000 1.985500 0.000000 0.000000 0.000000 0.000000
-550.848502 220.000000 0.000000 1.988215 0.000000 0.000000 0.000000 0.000000
-550.748970 220.000000 0.000000 1.990656 0.000000 0.000000 0.000000 0.000000
-550.649329 220.000000 0.000000 1.992821 0.000000 0.000000 0.000000 0.000000
-550.549593 220.000000 0.000000 1.994708 0.000000 0.000000 0.000000 0.000000
-550.449778 220.000000 0.000000 1.996312 0.000000 0.000000 0.000000 0.000000
-550.349896 220.000000 0.000000 1.997632 0.000000 0.000000 0.000000 0.000000
-550.249963 220.000000 0.000000 1.998664 0.000000 0.000000 0.000000 0.000000
-550.149993 220.000000 0.000000 1.999404 0.000000 0.000000 0.000000 0.000000
-550.050000 220.000000 0.000000 1.999851 0.000000 0.000000 0.000000 0.000000
-549.950000 220.000000 0.000000 2.000000 0.000000 0.000000 0.000000 0.000000
-549.850000 220.000000 0.000000 2.000000 0.000000 0.000000 0.000000 0.000000
-549.750000 220.000000 0.000000 2.000000 0.000000 0.000000 0.000000 0.000000
-549.650000 220.000000 0.000000 2.000000 0.000000 0.000000 0.000000 0.000000
-549.550000 220.000000 0.000000 2.000000 0.000000 0.000000 0.000000 0.000000
-549.450000 220.000000 0.000000 2.000000 0.000000 0.000000 0.000000 0.000000
-549.350000 220.000000 0.000000 2.000000 0.000000 0.000000 0.000000 0.000000
-549.250000 220.000000 0.000000 2.000000 0.000000 0.000000 0.000000 0.000000
-549.150000 220.000000 0.000000 2.000000 0.000000 0.000000 0.000000 0.000000
-549.050000 220.000000 0.000000 2.000000 0.000000 0.000000 0.000000 0.000000
-548.950000 220.000000 0.000000 2.000000 0.000000 0.000000 0.000000 0.000000
-548.850000 220.000000 0.000000 2.000000 0.000000 0.000000 0.000000 0.000000
-548.750000 220.000000 0.000000 2.000000 0.000000 0.000000 0.000000 0.000000
-548.650000 220.000000 0.000000 2.000000 0.000000 0.000000 0.000000 0.000000
-548.550000 220.000000 0.000000 2.000000 0.000000 0.000000 0.000000 0.000000
-548.450000 220.000000 0.000000 2.000000 0.000000 0.000000 0.000000 0.000000
-548.350000 220.000000 0.000000 2.000000 0.000000 0.000000 0.000000 0.000000
-548.250000 220.000000 0.000000 2.000000 0.000000 0.000000 0.000000 0.000000
-548.150000 220.000000 0.000000 2.000000 0.000000 0.000000 0.000000 0.000000
-548.050000 220.000000 0.000000 2.000000 0.000000 0.000000 0.000000 0.000000
-547.950000 220.000000 0.000000 2.000000 0.000000 0.000000 0.000000 0.000000
-547.850000 220.000000 0.000000 2.000000 0.000000 0.000000 0.000000 0.000000
-547.750000 220.000000 0.000000 2.000000 0.000000 0.000000 0.000000 0.000000
-547.650000 220.000000 0.000000 2.000000 0.000000 0.000000 0.000000 0.000000
-547.550000 220.000000 0.000000 2.000000 0.000000 0.000000 0.000000 0.000000
-547.450000 220.000000 0.000000 2.000000 0.000000 0.000000 0.000000 0.000000
-547.350000 220.000000 0.000000 2.000000 0.000000 0.000000 0.000000 0.000000
-547.250000 220.000000 0.000000 2.000000 0.000000 0.000000 0.000000 0.000000
-547.150000 220.000000 0.000000 2.000000 0.000000 0.000000 0.000000 0.000000
-547.050000 220.000000 0.000000 2.000000 0.000000 0.000000 0.000000 0.000000
-546.950000 220.000000 0.000000 2.000000 0.000000 0.000000 0.000000 0.000000
-546.850000 220.000000 0.000000 2.000000 0.000000 0.000000 0.000000 0.000000
-546.750000 220.000000 0.000000 2.000000 0.000000 0.000000 0.000000 0.000000
-546.650000 220.000000 0.000000 2.000000 0.000000 0.000000 0.000000 0.000000
-546.550000 220.000000 0.000000 2.000000 0.000000 0.000000 0.000000 0.000000
-546.450000 220.000000 0.000000 2.000000 0.000000 0.000000 0.000000 0.000000
-546.350000 220.000000 0.000000 2.000000 0.000000 0.000000 0.000000 0.000000
-546.250000 220.000000 0.000000 2.000000 0.000000 0.000000 0.000000 0.000000
-546.150000 220.000000 0.000000 2.000000 0.000000 0.000000 0.000000 0.000000
-546.050000 220.000000 0.000000 2.000000 0.000000 0.000000 0.000000 0.000000
-545.950000 220.000000 0.000000 2.000000 0.000000 0.000000 0.000000 0.000000
-545.850000 220.000000 0.000000 2.000000 0.000000 0.000000 0.000000 0.000000
-545.750000 220.000000 0.000000 2.000000 0.000000 0.000000 0.000000 0.000000
-545.650000 220.000000 0.000000 2.000000 0.000000 0.000000 0.000000 0.000000
-545.550000 220.000000 0.000000 2.000000 0.000000 0.000000 0.000000 0.000000
-545.450000 220.000000 0.000000 2.000000 0.000000 0.000000 0.000000 0.000000
-545.350000 220.000000 0.000000 2.000000 0.000000 0.000000 0.000000 0.000000
-545.250000 220.000000 0.000000 2.000000 0.000000 0.000000 0.000000 0.000000
-545.150000 220.000000 0.000000 2.000000 0.000000 0.000000 0.000000 0.000000
-545.050000 220.000000 0.000000 2.000000 0.000000 0.000000 0.000000 0.000000
-544.950000 220.000000 0.000000 2.000000 0.000000 0.000000 0.000000 0.000000
-544.850000 220.000000 0.000000 2.000000 0.000000 0.000000 0.000000 0.000000
-544.750000 220.000000 0.000000 2.000000 0.000000 0.000000 0.000000 0.000000
-544.650000 220.000000 0.000000 2.000000 0.000000 0.000000 0.000000 0.000000
-544.550000 220.000000 0.000000 2.000000 0.000000 0.000000 0.000000 0.000000
-544.450000 220.000000 0.000000 2.000000 0.000000 0.000000 0.000000 0.000000
-544.350000 220.000000 0.000000 2.000000 0.000000 0.000000 0.000000 0.000000
-544.250000 220.000000 0.000000 2.000000 0.000000 0.000000 0.000000 0.000000
-544.150000 220.000000 0.000000 2.000000 0.000000 0.000000 0.000000 0.000000
-544.050000 220.000000 0.000000 2.000000 0.000000 0.000000 0.000000 0.000000
-543.950000 220.000000 0.000000 2.000000 0.000000 0.000000 0.000000 0.000000
-543.850000 220.000000 0.000000 2.000000 0.000000 0.000000 0.000000 0.000000
-543.750000 220.000000 0.000000 2.000000 0.000000 0.000000 0.000000 0.000000
-543.650000 220.000000 0.000000 2.000000 0.000000 0.000000 0.000000 0.000000
-543.550000 220.000000 0.000000 2.000000 0.000000 0.000000 0.000000 0.000000
-543.450000 220.000000 0.000000 2.000000 0.000000 0.000000 0.000000 0.000000
-543.350000 220.000000 0.000000 2.000000 0.000000 0.000000 0.000000 0.000000
-543.250000 220.000000 0.000000 2.000000 0.000000 0.000000 0.000000 0.000000
-543.150000 220.000000 0.000000 2.000000 0.000000 0.000000 0.000000 0.000000
-543.050000 220.000000 0.000000 2.000000 0.000000 0.000000 0.000000 0.000000
-542.950000 220.000000 0.000000 2.000000 0.000000 0.000000 0.000000 0.000000
-542.850000 220.000000 0.000000 2.000000 0.000000 0.000000 0.000000 0.000000
-542.750000 220.000000 0.000000 2.000000 0.000000 0.000000 0.000000 0.000000
-542.650000 220.000000 0.000000 2.000000 0.000000 0.000000 0.000000 0.000000
-542.550000 220.000000 0.000000 2.000000 0.000000 0.000000 0.000000 0.000000
-542.450000 220.000000 0.000000 2.000000 0.000000 0.000000 0.000000 0.000000
-542.350000 220.000000 0.000000 2.000000 0.000000 0.000000 0.000000 0.000000
-542.250000 220.000000 0.000000 2.000000 0.000000 0.000000 0.000000 0.000000
-542.150000 220.000000 0.000000 2.000000 0.000000 0.000000 0.000000 0.000000
-542.050000 220.000000 0.000000 2.000000 0.000000 0.000000 0.000000 0.000000
-541.950000 220.000000 0.000000 2.000000 0.000000 0.000000 0.000000 0.000000
-541.850000 220.000000 0.000000 2.000000 0.000000 0.000000 0.000000 0.000000
-541.750000 220.000000 0.000000 2.000000 0.000000 0.000000 0.000000 0.000000
-541.650000 220.000000 0.000000 2.000000 0.000000 0.000000 0.000000 0.000000
-541.550000 220.000000 0.000000 2.000000 0.000000 0.000000 0.000000 0.000000
-541.450000 220.000000 0.000000 2.000000 0.000000 0.000000 0.000000 0.000000
-541.350000 220.000000 0.000000 2.000000 0.000000 0.000000 0.000000 0.000000
-541.250000 220.000000 0.000000 2.000000 0.000000 0.000000 0.000000 0.000000
-541.150000 220.000000 0.000000 2.000000 0.000000 0.000000 0.000000 0.000000
-541.050000 220.000000 0.000000 2.000000 0.000000 0.000000 0.000000 0.000000
-540.950000 220.000000 0.000000 2.000000 0.000000 0.000000 0.000000 0.000000
-540.850000 220.000000 0.000000 2.000000 0.000000 0.000000 0.000000 0.000000
-540.750000 220.000000 0.000000 2.000000 0.000000 0.000000 0.000000 0.000000
-540.650000 220.000000 0.000000 2.000000 0.000000 0.000000 0.000000 0.000000
-540.550000 220.000000 0.000000 2.000000 0.000000 0.000000 0.000000 0.000000
-540.450000 220.000000 0.000000 2.000000 0.000000 0.000000 0.000000 0.000000
-540.350000 220.000000 0.000000 2.000000 0.000000 0.000000 0.000000 0.000000
-540.250000 220.000000 0.000000 2.000000 0.000000 0.000000 0.000000 0.000000
-540.150000 220.000000 0.000000 2.000000 0.000000 0.000000 0.000000 0.000000
-540.050000 220.000000 0.000000 2.000000 0.000000 0.000000 0.000000 0.000000
-539.950000 220.000000 0.000000 2.000000 0.000000 0.000000 0.000000 0.000000
-539.850000 220.000000 0.000000 2.000000 0.000000 0.000000 0.000000 0.000000
-539.750000 220.000000 0.000000 2.000000 0.000000 0.000000 0.000000 0.000000
-539.650000 220.000000 0.000000 2.000000 0.000000 0.000000 0.000000 0.000000
-539.550000 220.000000 0.000000 2.000000 0.000000 0.000000 0.000000 0.000000
-539.450000 220.000000 0.000000 2.000000 0.000000 0.000000 0.000000 0.000000
-539.350000 220.000000 0.000000 2.000000 0.000000 0.000000 0.000000 0.000000
-539.250000 220.000000 0.000000 2.000000 0.000000 0.000000 0.000000 0.000000
-539.150000 220.000000 0.000000 2.000000 0.000000 0.000000 0.000000 0.000000
-539.050000 220.000000 0.000000 2.000000 0.000000 0.000000 0.000000 0.000000
-538.950000 220.000000 0.000000 2.000000 0.000000 0.000000 0.000000 0.000000
-538.850000 220.000000 0.000000 2.000000 0.000000 0.000000 0.000000 0.000000
-538.750000 220.000000 0.000000 2.000000 0.000000 0.000000 0.000000 0.000000
-538.650000 220.000000 0.000000 2.000000 0.000000 0.000000 0.000000 0.000000
-538.550000 220.000000 0.000000 2.000000 0.000000 0.000000 0.000000 0.000000
-538.450000 220.000000 0.000000 2.000000 0.000000 0.000000 0.000000 0.000000
-538.350000 220.000000 0.000000 2.000000 0.000000 0.000000 0.000000 0.000000
-538.250000 220.000000 0.000000 2.000000 0.000000 0.000000 0.000000 0.000000
-538.150000 220.000000 0.000000 2.000000 0.000000 0.000000 0.000000 0.000000
-538.050000 220.000000 0.000000 2.000000 0.000000 0.000000 0.000000 0.000000
-537.950000 220.000000 0.000000 2.000000 0.000000 0.000000 0.000000 0.000000
-537.850000 220.000000 0.000000 2.000000 0.000000 0.000000 0.000000 0.000000
-537.750000 220.000000 0.000000 2.000000 0.000000 0.000000 0.000000 0.000000
-537.650000 220.000000 0.000000 2.000000 0.000000 0.000000 0.000000 0.000000
-537.550000 220.000000 0.000000 2.000000 0.000000 0.000000 0.000000 0.000000
-537.450000 220.000000 0.000000 2.000000 0.000000 0.000000 0.000000 0.000000
-537.350000 220.000000 0.000000 2.000000 0.000000 0.000000 0.000000 0.000000
-537.250000 220.000000 0.000000 2.000000 0.000000 0.000000 0.000000 0.000000
-537.150000 220.000000 0.000000 2.000000 0.000000 0.000000 0.000000 0.000000
-537.050000 220.000000 0.000000 2.000000 0.000000 0.000000 0.000000 0.000000
-536.950000 220.000000 0.000000 2.000000 0.000000 0.000000 0.000000 0.000000
-536.850000 220.000000 0.000000 2.000000 0.000000 0.000000 0.000000 0.000000
-536.750000 220.000000 0.000000 2.000000 0.000000 0.000000 0.000000 0.000000
-536.650000 220.000000 0.000000 2.000000 0.000000 0.000000 0.000000 0.000000
-536.550000 220.000000 0.000000 2.000000 0.000000 0.000000 0.000000 0.000000
-536.450000 220.000000 0.000000 2.000000 0.000000 0.000000 0.000000 0.000000
-536.350000 220.000000 0.000000 2.000000 0.000000 0.000000 0.000000 0.000000
-536.250000 220.000000 0.000000 2.000000 0.000000 0.000000 0.000000 0.000000
-536.150000 220.000000 0.000000 2.000000 0.000000 0.000000 0.000000 0.000000
-536.050000 220.000000 0.000000 2.000000 0.000000 0.000000 0.000000 0.000000
-535.950000 220.000000 0.000000 2.000000 0.000000 0.000000 0.000000 0.000000
-535.850000 220.000000 0.000000 2.000000 0.000000 0.000000 0.000000 0.000000
-535.750000 220.000000 0.000000 2.000000 0.000000 0.000000 0.000000 0.000000
-535.650000 220.000000 0.000000 2.000000 0.000000 0.000000 0.000000 0.000000
-535.550000 220.000000 0.000000 2.000000 0.000000 0.000000 0.000000 0.000000
-535.450000 220.000000 0.000000 2.000000 0.000000 0.000000 0.000000 0.000000
-535.350000 220.000000 0.000000 2.000000 0.000000 0.000000 0.000000 0.000000
-535.250000 220.000000 0.000000 2.000000 0.000000 0.000000 0.000000 0.000000
-535.150000 220.000000 0.000000 2.000000 0.000000 0.000000 0.000000 0.000000
-535.050000 220.000000 0.000000 2.000000 0.000000 0.000000 0.000000 0.000000
-534.950000 220.000000 0.000000 2.000000 0.000000 0.000000 0.000000 0.000000
-534.850000 220.000000 0.000000 2.000000 0.000000 0.000000 0.000000 0.000000
-534.750000 220.000000 0.000000 2.000000 0.000000 0.000000 0.000000 0.000000
-534.650000 220.000000 0.000000 2.000000 0.000000 0.000000 0.000000 0.000000
-534.550000 220.000000 0.000000 2.000000 0.000000 0.000000 0.000000 0.000000
-534.450000 220.000000 0.000000 2.000000 0.000000 0.000000 0.000000 0.000000
-534.350000 220.000000 0.000000 2.000000 0.000000 0.000000 0.000000 0.000000
-534.250000 220.000000 0.000000 2.000000 0.000000 0.000000 0.000000 0.000000
-534.150000 220.000000 0.000000 2.000000 0.000000 0.000000 0.000000 0.000000
-534.050000 220.000000 0.000000 2.000000 0.000000 0.000000 0.000000 0.000000
-533.950000 220.000000 0.000000 2.000000 0.000000 0.000000 0.000000 0.000000
-533.850000 220.000000 0.000000 2.000000 0.000000 0.000000 0.000000 0.000000
-533.750000 220.000000 0.000000 2.000000 0.000000 0.000000 0.000000 0.000000
-533.650000 220.000000 0.000000 2.000000 0.000000 0.000000 0.000000 0.000000
-533.550000 220.000000 0.000000 2.000000 0.000000 0.000000 0.000000 0.000000
-533.450000 220.000000 0.000000 2.000000 0.000000 0.000000 0.000000 0.000000
-533.350000 220.000000 0.000000 2.000000 0.000000 0.000000 0.000000 0.000000
-533.250000 220.000000 0.000000 2.000000 0.000000 0.000000 0.000000 0.000000
-533.150000 220.000000 0.000000 2.000000 0.000000 0.000000 0.000000 0.000000
-533.050000 220.000000 0.000000 2.000000 0.000000 0.000000 0.000000 0.000000
-532.950000 220.000000 0.000000 2.000000 0.000000 0.000000 0.000000 0.000000
-532.850000 220.000000 0.000000 2.000000 0.000000 0.000000 0.000000 0.000000
-532.750000 220.000000 0.000000 2.000000 0.000000 0.000000 0.000000 0.000000
-532.650000 220.000000 0.000000 2.000000 0.000000 0.000000 0.000000 0.000000
-532.550000 220.000000 0.000000 2.000000 0.000000 0.000000 0.000000 0.000000
-532.450000 220.000000 0.000000 2.000000 0.000000 0.000000 0.000000 0.000000
-532.350000 220.000000 0.000000 2.000000 0.000000 0.000000 0.000000 0.000000
-532.250000 220.000000 0.000000 2.000000 0.000000 0.000000 0.000000 0.000000
-532.150000 220.000000 0.000000 2.000000 0.000000 0.000000 0.000000 0.000000
-532.050000 220.000000 0.000000 2.000000 0.000000 0.000000 0.000000 0.000000
-531.950000 220.000000 0.000000 2.000000 0.000000 0.000000 0.000000 0.000000
-531.850000 220.000000 0.000000 2.000000 0.000000 0.000000 0.000000 0.000000
-531.750000 220.000000 0.000000 2.000000 0.000000 0.000000 0.000000 0.000000
-531.650000 220.000000 0.000000 2.000000 0.000000 0.000000 0.000000 0.000000
-531.550000 220.000000 0.000000 2.000000 0.000000 0.000000 0.000000 0.000000
-531.450000 220.000000 0.000000 2.000000 0.000000 0.000000 0.000000 0.000000
-531.350000 220.000000 0.000000 2.000000 0.000000 0.000000 0.000000 0.000000
-531.250000 220.000000 0.000000 2.000000 0.000000 0.000000 0.000000 0.000000
-531.150000 220.000000 0.000000 2.000000 0.000000 0.000000 0.000000 0.000000
-531.050000 220.000000 0.000000 2.000000 0.000000 0.000000 0.000000 0.000000
-530.950000 220.000000 0.000000 2.000000 0.000000 0.000000 0.000000 0.000000
-530.850000 220.000000 0.000000 2.000000 0.000000 0.000000 0.000000 0.000000
-530.750000 220.000000 0.000000 2.000000 0.000000 0.000000 0.000000 0.000000
-530.650000 220.000000 0.000000 2.000000 0.000000 0.000000 0.000000 0.000000
-530.550000 220.000000 0.000000 2.000000 0.000000 0.000000 0.000000 0.000000
-530.450000 220.000000 0.000000 2.000000 0.000000 0.000000 0.000000 0.000000
-530.350000 220.000000 0.000000 2.000000 0.000000 0.000000 0.000000 0.000000
-530.250000 220.000000 0.000000 2.000000 0.000000 0.000000 0.000000 0.000000
-530.150000 220.000000 0.000000 2.000000 0.000000 0.000000 0.000000 0.000000
-530.050000 220.000000 0.000000 2.000000 0.000000 0.000000 0.000000 0.000000
-529.950000 220.000000 0.000000 2.000000 0.000000 0.000000 0.000000 0.000000
-529.850000 220.000000 0.000000 2.000000 0.000000 0.000000 0.000000 0.000000
-529.750000 220.000000 0.000000 2.000000 0.000000 0.000000 0.000000 0.000000
-529.650000 220.000000 0.000000 2.000000 0.000000 0.000000 0.000000 0.000000
-529.550000 220.000000 0.000000 2.000000 0.000000 0.000000 0.000000 0.000000
-529.450000 220.000000 0.000000 2.000000 0.000000 0.000000 0.000000 0.000000
-529.350000 220.000000 0.000000 2.000000 0.000000 0.000000 0.000000 0.000000
-529.250000 220.000000 0.000000 2.000000 0.000000 0.000000 0.000000 0.000000
-529.150000 220.000000 0.000000 2.000000 0.000000 0.000000 0.000000 0.000000
-529.050000 220.000000 0.000000 2.000000 0.000000 0.000000 0.000000 0.000000
-528.950000 220.000000 0.000000 2.000000 0.000000 0.000000 0.000000 0.000000
-528.850000 220.000000 0.000000 2.000000 0.000000 0.000000 0.000000 0.000000
-528.750000 220.000000 0.000000 2.000000 0.000000 0.000000 0.000000 0.000000
-528.650000 220.000000 0.000000 2.000000 0.000000 0.000000 0.000000 0.000000
-528.550000 220.000000 0.000000 2.000000 0.000000 0.000000 0.000000 0.000000
-528.450000 220.000000 0.000000 2.000000 0.000000 0.000000 0.000000 0.000000
-528.350000 220.000000 0.000000 2.000000 0.000000 0.000000 0.000000 0.000000
-528.250000 220.000000 0.000000 2.000000 0.000000 0.000000 0.000000 0.000000
-528.150000 220.000000 0.000000 2.000000 0.000000 0.000000 0.000000 0.000000
-528.050000 220.000000 0.000000 2.000000 0.000000 0.000000 0.000000 0.000000
-527.950000 220.000000 0.000000 2.000000 0.000000 0.000000 0.000000 0.000000
-527.850000 220.000000 0.000000 2.000000 0.000000 0.000000 0.000000 0.000000
-527.750000 220.000000 0.000000 2.000000 0.000000 0.000000 0.000000 0.000000
-527.650000 220.000000 0.000000 2.000000 0.000000 0.000000 0.000000 0.000000
-527.550000 220.000000 0.000000 2.000000 0.000000 0.000000 0.000000 0.000000
-527.450000 220.000000 0.000000 2.000000 0.000000 0.000000 0.000000 0.000000
-527.350000 220.000000 0.000000 2.000000 0.000000 0.000000 0.000000 0.000000
-527.250000 220.000000 0.000000 2.000000 0.000000 0.000000 0.000000 0.000000
-527.150000 220.000000 0.000000 2.000000 0.000000 0.000000 0.000000 0.000000
-527.050000 220.000000 0.000000 2.000000 0.000000 0.000000 0.000000 0.000000
-526.950000 220.000000 0.000000 2.000000 0.000000 0.000000 0.000000 0.000000
-526.850000 220.000000 0.000000 2.000000 0.000000 0.000000 0.000000 0.000000
-526.750000 220.000000 0.000000 2.000000 0.000000 0.000000 0.000000 0.000000
-526.650000 220.000000 0.000000 2.000000 0.000000 0.000000 0.000000 0.000000
-526.550000 220.000000 0.000000 2.000000 0.000000 0.000000 0.000000 0.000000
-526.450000 220.000000 0.000000 2.000000 0.000000 0.000000 0.000000 0.000000
-526.350000 220.000000 0.000000 2.000000 0.000000 0.000000 0.000000 0.000000
-526.250000 220.000000 0.000000 2.000000 0.000000 0.000000 0.000000 0.000000
-526.150000 220.000000 0.000000 2.000000 0.000000 0.000000 0.000000 0.000000
-526.050000 220.000000 0.000000 2.000000 0.000000 0.000000 0.000000 0.000000
-525.950000 220.000000 0.000000 2.000000 0.000000 0.000000 0.000000 0.000000
-525.850000 220.000000 0.000000 2.000000 0.000000 0.000000 0.000000 0.000000
-525.750000 220.000000 0.000000 2.000000 0.000000 0.000000 0.000000 0.000000
-525.650000 220.000000 0.000000 2.000000 0.000000 0.000000 0.000000 0.000000
-525.550000 220.000000 0.000000 2.000000 0.000000 0.000000 0.000000 0.000000
-525.450000 220.000000 0.000000 2.000000 0.000000 0.000000 0.000000 0.000000
-525.350000 220.000000 0.000000 2.000000 0.000000 0.000000 0.000000 0.000000
-525.250000 220.000000 0.000000 2.000000 0.000000 0.000000 0.000000 0.000000
-525.150000 220.000000 0.000000 2.000000 0.000000 0.000000 0.000000 0.000000
-525.050000 220.000000 0.000000 2.000000 0.000000 0.000000 0.000000 0.000000
-524.950000 220.000000 0.000000 2.000000 0.000000 0.000000 0.000000 0.000000
-524.850000 220.000000 0.000000 2.000000 0.000000 0.000000 0.000000 0.000000
-524.750000 220.000000 0.000000 2.000000 0.000000 0.000000 0.000000 0.000000
-524.650000 220.000000 0.000000 2.000000 0.000000 0.000000 0.000000 0.000000
-524.550000 220.000000 0.000000 2.000000 0.000000 0.000000 0.000000 0.000000
-524.450000 220.000000 0.000000 2.000000 0.000000 0.000000 0.000000 0.000000
-524.350000 220.000000 0.000000 2.000000 0.000000 0.000000 0.000000 0.000000
-524.250000 220.000000 0.000000 2.000000 0.000000 0.000000 0.000000 0.000000
-524.150000 220.000000 0.000000 2.000000 0.000000 0.000000 0.000000 0.000000
-524.050000 220.000000 0.000000 2.000000 0.000000 0.000000 0.000000 0.000000
-523.950000 220.000000 0.000000 2.000000 0.000000 0.000000 0.000000 0.000000
-523.850000 220.000000 0.000000 2.000000 0.000000 0.000000 0.000000 0.000000
-523.750000 220.000000 0.000000 2.000000 0.000000 0.000000 0.000000 0.000000
-523.650000 220.000000 0.000000 2.000000 0.000000 0.000000 0.000000 0.000000
-523.550000 220.000000 0.000000 2.000000 0.000000 0.000000 0.000000 0.000000
-523.450000 220.000000 0.000000 2.000000 0.000000 0.000000 0.000000 0.000000
-523.350000 220.000000 0.000000 2.000000 0.000000 0.000000 0.000000 0.000000
-523.250000 220.000000 0.000000 2.000000 0.000000 0.000000 0.000000 0.000000
-523.150000 220.000000 0.000000 2.000000 0.000000 0.000000 0.000000 0.000000
-523.050000 220.000000 0.000000 2.000000 0.000000 0.000000 0.000000 0.000000
-522.950000 220.000000 0.000000 2.000000 0.000000 0.000000 0.000000 0.000000
-522.850000 220.000000 0.000000 2.000000 0.000000 0.000000 0.000000 0.000000
-522.750000 220.000000 0.000000 2.000000 0.000000 0.000000 0.000000 0.000000
-522.650000 220.000000 0.000000 2.000000 0.000000 0.000000 0.000000 0.000000
-522.550000 220.000000 0.000000 2.000000 0.000000 0.000000 0.000000 0.000000
-522.450000 220.000000 0.000000 2.000000 0.000000 0.000000 0.000000 0.000000
-522.350000 220.000000 0.000000 2.000000 0.000000 0.000000 0.000000 0.000000
-522.250000 220.000000 0.000000 2.000000 0.000000 0.000000 0.000000 0.000000
-522.150000 220.000000 0.000000 2.000000 0.000000 0.000000 0.000000 0.000000
-522.050000 220.000000 0.000000 2.000000 0.000000 0.000000 0.000000 0.000000
-521.950000 220.000000 0.000000 2.000000 0.000000 0.000000 0.000000 0.000000
-521.850000 220.000000 0.000000 2.000000 0.000000 0.000000 0.000000 0.000000
-521.750000 220.000000 0.000000 2.000000 0.000000 0.000000 0.000000 0.000000
-521.650000 220.000000 0.000000 2.000000 0.000000 0.000000 0.000000 0.000000
-521.550000 220.000000 0.000000 2.000000 0.000000 0.000000 0.000000 0.000000
-521.450000 220.000000 0.000000 2.000000 0.000000 0.000000 0.000000 0.000000
-521.350000 220.000000 0.000000 2.000000 0.000000 0.000000 0.000000 0.000000
-521.250000 220.000000 0.000000 2.000000 0.000000 0.000000 0.000000 0.000000
-521.150000 220.000000 0.000000 2.000000 0.000000 0.000000 0.000000 0.000000
-521.050000 220.000000 0.000000 2.000000 0.000000 0.000000 0.000000 0.000000
-520.950000 220.000000 0.000000 2.000000 0.000000 0.000000 0.000000 0.000000
-520.850000 220.000000 0.000000 2.000000 0.000000 0.000000 0.000000 0.000000
-520.750000 220.000000 0.000000 2.000000 0.000000 0.000000 0.000000 0.000000
-520.650000 220.000000 0.000000 2.000000 0.000000 0.000000 0.000000 0.000000
-520.550000 220.000000 0.000000 2.000000 0.000000 0.000000 0.000000 0.000000
-520.450000 220.000000 0.000000 2.000000 0.000000 0.000000 0.000000 0.000000
-520.350000 220.000000 0.000000 2.000000 0.000000 0.000000 0.000000 0.000000
-520.250000 220.000000 0.000000 2.000000 0.000000 0.000000 0.000000 0.000000
-520.150000 220.000000 0.000000 2.000000 0.000000 0.000000 0.000000 0.000000
-520.050000 220.000000 0.000000 2.000000 0.000000 0.000000 0.000000 0.000000
-519.950000 220.000000 0.000000 2.000000 0.000000 0.000000 0.000000 0.000000
-519.890001 220.000377 0.006283 1.199976 0.007540 0.125664 0.000000 0.000000
-519.830006 220.001131 0.012566 1.199976 0.007540 0.125664 0.000000 0.000000
-519.770017 220.002262 0.018850 1.199976 0.007540 0.125664 0.000000 0.000000
-519.710036 220.003770 0.025133 1.199976 0.007540 0.125664 0.000000 0.000000
-519.650065 220.005654 0.031416 1.199976 0.007540 0.125664 0.000000 0.000000
-519.590108 220.007916 0.037699 1.199976 0.007540 0.125664 0.000000 0.000000
-519.530166 220.010554 0.043982 1.199976 0.007540 0.125664 0.000000 0.000000
-519.470242 220.013568 0.050265 1.199976 0.007540 0.125664 0.000000 0.000000
-519.410337 220.016960 0.056549 1.199976 0.007540 0.125664 0.000000 0.000000
-519.350456 220.020727 0.062832 1.199976 0.007540 0.125664 0.000000 0.000000
-519.290599 220.024871 0.069115 1.199976 0.007540 0.125664 0.000000 0.000000
-519.230770 220.029390 0.075398 1.199976 0.007540 0.125664 0.000000 0.000000
-519.170970 220.034286 0.081681 1.199976 0.007540 0.125664 0.000000 0.000000
-519.111202 220.039557 0.087965 1.199976 0.007540 0.125664 0.000000 0.000000
-519.051468 220.045203 0.094248 1.199976 0.007540 0.125664 0.000000 0.000000
-518.991771 220.051225 0.100531 1.199976 0.007540 0.125664 0.000000 0.000000
-518.932113 220.057622 0.106814 1.199976 0.007540 0.125664 0.000000 0.000000
-518.872496 220.064393 0.113097 1.199976 0.007540 0.125664 0.000000 0.000000
-518.812923 220.071539 0.119381 1.199976 0.007540 0.125664 0.000000 0.000000
-518.753396 220.079059 0.125664 1.199976 0.007540 0.125664 0.000000 0.000000
-518.693918 220.086953 0.131947 1.199976 0.007540 0.125664 0.000000 0.000000
-518.634490 220.095220 0.138230 1.199976 0.007540 0.125664 0.000000 0.000000
-518.575116 220.103861 0.144513 1.199976 0.007540 0.125664 0.000000 0.000000
-518.515796 220.112874 0.150796 1.199976 0.007540 0.125664 0.000000 0.000000
-518.456535 220.122260 0.157080 1.199976 0.007540 0.125664 0.000000 0.000000
-518.397334 220.132019 0.163363 1.199976 0.007540 0.125664 0.000000 0.000000
-518.338195 220.142149 0.169646 1.199976 0.007540 0.125664 0.000000 0.000000
-518.279121 220.152650 0.175929 1.199976 0.007540 0.125664 0.000000 0.000000
-518.220115 220.163522 0.182212 1.199976 0.007540 0.125664 0.000000 0.000000
-518.161178 220.174765 0.188496 1.199976 0.007540 0.125664 0.000000 0.000000
-518.102312 220.186378 0.194779 1.199976 0.007540 0.125664 0.000000 0.000000
-518.043521 220.198361 0.201062 1.199976 0.007540 0.125664 0.000000 0.000000
-517.984806 220.210713 0.207345 1.199976 0.007540 0.125664 0.000000 0.000000
-517.926170 220.223433 0.213628 1.199976 0.007540 0.125664 0.000000 0.000000
-517.867615 220.236522 0.219911 1.199976 0.007540 0.125664 0.000000 0.000000
-517.809143 220.249978 0.226195 1.199976 0.007540 0.125664 0.000000 0.000000
-517.750757 220.263801 0.232478 1.199976 0.007540 0.125664 0.000000 0.000000
-517.692459 220.277991 0.238761 1.199976 0.007540 0.125664 0.000000 0.000000
-517.634252 220.292547 0.245044 1.199976 0.007540 0.125664 0.000000 0.000000
-517.576137 220.307468 0.251327 1.199976 0.007540 0.125664 0.000000 0.000000
-517.518117 220.322755 0.257611 1.199976 0.007540 0.125664 0.000000 0.000000
-517.460194 220.338405 0.263894 1.199976 0.007540 0.125664 0.000000 0.000000
-517.402370 220.354419 0.270177 1.199976 0.007540 0.125664 0.000000 0.000000
-517.344649 220.370796 0.276460 1.199976 0.007540 0.125664 0.000000 0.000000
-517.287031 220.387536 0.282743 1.199976 0.007540 0.125664 0.000000 0.000000
-517.229520 220.404637 0.289027 1.199976 0.007540 0.125664 0.000000 0.000000
-517.172117 220.422099 0.295310 1.199976 0.007540 0.125664 0.000000 0.000000
-517.114825 220.439922 0.301593 1.199976 0.007540 0.125664 0.000000 0.000000
-517.057646 220.458104 0.307876 1.199976 0.007540 0.125664 0.000000 0.000000
-517.000583 220.476645 0.314159 1.199976 0.007540 0.125664 0.000000 0.000000
-516.943637 220.495544 0.320442 1.199976 0.007540 0.125664 0.000000 0.000000
-516.886811 220.514801 0.326726 1.199976 0.007540 0.125664 0.000000 0.000000
-516.830108 220.534414 0.333009 1.199976 0.007540 0.125664 0.000000 0.000000
-516.773528 220.554383 0.339292 1.199976 0.007540 0.125664 0.000000 0.000000
-516.717075 220.574707 0.345575 1.199976 0.007540 0.125664 0.000000 0.000000
-516.660751 220.595386 0.351858 1.199976 0.007540 0.125664 0.000000 0.000000
-516.604558 220.616418 0.358142 1.199976 0.007540 0.125664 0.000000 0.000000
-516.548499 220.637803 0.364425 1.199976 0.007540 0.125664 0.000000 0.000000
-516.492574 220.659539 0.370708 1.199976 0.007540 0.125664 0.000000 0.000000
-516.436788 220.681627 0.376991 1.199976 0.007540 0.125664 0.000000 0.000000
-516.381141 220.704064 0.383274 1.199976 0.007540 0.125664 0.000000 0.000000
-516.325636 220.726851 0.389557 1.199976 0.007540 0.125664 0.000000 0.000000
-516.270276 220.749986 0.395841 1.199976 0.007540 0.125664 0.000000 0.000000
-516.215062 220.773468 0.402124 1.199976 0.007540 0.125664 0.000000 0.000000
-516.159997 220.797297 0.408407 1.199976 0.007540 0.125664 0.000000 0.000000
-516.105082 220.821472 0.414690 1.199976 0.007540 0.125664 0.000000 0.000000
-516.050321 220.845991 0.420973 1.199976 0.007540 0.125664 0.000000 0.000000
-515.995715 220.870853 0.427257 1.199976 0.007540 0.125664 0.000000 0.000000
-515.941265 220.896058 0.433540 1.199976 0.007540 0.125664 0.000000 0.000000
-515.886976 220.921605 0.439823 1.199976 0.007540 0.125664 0.000000 0.000000
-515.832848 220.947492 0.446106 1.199976 0.007540 0.125664 0.000000 0.000000
-515.778883 220.973719 0.452389 1.199976 0.007540 0.125664 0.000000 0.000000
-515.725085 221.000285 0.458673 1.199976 0.007540 0.125664 0.000000 0.000000
-515.671455 221.027188 0.464956 1.199976 0.007540 0.125664 0.000000 0.000000
-515.617994 221.054427 0.471239 1.199976 0.007540 0.125664 0.000000 0.000000
-515.564706 221.082002 0.477522 1.199976 0.007540 0.125664 0.000000 0.000000
-515.511592 221.109911 0.483805 1.199976 0.007540 0.125664 0.000000 0.000000
-515.458655 221.138153 0.490088 1.199976 0.007540 0.125664 0.000000 0.000000
-515.405896 221.166728 0.496372 1.199976 0.007540 0.125664 0.000000 0.000000
-515.353317 221.195633 0.502655 1.199976 0.007540 0.125664 0.000000 0.000000
-515.300921 221.224868 0.508938 1.199976 0.007540 0.125664 0.000000 0.000000
-515.248710 221.254432 0.515221 1.199976 0.007540 0.125664 0.000000 0.000000
-515.196686 221.284323 0.521504 1.199976 0.007540 0.125664 0.000000 0.000000
-515.144851 221.314540 0.527788 1.199976 0.007540 0.125664 0.000000 0.000000
-515.093206 221.345083 0.534071 1.199976 0.007540 0.125664 0.000000 0.000000
-515.041755 221.375949 0.540354 1.199976 0.007540 0.125664 0.000000 0.000000
-514.990498 221.407138 0.546637 1.199976 0.007540 0.125664 0.000000 0.000000
-514.939438 221.438648 0.552920 1.199976 0.007540 0.125664 0.000000 0.000000
-514.888578 221.470479 0.559203 1.199976 0.007540 0.125664 0.000000 0.000000
-514.837918 221.502629 0.565487 1.199976 0.007540 0.125664 0.000000 0.000000
-514.787461 221.535096 0.571770 1.199976 0.007540 0.125664 0.000000 0.000000
-514.737210 221.567880 0.578053 1.199976 0.007540 0.125664 0.000000 0.000000
-514.687165 221.600978 0.584336 1.199976 0.007540 0.125664 0.000000 0.000000
-514.637329 221.634391 0.590619 1.199976 0.007540 0.125664 0.000000 0.000000
-514.587704 221.668116 0.596903 1.199976 0.007540 0.125664 0.000000 0.000000
-514.538292 221.702152 0.603186 1.199976 0.007540 0.125664 0.000000 0.000000
-514.489095 221.736498 0.609469 1.199976 0.007540 0.125664 0.000000 0.000000
-514.440115 221.771152 0.615752 1.199976 0.007540 0.125664 0.000000 0.000000
-514.391353 221.806114 0.622035 1.199976 0.007540 0.125664 0.000000 0.000000
-514.342812 221.841381 0.628319 1.199976 0.007540 0.125664 0.000000 0.000000
-514.294494 221.876952 0.634602 1.199976 0.007540 0.125664 0.000000 0.000000
-514.246400 221.912827 0.640885 1.199976 0.007540 0.125664 0.000000 0.000000
-514.198532 221.949002 0.647168 1.199976 0.007540 0.125664 0.000000 0.000000
-514.150893 221.985478 0.653451 1.199976 0.007540 0.125664 0.000000 0.000000
-514.103483 222.022253 0.659734 1.199976 0.007540 0.125664 0.000000 0.000000
-514.056306 222.059324 0.666018 1.199976 0.007540 0.125664 0.000000 0.000000
-514.009363 222.096691 0.672301 1.199976 0.007540 0.125664 0.000000 0.000000
-513.962655 222.134353 0.678584 1.199976 0.007540 0.125664 0.000000 0.000000
-513.916185 222.172307 0.684867 1.199976 0.007540 0.125664 0.000000 0.000000
-513.869954 222.210553 0.691150 1.199976 0.007540 0.125664 0.000000 0.000000
-513.823964 222.249088 0.697434 1.199976 0.007540 0.125664 0.000000 0.000000
-513.778218 222.287911 0.703717 1.199976 0.007540 0.125664 0.000000 0.000000
-513.732716 222.327021 0.710000 1.199976 0.007540 0.125664 0.000000 0.000000
-513.687461 222.366416 0.716283 1.199976 0.007540 0.125664 0.000000 0.000000
-513.642454 222.406095 0.722566 1.199976 0.007540 0.125664 0.000000 0.000000
-513.597698 222.446056 0.728849 1.199976 0.007540 0.125664 0.000000 0.000000
-513.553193 222.486297 0.735133 1.199976 0.007540 0.125664 0.000000 0.000000
-513.508943 222.526817 0.741416 1.199976 0.007540 0.125664 0.000000 0.000000
-513.464947 222.567614 0.747699 1.199976 0.007540 0.125664 0.000000 0.000000
-513.421209 222.608687 0.753982 1.199976 0.007540 0.125664 0.000000 0.000000
-513.377730 222.650034 0.760265 1.199976 0.007540 0.125664 0.000000 0.000000
-513.334511 222.691653 0.766549 1.199976 0.007540 0.125664 0.000000 0.000000
-513.291555 222.733543 0.772832 1.199976 0.007540 0.125664 0.000000 0.000000
-513.248863 222.775702 0.779115 1.199976 0.007540 0.125664 0.000000 0.000000
-513.206437 222.818128 0.785398 1.199976 0.007540 0.125664 0.000000 0.000000
-513.164278 222.860820 0.791681 1.199976 0.007540 0.125664 0.000000 0.000000
-513.122388 222.903777 0.797965 1.199976 0.007540 0.125664 0.000000 0.000000
-513.080769 222.946995 0.804248 1.199976 0.007540 0.125664 0.000000 0.000000
-513.039422 222.990474 0.810531 1.199976 0.007540 0.125664 0.000000 0.000000
-512.998349 223.034212 0.816814 1.199976 0.007540 0.125664 0.000000 0.000000
-512.957552 223.078208 0.823097 1.199976 0.007540 0.125664 0.000000 0.000000
-512.917032 223.122459 0.829380 1.199976 0.007540 0.125664 0.000000 0.000000
-512.876791 223.166963 0.835664 1.199976 0.007540 0.125664 0.000000 0.000000
-512.836830 223.211719 0.841947 1.199976 0.007540 0.125664 0.000000 0.000000
-512.797151 223.256726 0.848230 1.199976 0.007540 0.125664 0.000000 0.000000
-512.757756 223.301981 0.854513 1.199976 0.007540 0.125664 0.000000 0.000000
-512.718646 223.347483 0.860796 1.199976 0.007540 0.125664 0.000000 0.000000
-512.679823 223.393229 0.867080 1.199976 0.007540 0.125664 0.000000 0.000000
-512.641287 223.439219 0.873363 1.199976 0.007540 0.125664 0.000000 0.000000
-512.603042 223.485450 0.879646 1.199976 0.007540 0.125664 0.000000 0.000000
-512.565088 223.531920 0.885929 1.199976 0.007540 0.125664 0.000000 0.000000
-512.527426 223.578628 0.892212 1.199976 0.007540 0.125664 0.000000 0.000000
-512.490059 223.625571 0.898495 1.199976 0.007540 0.125664 0.000000 0.000000
-512.452987 223.672749 0.904779 1.199976 0.007540 0.125664 0.000000 0.000000
-512.416213 223.720158 0.911062 1.199976 0.007540 0.125664 0.000000 0.000000
-512.379737 223.767797 0.917345 1.199976 0.007540 0.125664 0.000000 0.000000
-512.343561 223.815665 0.923628 1.199976 0.007540 0.125664 0.000000 0.000000
-512.307687 223.863759 0.929911 1.199976 0.007540 0.125664 0.000000 0.000000
-512.272116 223.912077 0.936195 1.199976 0.007540 0.125664 0.000000 0.000000
-512.236849 223.960618 0.942478 1.199976 0.007540 0.125664 0.000000 0.000000
-512.201887 224.009380 0.948761 1.199976 0.007540 0.125664 0.000000 0.000000
-512.167233 224.058360 0.955044 1.199976 0.007540 0.125664 0.000000 0.000000
-512.132887 224.107558 0.961327 1.199976 0.007540 0.125664 0.000000 0.000000
-512.098851 224.156970 0.967611 1.199976 0.007540 0.125664 0.000000 0.000000
-512.065126 224.206594 0.973894 1.199976 0.007540 0.125664 0.000000 0.000000
-512.031713 224.256430 0.980177 1.199976 0.007540 0.125664 0.000000 0.000000
-511.998614 224.306475 0.986460 1.199976 0.007540 0.125664 0.000000 0.000000
-511.965831 224.356727 0.992743 1.199976 0.007540 0.125664 0.000000 0.000000
-511.933364 224.407183 0.999026 1.199976 0.007540 0.125664 0.000000 0.000000
-511.901214 224.457843 1.005310 1.199976 0.007540 0.125664 0.000000 0.000000
-511.869383 224.508704 1.011593 1.199976 0.007540 0.125664 0.000000 0.000000
-511.837873 224.559763 1.017876 1.199976 0.007540 0.125664 0.000000 0.000000
-511.806684 224.611020 1.024159 1.199976 0.007540 0.125664 0.000000 0.000000
-511.775817 224.662471 1.030442 1.199976 0.007540 0.125664 0.000000 0.000000
-511.745275 224.714116 1.036726 1.199976 0.007540 0.125664 0.000000 0.000000
-511.715058 224.765951 1.043009 1.199976 0.007540 0.125664 0.000000 0.000000
-511.685166 224.817976 1.049292 1.199976 0.007540 0.125664 0.000000 0.000000
-511.655603 224.870187 1.055575 1.199976 0.007540 0.125664 0.000000 0.000000
-511.626368 224.922582 1.061858 1.199976 0.007540 0.125664 0.000000 0.000000
-511.597463 224.975161 1.068142 1.199976 0.007540 0.125664 0.000000 0.000000
-511.568888 225.027920 1.074425 1.199976 0.007540 0.125664 0.000000 0.000000
-511.540646 225.080857 1.080708 1.199976 0.007540 0.125664 0.000000 0.000000
-511.512737 225.133971 1.086991 1.199976 0.007540 0.125664 0.000000 0.000000
-511.485162 225.187259 1.093274 1.199976 0.007540 0.125664 0.000000 0.000000
-511.457923 225.240720 1.099557 1.199976 0.007540 0.125664 0.000000 0.000000
-511.431020 225.294350 1.105841 1.199976 0.007540 0.125664 0.000000 0.000000
-511.404454 225.348149 1.112124 1.199976 0.007540 0.125664 0.000000 0.000000
-511.378227 225.402113 1.118407 1.199976 0.007540 0.125664 0.000000 0.000000
-511.352340 225.456241 1.124690 1.199976 0.007540 0.125664 0.000000 0.000000
-511.326793 225.510531 1.130973 1.199976 0.007540 0.125664 0.000000 0.000000
-511.301588 225.564980 1.137257 1.199976 0.007540 0.125664 0.000000 0.000000
-511.276725 225.619586 1.143540 1.199976 0.007540 0.125664 0.000000 0.000000
-511.252207 225.674348 1.149823 1.199976 0.007540 0.125664 0.000000 0.000000
-511.228032 225.729262 1.156106 1.199976 0.007540 0.125664 0.000000 0.000000
-511.204203 225.784327 1.162389 1.199976 0.007540 0.125664 0.000000 0.000000
-511.180721 225.839541 1.168672 1.199976 0.007540 0.125664 0.000000 0.000000
-511.157586 225.894902 1.174956 1.199976 0.007540 0.125664 0.000000 0.000000
-511.134799 225.950406 1.181239 1.199976 0.007540 0.125664 0.000000 0.000000
-511.112362 226.006053 1.187522 1.199976 0.007540 0.125664 0.000000 0.000000
-511.090274 226.061839 1.193805 1.199976 0.007540 0.125664 0.000000 0.000000
-511.068538 226.117764 1.200088 1.199976 0.007540 0.125664 0.000000 0.000000
-511.047153 226.173823 1.206372 1.199976 0.007540 0.125664 0.000000 0.000000
-511.026121 226.230016 1.212655 1.199976 0.007540 0.125664 0.000000 0.000000
-511.005442 226.286341 1.218938 1.199976 0.007540 0.125664 0.000000 0.000000
-510.985118 226.342793 1.225221 1.199976 0.007540 0.125664 0.000000 0.000000
-510.965149 226.399373 1.231504 1.199976 0.007540 0.125664 0.000000 0.000000
-510.945535 226.456077 1.237788 1.199976 0.007540 0.125664 0.000000 0.000000
-510.926279 226.512902 1.244071 1.199976 0.007540 0.125664 0.000000 0.000000
-510.907380 226.569848 1.250354 1.199976 0.007540 0.125664 0.000000 0.000000
-510.888839 226.626912 1.256637 1.199976 0.007540 0.125664 0.000000 0.000000
-510.870657 226.684090 1.262920 1.199976 0.007540 0.125664 0.000000 0.000000
-510.852834 226.741382 1.269203 1.199976 0.007540 0.125664 0.000000 0.000000
-510.835372 226.798785 1.275487 1.199976 0.007540 0.125664 0.000000 0.000000
-510.818271 226.856296 1.281770 1.199976 0.007540 0.125664 0.000000 0.000000
-510.801531 226.913914 1.288053 1.199976 0.007540 0.125664 0.000000 0.000000
-510.785154 226.971636 1.294336 1.199976 0.007540 0.125664 0.000000 0.000000
-510.769140 227.029459 1.300619 1.199976 0.007540 0.125664 0.000000 0.000000
-510.753489 227.087382 1.306903 1.199976 0.007540 0.125664 0.000000 0.000000
-510.738203 227.145402 1.313186 1.199976 0.007540 0.125664 0.000000 0.000000
-510.723282 227.203517 1.319469 1.199976 0.007540 0.125664 0.000000 0.000000
-510.708726 227.261725 1.325752 1.199976 0.007540 0.125664 0.000000 0.000000
-510.694536 227.320022 1.332035 1.199976 0.007540 0.125664 0.000000 0.000000
-510.680713 227.378408 1.338318 1.199976 0.007540 0.125664 0.000000 0.000000
-510.667256 227.436880 1.344602 1.199976 0.007540 0.125664 0.000000 0.000000
-510.654168 227.495435 1.350885 1.199976 0.007540 0.125664 0.000000 0.000000
-510.641447 227.554071 1.357168 1.199976 0.007540 0.125664 0.000000 0.000000
-510.629096 227.612786 1.363451 1.199976 0.007540 0.125664 0.000000 0.000000
-510.617113 227.671577 1.369734 1.199976 0.007540 0.125664 0.000000 0.000000
-510.605500 227.730443 1.376018 1.199976 0.007540 0.125664 0.000000 0.000000
-510.594257 227.789380 1.382301 1.199976 0.007540 0.125664 0.000000 0.000000
-510.583385 227.848387 1.388584 1.199976 0.007540 0.125664 0.000000 0.000000
-510.572883 227.907460 1.394867 1.199976 0.007540 0.125664 0.000000 0.000000
-510.562753 227.966599 1.401150 1.199976 0.007540 0.125664 0.000000 0.000000
-510.552995 228.025800 1.407434 1.199976 0.007540 0.125664 0.000000 0.000000
-510.543609 228.085062 1.413717 1.199976 0.007540 0.125664 0.000000 0.000000
-510.534596 228.144381 1.420000 1.199976 0.007540 0.125664 0.000000 0.000000
-510.525955 228.203755 1.426283 1.199976 0.007540 0.125664 0.000000 0.000000
-510.517687 228.263183 1.432566 1.199976 0.007540 0.125664 0.000000 0.000000
-510.509794 228.322661 1.438849 1.199976 0.007540 0.125664 0.000000 0.000000
-510.502274 228.382188 1.445133 1.199976 0.007540 0.125664 0.000000 0.000000
-510.495128 228.441761 1.451416 1.199976 0.007540 0.125664 0.000000 0.000000
-510.488356 228.501378 1.457699 1.199976 0.007540 0.125664 0.000000 0.000000
-510.481960 228.561036 1.463982 1.199976 0.007540 0.125664 0.000000 0.000000
-510.475938 228.620733 1.470265 1.199976 0.007540 0.125664 0.000000 0.000000
-510.470292 228.680467 1.476549 1.199976 0.007540 0.125664 0.000000 0.000000
-510.465020 228.740235 1.482832 1.199976 0.007540 0.125664 0.000000 0.000000
-510.460125 228.800035 1.489115 1.199976 0.007540 0.125664 0.000000 0.000000
-510.455605 228.859864 1.495398 1.199976 0.007540 0.125664 0.000000 0.000000
-510.451462 228.919721 1.501681 1.199976 0.007540 0.125664 0.000000 0.000000
-510.447694 228.979603 1.507964 1.199976 0.007540 0.125664 0.000000 0.000000
-510.444303 229.039507 1.514248 1.199976 0.007540 0.125664 0.000000 0.000000
-510.441289 229.099431 1.520531 1.199976 0.007540 0.125664 0.000000 0.000000
-510.438651 229.159373 1.526814 1.199976 0.007540 0.125664 0.000000 0.000000
-510.436389 229.219330 1.533097 1.199976 0.007540 0.125664 0.000000 0.000000
-510.434504 229.279301 1.539380 1.199976 0.007540 0.125664 0.000000 0.000000
-510.432997 229.339282 1.545664 1.199976 0.007540 0.125664 0.000000 0.000000
-510.431866 229.399271 1.551947 1.199976 0.007540 0.125664 0.000000 0.000000
-510.431112 229.459266 1.558230 1.199976 0.007540 0.125664 0.000000 0.000000
-510.430735 229.519265 1.564513 1.199976 0.007540 0.125664 0.000000 0.000000
-510.430735 229.579265 1.570796 1.199976 0.007540 0.125664 0.000000 0.000000
-510.431112 229.639264 1.577080 1.199976 0.007540 0.125664 0.000000 0.000000
-510.431866 229.699259 1.583363 1.199976 0.007540 0.125664 0.000000 0.000000
-510.432997 229.759249 1.589646 1.199976 0.007540 0.125664 0.000000 0.000000
-510.434504 229.819230 1.595929 1.199976 0.007540 0.125664 0.000000 0.000000
-510.436389 229.879200 1.602212 1.199976 0.007540 0.125664 0.000000 0.000000
-510.438651 229.939157 1.608495 1.199976 0.007540 0.125664 0.000000 0.000000
-510.441289 229.999099 1.614779 1.199976 0.007540 0.125664 0.000000 0.000000
-510.444303 230.059024 1.621062 1.199976 0.007540 0.125664 0.000000 0.000000
-510.447694 230.118928 1.627345 1.199976 0.007540 0.125664 0.000000 0.000000
-510.451462 230.178809 1.633628 1.199976 0.007540 0.125664 0.000000 0.000000
-510.455605 230.238666 1.639911 1.199976 0.007540 0.125664 0.000000 0.000000
-510.460125 230.298496 1.646195 1.199976 0.007540 0.125664 0.000000 0.000000
-510.465020 230.358296 1.652478 1.199976 0.007540 0.125664 0.000000 0.000000
-510.470292 230.418064 1.658761 1.199976 0.007540 0.125664 0.000000 0.000000
-510.475938 230.477797 1.665044 1.199976 0.007540 0.125664 0.000000 0.000000
-510.481960 230.537494 1.671327 1.199976 0.007540 0.125664 0.000000 0.000000
-510.488356 230.597152 1.677610 1.199976 0.007540 0.125664 0.000000 0.000000
-510.495128 230.656769 1.683894 1.199976 0.007540 0.125664 0.000000 0.000000
-510.502274 230.716342 1.690177 1.199976 0.007540 0.125664 0.000000 0.000000
-510.509794 230.775869 1.696460 1.199976 0.007540 0.125664 0.000000 0.000000
-510.517687 230.835347 1.702743 1.199976 0.007540 0.125664 0.000000 0.000000
-510.525955 230.894775 1.709026 1.199976 0.007540 0.125664 0.000000 0.000000
-510.534596 230.954150 1.715310 1.199976 0.007540 0.125664 0.000000 0.000000
-510.543609 231.013469 1.721593 1.199976 0.007540 0.125664 0.000000 0.000000
-510.552995 231.072730 1.727876 1.199976 0.007540 0.125664 0.000000 0.000000
-510.562753 231.131931 1.734159 1.199976 0.007540 0.125664 0.000000 0.000000
-510.572883 231.191070 1.740442 1.199976 0.007540 0.125664 0.000000 0.000000
-510.583385 231.250144 1.746726 1.199976 0.007540 0.125664 0.000000 0.000000
-510.594257 231.309150 1.753009 1.199976 0.007540 0.125664 0.000000 0.000000
-510.605500 231.368088 1.759292 1.199976 0.007540 0.125664 0.000000 0.000000
-510.617113 231.426953 1.765575 1.199976 0.007540 0.125664 0.000000 0.000000
-510.629096 231.485744 1.771858 1.199976 0.007540 0.125664 0.000000 0.000000
-510.641447 231.544459 1.778141 1.199976 0.007540 0.125664 0.000000 0.000000
-510.654168 231.603095 1.784425 1.199976 0.007540 0.125664 0.000000 0.000000
-510.667256 231.661650 1.790708 1.199976 0.007540 0.125664 0.000000 0.000000
-510.680713 231.720122 1.796991 1.199976 0.007540 0.125664 0.000000 0.000000
-510.694536 231.778508 1.803274 1.199976 0.007540 0.125664 0.000000 0.000000
-510.708726 231.836806 1.809557 1.199976 0.007540 0.125664 0.000000 0.000000
-510.723282 231.895013 1.815841 1.199976 0.007540 0.125664 0.000000 0.000000
-510.738203 231.953128 1.822124 1.199976 0.007540 0.125664 0.000000 0.000000
-510.753489 232.011148 1.828407 1.199976 0.007540 0.125664 0.000000 0.000000
-510.769140 232.069071 1.834690 1.199976 0.007540 0.125664 0.000000 0.000000
-510.785154 232.126895 1.840973 1.199976 0.007540 0.125664 0.000000 0.000000
-510.801531 232.184616 1.847256 1.199976 0.007540 0.125664 0.000000 0.000000
-510.818271 232.242234 1.853540 1.199976 0.007540 0.125664 0.000000 0.000000
-510.835372 232.299745 1.859823 1.199976 0.007540 0.125664 0.000000 0.000000
-510.852834 232.357148 1.866106 1.199976 0.007540 0.125664 0.000000 0.000000
-510.870657 232.414440 1.872389 1.199976 0.007540 0.125664 0.000000 0.000000
-510.888839 232.471619 1.878672 1.199976 0.007540 0.125664 0.000000 0.000000
-510.907380 232.528682 1.884956 1.199976 0.007540 0.125664 0.000000 0.000000
-510.926279 232.585628 1.891239 1.199976 0.007540 0.125664 0.000000 0.000000
-510.945535 232.642454 1.897522 1.199976 0.007540 0.125664 0.000000 0.000000
-510.965149 232.699158 1.903805 1.199976 0.007540 0.125664 0.000000 0.000000
-510.985118 232.755737 1.910088 1.199976 0.007540 0.125664 0.000000 0.000000
-511.005442 232.812190 1.916372 1.199976 0.007540 0.125664 0.000000 0.000000
-511.026121 232.868514 1.922655 1.199976 0.007540 0.125664 0.000000 0.000000
-511.047153 232.924707 1.928938 1.199976 0.007540 0.125664 0.000000 0.000000
-511.068538 232.980767 1.935221 1.199976 0.007540 0.125664 0.000000 0.000000
-511.090274 233.036691 1.941504 1.199976 0.007540 0.125664 0.000000 0.000000
-511.112362 233.092477 1.947787 1.199976 0.007540 0.125664 0.000000 0.000000
-511.134799 233.148124 1.954071 1.199976 0.007540 0.125664 0.000000 0.000000
-511.157586 233.203629 1.960354 1.199976 0.007540 0.125664 0.000000 0.000000
-511.180721 233.258989 1.966637 1.199976 0.007540 0.125664 0.000000 0.000000
-511.204203 233.314203 1.972920 1.199976 0.007540 0.125664 0.000000 0.000000
-511.228032 233.369268 1.979203 1.199976 0.007540 0.125664 0.000000 0.000000
-511.252207 233.424183 1.985487 1.199976 0.007540 0.125664 0.000000 0.000000
-511.276725 233.478944 1.991770 1.199976 0.007540 0.125664 0.000000 0.000000
-511.301588 233.533551 1.998053 1.199976 0.007540 0.125664 0.000000 0.000000
-511.326793 233.588000 2.004336 1.199976 0.007540 0.125664 0.000000 0.000000
-511.352340 233.642289 2.010619 1.199976 0.007540 0.125664 0.000000 0.000000
-511.378227 233.696417 2.016902 1.199976 0.007540 0.125664 0.000000 0.000000
-511.404454 233.750382 2.023186 1.199976 0.007540 0.125664 0.000000 0.000000
-511.431020 233.804180 2.029469 1.199976 0.007540 0.125664 0.000000 0.000000
-511.457923 233.857811 2.035752 1.199976 0.007540 0.125664 0.000000 0.000000
-511.485162 233.911271 2.042035 1.199976 0.007540 0.125664 0.000000 0.000000
-511.512737 233.964559 2.048318 1.199976 0.007540 0.125664 0.000000 0.000000
-511.540646 234.017673 2.054602 1.199976 0.007540 0.125664 0.000000 0.000000
-511.568888 234.070611 2.060885 1.199976 0.007540 0.125664 0.000000 0.000000
-511.597463 234.123370 2.067168 1.199976 0.007540 0.125664 0.000000 0.000000
-511.626368 234.175948 2.073451 1.199976 0.007540 0.125664 0.000000 0.000000
-511.655603 234.228344 2.079734 1.199976 0.007540 0.125664 0.000000 0.000000
-511.685166 234.280555 2.086018 1.199976 0.007540 0.125664 0.000000 0.000000
-511.715058 234.332579 2.092301 1.199976 0.007540 0.125664 0.000000 0.000000
-511.745275 234.384414 2.098584 1.199976 0.007540 0.125664 0.000000 0.000000
-511.775817 234.436059 2.104867 1.199976 0.007540 0.125664 0.000000 0.000000
-511.806684 234.487510 2.111150 1.199976 0.007540 0.125664 0.000000 0.000000
-511.837873 234.538767 2.117433 1.199976 0.007540 0.125664 0.000000 0.000000
-511.869383 234.589827 2.123717 1.199976 0.007540 0.125664 0.000000 0.000000
-511.901214 234.640687 2.130000 1.199976 0.007540 0.125664 0.000000 0.000000
-511.933364 234.691347 2.136283 1.199976 0.007540 0.125664 0.000000 0.000000
-511.965831 234.741804 2.142566 1.199976 0.007540 0.125664 0.000000 0.000000
-511.998614 234.792056 2.148849 1.199976 0.007540 0.125664 0.000000 0.000000
-512.031713 234.842100 2.155133 1.199976 0.007540 0.125664 0.000000 0.000000
-512.065126 234.891936 2.161416 1.199976 0.007540 0.125664 0.000000 0.000000
-512.098851 234.941561 2.167699 1.199976 0.007540 0.125664 0.000000 0.000000
-512.132887 234.990973 2.173982 1.199976 0.007540 0.125664 0.000000 0.000000
-512.167233 235.040170 2.180265 1.199976 0.007540 0.125664 0.000000 0.000000
-512.201887 235.089150 2.186548 1.199976 0.007540 0.125664 0.000000 0.000000
-512.236849 235.137912 2.192832 1.199976 0.007540 0.125664 0.000000 0.000000
-512.272116 235.186453 2.199115 1.199976 0.007540 0.125664 0.000000 0.000000
-512.307687 235.234771 2.205398 1.199976 0.007540 0.125664 0.000000 0.000000
-512.343561 235.282865 2.211681 1.199976 0.007540 0.125664 0.000000 0.000000
-512.379737 235.330733 2.217964 1.199976 0.007540 0.125664 0.000000 0.000000
-512.416213 235.378372 2.224248 1.199976 0.007540 0.125664 0.000000 0.000000
-512.452987 235.425782 2.230531 1.199976 0.007540 0.125664 0.000000 0.000000
-512.490059 235.472959 2.236814 1.199976 0.007540 0.125664 0.000000 0.000000
-512.527426 235.519903 2.243097 1.199976 0.007540 0.125664 0.000000 0.000000
-512.565088 235.566610 2.249380 1.199976 0.007540 0.125664 0.000000 0.000000
-512.603042 235.613080 2.255664 1.199976 0.007540 0.125664 0.000000 0.000000
-512.641287 235.659311 2.261947 1.199976 0.007540 0.125664 0.000000 0.000000
-512.679823 235.705301 2.268230 1.199976 0.007540 0.125664 0.000000 0.000000
-512.718646 235.751047 2.274513 1.199976 0.007540 0.125664 0.000000 0.000000
-512.757756 235.796549 2.280796 1.199976 0.007540 0.125664 0.000000 0.000000
-512.797151 235.841804 2.287079 1.199976 0.007540 0.125664 0.000000 0.000000
-512.836830 235.886811 2.293363 1.199976 0.007540 0.125664 0.000000 0.000000
-512.876791 235.931567 2.299646 1.199976 0.007540 0.125664 0.000000 0.000000
-512.917032 235.976072 2.305929 1.199976 0.007540 0.125664 0.000000 0.000000
-512.957552 236.020323 2.312212 1.199976 0.007540 0.125664 0.000000 0.000000
-512.998349 236.064318 2.318495 1.199976 0.007540 0.125664 0.000000 0.000000
-513.039422 236.108056 2.324779 1.199976 0.007540 0.125664 0.000000 0.000000
-513.080769 236.151535 2.331062 1.199976 0.007540 0.125664 0.000000 0.000000
-513.122388 236.194754 2.337345 1.199976 0.007540 0.125664 0.000000 0.000000
-513.164278 236.237710 2.343628 1.199976 0.007540 0.125664 0.000000 0.000000
-513.206437 236.280402 2.349911 1.199976 0.007540 0.125664 0.000000 0.000000
-513.248863 236.322829 2.356194 1.199976 0.007540 0.125664 0.000000 0.000000
-513.291555 236.364988 2.362478 1.199976 0.007540 0.125664 0.000000 0.000000
-513.334511 236.406877 2.368761 1.199976 0.007540 0.125664 0.000000 0.000000
-513.377730 236.448497 2.375044 1.199976 0.007540 0.125664 0.000000 0.000000
-513.421209 236.489843 2.381327 1.199976 0.007540 0.125664 0.000000 0.000000
-513.464947 236.530916 2.387610 1.199976 0.007540 0.125664 0.000000 0.000000
-513.508943 236.571714 2.393894 1.199976 0.007540 0.125664 0.000000 0.000000
-513.553193 236.612233 2.400177 1.199976 0.007540 0.125664 0.000000 0.000000
-513.597698 236.652475 2.406460 1.199976 0.007540 0.125664 0.000000 0.000000
-513.642454 236.692435 2.412743 1.199976 0.007540 0.125664 0.000000 0.000000
-513.687461 236.732114 2.419026 1.199976 0.007540 0.125664 0.000000 0.000000
-513.732716 236.771509 2.425310 1.199976 0.007540 0.125664 0.000000 0.000000
-513.778218 236.810619 2.431593 1.199976 0.007540 0.125664 0.000000 0.000000
-513.823964 236.849443 2.437876 1.199976 0.007540 0.125664 0.000000 0.000000
-513.869954 236.887978 2.444159 1.199976 0.007540 0.125664 0.000000 0.000000
-513.916185 236.926223 2.450442 1.199976 0.007540 0.125664 0.000000 0.000000
-513.962655 236.964177 2.456725 1.199976 0.007540 0.125664 0.000000 0.000000
-514.009363 237.001839 2.463009 1.199976 0.007540 0.125664 0.000000 0.000000
-514.056306 237.039206 2.469292 1.199976 0.007540 0.125664 0.000000 0.000000
-514.103483 237.076278 2.475575 1.199976 0.007540 0.125664 0.000000 0.000000
-514.150893 237.113052 2.481858 1.199976 0.007540 0.125664 0.000000 0.000000
-514.198532 237.149528 2.488141 1.199976 0.007540 0.125664 0.000000 0.000000
-514.246400 237.185704 2.494425 1.199976 0.007540 0.125664 0.000000 0.000000
-514.294494 237.221578 2.500708 1.199976 0.007540 0.125664 0.000000 0.000000
-514.342812 237.257149 2.506991 1.199976 0.007540 0.125664 0.000000 0.000000
-514.391353 237.292417 2.513274 1.199976 0.007540 0.125664 0.000000 0.000000
-514.440115 237.327378 2.519557 1.199976 0.007540 0.125664 0.000000 0.000000
-514.489095 237.362032 2.525840 1.199976 0.007540 0.125664 0.000000 0.000000
-514.538292 237.396378 2.532124 1.199976 0.007540 0.125664 0.000000 0.000000
-514.587704 237.430414 2.538407 1.199976 0.007540 0.125664 0.000000 0.000000
-514.637329 237.464139 2.544690 1.199976 0.007540 0.125664 0.000000 0.000000
-514.687165 237.497552 2.550973 1.199976 0.007540 0.125664 0.000000 0.000000
-514.737210 237.530651 2.557256 1.199976 0.007540 0.125664 0.000000 0.000000
-514.787461 237.563434 2.563540 1.199976 0.007540 0.125664 0.000000 0.000000
-514.837918 237.595902 2.569823 1.199976 0.007540 0.125664 0.000000 0.000000
-514.888578 237.628051 2.576106 1.199976 0.007540 0.125664 0.000000 0.000000
-514.939438 237.659882 2.582389 1.199976 0.007540 0.125664 0.000000 0.000000
-514.990498 237.691392 2.588672 1.199976 0.007540 0.125664 0.000000 0.000000
-515.041755 237.722581 2.594956 1.199976 0.007540 0.125664 0.000000 0.000000
-515.093206 237.753448 2.601239 1.199976 0.007540 0.125664 0.000000 0.000000
-515.144851 237.783990 2.607522 1.199976 0.007540 0.125664 0.000000 0.000000
-515.196686 237.814208 2.613805 1.199976 0.007540 0.125664 0.000000 0.000000
-515.248710 237.844099 2.620088 1.199976 0.007540 0.125664 0.000000 0.000000
-515.300921 237.873662 2.626371 1.199976 0.007540 0.125664 0.000000 0.000000
-515.353317 237.902897 2.632655 1.199976 0.007540 0.125664 0.000000 0.000000
-515.405896 237.931803 2.638938 1.199976 0.007540 0.125664 0.000000 0.000000
-515.458655 237.960377 2.645221 1.199976 0.007540 0.125664 0.000000 0.000000
-515.511592 237.988619 2.651504 1.199976 0.007540 0.125664 0.000000 0.000000
-515.564706 238.016528 2.657787 1.199976 0.007540 0.125664 0.000000 0.000000
-515.617994 238.044103 2.664071 1.199976 0.007540 0.125664 0.000000 0.000000
-515.671455 238.071342 2.670354 1.199976 0.007540 0.125664 0.000000 0.000000
-515.725085 238.098245 2.676637 1.199976 0.007540 0.125664 0.000000 0.000000
-515.778883 238.124811 2.682920 1.199976 0.007540 0.125664 0.000000 0.000000
-515.832848 238.151038 2.689203 1.199976 0.007540 0.125664 0.000000 0.000000
-515.886976 238.176925 2.695486 1.199976 0.007540 0.125664 0.000000 0.000000
-515.941265 238.202472 2.701770 1.199976 0.007540 0.125664 0.000000 0.000000
-515.995715 238.227677 2.708053 1.199976 0.007540 0.125664 0.000000 0.000000
-516.050321 238.252540 2.714336 1.199976 0.007540 0.125664 0.000000 0.000000
-516.105082 238.277059 2.720619 1.199976 0.007540 0.125664 0.000000 0.000000
-516.159997 238.301233 2.726902 1.199976 0.007540 0.125664 0.000000 0.000000
-516.215062 238.325062 2.733186 1.199976 0.007540 0.125664 0.000000 0.000000
-516.270276 238.348544 2.739469 1.199976 0.007540 0.125664 0.000000 0.000000
-516.325636 238.371679 2.745752 1.199976 0.007540 0.125664 0.000000 0.000000
-516.381141 238.394466 2.752035 1.199976 0.007540 0.125664 0.000000 0.000000
-516.436788 238.416904 2.758318 1.199976 0.007540 0.125664 0.000000 0.000000
-516.492574 238.438991 2.764602 1.199976 0.007540 0.125664 0.000000 0.000000
-516.548499 238.460728 2.770885 1.199976 0.007540 0.125664 0.000000 0.000000
-516.604558 238.482112 2.777168 1.199976 0.007540 0.125664 0.000000 0.000000
-516.660751 238.503144 2.783451 1.199976 0.007540 0.125664 0.000000 0.000000
-516.717075 238.523823 2.789734 1.199976 0.007540 0.125664 0.000000 0.000000
-516.773528 238.544147 2.796017 1.199976 0.007540 0.125664 0.000000 0.000000
-516.830108 238.564116 2.802301 1.199976 0.007540 0.125664 0.000000 0.000000
-516.886811 238.583730 2.808584 1.199976 0.007540 0.125664 0.000000 0.000000
-516.943637 238.602986 2.814867 1.199976 0.007540 0.125664 0.000000 0.000000
-517.000583 238.621886 2.821150 1.199976 0.007540 0.125664 0.000000 0.000000
-517.057646 238.640427 2.827433 1.199976 0.007540 0.125664 0.000000 0.000000
-517.114825 238.658609 2.833717 1.199976 0.007540 0.125664 0.000000 0.000000
-517.172117 238.676431 2.840000 1.199976 0.007540 0.125664 0.000000 0.000000
-517.229520 238.693893 2.846283 1.199976 0.007540 0.125664 0.000000 0.000000
-517.287031 238.710994 2.852566 1.199976 0.007540 0.125664 0.000000 0.000000
-517.344649 238.727734 2.858849 1.199976 0.007540 0.125664 0.000000 0.000000
-517.402370 238.744111 2.865133 1.199976 0.007540 0.125664 0.000000 0.000000
-517.460194 238.760125 2.871416 1.199976 0.007540 0.125664 0.000000 0.000000
-517.518117 238.775776 2.877699 1.199976 0.007540 0.125664 0.000000 0.000000
-517.576137 238.791062 2.883982 1.199976 0.007540 0.125664 0.000000 0.000000
-517.634252 238.805983 2.890265 1.199976 0.007540 0.125664 0.000000 0.000000
-517.692459 238.820539 2.896548 1.199976 0.007540 0.125664 0.000000 0.000000
-517.750757 238.834729 2.902832 1.199976 0.007540 0.125664 0.000000 0.000000
-517.809143 238.848553 2.909115 1.199976 0.007540 0.125664 0.000000 0.000000
-517.867615 238.862009 2.915398 1.199976 0.007540 0.125664 0.000000 0.000000
-517.926170 238.875097 2.921681 1.199976 0.007540 0.125664 0.000000 0.000000
-517.984806 238.887818 2.927964 1.199976 0.007540 0.125664 0.000000 0.000000
-518.043521 238.900170 2.934248 1.199976 0.007540 0.125664 0.000000 0.000000
-518.102312 238.912152 2.940531 1.199976 0.007540 0.125664 0.000000 0.000000
-518.161178 238.923765 2.946814 1.199976 0.007540 0.125664 0.000000 0.000000
-518.220115 238.935008 2.953097 1.199976 0.007540 0.125664 0.000000 0.000000
-518.279121 238.945880 2.959380 1.199976 0.007540 0.125664 0.000000 0.000000
-518.338195 238.956382 2.965663 1.199976 0.007540 0.125664 0.000000 0.000000
-518.397334 238.966512 2.971947 1.199976 0.007540 0.125664 0.000000 0.000000
-518.456535 238.976270 2.978230 1.199976 0.007540 0.125664 0.000000 0.000000
-518.515796 238.985656 2.984513 1.199976 0.007540 0.125664 0.000000 0.000000
-518.575116 238.994670 2.990796 1.199976 0.007540 0.125664 0.000000 0.000000
-518.634490 239.003310 2.997079 1.199976 0.007540 0.125664 0.000000 0.000000
-518.693918 239.011578 3.003363 1.199976 0.007540 0.125664 0.000000 0.000000
-518.753396 239.019472 3.009646 1.199976 0.007540 0.125664 0.000000 0.000000
-518.812923 239.026992 3.015929 1.199976 0.007540 0.125664 0.000000 0.000000
-518.872496 239.034137 3.022212 1.199976 0.007540 0.125664 0.000000 0.000000
-518.932113 239.040909 3.028495 1.199976 0.007540 0.125664 0.000000 0.000000
-518.991771 239.047305 3.034779 1.199976 0.007540 0.125664 0.000000 0.000000
-519.051468 239.053327 3.041062 1.199976 0.007540 0.125664 0.000000 0.000000
-519.111202 239.058974 3.047345 1.199976 0.007540 0.125664 0.000000 0.000000
-519.170970 239.064245 3.053628 1.199976 0.007540 0.125664 0.000000 0.000000
-519.230770 239.069140 3.059911 1.199976 0.007540 0.125664 0.000000 0.000000
-519.290599 239.073660 3.066194 1.199976 0.007540 0.125664 0.000000 0.000000
-519.350456 239.077803 3.072478 1.199976 0.007540 0.125664 0.000000 0.000000
-519.410337 239.081571 3.078761 1.199976 0.007540 0.125664 0.000000 0.000000
-519.470242 239.084962 3.085044 1.199976 0.007540 0.125664 0.000000 0.000000
-519.530166 239.087977 3.091327 1.199976 0.007540 0.125664 0.000000 0.000000
-519.590108 239.090615 3.097610 1.199976 0.007540 0.125664 0.000000 0.000000
-519.650065 239.092876 3.103894 1.199976 0.007540 0.125664 0.000000 0.000000
-519.710036 239.094761 3.110177 1.199976 0.007540 0.125664 0.000000 0.000000
-519.770017 239.096268 3.116460 1.199976 0.007540 0.125664 0.000000 0.000000
-519.830006 239.097399 3.122743 1.199976 0.007540 0.125664 0.000000 0.000000
-519.890001 239.098153 3.129026 1.199976 0.007540 0.125664 0.000000 0.000000
-519.950000 239.098530 3.135309 1.199976 0.007540 0.125664 0.000000 0.000000
-520.010000 239.098530 3.141593 1.199976 0.007540 0.125664 0.000000 0.000000
-520.110000 239.098530 3.141593 2.000000 0.000000 0.000000 0.000000 0.000000
-520.210000 239.098530 3.141593 2.000000 0.000000 0.000000 0.000000 0.000000
-520.310000 239.098530 3.141593 2.000000 0.000000 0.000000 0.000000 0.000000
-520.410000 239.098530 3.141593 2.000000 0.000000 0.000000 0.000000 0.000000
-520.510000 239.098530 3.141593 2.000000 0.000000 0.000000 0.000000 0.000000
-520.610000 239.098530 3.141593 2.000000 0.000000 0.000000 0.000000 0.000000
-520.710000 239.098530 3.141593 2.000000 0.000000 0.000000 0.000000 0.000000
-520.810000 239.098530 3.141593 2.000000 0.000000 0.000000 0.000000 0.000000
-520.910000 239.098530 3.141593 2.000000 0.000000 0.000000 0.000000 0.000000
-521.010000 239.098530 3.141593 2.000000 0.000000 0.000000 0.000000 0.000000
-521.110000 239.098530 3.141593 2.000000 0.000000 0.000000 0.000000 0.000000
-521.210000 239.098530 3.141593 2.000000 0.000000 0.000000 0.000000 0.000000
-521.310000 239.098530 3.141593 2.000000 0.000000 0.000000 0.000000 0.000000
-521.410000 239.098530 3.141593 2.000000 0.000000 0.000000 0.000000 0.000000
-521.510000 239.098530 3.141593 2.000000 0.000000 0.000000 0.000000 0.000000
-521.610000 239.098530 3.141593 2.000000 0.000000 0.000000 0.000000 0.000000
-521.710000 239.098530 3.141593 2.000000 0.000000 0.000000 0.000000 0.000000
-521.810000 239.098530 3.141593 2.000000 0.000000 0.000000 0.000000 0.000000
-521.910000 239.098530 3.141593 2.000000 0.000000 0.000000 0.000000 0.000000
-522.010000 239.098530 3.141593 2.000000 0.000000 0.000000 0.000000 0.000000
-522.110000 239.098530 3.141593 2.000000 0.000000 0.000000 0.000000 0.000000
-522.210000 239.098530 3.141593 2.000000 0.000000 0.000000 0.000000 0.000000
-522.310000 239.098530 3.141593 2.000000 0.000000 0.000000 0.000000 0.000000
-522.410000 239.098530 3.141593 2.000000 0.000000 0.000000 0.000000 0.000000
-522.510000 239.098530 3.141593 2.000000 0.000000 0.000000 0.000000 0.000000
-522.610000 239.098530 3.141593 2.000000 0.000000 0.000000 0.000000 0.000000
-522.710000 239.098530 3.141593 2.000000 0.000000 0.000000 0.000000 0.000000
-522.810000 239.098530 3.141593 2.000000 0.000000 0.000000 0.000000 0.000000
-522.910000 239.098530 3.141593 2.000000 0.000000 0.000000 0.000000 0.000000
-523.010000 239.098530 3.141593 2.000000 0.000000 0.000000 0.000000 0.000000
-523.110000 239.098530 3.141593 2.000000 0.000000 0.000000 0.000000 0.000000
-523.210000 239.098530 3.141593 2.000000 0.000000 0.000000 0.000000 0.000000
-523.310000 239.098530 3.141593 2.000000 0.000000 0.000000 0.000000 0.000000
-523.410000 239.098530 3.141593 2.000000 0.000000 0.000000 0.000000 0.000000
-523.510000 239.098530 3.141593 2.000000 0.000000 0.000000 0.000000 0.000000
-523.610000 239.098530 3.141593 2.000000 0.000000 0.000000 0.000000 0.000000
-523.710000 239.098530 3.141593 2.000000 0.000000 0.000000 0.000000 0.000000
-523.810000 239.098530 3.141593 2.000000 0.000000 0.000000 0.000000 0.000000
-523.910000 239.098530 3.141593 2.000000 0.000000 0.000000 0.000000 0.000000
-524.010000 239.098530 3.141593 2.000000 0.000000 0.000000 0.000000 0.000000
-524.110000 239.098530 3.141593 2.000000 0.000000 0.000000 0.000000 0.000000
-524.210000 239.098530 3.141593 2.000000 0.000000 0.000000 0.000000 0.000000
-524.310000 239.098530 3.141593 2.000000 0.000000 0.000000 0.000000 0.000000
-524.410000 239.098530 3.141593 2.000000 0.000000 0.000000 0.000000 0.000000
-524.510000 239.098530 3.141593 2.000000 0.000000 0.000000 0.000000 0.000000
-524.610000 239.098530 3.141593 2.000000 0.000000 0.000000 0.000000 0.000000
-524.710000 239.098530 3.141593 2.000000 0.000000 0.000000 0.000000 0.000000
-524.810000 239.098530 3.141593 2.000000 0.000000 0.000000 0.000000 0.000000
-524.910000 239.098530 3.141593 2.000000 0.000000 0.000000 0.000000 0.000000
-525.010000 239.098530 3.141593 2.000000 0.000000 0.000000 0.000000 0.000000
-525.110000 239.098530 3.141593 2.000000 0.000000 0.000000 0.000000 0.000000
-525.210000 239.098530 3.141593 2.000000 0.000000 0.000000 0.000000 0.000000
-525.310000 239.098530 3.141593 2.000000 0.000000 0.000000 0.000000 0.000000
-525.410000 239.098530 3.141593 2.000000 0.000000 0.000000 0.000000 0.000000
-525.510000 239.098530 3.141593 2.000000 0.000000 0.000000 0.000000 0.000000
-525.610000 239.098530 3.141593 2.000000 0.000000 0.000000 0.000000 0.000000
-525.710000 239.098530 3.141593 2.000000 0.000000 0.000000 0.000000 0.000000
-525.810000 239.098530 3.141593 2.000000 0.000000 0.000000 0.000000 0.000000
-525.910000 239.098530 3.141593 2.000000 0.000000 0.000000 0.000000 0.000000
-526.010000 239.098530 3.141593 2.000000 0.000000 0.000000 0.000000 0.000000
-526.110000 239.098530 3.141593 2.000000 0.000000 0.000000 0.000000 0.000000
-526.210000 239.098530 3.141593 2.000000 0.000000 0.000000 0.000000 0.000000
-526.310000 239.098530 3.141593 2.000000 0.000000 0.000000 0.000000 0.000000
-526.410000 239.098530 3.141593 2.000000 0.000000 0.000000 0.000000 0.000000
-526.510000 239.098530 3.141593 2.000000 0.000000 0.000000 0.000000 0.000000
-526.610000 239.098530 3.141593 2.000000 0.000000 0.000000 0.000000 0.000000
-526.710000 239.098530 3.141593 2.000000 0.000000 0.000000 0.000000 0.000000
-526.810000 239.098530 3.141593 2.000000 0.000000 0.000000 0.000000 0.000000
-526.910000 239.098530 3.141593 2.000000 0.000000 0.000000 0.000000 0.000000
-527.010000 239.098530 3.141593 2.000000 0.000000 0.000000 0.000000 0.000000
-527.110000 239.098530 3.141593 2.000000 0.000000 0.000000 0.000000 0.000000
-527.210000 239.098530 3.141593 2.000000 0.000000 0.000000 0.000000 0.000000
-527.310000 239.098530 3.141593 2.000000 0.000000 0.000000 0.000000 0.000000
-527.410000 239.098530 3.141593 2.000000 0.000000 0.000000 0.000000 0.000000
-527.510000 239.098530 3.141593 2.000000 0.000000 0.000000 0.000000 0.000000
-527.610000 239.098530 3.141593 2.000000 0.000000 0.000000 0.000000 0.000000
-527.710000 239.098530 3.141593 2.000000 0.000000 0.000000 0.000000 0.000000
-527.810000 239.098530 3.141593 2.000000 0.000000 0.000000 0.000000 0.000000
-527.910000 239.098530 3.141593 2.000000 0.000000 0.000000 0.000000 0.000000
-528.010000 239.098530 3.141593 2.000000 0.000000 0.000000 0.000000 0.000000
-528.110000 239.098530 3.141593 2.000000 0.000000 0.000000 0.000000 0.000000
-528.210000 239.098530 3.141593 2.000000 0.000000 0.000000 0.000000 0.000000
-528.310000 239.098530 3.141593 2.000000 0.000000 0.000000 0.000000 0.000000
-528.410000 239.098530 3.141593 2.000000 0.000000 0.000000 0.000000 0.000000
-528.510000 239.098530 3.141593 2.000000 0.000000 0.000000 0.000000 0.000000
-528.610000 239.098530 3.141593 2.000000 0.000000 0.000000 0.000000 0.000000
-528.710000 239.098530 3.141593 2.000000 0.000000 0.000000 0.000000 0.000000
-528.810000 239.098530 3.141593 2.000000 0.000000 0.000000 0.000000 0.000000
-528.910000 239.098530 3.141593 2.000000 0.000000 0.000000 0.000000 0.000000
-529.010000 239.098530 3.141593 2.000000 0.000000 0.000000 0.000000 0.000000
-529.110000 239.098530 3.141593 2.000000 0.000000 0.000000 0.000000 0.000000
-529.210000 239.098530 3.141593 2.000000 0.000000 0.000000 0.000000 0.000000
-529.310000 239.098530 3.141593 2.000000 0.000000 0.000000 0.000000 0.000000
-529.410000 239.098530 3.141593 2.000000 0.000000 0.000000 0.000000 0.000000
-529.510000 239.098530 3.141593 2.000000 0.000000 0.000000 0.000000 0.000000
-529.610000 239.098530 3.141593 2.000000 0.000000 0.000000 0.000000 0.000000
-529.710000 239.098530 3.141593 2.000000 0.000000 0.000000 0.000000 0.000000
-529.810000 239.098530 3.141593 2.000000 0.000000 0.000000 0.000000 0.000000
-529.910000 239.098530 3.141593 2.000000 0.000000 0.000000 0.000000 0.000000
-530.010000 239.098530 3.141593 2.000000 0.000000 0.000000 0.000000 0.000000
-530.110000 239.098530 3.141593 2.000000 0.000000 0.000000 0.000000 0.000000
-530.210000 239.098530 3.141593 2.000000 0.000000 0.000000 0.000000 0.000000
-530.310000 239.098530 3.141593 2.000000 0.000000 0.000000 0.000000 0.000000
-530.410000 239.098530 3.141593 2.000000 0.000000 0.000000 0.000000 0.000000
-530.510000 239.098530 3.141593 2.000000 0.000000 0.000000 0.000000 0.000000
-530.610000 239.098530 3.141593 2.000000 0.000000 0.000000 0.000000 0.000000
-530.710000 239.098530 3.141593 2.000000 0.000000 0.000000 0.000000 0.000000
-530.810000 239.098530 3.141593 2.000000 0.000000 0.000000 0.000000 0.000000
-530.910000 239.098530 3.141593 2.000000 0.000000 0.000000 0.000000 0.000000
-531.010000 239.098530 3.141593 2.000000 0.000000 0.000000 0.000000 0.000000
-531.110000 239.098530 3.141593 2.000000 0.000000 0.000000 0.000000 0.000000
-531.210000 239.098530 3.141593 2.000000 0.000000 0.000000 0.000000 0.000000
-531.310000 239.098530 3.141593 2.000000 0.000000 0.000000 0.000000 0.000000
-531.410000 239.098530 3.141593 2.000000 0.000000 0.000000 0.000000 0.000000
-531.510000 239.098530 3.141593 2.000000 0.000000 0.000000 0.000000 0.000000
-531.610000 239.098530 3.141593 2.000000 0.000000 0.000000 0.000000 0.000000
-531.710000 239.098530 3.141593 2.000000 0.000000 0.000000 0.000000 0.000000
-531.810000 239.098530 3.141593 2.000000 0.000000 0.000000 0.000000 0.000000
-531.910000 239.098530 3.141593 2.000000 0.000000 0.000000 0.000000 0.000000
-532.010000 239.098530 3.141593 2.000000 0.000000 0.000000 0.000000 0.000000
-532.110000 239.098530 3.141593 2.000000 0.000000 0.000000 0.000000 0.000000
-532.210000 239.098530 3.141593 2.000000 0.000000 0.000000 0.000000 0.000000
-532.310000 239.098530 3.141593 2.000000 0.000000 0.000000 0.000000 0.000000
-532.410000 239.098530 3.141593 2.000000 0.000000 0.000000 0.000000 0.000000
-532.510000 239.098530 3.141593 2.000000 0.000000 0.000000 0.000000 0.000000
-532.610000 239.098530 3.141593 2.000000 0.000000 0.000000 0.000000 0.000000
-532.710000 239.098530 3.141593 2.000000 0.000000 0.000000 0.000000 0.000000
-532.810000 239.098530 3.141593 2.000000 0.000000 0.000000 0.000000 0.000000
-532.910000 239.098530 3.141593 2.000000 0.000000 0.000000 0.000000 0.000000
-533.010000 239.098530 3.141593 2.000000 0.000000 0.000000 0.000000 0.000000
-533.110000 239.098530 3.141593 2.000000 0.000000 0.000000 0.000000 0.000000
-533.210000 239.098530 3.141593 2.000000 0.000000 0.000000 0.000000 0.000000
-533.310000 239.098530 3.141593 2.000000 0.000000 0.000000 0.000000 0.000000
-533.410000 239.098530 3.141593 2.000000 0.000000 0.000000 0.000000 0.000000
-533.510000 239.098530 3.141593 2.000000 0.000000 0.000000 0.000000 0.000000
-533.610000 239.098530 3.141593 2.000000 0.000000 0.000000 0.000000 0.000000
-533.710000 239.098530 3.141593 2.000000 0.000000 0.000000 0.000000 0.000000
-533.810000 239.098530 3.141593 2.000000 0.000000 0.000000 0.000000 0.000000
-533.910000 239.098530 3.141593 2.000000 0.000000 0.000000 0.000000 0.000000
-534.010000 239.098530 3.141593 2.000000 0.000000 0.000000 0.000000 0.000000
-534.110000 239.098530 3.141593 2.000000 0.000000 0.000000 0.000000 0.000000
-534.210000 239.098530 3.141593 2.000000 0.000000 0.000000 0.000000 0.000000
-534.310000 239.098530 3.141593 2.000000 0.000000 0.000000 0.000000 0.000000
-534.410000 239.098530 3.141593 2.000000 0.000000 0.000000 0.000000 0.000000
-534.510000 239.098530 3.141593 2.000000 0.000000 0.000000 0.000000 0.000000
-534.610000 239.098530 3.141593 2.000000 0.000000 0.000000 0.000000 0.000000
-534.710000 239.098530 3.141593 2.000000 0.000000 0.000000 0.000000 0.000000
-534.810000 239.098530 3.141593 2.000000 0.000000 0.000000 0.000000 0.000000
-534.910000 239.098530 3.141593 2.000000 0.000000 0.000000 0.000000 0.000000
-535.010000 239.098530 3.141593 2.000000 0.000000 0.000000 0.000000 0.000000
-535.110000 239.098530 3.141593 2.000000 0.000000 0.000000 0.000000 0.000000
-535.210000 239.098530 3.141593 2.000000 0.000000 0.000000 0.000000 0.000000
-535.310000 239.098530 3.141593 2.000000 0.000000 0.000000 0.000000 0.000000
-535.410000 239.098530 3.141593 2.000000 0.000000 0.000000 0.000000 0.000000
-535.510000 239.098530 3.141593 2.000000 0.000000 0.000000 0.000000 0.000000
-535.610000 239.098530 3.141593 2.000000 0.000000 0.000000 0.000000 0.000000
-535.710000 239.098530 3.141593 2.000000 0.000000 0.000000 0.000000 0.000000
-535.810000 239.098530 3.141593 2.000000 0.000000 0.000000 0.000000 0.000000
-535.910000 239.098530 3.141593 2.000000 0.000000 0.000000 0.000000 0.000000
-536.010000 239.098530 3.141593 2.000000 0.000000 0.000000 0.000000 0.000000
-536.110000 239.098530 3.141593 2.000000 0.000000 0.000000 0.000000 0.000000
-536.210000 239.098530 3.141593 2.000000 0.000000 0.000000 0.000000 0.000000
-536.310000 239.098530 3.141593 2.000000 0.000000 0.000000 0.000000 0.000000
-536.410000 239.098530 3.141593 2.000000 0.000000 0.000000 0.000000 0.000000
-536.510000 239.098530 3.141593 2.000000 0.000000 0.000000 0.000000 0.000000
-536.610000 239.098530 3.141593 2.000000 0.000000 0.000000 0.000000 0.000000
-536.710000 239.098530 3.141593 2.000000 0.000000 0.000000 0.000000 0.000000
-536.810000 239.098530 3.141593 2.000000 0.000000 0.000000 0.000000 0.000000
-536.910000 239.098530 3.141593 2.000000 0.000000 0.000000 0.000000 0.000000
-537.010000 239.098530 3.141593 2.000000 0.000000 0.000000 0.000000 0.000000
-537.110000 239.098530 3.141593 2.000000 0.000000 0.000000 0.000000 0.000000
-537.210000 239.098530 3.141593 2.000000 0.000000 0.000000 0.000000 0.000000
-537.310000 239.098530 3.141593 2.000000 0.000000 0.000000 0.000000 0.000000
-537.410000 239.098530 3.141593 2.000000 0.000000 0.000000 0.000000 0.000000
-537.510000 239.098530 3.141593 2.000000 0.000000 0.000000 0.000000 0.000000
-537.610000 239.098530 3.141593 2.000000 0.000000 0.000000 0.000000 0.000000
-537.710000 239.098530 3.141593 2.000000 0.000000 0.000000 0.000000 0.000000
-537.810000 239.098530 3.141593 2.000000 0.000000 0.000000 0.000000 0.000000
-537.910000 239.098530 3.141593 2.000000 0.000000 0.000000 0.000000 0.000000
-538.010000 239.098530 3.141593 2.000000 0.000000 0.000000 0.000000 0.000000
-538.110000 239.098530 3.141593 2.000000 0.000000 0.000000 0.000000 0.000000
-538.210000 239.098530 3.141593 2.000000 0.000000 0.000000 0.000000 0.000000
-538.310000 239.098530 3.141593 2.000000 0.000000 0.000000 0.000000 0.000000
-538.410000 239.098530 3.141593 2.000000 0.000000 0.000000 0.000000 0.000000
-538.510000 239.098530 3.141593 2.000000 0.000000 0.000000 0.000000 0.000000
-538.610000 239.098530 3.141593 2.000000 0.000000 0.000000 0.000000 0.000000
-538.710000 239.098530 3.141593 2.000000 0.000000 0.000000 0.000000 0.000000
-538.810000 239.098530 3.141593 2.000000 0.000000 0.000000 0.000000 0.000000
-538.910000 239.098530 3.141593 2.000000 0.000000 0.000000 0.000000 0.000000
-539.010000 239.098530 3.141593 2.000000 0.000000 0.000000 0.000000 0.000000
-539.110000 239.098530 3.141593 2.000000 0.000000 0.000000 0.000000 0.000000
-539.210000 239.098530 3.141593 2.000000 0.000000 0.000000 0.000000 0.000000
-539.310000 239.098530 3.141593 2.000000 0.000000 0.000000 0.000000 0.000000
-539.410000 239.098530 3.141593 2.000000 0.000000 0.000000 0.000000 0.000000
-539.510000 239.098530 3.141593 2.000000 0.000000 0.000000 0.000000 0.000000
-539.610000 239.098530 3.141593 2.000000 0.000000 0.000000 0.000000 0.000000
-539.710000 239.098530 3.141593 2.000000 0.000000 0.000000 0.000000 0.000000
-539.810000 239.098530 3.141593 2.000000 0.000000 0.000000 0.000000 0.000000
-539.910000 239.098530 3.141593 2.000000 0.000000 0.000000 0.000000 0.000000
-540.010000 239.098530 3.141593 2.000000 0.000000 0.000000 0.000000 0.000000
-540.110000 239.098530 3.141593 2.000000 0.000000 0.000000 0.000000 0.000000
-540.210000 239.098530 3.141593 2.000000 0.000000 0.000000 0.000000 0.000000
-540.310000 239.098530 3.141593 2.000000 0.000000 0.000000 0.000000 0.000000
-540.410000 239.098530 3.141593 2.000000 0.000000 0.000000 0.000000 0.000000
-540.510000 239.098530 3.141593 2.000000 0.000000 0.000000 0.000000 0.000000
-540.610000 239.098530 3.141593 2.000000 0.000000 0.000000 0.000000 0.000000
-540.710000 239.098530 3.141593 2.000000 0.000000 0.000000 0.000000 0.000000
-540.810000 239.098530 3.141593 2.000000 0.000000 0.000000 0.000000 0.000000
-540.910000 239.098530 3.141593 2.000000 0.000000 0.000000 0.000000 0.000000
-541.010000 239.098530 3.141593 2.000000 0.000000 0.000000 0.000000 0.000000
-541.110000 239.098530 3.141593 2.000000 0.000000 0.000000 0.000000 0.000000
-541.210000 239.098530 3.141593 2.000000 0.000000 0.000000 0.000000 0.000000
-541.310000 239.098530 3.141593 2.000000 0.000000 0.000000 0.000000 0.000000
-541.410000 239.098530 3.141593 2.000000 0.000000 0.000000 0.000000 0.000000
-541.510000 239.098530 3.141593 2.000000 0.000000 0.000000 0.000000 0.000000
-541.610000 239.098530 3.141593 2.000000 0.000000 0.000000 0.000000 0.000000
-541.710000 239.098530 3.141593 2.000000 0.000000 0.000000 0.000000 0.000000
-541.810000 239.098530 3.141593 2.000000 0.000000 0.000000 0.000000 0.000000
-541.910000 239.098530 3.141593 2.000000 0.000000 0.000000 0.000000 0.000000
-542.010000 239.098530 3.141593 2.000000 0.000000 0.000000 0.000000 0.000000
-542.110000 239.098530 3.141593 2.000000 0.000000 0.000000 0.000000 0.000000
-542.210000 239.098530 3.141593 2.000000 0.000000 0.000000 0.000000 0.000000
-542.310000 239.098530 3.141593 2.000000 0.000000 0.000000 0.000000 0.000000
-542.410000 239.098530 3.141593 2.000000 0.000000 0.000000 0.000000 0.000000
-542.510000 239.098530 3.141593 2.000000 0.000000 0.000000 0.000000 0.000000
-542.610000 239.098530 3.141593 2.000000 0.000000 0.000000 0.000000 0.000000
-542.710000 239.098530 3.141593 2.000000 0.000000 0.000000 0.000000 0.000000
-542.810000 239.098530 3.141593 2.000000 0.000000 0.000000 0.000000 0.000000
-542.910000 239.098530 3.141593 2.000000 0.000000 0.000000 0.000000 0.000000
-543.010000 239.098530 3.141593 2.000000 0.000000 0.000000 0.000000 0.000000
-543.110000 239.098530 3.141593 2.000000 0.000000 0.000000 0.000000 0.000000
-543.210000 239.098530 3.141593 2.000000 0.000000 0.000000 0.000000 0.000000
-543.310000 239.098530 3.141593 2.000000 0.000000 0.000000 0.000000 0.000000
-543.410000 239.098530 3.141593 2.000000 0.000000 0.000000 0.000000 0.000000
-543.510000 239.098530 3.141593 2.000000 0.000000 0.000000 0.000000 0.000000
-543.610000 239.098530 3.141593 2.000000 0.000000 0.000000 0.000000 0.000000
-543.710000 239.098530 3.141593 2.000000 0.000000 0.000000 0.000000 0.000000
-543.810000 239.098530 3.141593 2.000000 0.000000 0.000000 0.000000 0.000000
-543.910000 239.098530 3.141593 2.000000 0.000000 0.000000 0.000000 0.000000
-544.010000 239.098530 3.141593 2.000000 0.000000 0.000000 0.000000 0.000000
-544.110000 239.098530 3.141593 2.000000 0.000000 0.000000 0.000000 0.000000
-544.210000 239.098530 3.141593 2.000000 0.000000 0.000000 0.000000 0.000000
-544.310000 239.098530 3.141593 2.000000 0.000000 0.000000 0.000000 0.000000
-544.410000 239.098530 3.141593 2.000000 0.000000 0.000000 0.000000 0.000000
-544.510000 239.098530 3.141593 2.000000 0.000000 0.000000 0.000000 0.000000
-544.610000 239.098530 3.141593 2.000000 0.000000 0.000000 0.000000 0.000000
-544.710000 239.098530 3.141593 2.000000 0.000000 0.000000 0.000000 0.000000
-544.810000 239.098530 3.141593 2.000000 0.000000 0.000000 0.000000 0.000000
-544.910000 239.098530 3.141593 2.000000 0.000000 0.000000 0.000000 0.000000
-545.010000 239.098530 3.141593 2.000000 0.000000 0.000000 0.000000 0.000000
-545.110000 239.098530 3.141593 2.000000 0.000000 0.000000 0.000000 0.000000
-545.210000 239.098530 3.141593 2.000000 0.000000 0.000000 0.000000 0.000000
-545.310000 239.098530 3.141593 2.000000 0.000000 0.000000 0.000000 0.000000
-545.410000 239.098530 3.141593 2.000000 0.000000 0.000000 0.000000 0.000000
-545.510000 239.098530 3.141593 2.000000 0.000000 0.000000 0.000000 0.000000
-545.610000 239.098530 3.141593 2.000000 0.000000 0.000000 0.000000 0.000000
-545.710000 239.098530 3.141593 2.000000 0.000000 0.000000 0.000000 0.000000
-545.810000 239.098530 3.141593 2.000000 0.000000 0.000000 0.000000 0.000000
-545.910000 239.098530 3.141593 2.000000 0.000000 0.000000 0.000000 0.000000
-546.010000 239.098530 3.141593 2.000000 0.000000 0.000000 0.000000 0.000000
-546.110000 239.098530 3.141593 2.000000 0.000000 0.000000 0.000000 0.000000
-546.210000 239.098530 3.141593 2.000000 0.000000 0.000000 0.000000 0.000000
-546.310000 239.098530 3.141593 2.000000 0.000000 0.000000 0.000000 0.000000
-546.410000 239.098530 3.141593 2.000000 0.000000 0.000000 0.000000 0.000000
-546.510000 239.098530 3.141593 2.000000 0.000000 0.000000 0.000000 0.000000
-546.610000 239.098530 3.141593 2.000000 0.000000 0.000000 0.000000 0.000000
-546.710000 239.098530 3.141593 2.000000 0.000000 0.000000 0.000000 0.000000
-546.810000 239.098530 3.141593 2.000000 0.000000 0.000000 0.000000 0.000000
-546.910000 239.098530 3.141593 2.000000 0.000000 0.000000 0.000000 0.000000
-547.010000 239.098530 3.141593 2.000000 0.000000 0.000000 0.000000 0.000000
-547.110000 239.098530 3.141593 2.000000 0.000000 0.000000 0.000000 0.000000
-547.210000 239.098530 3.141593 2.000000 0.000000 0.000000 0.000000 0.000000
-547.310000 239.098530 3.141593 2.000000 0.000000 0.000000 0.000000 0.000000
-547.410000 239.098530 3.141593 2.000000 0.000000 0.000000 0.000000 0.000000
-547.510000 239.098530 3.141593 2.000000 0.000000 0.000000 0.000000 0.000000
-547.610000 239.098530 3.141593 2.000000 0.000000 0.000000 0.000000 0.000000
-547.710000 239.098530 3.141593 2.000000 0.000000 0.000000 0.000000 0.000000
-547.810000 239.098530 3.141593 2.000000 0.000000 0.000000 0.000000 0.000000
-547.910000 239.098530 3.141593 2.000000 0.000000 0.000000 0.000000 0.000000
-548.010000 239.098530 3.141593 2.000000 0.000000 0.000000 0.000000 0.000000
-548.110000 239.098530 3.141593 2.000000 0.000000 0.000000 0.000000 0.000000
-548.210000 239.098530 3.141593 2.000000 0.000000 0.000000 0.000000 0.000000
-548.310000 239.098530 3.141593 2.000000 0.000000 0.000000 0.000000 0.000000
-548.410000 239.098530 3.141593 2.000000 0.000000 0.000000 0.000000 0.000000
-548.510000 239.098530 3.141593 2.000000 0.000000 0.000000 0.000000 0.000000
-548.610000 239.098530 3.141593 2.000000 0.000000 0.000000 0.000000 0.000000
-548.710000 239.098530 3.141593 2.000000 0.000000 0.000000 0.000000 0.000000
-548.810000 239.098530 3.141593 2.000000 0.000000 0.000000 0.000000 0.000000
-548.910000 239.098530 3.141593 2.000000 0.000000 0.000000 0.000000 0.000000
-549.010000 239.098530 3.141593 2.000000 0.000000 0.000000 0.000000 0.000000
-549.110000 239.098530 3.141593 2.000000 0.000000 0.000000 0.000000 0.000000
-549.210000 239.098530 3.141593 2.000000 0.000000 0.000000 0.000000 0.000000
-549.310000 239.098530 3.141593 2.000000 0.000000 0.000000 0.000000 0.000000
-549.410000 239.098530 3.141593 2.000000 0.000000 0.000000 0.000000 0.000000
-549.510000 239.098530 3.141593 2.000000 0.000000 0.000000 0.000000 0.000000
-549.610000 239.098530 3.141593 2.000000 0.000000 0.000000 0.000000 0.000000
-549.710000 239.098530 3.141593 2.000000 0.000000 0.000000 0.000000 0.000000
-549.810000 239.098530 3.141593 2.000000 0.000000 0.000000 0.000000 0.000000
-549.910000 239.098530 3.141593 2.000000 0.000000 0.000000 0.000000 0.000000
-550.010000 239.098530 3.141593 2.000000 0.000000 0.000000 0.000000 0.000000
-550.069999 239.098216 3.146829 1.199984 0.006283 0.104720 0.000000 0.000000
-550.129996 239.097588 3.152065 1.199984 0.006283 0.104720 0.000000 0.000000
-550.189988 239.096645 3.157301 1.199984 0.006283 0.104720 0.000000 0.000000
-550.249975 239.095389 3.162537 1.199984 0.006283 0.104720 0.000000 0.000000
-550.309955 239.093818 3.167773 1.199984 0.006283 0.104720 0.000000 0.000000
-550.369925 239.091934 3.173009 1.199984 0.006283 0.104720 0.000000 0.000000
-550.429885 239.089735 3.178245 1.199984 0.006283 0.104720 0.000000 0.000000
-550.489832 239.087222 3.183481 1.199984 0.006283 0.104720 0.000000 0.000000
-550.549766 239.084396 3.188717 1.199984 0.006283 0.104720 0.000000 0.000000
-550.609683 239.081256 3.193953 1.199984 0.006283 0.104720 0.000000 0.000000
-550.669584 239.077802 3.199189 1.199984 0.006283 0.104720 0.000000 0.000000
-550.729466 239.074035 3.204425 1.199984 0.006283 0.104720 0.000000 0.000000
-550.789327 239.069954 3.209660 1.199984 0.006283 0.104720 0.000000 0.000000
-550.849165 239.065559 3.214896 1.199984 0.006283 0.104720 0.000000 0.000000
-550.908980 239.060852 3.220132 1.199984 0.006283 0.104720 0.000000 0.000000
-550.968770 239.055831 3.225368 1.199984 0.006283 0.104720 0.000000 0.000000
-551.028533 239.050498 3.230604 1.199984 0.006283 0.104720 0.000000 0.000000
-551.088266 239.044851 3.235840 1.199984 0.006283 0.104720 0.000000 0.000000
-551.147970 239.038892 3.241076 1.199984 0.006283 0.104720 0.000000 0.000000
-551.207641 239.032620 3.246312 1.199984 0.006283 0.104720 0.000000 0.000000
-551.267279 239.026036 3.251548 1.199984 0.006283 0.104720 0.000000 0.000000
-551.326881 239.019140 3.256784 1.199984 0.006283 0.104720 0.000000 0.000000
-551.386446 239.011932 3.262020 1.199984 0.006283 0.104720 0.000000 0.000000
-551.445973 239.004412 3.267256 1.199984 0.006283 0.104720 0.000000 0.000000
-551.505460 238.996580 3.272492 1.199984 0.006283 0.104720 0.000000 0.000000
-551.564905 238.988437 3.277728 1.199984 0.006283 0.104720 0.000000 0.000000
-551.624306 238.979983 3.282964 1.199984 0.006283 0.104720 0.000000 0.000000
-551.683663 238.971218 3.288200 1.199984 0.006283 0.104720 0.000000 0.000000
-551.742972 238.962142 3.293436 1.199984 0.006283 0.104720 0.000000 0.000000
-551.802233 238.952756 3.298672 1.199984 0.006283 0.104720 0.000000 0.000000
-551.861445 238.943060 3.303908 1.199984 0.006283 0.104720 0.000000 0.000000
-551.920605 238.933054 3.309144 1.199984 0.006283 0.104720 0.000000 0.000000
-551.979711 238.922738 3.314380 1.199984 0.006283 0.104720 0.000000 0.000000
-552.038763 238.912113 3.319616 1.199984 0.006283 0.104720 0.000000 0.000000
-552.097758 238.901179 3.324852 1.199984 0.006283 0.104720 0.000000 0.000000
-552.156695 238.889936 3.330088 1.199984 0.006283 0.104720 0.000000 0.000000
-552.215573 238.878385 3.335324 1.199984 0.006283 0.104720 0.000000 0.000000
-552.274389 238.866525 3.340560 1.199984 0.006283 0.104720 0.000000 0.000000
-552.333143 238.854358 3.345796 1.199984 0.006283 0.104720 0.000000 0.000000
-552.391831 238.841884 3.351032 1.199984 0.006283 0.104720 0.000000 0.000000
-552.450454 238.829102 3.356268 1.199984 0.006283 0.104720 0.000000 0.000000
-552.509009 238.816013 3.361504 1.199984 0.006283 0.104720 0.000000 0.000000
-552.567495 238.802618 3.366740 1.199984 0.006283 0.104720 0.000000 0.000000
-552.625910 238.788917 3.371976 1.199984 0.006283 0.104720 0.000000 0.000000
-552.684252 238.774910 3.377212 1.199984 0.006283 0.104720 0.000000 0.000000
-552.742520 238.760598 3.382448 1.199984 0.006283 0.104720 0.000000 0.000000
-552.800712 238.745981 3.387684 1.199984 0.006283 0.104720 0.000000 0.000000
-552.858827 238.731060 3.392920 1.199984 0.006283 0.104720 0.000000 0.000000
-552.916863 238.715835 3.398156 1.199984 0.006283 0.104720 0.000000 0.000000
-552.974819 238.700305 3.403392 1.199984 0.006283 0.104720 0.000000 0.000000
-553.032692 238.684473 3.408628 1.199984 0.006283 0.104720 0.000000 0.000000
-553.090482 238.668338 3.413864 1.199984 0.006283 0.104720 0.000000 0.000000
-553.148186 238.651900 3.419100 1.199984 0.006283 0.104720 0.000000 0.000000
-553.205804 238.635161 3.424336 1.199984 0.006283 0.104720 0.000000 0.000000
-553.263333 238.618120 3.429572 1.199984 0.006283 0.104720 0.000000 0.000000
-553.320772 238.600778 3.434808 1.199984 0.006283 0.104720 0.000000 0.000000
-553.378120 238.583136 3.440044 1.199984 0.006283 0.104720 0.000000 0.000000
-553.435374 238.565193 3.445280 1.199984 0.006283 0.104720 0.000000 0.000000
-553.492534 238.546951 3.450516 1.199984 0.006283 0.104720 0.000000 0.000000
-553.549598 238.528410 3.455752 1.199984 0.006283 0.104720 0.000000 0.000000
-553.606563 238.509571 3.460988 1.199984 0.006283 0.104720 0.000000 0.000000
-553.663429 238.490433 3.466224 1.199984 0.006283 0.104720 0.000000 0.000000
-553.720194 238.470998 3.471460 1.199984 0.006283 0.104720 0.000000 0.000000
-553.776857 238.451266 3.476696 1.199984 0.006283 0.104720 0.000000 0.000000
-553.833415 238.431238 3.481932 1.199984 0.006283 0.104720 0.000000 0.000000
-553.889868 238.410913 3.487168 1.199984 0.006283 0.104720 0.000000 0.000000
-553.946214 238.390294 3.492404 1.199984 0.006283 0.104720 0.000000 0.000000
-554.002451 238.369379 3.497640 1.199984 0.006283 0.104720 0.000000 0.000000
-554.058577 238.348171 3.502876 1.199984 0.006283 0.104720 0.000000 0.000000
-554.114592 238.326669 3.508112 1.199984 0.006283 0.104720 0.000000 0.000000
-554.170494 238.304874 3.513348 1.199984 0.006283 0.104720 0.000000 0.000000
-554.226280 238.282786 3.518584 1.199984 0.006283 0.104720 0.000000 0.000000
-554.281950 238.260407 3.523820 1.199984 0.006283 0.104720 0.000000 0.000000
-554.337503 238.237737 3.529056 1.199984 0.006283 0.104720 0.000000 0.000000
-554.392935 238.214776 3.534292 1.199984 0.006283 0.104720 0.000000 0.000000
-554.448247 238.191525 3.539528 1.199984 0.006283 0.104720 0.000000 0.000000
-554.503437 238.167984 3.544764 1.199984 0.006283 0.104720 0.000000 0.000000
-554.558502 238.144155 3.550000 1.199984 0.006283 0.104720 0.000000 0.000000
-554.613442 238.120039 3.555236 1.199984 0.006283 0.104720 0.000000 0.000000
-554.668254 238.095634 3.560472 1.199984 0.006283 0.104720 0.000000 0.000000
-554.722939 238.070944 3.565708 1.199984 0.006283 0.104720 0.000000 0.000000
-554.777493 238.045967 3.570944 1.199984 0.006283 0.104720 0.000000 0.000000
-554.831915 238.020705 3.576180 1.199984 0.006283 0.104720 0.000000 0.000000
-554.886205 237.995158 3.581416 1.199984 0.006283 0.104720 0.000000 0.000000
-554.940360 237.969327 3.586652 1.199984 0.006283 0.104720 0.000000 0.000000
-554.994379 237.943213 3.591888 1.199984 0.006283 0.104720 0.000000 0.000000
-555.048261 237.916817 3.597124 1.199984 0.006283 0.104720 0.000000 0.000000
-555.102004 237.890139 3.602360 1.199984 0.006283 0.104720 0.000000 0.000000
-555.155606 237.863180 3.607596 1.199984 0.006283 0.104720 0.000000 0.000000
-555.209066 237.835940 3.612832 1.199984 0.006283 0.104720 0.000000 0.000000
-555.262383 237.808421 3.618068 1.199984 0.006283 0.104720 0.000000 0.000000
-555.315555 237.780624 3.623304 1.199984 0.006283 0.104720 0.000000 0.000000
-555.368581 237.752548 3.628540 1.199984 0.006283 0.104720 0.000000 0.000000
-555.421460 237.724195 3.633776 1.199984 0.006283 0.104720 0.000000 0.000000
-555.474189 237.695565 3.639011 1.199984 0.006283 0.104720 0.000000 0.000000
-555.526767 237.666660 3.644247 1.199984 0.006283 0.104720 0.000000 0.000000
-555.579193 237.637480 3.649483 1.199984 0.006283 0.104720 0.000000 0.000000
-555.631466 237.608026 3.654719 1.199984 0.006283 0.104720 0.000000 0.000000
-555.683584 237.578298 3.659955 1.199984 0.006283 0.104720 0.000000 0.000000
-555.735546 237.548298 3.665191 1.199984 0.006283 0.104720 0.000000 0.000000
-555.787349 237.518026 3.670427 1.199984 0.006283 0.104720 0.000000 0.000000
-555.838994 237.487484 3.675663 1.199984 0.006283 0.104720 0.000000 0.000000
-555.890478 237.456671 3.680899 1.199984 0.006283 0.104720 0.000000 0.000000
-555.941800 237.425590 3.686135 1.199984 0.006283 0.104720 0.000000 0.000000
-555.992958 237.394240 3.691371 1.199984 0.006283 0.104720 0.000000 0.000000
-556.043952 237.362623 3.696607 1.199984 0.006283 0.104720 0.000000 0.000000
-556.094779 237.330739 3.701843 1.199984 0.006283 0.104720 0.000000 0.000000
-556.145439 237.298589 3.707079 1.199984 0.006283 0.104720 0.000000 0.000000
-556.195929 237.266175 3.712315 1.199984 0.006283 0.104720 0.000000 0.000000
-556.246249 237.233496 3.717551 1.199984 0.006283 0.104720 0.000000 0.000000
-556.296398 237.200555 3.722787 1.199984 0.006283 0.104720 0.000000 0.000000
-556.346373 237.167351 3.728023 1.199984 0.006283 0.104720 0.000000 0.000000
-556.396174 237.133887 3.733259 1.199984 0.006283 0.104720 0.000000 0.000000
-556.445799 237.100162 3.738495 1.199984 0.006283 0.104720 0.000000 0.000000
-556.495246 237.066177 3.743731 1.199984 0.006283 0.104720 0.000000 0.000000
-556.544515 237.031935 3.748967 1.199984 0.006283 0.104720 0.000000 0.000000
-556.593604 236.997434 3.754203 1.199984 0.006283 0.104720 0.000000 0.000000
-556.642512 236.962677 3.759439 1.199984 0.006283 0.104720 0.000000 0.000000
-556.691237 236.927665 3.764675 1.199984 0.006283 0.104720 0.000000 0.000000
-556.739778 236.892398 3.769911 1.199984 0.006283 0.104720 0.000000 0.000000
-556.788134 236.856877 3.775147 1.199984 0.006283 0.104720 0.000000 0.000000
-556.836303 236.821103 3.780383 1.199984 0.006283 0.104720 0.000000 0.000000
-556.884284 236.785078 3.785619 1.199984 0.006283 0.104720 0.000000 0.000000
-556.932076 236.748802 3.790855 1.199984 0.006283 0.104720 0.000000 0.000000
-556.979677 236.712277 3.796091 1.199984 0.006283 0.104720 0.000000 0.000000
-557.027086 236.675502 3.801327 1.199984 0.006283 0.104720 0.000000 0.000000
-557.074302 236.638480 3.806563 1.199984 0.006283 0.104720 0.000000 0.000000
-557.121324 236.601211 3.811799 1.199984 0.006283 0.104720 0.000000 0.000000
-557.168150 236.563697 3.817035 1.199984 0.006283 0.104720 0.000000 0.000000
-557.214778 236.525937 3.822271 1.199984 0.006283 0.104720 0.000000 0.000000
-557.261209 236.487935 3.827507 1.199984 0.006283 0.104720 0.000000 0.000000
-557.307440 236.449689 3.832743 1.199984 0.006283 0.104720 0.000000 0.000000
-557.353469 236.411202 3.837979 1.199984 0.006283 0.104720 0.000000 0.000000
-557.399297 236.372475 3.843215 1.199984 0.006283 0.104720 0.000000 0.000000
-557.444922 236.333508 3.848451 1.199984 0.006283 0.104720 0.000000 0.000000
-557.490341 236.294303 3.853687 1.199984 0.006283 0.104720 0.000000 0.000000
-557.535555 236.254860 3.858923 1.199984 0.006283 0.104720 0.000000 0.000000
-557.580562 236.215181 3.864159 1.199984 0.006283 0.104720 0.000000 0.000000
-557.625360 236.175267 3.869395 1.199984 0.006283 0.104720 0.000000 0.000000
-557.669949 236.135120 3.874631 1.199984 0.006283 0.104720 0.000000 0.000000
-557.714327 236.094739 3.879867 1.199984 0.006283 0.104720 0.000000 0.000000
-557.758492 236.054126 3.885103 1.199984 0.006283 0.104720 0.000000 0.000000
-557.802445 236.013283 3.890339 1.199984 0.006283 0.104720 0.000000 0.000000
-557.846183 235.972210 3.895575 1.199984 0.006283 0.104720 0.000000 0.000000
-557.889706 235.930909 3.900811 1.199984 0.006283 0.104720 0.000000 0.000000
-557.933011 235.889380 3.906047 1.199984 0.006283 0.104720 0.000000 0.000000
-557.976099 235.847626 3.911283 1.199984 0.006283 0.104720 0.000000 0.000000
-558.018967 235.805646 3.916519 1.199984 0.006283 0.104720 0.000000 0.000000
-558.061615 235.763442 3.921755 1.199984 0.006283 0.104720 0.000000 0.000000
-558.104042 235.721016 3.926991 1.199984 0.006283 0.104720 0.000000 0.000000
-558.146245 235.678368 3.932227 1.199984 0.006283 0.104720 0.000000 0.000000
-558.188225 235.635499 3.937463 1.199984 0.006283 0.104720 0.000000 0.000000
-558.229980 235.592412 3.942699 1.199984 0.006283 0.104720 0.000000 0.000000
-558.271508 235.549106 3.947935 1.199984 0.006283 0.104720 0.000000 0.000000
-558.312810 235.505584 3.953171 1.199984 0.006283 0.104720 0.000000 0.000000
-558.353882 235.461846 3.958407 1.199984 0.006283 0.104720 0.000000 0.000000
-558.394726 235.417893 3.963643 1.199984 0.006283 0.104720 0.000000 0.000000
-558.435338 235.373727 3.968879 1.199984 0.006283 0.104720 0.000000 0.000000
-558.475719 235.329349 3.974115 1.199984 0.006283 0.104720 0.000000 0.000000
-558.515867 235.284761 3.979351 1.199984 0.006283 0.104720 0.000000 0.000000
-558.555781 235.239962 3.984587 1.199984 0.006283 0.104720 0.000000 0.000000
-558.595459 235.194956 3.989823 1.199984 0.006283 0.104720 0.000000 0.000000
-558.634902 235.149742 3.995059 1.199984 0.006283 0.104720 0.000000 0.000000
-558.674107 235.104322 4.000295 1.199984 0.006283 0.104720 0.000000 0.000000
-558.713074 235.058698 4.005531 1.199984 0.006283 0.104720 0.000000 0.000000
-558.751802 235.012870 4.010767 1.199984 0.006283 0.104720 0.000000 0.000000
-558.790288 234.966840 4.016003 1.199984 0.006283 0.104720 0.000000 0.000000
-558.828534 234.920609 4.021239 1.199984 0.006283 0.104720 0.000000 0.000000
-558.866537 234.874179 4.026475 1.199984 0.006283 0.104720 0.000000 0.000000
-558.904296 234.827550 4.031711 1.199984 0.006283 0.104720 0.000000 0.000000
-558.941811 234.780724 4.036947 1.199984 0.006283 0.104720 0.000000 0.000000
-558.979079 234.733703 4.042183 1.199984 0.006283 0.104720 0.000000 0.000000
-559.016102 234.686487 4.047419 1.199984 0.006283 0.104720 0.000000 0.000000
-559.052876 234.639077 4.052655 1.199984 0.006283 0.104720 0.000000 0.000000
-559.089402 234.591476 4.057891 1.199984 0.006283 0.104720 0.000000 0.000000
-559.125678 234.543684 4.063126 1.199984 0.006283 0.104720 0.000000 0.000000
-559.161703 234.495703 4.068362 1.199984 0.006283 0.104720 0.000000 0.000000
-559.197476 234.447534 4.073598 1.199984 0.006283 0.104720 0.000000 0.000000
-559.232997 234.399179 4.078834 1.199984 0.006283 0.104720 0.000000 0.000000
-559.268264 234.350638 4.084070 1.199984 0.006283 0.104720 0.000000 0.000000
-559.303277 234.301913 4.089306 1.199984 0.006283 0.104720 0.000000 0.000000
-559.338034 234.253005 4.094542 1.199984 0.006283 0.104720 0.000000 0.000000
-559.372534 234.203916 4.099778 1.199984 0.006283 0.104720 0.000000 0.000000
-559.406777 234.154647 4.105014 1.199984 0.006283 0.104720 0.000000 0.000000
-559.440761 234.105199 4.110250 1.199984 0.006283 0.104720 0.000000 0.000000
-559.474486 234.055575 4.115486 1.199984 0.006283 0.104720 0.000000 0.000000
-559.507951 234.005774 4.120722 1.199984 0.006283 0.104720 0.000000 0.000000
-559.541154 233.955799 4.125958 1.199984 0.006283 0.104720 0.000000 0.000000
-559.574096 233.905650 4.131194 1.199984 0.006283 0.104720 0.000000 0.000000
-559.606774 233.855330 4.136430 1.199984 0.006283 0.104720 0.000000 0.000000
-559.639188 233.804839 4.141666 1.199984 0.006283 0.104720 0.000000 0.000000
-559.671338 233.754180 4.146902 1.199984 0.006283 0.104720 0.000000 0.000000
-559.703222 233.703352 4.152138 1.199984 0.006283 0.104720 0.000000 0.000000
-559.734839 233.652359 4.157374 1.199984 0.006283 0.104720 0.000000 0.000000
-559.766189 233.601200 4.162610 1.199984 0.006283 0.104720 0.000000 0.000000
-559.797271 233.549878 4.167846 1.199984 0.006283 0.104720 0.000000 0.000000
-559.828083 233.498394 4.173082 1.199984 0.006283 0.104720 0.000000 0.000000
-559.858626 233.446750 4.178318 1.199984 0.006283 0.104720 0.000000 0.000000
-559.888897 233.394946 4.183554 1.199984 0.006283 0.104720 0.000000 0.000000
-559.918897 233.342985 4.188790 1.199984 0.006283 0.104720 0.000000 0.000000
-559.948625 233.290867 4.194026 1.199984 0.006283 0.104720 0.000000 0.000000
-559.978079 233.238594 4.199262 1.199984 0.006283 0.104720 0.000000 0.000000
-560.007259 233.186168 4.204498 1.199984 0.006283 0.104720 0.000000 0.000000
-560.036165 233.133589 4.209734 1.199984 0.006283 0.104720 0.000000 0.000000
-560.064794 233.080860 4.214970 1.199984 0.006283 0.104720 0.000000 0.000000
-560.093147 233.027982 4.220206 1.199984 0.006283 0.104720 0.000000 0.000000
-560.121223 232.974956 4.225442 1.199984 0.006283 0.104720 0.000000 0.000000
-560.149021 232.921784 4.230678 1.199984 0.006283 0.104720 0.000000 0.000000
-560.176540 232.868467 4.235914 1.199984 0.006283 0.104720 0.000000 0.000000
-560.203779 232.815006 4.241150 1.199984 0.006283 0.104720 0.000000 0.000000
-560.230738 232.761404 4.246386 1.199984 0.006283 0.104720 0.000000 0.000000
-560.257416 232.707661 4.251622 1.199984 0.006283 0.104720 0.000000 0.000000
-560.283813 232.653780 4.256858 1.199984 0.006283 0.104720 0.000000 0.000000
-560.309927 232.599761 4.262094 1.199984 0.006283 0.104720 0.000000 0.000000
-560.335757 232.545606 4.267330 1.199984 0.006283 0.104720 0.000000 0.000000
-560.361304 232.491316 4.272566 1.199984 0.006283 0.104720 0.000000 0.000000
-560.386566 232.436893 4.277802 1.199984 0.006283 0.104720 0.000000 0.000000
-560.411543 232.382339 4.283038 1.199984 0.006283 0.104720 0.000000 0.000000
-560.436234 232.327655 4.288274 1.199984 0.006283 0.104720 0.000000 0.000000
-560.460638 232.272842 4.293510 1.199984 0.006283 0.104720 0.000000 0.000000
-560.484755 232.217902 4.298746 1.199984 0.006283 0.104720 0.000000 0.000000
-560.508584 232.162837 4.303982 1.199984 0.006283 0.104720 0.000000 0.000000
-560.532124 232.107648 4.309218 1.199984 0.006283 0.104720 0.000000 0.000000
-560.555375 232.052336 4.314454 1.199984 0.006283 0.104720 0.000000 0.000000
-560.578336 231.996903 4.319690 1.199984 0.006283 0.104720 0.000000 0.000000
-560.601006 231.941351 4.324926 1.199984 0.006283 0.104720 0.000000 0.000000
-560.623386 231.885681 4.330162 1.199984 0.006283 0.104720 0.000000 0.000000
-560.645473 231.829894 4.335398 1.199984 0.006283 0.104720 0.000000 0.000000
-560.667268 231.773993 4.340634 1.199984 0.006283 0.104720 0.000000 0.000000
-560.688770 231.717978 4.345870 1.199984 0.006283 0.104720 0.000000 0.000000
-560.709979 231.661851 4.351106 1.199984 0.006283 0.104720 0.000000 0.000000
-560.730893 231.605614 4.356342 1.199984 0.006283 0.104720 0.000000 0.000000
-560.751513 231.549269 4.361578 1.199984 0.006283 0.104720 0.000000 0.000000
-560.771837 231.492816 4.366814 1.199984 0.006283 0.104720 0.000000 0.000000
-560.791865 231.436257 4.372050 1.199984 0.006283 0.104720 0.000000 0.000000
-560.811597 231.379595 4.377286 1.199984 0.006283 0.104720 0.000000 0.000000
-560.831032 231.322830 4.382522 1.199984 0.006283 0.104720 0.000000 0.000000
-560.850170 231.265964 4.387758 1.199984 0.006283 0.104720 0.000000 0.000000
-560.869009 231.208998 4.392994 1.199984 0.006283 0.104720 0.000000 0.000000
-560.887551 231.151935 4.398230 1.199984 0.006283 0.104720 0.000000 0.000000
-560.905792 231.094775 4.403466 1.199984 0.006283 0.104720 0.000000 0.000000
-560.923735 231.037521 4.408702 1.199984 0.006283 0.104720 0.000000 0.000000
-560.941377 230.980173 4.413938 1.199984 0.006283 0.104720 0.000000 0.000000
-560.958719 230.922734 4.419174 1.199984 0.006283 0.104720 0.000000 0.000000
-560.975760 230.865205 4.424410 1.199984 0.006283 0.104720 0.000000 0.000000
-560.992500 230.807587 4.429646 1.199984 0.006283 0.104720 0.000000 0.000000
-561.008937 230.749883 4.434882 1.199984 0.006283 0.104720 0.000000 0.000000
-561.025072 230.692093 4.440118 1.199984 0.006283 0.104720 0.000000 0.000000
-561.040905 230.634219 4.445354 1.199984 0.006283 0.104720 0.000000 0.000000
-561.056434 230.576264 4.450590 1.199984 0.006283 0.104720 0.000000 0.000000
-561.071659 230.518228 4.455826 1.199984 0.006283 0.104720 0.000000 0.000000
-561.086581 230.460113 4.461062 1.199984 0.006283 0.104720 0.000000 0.000000
-561.101198 230.401920 4.466298 1.199984 0.006283 0.104720 0.000000 0.000000
-561.115510 230.343652 4.471534 1.199984 0.006283 0.104720 0.000000 0.000000
-561.129516 230.285310 4.476770 1.199984 0.006283 0.104720 0.000000 0.000000
-561.143217 230.226895 4.482006 1.199984 0.006283 0.104720 0.000000 0.000000
-561.156612 230.168410 4.487242 1.199984 0.006283 0.104720 0.000000 0.000000
-561.169701 230.109855 4.492477 1.199984 0.006283 0.104720 0.000000 0.000000
-561.182483 230.051232 4.497713 1.199984 0.006283 0.104720 0.000000 0.000000
-561.194958 229.992543 4.502949 1.199984 0.006283 0.104720 0.000000 0.000000
-561.207125 229.933790 4.508185 1.199984 0.006283 0.104720 0.000000 0.000000
-561.218984 229.874974 4.513421 1.199984 0.006283 0.104720 0.000000 0.000000
-561.230536 229.816096 4.518657 1.199984 0.006283 0.104720 0.000000 0.000000
-561.241778 229.757159 4.523893 1.199984 0.006283 0.104720 0.000000 0.000000
-561.252713 229.698163 4.529129 1.199984 0.006283 0.104720 0.000000 0.000000
-561.263338 229.639112 4.534365 1.199984 0.006283 0.104720 0.000000 0.000000
-561.273653 229.580005 4.539601 1.199984 0.006283 0.104720 0.000000 0.000000
-561.283660 229.520845 4.544837 1.199984 0.006283 0.104720 0.000000 0.000000
-561.293356 229.461634 4.550073 1.199984 0.006283 0.104720 0.000000 0.000000
-561.302742 229.402373 4.555309 1.199984 0.006283 0.104720 0.000000 0.000000
-561.311818 229.343063 4.560545 1.199984 0.006283 0.104720 0.000000 0.000000
-561.320582 229.283707 4.565781 1.199984 0.006283 0.104720 0.000000 0.000000
-561.329037 229.224305 4.571017 1.199984 0.006283 0.104720 0.000000 0.000000
-561.337179 229.164861 4.576253 1.199984 0.006283 0.104720 0.000000 0.000000
-561.345011 229.105374 4.581489 1.199984 0.006283 0.104720 0.000000 0.000000
-561.352531 229.045847 4.586725 1.199984 0.006283 0.104720 0.000000 0.000000
-561.359739 228.986282 4.591961 1.199984 0.006283 0.104720 0.000000 0.000000
-561.366635 228.926679 4.597197 1.199984 0.006283 0.104720 0.000000 0.000000
-561.373220 228.867041 4.602433 1.199984 0.006283 0.104720 0.000000 0.000000
-561.379491 228.807370 4.607669 1.199984 0.006283 0.104720 0.000000 0.000000
-561.385450 228.747667 4.612905 1.199984 0.006283 0.104720 0.000000 0.000000
-561.391097 228.687933 4.618141 1.199984 0.006283 0.104720 0.000000 0.000000
-561.396431 228.628171 4.623377 1.199984 0.006283 0.104720 0.000000 0.000000
-561.401451 228.568381 4.628613 1.199984 0.006283 0.104720 0.000000 0.000000
-561.406159 228.508566 4.633849 1.199984 0.006283 0.104720 0.000000 0.000000
-561.410553 228.448727 4.639085 1.199984 0.006283 0.104720 0.000000 0.000000
-561.414634 228.388866 4.644321 1.199984 0.006283 0.104720 0.000000 0.000000
-561.418401 228.328985 4.649557 1.199984 0.006283 0.104720 0.000000 0.000000
-561.421855 228.269084 4.654793 1.199984 0.006283 0.104720 0.000000 0.000000
-561.424995 228.209166 4.660029 1.199984 0.006283 0.104720 0.000000 0.000000
-561.427822 228.149233 4.665265 1.199984 0.006283 0.104720 0.000000 0.000000
-561.430334 228.089285 4.670501 1.199984 0.006283 0.104720 0.000000 0.000000
-561.432533 228.029326 4.675737 1.199984 0.006283 0.104720 0.000000 0.000000
-561.434418 227.969355 4.680973 1.199984 0.006283 0.104720 0.000000 0.000000
-561.435988 227.909376 4.686209 1.199984 0.006283 0.104720 0.000000 0.000000
-561.437245 227.849389 4.691445 1.199984 0.006283 0.104720 0.000000 0.000000
-561.438187 227.789397 4.696681 1.199984 0.006283 0.104720 0.000000 0.000000
-561.438816 227.729400 4.701917 1.199984 0.006283 0.104720 0.000000 0.000000
-561.439130 227.669401 4.707153 1.199984 0.006283 0.104720 0.000000 0.000000
-561.439130 227.609401 4.712389 1.199984 0.006283 0.104720 0.000000 0.000000
-561.437333 227.599901 4.722389 0.190347 0.034032 0.200000 0.000000 0.000000
-561.435536 227.590401 4.732389 0.190678 0.032126 0.200000 0.000000 0.000000
-561.433740 227.580901 4.742389 0.190990 0.030218 0.200000 0.000000 0.000000
-561.431943 227.571401 4.752389 0.191282 0.028307 0.200000 0.000000 0.000000
-561.430146 227.561901 4.762389 0.191556 0.026393 0.200000 0.000000 0.000000
-561.428350 227.552401 4.772389 0.191810 0.024476 0.200000 0.000000 0.000000
-561.426553 227.542901 4.782389 0.192045 0.022556 0.200000 0.000000 0.000000
-561.424756 227.533402 4.792389 0.192261 0.020635 0.200000 0.000000 0.000000
-561.422960 227.523902 4.802389 0.192458 0.018711 0.200000 0.000000 0.000000
-561.421163 227.514402 4.812389 0.192636 0.016786 0.193835 0.000000 0.000000
-561.419366 227.504902 4.822389 0.192794 0.014859 0.173835 0.000000 0.000000
-561.417570 227.495402 4.832389 0.192933 0.012930 0.153835 0.000000 0.000000
-561.415773 227.485902 4.842389 0.193052 0.011000 0.133835 0.000000 0.000000
-561.413976 227.476402 4.852389 0.193153 0.009069 0.113835 0.000000 0.000000
-561.412180 227.466902 4.862389 0.193234 0.007137 0.093835 0.000000 0.000000
-561.410383 227.457403 4.872389 0.193296 0.005204 0.073835 0.000000 0.000000
-561.408586 227.447903 4.882389 0.193338 0.003271 0.053835 0.000000 0.000000
-561.406790 227.438403 4.892389 0.193361 0.001338 0.033835 0.000000 0.000000
-561.404993 227.428903 4.902389 0.193365 -0.000596 0.013835 0.000000 0.000000
-561.403196 227.419403 4.896224 0.193365 0.000596 -0.006165 0.000000 0.000000
-561.401400 227.409903 4.902389 0.193365 -0.000596 0.006165 0.000000 0.000000
-561.399603 227.400403 4.896224 0.193365 0.000596 -0.006165 0.000000 0.000000
-561.397806 227.390903 4.902389 0.193365 -0.000596 0.006165 0.000000 0.000000
-561.396010 227.381404 4.896224 0.193365 0.000596 -0.006165 0.000000 0.000000
-561.394213 227.371904 4.902389 0.193365 -0.000596 0.006165 0.000000 0.000000
-561.392416 227.362404 4.896224 0.193365 0.000596 -0.006165 0.000000 0.000000
-561.390620 227.352904 4.902389 0.193365 -0.000596 0.006165 0.000000 0.000000
-561.388823 227.343404 4.896224 0.193365 0.000596 -0.006165 0.000000 0.000000
-561.387026 227.333904 4.902389 0.193365 -0.000596 0.006165 0.000000 0.000000
-561.385230 227.324404 4.896224 0.193365 0.000596 -0.006165 0.000000 0.000000
-561.383433 227.314904 4.902389 0.193365 -0.000596 0.006165 0.000000 0.000000
-561.381636 227.305405 4.896224 0.193365 0.000596 -0.006165 0.000000 0.000000
-561.379840 227.295905 4.902389 0.193365 -0.000596 0.006165 0.000000 0.000000
-561.378043 227.286405 4.896224 0.193365 0.000596 -0.006165 0.000000 0.000000
-561.376246 227.276905 4.902389 0.193365 -0.000596 0.006165 0.000000 0.000000
-561.374450 227.267405 4.896224 0.193365 0.000596 -0.006165 0.000000 0.000000
-561.372653 227.257905 4.902389 0.193365 -0.000596 0.006165 0.000000 0.000000
-561.370856 227.248405 4.896224 0.193365 0.000596 -0.006165 0.000000 0.000000
-561.369060 227.238905 4.902389 0.193365 -0.000596 0.006165 0.000000 0.000000
-561.367263 227.229406 4.896224 0.193365 0.000596 -0.006165 0.000000 0.000000
-561.365466 227.219906 4.902389 0.193365 -0.000596 0.006165 0.000000 0.000000
-561.363670 227.210406 4.896224 0.193365 0.000596 -0.006165 0.000000 0.000000
-561.361873 227.200906 4.902389 0.193365 -0.000596 0.006165 0.000000 0.000000
-561.360076 227.191406 4.896224 0.193365 0.000596 -0.006165 0.000000 0.000000
-561.358280 227.181906 4.902389 0.193365 -0.000596 0.006165 0.000000 0.000000
-561.356483 227.172406 4.896224 0.193365 0.000596 -0.006165 0.000000 0.000000
-561.354686 227.162906 4.902389 0.193365 -0.000596 0.006165 0.000000 0.000000
-561.352890 227.153407 4.896224 0.193365 0.000596 -0.006165 0.000000 0.000000
-561.351093 227.143907 4.902389 0.193365 -0.000596 0.006165 0.000000 0.000000
-561.349296 227.134407 4.896224 0.193365 0.000596 -0.006165 0.000000 0.000000
-561.347500 227.124907 4.902389 0.193365 -0.000596 0.006165 0.000000 0.000000
-561.345703 227.115407 4.896224 0.193365 0.000596 -0.006165 0.000000 0.000000
-561.343906 227.105907 4.902389 0.193365 -0.000596 0.006165 0.000000 0.000000
-561.342110 227.096407 4.896224 0.193365 0.000596 -0.006165 0.000000 0.000000
-561.340313 227.086907 4.902389 0.193365 -0.000596 0.006165 0.000000 0.000000
-561.338516 227.077408 4.896224 0.193365 0.000596 -0.006165 0.000000 0.000000
-561.336720 227.067908 4.902389 0.193365 -0.000596 0.006165 0.000000 0.000000
-561.334923 227.058408 4.896224 0.193365 0.000596 -0.006165 0.000000 0.000000
-561.333126 227.048908 4.902389 0.193365 -0.000596 0.006165 0.000000 0.000000
-561.331330 227.039408 4.896224 0.193365 0.000596 -0.006165 0.000000 0.000000
-561.329533 227.029908 4.902389 0.193365 -0.000596 0.006165 0.000000 0.000000
-561.327736 227.020408 4.896224 0.193365 0.000596 -0.006165 0.000000 0.000000
-561.325940 227.010908 4.902389 0.193365 -0.000596 0.006165 0.000000 0.000000
-561.324143 227.001409 4.896224 0.193365 0.000596 -0.006165 0.000000 0.000000
-561.322346 226.991909 4.902389 0.193365 -0.000596 0.006165 0.000000 0.000000
-561.320550 226.982409 4.896224 0.193365 0.000596 -0.006165 0.000000 0.000000
-561.318753 226.972909 4.902389 0.193365 -0.000596 0.006165 0.000000 0.000000
-561.316956 226.963409 4.896224 0.193365 0.000596 -0.006165 0.000000 0.000000
-561.315160 226.953909 4.902389 0.193365 -0.000596 0.006165 0.000000 0.000000
-561.313363 226.944409 4.896224 0.193365 0.000596 -0.006165 0.000000 0.000000
-561.311566 226.934909 4.902389 0.193365 -0.000596 0.006165 0.000000 0.000000
-561.309770 226.925410 4.896224 0.193365 0.000596 -0.006165 0.000000 0.000000
-561.307973 226.915910 4.902389 0.193365 -0.000596 0.006165 0.000000 0.000000
-561.306176 226.906410 4.896224 0.193365 0.000596 -0.006165 0.000000 0.000000
-561.304380 226.896910 4.902389 0.193365 -0.000596 0.006165 0.000000 0.000000
-561.302583 226.887410 4.896224 0.193365 0.000596 -0.006165 0.000000 0.000000
-561.300786 226.877910 4.902389 0.193365 -0.000596 0.006165 0.000000 0.000000
-561.298990 226.868410 4.896224 0.193365 0.000596 -0.006165 0.000000 0.000000
-561.297193 226.858910 4.902389 0.193365 -0.000596 0.006165 0.000000 0.000000
-561.295396 226.849411 4.896224 0.193365 0.000596 -0.006165 0.000000 0.000000
-561.293600 226.839911 4.902389 0.193365 -0.000596 0.006165 0.000000 0.000000
-561.291803 226.830411 4.896224 0.193365 0.000596 -0.006165 0.000000 0.000000
-561.290006 226.820911 4.902389 0.193365 -0.000596 0.006165 0.000000 0.000000
-561.288210 226.811411 4.896224 0.193365 0.000596 -0.006165 0.000000 0.000000
-561.286413 226.801911 4.902389 0.193365 -0.000596 0.006165 0.000000 0.000000
-561.284616 226.792411 4.896224 0.193365 0.000596 -0.006165 0.000000 0.000000
-561.282820 226.782911 4.902389 0.193365 -0.000596 0.006165 0.000000 0.000000
-561.281023 226.773412 4.896224 0.193365 0.000596 -0.006165 0.000000 0.000000
-561.279226 226.763912 4.902389 0.193365 -0.000596 0.006165 0.000000 0.000000
-561.277430 226.754412 4.896224 0.193365 0.000596 -0.006165 0.000000 0.000000
-561.275633 226.744912 4.902389 0.193365 -0.000596 0.006165 0.000000 0.000000
-561.273836 226.735412 4.896224 0.193365 0.000596 -0.006165 0.000000 0.000000
-561.272040 226.725912 4.902389 0.193365 -0.000596 0.006165 0.000000 0.000000
-561.270243 226.716412 4.896224 0.193365 0.000596 -0.006165 0.000000 0.000000
-561.268446 226.706912 4.902389 0.193365 -0.000596 0.006165 0.000000 0.000000
-561.266650 226.697413 4.896224 0.193365 0.000596 -0.006165 0.000000 0.000000
-561.264853 226.687913 4.902389 0.193365 -0.000596 0.006165 0.000000 0.000000
-561.263056 226.678413 4.896224 0.193365 0.000596 -0.006165 0.000000 0.000000
-561.261260 226.668913 4.902389 0.193365 -0.000596 0.006165 0.000000 0.000000
-561.259463 226.659413 4.896224 0.193365 0.000596 -0.006165 0.000000 0.000000
-561.257666 226.649913 4.902389 0.193365 -0.000596 0.006165 0.000000 0.000000
-561.255870 226.640413 4.896224 0.193365 0.000596 -0.006165 0.000000 0.000000
-561.254073 226.630913 4.902389 0.193365 -0.000596 0.006165 0.000000 0.000000
-561.252276 226.621414 4.896224 0.193365 0.000596 -0.006165 0.000000 0.000000
-561.250480 226.611914 4.902389 0.193365 -0.000596 0.006165 0.000000 0.000000
-561.248683 226.602414 4.896224 0.193365 0.000596 -0.006165 0.000000 0.000000
-561.246886 226.592914 4.902389 0.193365 -0.000596 0.006165 0.000000 0.000000
-561.245090 226.583414 4.896224 0.193365 0.000596 -0.006165 0.000000 0.000000
-561.243293 226.573914 4.902389 0.193365 -0.000596 0.006165 0.000000 0.000000
-561.241496 226.564414 4.896224 0.193365 0.000596 -0.006165 0.000000 0.000000
-561.239700 226.554914 4.902389 0.193365 -0.000596 0.006165 0.000000 0.000000
-561.237903 226.545415 4.896224 0.193365 0.000596 -0.006165 0.000000 0.000000
-561.236106 226.535915 4.902389 0.193365 -0.000596 0.006165 0.000000 0.000000
-561.234310 226.526415 4.896224 0.193365 0.000596 -0.006165 0.000000 0.000000
-561.232513 226.516915 4.902389 0.193365 -0.000596 0.006165 0.000000 0.000000
-561.230716 226.507415 4.896224 0.193365 0.000596 -0.006165 0.000000 0.000000
-561.228920 226.497915 4.902389 0.193365 -0.000596 0.006165 0.000000 0.000000
-561.227123 226.488415 4.896224 0.193365 0.000596 -0.006165 0.000000 0.000000
-561.225326 226.478915 4.902389 0.193365 -0.000596 0.006165 0.000000 0.000000
-561.223530 226.469416 4.896224 0.193365 0.000596 -0.006165 0.000000 0.000000
-561.221733 226.459916 4.902389 0.193365 -0.000596 0.006165 0.000000 0.000000
-561.219936 226.450416 4.896224 0.193365 0.000596 -0.006165 0.000000 0.000000
-561.218140 226.440916 4.902389 0.193365 -0.000596 0.006165 0.000000 0.000000
-561.216343 226.431416 4.896224 0.193365 0.000596 -0.006165 0.000000 0.000000
-561.214546 226.421916 4.902389 0.193365 -0.000596 0.006165 0.000000 0.000000
-561.212750 226.412416 4.896224 0.193365 0.000596 -0.006165 0.000000 0.000000
-561.210953 226.402916 4.902389 0.193365 -0.000596 0.006165 0.000000 0.000000
-561.209156 226.393416 4.896224 0.193365 0.000596 -0.006165 0.000000 0.000000
-561.207360 226.383917 4.902389 0.193365 -0.000596 0.006165 0.000000 0.000000
-561.205563 226.374417 4.896224 0.193365 0.000596 -0.006165 0.000000 0.000000
-561.203766 226.364917 4.902389 0.193365 -0.000596 0.006165 0.000000 0.000000
-561.201970 226.355417 4.896224 0.193365 0.000596 -0.006165 0.000000 0.000000
-561.200173 226.345917 4.902389 0.193365 -0.000596 0.006165 0.000000 0.000000
-561.198376 226.336417 4.896224 0.193365 0.000596 -0.006165 0.000000 0.000000
-561.196580 226.326917 4.902389 0.193365 -0.000596 0.006165 0.000000 0.000000
-561.194783 226.317417 4.896224 0.193365 0.000596 -0.006165 0.000000 0.000000
-561.192986 226.307918 4.902389 0.193365 -0.000596 0.006165 0.000000 0.000000
-561.191190 226.298418 4.896224 0.193365 0.000596 -0.006165 0.000000 0.000000
-561.189393 226.288918 4.902389 0.193365 -0.000596 0.006165 0.000000 0.000000
-561.187596 226.279418 4.896224 0.193365 0.000596 -0.006165 0.000000 0.000000
-561.185800 226.269918 4.902389 0.193365 -0.000596 0.006165 0.000000 0.000000
-561.184003 226.260418 4.896224 0.193365 0.000596 -0.006165 0.000000 0.000000
-561.182206 226.250918 4.902389 0.193365 -0.000596 0.006165 0.000000 0.000000
-561.180410 226.241418 4.896224 0.193365 0.000596 -0.006165 0.000000 0.000000
-561.178613 226.231919 4.902389 0.193365 -0.000596 0.006165 0.000000 0.000000
-561.176816 226.222419 4.896224 0.193365 0.000596 -0.006165 0.000000 0.000000
-561.175020 226.212919 4.902389 0.193365 -0.000596 0.006165 0.000000 0.000000
-561.173223 226.203419 4.896224 0.193365 0.000596 -0.006165 0.000000 0.000000
-561.171426 226.193919 4.902389 0.193365 -0.000596 0.006165 0.000000 0.000000
-561.169630 226.184419 4.896224 0.193365 0.000596 -0.006165 0.000000 0.000000
-561.167833 226.174919 4.902389 0.193365 -0.000596 0.006165 0.000000 0.000000
-561.166036 226.165419 4.896224 0.193365 0.000596 -0.006165 0.000000 0.000000
-561.164240 226.155920 4.902389 0.193365 -0.000596 0.006165 0.000000 0.000000
-561.162443 226.146420 4.896224 0.193365 0.000596 -0.006165 0.000000 0.000000
-561.160646 226.136920 4.902389 0.193365 -0.000596 0.006165 0.000000 0.000000
-561.158850 226.127420 4.896224 0.193365 0.000596 -0.006165 0.000000 0.000000
-561.157053 226.117920 4.902389 0.193365 -0.000596 0.006165 0.000000 0.000000
-561.155256 226.108420 4.896224 0.193365 0.000596 -0.006165 0.000000 0.000000
-561.153460 226.098920 4.902389 0.193365 -0.000596 0.006165 0.000000 0.000000
-561.151663 226.089420 4.896224 0.193365 0.000596 -0.006165 0.000000 0.000000
-561.149866 226.079921 4.902389 0.193365 -0.000596 0.006165 0.000000 0.000000
-561.148070 226.070421 4.896224 0.193365 0.000596 -0.006165 0.000000 0.000000
-561.146273 226.060921 4.902389 0.193365 -0.000596 0.006165 0.000000 0.000000
-561.144476 226.051421 4.896224 0.193365 0.000596 -0.006165 0.000000 0.000000
-561.142680 226.041921 4.902389 0.193365 -0.000596 0.006165 0.000000 0.000000
-561.140883 226.032421 4.896224 0.193365 0.000596 -0.006165 0.000000 0.000000
-561.139086 226.022921 4.902389 0.193365 -0.000596 0.006165 0.000000 0.000000
-561.137290 226.013421 4.896224 0.193365 0.000596 -0.006165 0.000000 0.000000
-561.135493 226.003922 4.902389 0.193365 -0.000596 0.006165 0.000000 0.000000
-561.133696 225.994422 4.896224 0.193365 0.000596 -0.006165 0.000000 0.000000
-561.131900 225.984922 4.902389 0.193365 -0.000596 0.006165 0.000000 0.000000
-561.130103 225.975422 4.896224 0.193365 0.000596 -0.006165 0.000000 0.000000
-561.128306 225.965922 4.902389 0.193365 -0.000596 0.006165 0.000000 0.000000
-561.126510 225.956422 4.896224 0.193365 0.000596 -0.006165 0.000000 0.000000
-561.124713 225.946922 4.902389 0.193365 -0.000596 0.006165 0.000000 0.000000
-561.122916 225.937422 4.896224 0.193365 0.000596 -0.006165 0.000000 0.000000
-561.121120 225.927923 4.902389 0.193365 -0.000596 0.006165 0.000000 0.000000
-561.119323 225.918423 4.896224 0.193365 0.000596 -0.006165 0.000000 0.000000
-561.117526 225.908923 4.902389 0.193365 -0.000596 0.006165 0.000000 0.000000
-561.115730 225.899423 4.896224 0.193365 0.000596 -0.006165 0.000000 0.000000
-561.113933 225.889923 4.902389 0.193365 -0.000596 0.006165 0.000000 0.000000
-561.112136 225.880423 4.896224 0.193365 0.000596 -0.006165 0.000000 0.000000
-561.110340 225.870923 4.902389 0.193365 -0.000596 0.006165 0.000000 0.000000
-561.108543 225.861423 4.896224 0.193365 0.000596 -0.006165 0.000000 0.000000
-561.106746 225.851924 4.902389 0.193365 -0.000596 0.006165 0.000000 0.000000
-561.104950 225.842424 4.896224 0.193365 0.000596 -0.006165 0.000000 0.000000
-561.103153 225.832924 4.902389 0.193365 -0.000596 0.006165 0.000000 0.000000
-561.101356 225.823424 4.896224 0.193365 0.000596 -0.006165 0.000000 0.000000
-561.099560 225.813924 4.902389 0.193365 -0.000596 0.006165 0.000000 0.000000
-561.097763 225.804424 4.896224 0.193365 0.000596 -0.006165 0.000000 0.000000
-561.095966 225.794924 4.902389 0.193365 -0.000596 0.006165 0.000000 0.000000
-561.094170 225.785424 4.896224 0.193365 0.000596 -0.006165 0.000000 0.000000
-561.092373 225.775925 4.902389 0.193365 -0.000596 0.006165 0.000000 0.000000
-561.090576 225.766425 4.896224 0.193365 0.000596 -0.006165 0.000000 0.000000
-561.088780 225.756925 4.902389 0.193365 -0.000596 0.006165 0.000000 0.000000
-561.086983 225.747425 4.896224 0.193365 0.000596 -0.006165 0.000000 0.000000
-561.085186 225.737925 4.902389 0.193365 -0.000596 0.006165 0.000000 0.000000
-561.083390 225.728425 4.896224 0.193365 0.000596 -0.006165 0.000000 0.000000
-561.081593 225.718925 4.902389 0.193365 -0.000596 0.006165 0.000000 0.000000
-561.079796 225.709425 4.896224 0.193365 0.000596 -0.006165 0.000000 0.000000
-561.078000 225.699926 4.902389 0.193365 -0.000596 0.006165 0.000000 0.000000
-561.076203 225.690426 4.896224 0.193365 0.000596 -0.006165 0.000000 0.000000
-561.074406 225.680926 4.902389 0.193365 -0.000596 0.006165 0.000000 0.000000
-561.072610 225.671426 4.896224 0.193365 0.000596 -0.006165 0.000000 0.000000
-561.070813 225.661926 4.902389 0.193365 -0.000596 0.006165 0.000000 0.000000
-561.069016 225.652426 4.896224 0.193365 0.000596 -0.006165 0.000000 0.000000
-561.067220 225.642926 4.902389 0.193365 -0.000596 0.006165 0.000000 0.000000
-561.065423 225.633426 4.896224 0.193365 0.000596 -0.006165 0.000000 0.000000
-561.063626 225.623927 4.902389 0.193365 -0.000596 0.006165 0.000000 0.000000
-561.061830 225.614427 4.896224 0.193365 0.000596 -0.006165 0.000000 0.000000
-561.060033 225.604927 4.902389 0.193365 -0.000596 0.006165 0.000000 0.000000
-561.058236 225.595427 4.896224 0.193365 0.000596 -0.006165 0.000000 0.000000
-561.056440 225.585927 4.902389 0.193365 -0.000596 0.006165 0.000000 0.000000
-561.054643 225.576427 4.896224 0.193365 0.000596 -0.006165 0.000000 0.000000
-561.052846 225.566927 4.902389 0.193365 -0.000596 0.006165 0.000000 0.000000
-561.051050 225.557427 4.896224 0.193365 0.000596 -0.006165 0.000000 0.000000
-561.049253 225.547928 4.902389 0.193365 -0.000596 0.006165 0.000000 0.000000
-561.047456 225.538428 4.896224 0.193365 0.000596 -0.006165 0.000000 0.000000
-561.045660 225.528928 4.902389 0.193365 -0.000596 0.006165 0.000000 0.000000
-561.043863 225.519428 4.896224 0.193365 0.000596 -0.006165 0.000000 0.000000
-561.042066 225.509928 4.902389 0.193365 -0.000596 0.006165 0.000000 0.000000
-561.040270 225.500428 4.896224 0.193365 0.000596 -0.006165 0.000000 0.000000
-561.038473 225.490928 4.902389 0.193365 -0.000596 0.006165 0.000000 0.000000
-561.036676 225.481428 4.896224 0.193365 0.000596 -0.006165 0.000000 0.000000
-561.034880 225.471929 4.902389 0.193365 -0.000596 0.006165 0.000000 0.000000
-561.033083 225.462429 4.896224 0.193365 0.000596 -0.006165 0.000000 0.000000
-561.031286 225.452929 4.902389 0.193365 -0.000596 0.006165 0.000000 0.000000
-561.029490 225.443429 4.896224 0.193365 0.000596 -0.006165 0.000000 0.000000
-561.027693 225.433929 4.902389 0.193365 -0.000596 0.006165 0.000000 0.000000
-561.025896 225.424429 4.896224 0.193365 0.000596 -0.006165 0.000000 0.000000
-561.024100 225.414929 4.902389 0.193365 -0.000596 0.006165 0.000000 0.000000
-561.022303 225.405429 4.896224 0.193365 0.000596 -0.006165 0.000000 0.000000
-561.020506 225.395930 4.902389 0.193365 -0.000596 0.006165 0.000000 0.000000
-561.018710 225.386430 4.896224 0.193365 0.000596 -0.006165 0.000000 0.000000
-561.016913 225.376930 4.902389 0.193365 -0.000596 0.006165 0.000000 0.000000
-561.015116 225.367430 4.896224 0.193365 0.000596 -0.006165 0.000000 0.000000
-561.013320 225.357930 4.902389 0.193365 -0.000596 0.006165 0.000000 0.000000
-561.011523 225.348430 4.896224 0.193365 0.000596 -0.006165 0.000000 0.000000
-561.009726 225.338930 4.902389 0.193365 -0.000596 0.006165 0.000000 0.000000
-561.007930 225.329430 4.896224 0.193365 0.000596 -0.006165 0.000000 0.000000
-561.006133 225.319931 4.902389 0.193365 -0.000596 0.006165 0.000000 0.000000
-561.004336 225.310431 4.896224 0.193365 0.000596 -0.006165 0.000000 0.000000
-561.002540 225.300931 4.902389 0.193365 -0.000596 0.006165 0.000000 0.000000
-561.000743 225.291431 4.896224 0.193365 0.000596 -0.006165 0.000000 0.000000
-560.998946 225.281931 4.902389 0.193365 -0.000596 0.006165 0.000000 0.000000
-560.997150 225.272431 4.896224 0.193365 0.000596 -0.006165 0.000000 0.000000
-560.995353 225.262931 4.902389 0.193365 -0.000596 0.006165 0.000000 0.000000
-560.993556 225.253431 4.896224 0.193365 0.000596 -0.006165 0.000000 0.000000
-560.991760 225.243932 4.902389 0.193365 -0.000596 0.006165 0.000000 0.000000
-560.989963 225.234432 4.896224 0.193365 0.000596 -0.006165 0.000000 0.000000
-560.988166 225.224932 4.902389 0.193365 -0.000596 0.006165 0.000000 0.000000
-560.986370 225.215432 4.896224 0.193365 0.000596 -0.006165 0.000000 0.000000
-560.984573 225.205932 4.902389 0.193365 -0.000596 0.006165 0.000000 0.000000
-560.982776 225.196432 4.896224 0.193365 0.000596 -0.006165 0.000000 0.000000
-560.980980 225.186932 4.902389 0.193365 -0.000596 0.006165 0.000000 0.000000
-560.979183 225.177432 4.896224 0.193365 0.000596 -0.006165 0.000000 0.000000
-560.977386 225.167933 4.902389 0.193365 -0.000596 0.006165 0.000000 0.000000
-560.975590 225.158433 4.896224 0.193365 0.000596 -0.006165 0.000000 0.000000
-560.973793 225.148933 4.902389 0.193365 -0.000596 0.006165 0.000000 0.000000
-560.971996 225.139433 4.896224 0.193365 0.000596 -0.006165 0.000000 0.000000
-560.970200 225.129933 4.902389 0.193365 -0.000596 0.006165 0.000000 0.000000
-560.968403 225.120433 4.896224 0.193365 0.000596 -0.006165 0.000000 0.000000
-560.966606 225.110933 4.902389 0.193365 -0.000596 0.006165 0.000000 0.000000
-560.964810 225.101433 4.896224 0.193365 0.000596 -0.006165 0.000000 0.000000
-560.963013 225.091933 4.902389 0.193365 -0.000596 0.006165 0.000000 0.000000
-560.961216 225.082434 4.896224 0.193365 0.000596 -0.006165 0.000000 0.000000
-560.959420 225.072934 4.902389 0.193365 -0.000596 0.006165 0.000000 0.000000
-560.957623 225.063434 4.896224 0.193365 0.000596 -0.006165 0.000000 0.000000
-560.955826 225.053934 4.902389 0.193365 -0.000596 0.006165 0.000000 0.000000
-560.954030 225.044434 4.896224 0.193365 0.000596 -0.006165 0.000000 0.000000
-560.952233 225.034934 4.902389 0.193365 -0.000596 0.006165 0.000000 0.000000
-560.950436 225.025434 4.896224 0.193365 0.000596 -0.006165 0.000000 0.000000
-560.948640 225.015934 4.902389 0.193365 -0.000596 0.006165 0.000000 0.000000
-560.946843 225.006435 4.896224 0.193365 0.000596 -0.006165 0.000000 0.000000
-560.945046 224.996935 4.902389 0.193365 -0.000596 0.006165 0.000000 0.000000
-560.943250 224.987435 4.896224 0.193365 0.000596 -0.006165 0.000000 0.000000
-560.941453 224.977935 4.902389 0.193365 -0.000596 0.006165 0.000000 0.000000
-560.939656 224.968435 4.896224 0.193365 0.000596 -0.006165 0.000000 0.000000
-560.937860 224.958935 4.902389 0.193365 -0.000596 0.006165 0.000000 0.000000
-560.936063 224.949435 4.896224 0.193365 0.000596 -0.006165 0.000000 0.000000
-560.934266 224.939935 4.902389 0.193365 -0.000596 0.006165 0.000000 0.000000
-560.932470 224.930436 4.896224 0.193365 0.000596 -0.006165 0.000000 0.000000
-560.930673 224.920936 4.902389 0.193365 -0.000596 0.006165 0.000000 0.000000
-560.928876 224.911436 4.896224 0.193365 0.000596 -0.006165 0.000000 0.000000
-560.927080 224.901936 4.902389 0.193365 -0.000596 0.006165 0.000000 0.000000
-560.925283 224.892436 4.896224 0.193365 0.000596 -0.006165 0.000000 0.000000
-560.923486 224.882936 4.902389 0.193365 -0.000596 0.006165 0.000000 0.000000
-560.921690 224.873436 4.896224 0.193365 0.000596 -0.006165 0.000000 0.000000
-560.919893 224.863936 4.902389 0.193365 -0.000596 0.006165 0.000000 0.000000
-560.918096 224.854437 4.896224 0.193365 0.000596 -0.006165 0.000000 0.000000
-560.916300 224.844937 4.902389 0.193365 -0.000596 0.006165 0.000000 0.000000
-560.914503 224.835437 4.896224 0.193365 0.000596 -0.006165 0.000000 0.000000
-560.912706 224.825937 4.902389 0.193365 -0.000596 0.006165 0.000000 0.000000
-560.910910 224.816437 4.896224 0.193365 0.000596 -0.006165 0.000000 0.000000
-560.909113 224.806937 4.902389 0.193365 -0.000596 0.006165 0.000000 0.000000
-560.907316 224.797437 4.896224 0.193365 0.000596 -0.006165 0.000000 0.000000
-560.905520 224.787937 4.902389 0.193365 -0.000596 0.006165 0.000000 0.000000
-560.903723 224.778438 4.896224 0.193365 0.000596 -0.006165 0.000000 0.000000
-560.901926 224.768938 4.902389 0.193365 -0.000596 0.006165 0.000000 0.000000
-560.900130 224.759438 4.896224 0.193365 0.000596 -0.006165 0.000000 0.000000
-560.898333 224.749938 4.902389 0.193365 -0.000596 0.006165 0.000000 0.000000
-560.896536 224.740438 4.896224 0.193365 0.000596 -0.006165 0.000000 0.000000
-560.894740 224.730938 4.902389 0.193365 -0.000596 0.006165 0.000000 0.000000
-560.892943 224.721438 4.896224 0.193365 0.000596 -0.006165 0.000000 0.000000
-560.891146 224.711938 4.902389 0.193365 -0.000596 0.006165 0.000000 0.000000
-560.889350 224.702439 4.896224 0.193365 0.000596 -0.006165 0.000000 0.000000
-560.887553 224.692939 4.902389 0.193365 -0.000596 0.006165 0.000000 0.000000
-560.885756 224.683439 4.896224 0.193365 0.000596 -0.006165 0.000000 0.000000
-560.883960 224.673939 4.902389 0.193365 -0.000596 0.006165 0.000000 0.000000
-560.882163 224.664439 4.896224 0.193365 0.000596 -0.006165 0.000000 0.000000
-560.880366 224.654939 4.902389 0.193365 -0.000596 0.006165 0.000000 0.000000
-560.878570 224.645439 4.896224 0.193365 0.000596 -0.006165 0.000000 0.000000
-560.876773 224.635939 4.902389 0.193365 -0.000596 0.006165 0.000000 0.000000
-560.874976 224.626440 4.896224 0.193365 0.000596 -0.006165 0.000000 0.000000
-560.873180 224.616940 4.902389 0.193365 -0.000596 0.006165 0.000000 0.000000
-560.871383 224.607440 4.896224 0.193365 0.000596 -0.006165 0.000000 0.000000
-560.869586 224.597940 4.902389 0.193365 -0.000596 0.006165 0.000000 0.000000
-560.867790 224.588440 4.896224 0.193365 0.000596 -0.006165 0.000000 0.000000
-560.865993 224.578940 4.902389 0.193365 -0.000596 0.006165 0.000000 0.000000
-560.864197 224.569440 4.896224 0.193365 0.000596 -0.006165 0.000000 0.000000
-560.862400 224.559940 4.902389 0.193365 -0.000596 0.006165 0.000000 0.000000
-560.860603 224.550441 4.896224 0.193365 0.000596 -0.006165 0.000000 0.000000
-560.858807 224.540941 4.902389 0.193365 -0.000596 0.006165 0.000000 0.000000
-560.857010 224.531441 4.896224 0.193365 0.000596 -0.006165 0.000000 0.000000
-560.855213 224.521941 4.902389 0.193365 -0.000596 0.006165 0.000000 0.000000
-560.853417 224.512441 4.896224 0.193365 0.000596 -0.006165 0.000000 0.000000
-560.851620 224.502941 4.902389 0.193365 -0.000596 0.006165 0.000000 0.000000
-560.849823 224.493441 4.896224 0.193365 0.000596 -0.006165 0.000000 0.000000
-560.848027 224.483941 4.902389 0.193365 -0.000596 0.006165 0.000000 0.000000
-560.846230 224.474442 4.896224 0.193365 0.000596 -0.006165 0.000000 0.000000
-560.844433 224.464942 4.902389 0.193365 -0.000596 0.006165 0.000000 0.000000
-560.842637 224.455442 4.896224 0.193365 0.000596 -0.006165 0.000000 0.000000
-560.840840 224.445942 4.902389 0.193365 -0.000596 0.006165 0.000000 0.000000
-560.839043 224.436442 4.896224 0.193365 0.000596 -0.006165 0.000000 0.000000
-560.837247 224.426942 4.902389 0.193365 -0.000596 0.006165 0.000000 0.000000
-560.835450 224.417442 4.896224 0.193365 0.000596 -0.006165 0.000000 0.000000
-560.833653 224.407942 4.902389 0.193365 -0.000596 0.006165 0.000000 0.000000
-560.831857 224.398443 4.896224 0.193365 0.000596 -0.006165 0.000000 0.000000
-560.830060 224.388943 4.902389 0.193365 -0.000596 0.006165 0.000000 0.000000
-560.828263 224.379443 4.896224 0.193365 0.000596 -0.006165 0.000000 0.000000
-560.826467 224.369943 4.902389 0.193365 -0.000596 0.006165 0.000000 0.000000
-560.824670 224.360443 4.896224 0.193365 0.000596 -0.006165 0.000000 0.000000
-560.822873 224.350943 4.902389 0.193365 -0.000596 0.006165 0.000000 0.000000
-560.821077 224.341443 4.896224 0.193365 0.000596 -0.006165 0.000000 0.000000
-560.819280 224.331943 4.902389 0.193365 -0.000596 0.006165 0.000000 0.000000
-560.817483 224.322444 4.896224 0.193365 0.000596 -0.006165 0.000000 0.000000
-560.815687 224.312944 4.902389 0.193365 -0.000596 0.006165 0.000000 0.000000
-560.813890 224.303444 4.896224 0.193365 0.000596 -0.006165 0.000000 0.000000
-560.812093 224.293944 4.902389 0.193365 -0.000596 0.006165 0.000000 0.000000
-560.810297 224.284444 4.896224 0.193365 0.000596 -0.006165 0.000000 0.000000
-560.808500 224.274944 4.902389 0.193365 -0.000596 0.006165 0.000000 0.000000
-560.806703 224.265444 4.896224 0.193365 0.000596 -0.006165 0.000000 0.000000
-560.804907 224.255944 4.902389 0.193365 -0.000596 0.006165 0.000000 0.000000
-560.803110 224.246445 4.896224 0.193365 0.000596 -0.006165 0.000000 0.000000
-560.801313 224.236945 4.902389 0.193365 -0.000596 0.006165 0.000000 0.000000
-560.799517 224.227445 4.896224 0.193365 0.000596 -0.006165 0.000000 0.000000
-560.797720 224.217945 4.902389 0.193365 -0.000596 0.006165 0.000000 0.000000
-560.795923 224.208445 4.896224 0.193365 0.000596 -0.006165 0.000000 0.000000
-560.794127 224.198945 4.902389 0.193365 -0.000596 0.006165 0.000000 0.000000
-560.792330 224.189445 4.896224 0.193365 0.000596 -0.006165 0.000000 0.000000
-560.790533 224.179945 4.902389 0.193365 -0.000596 0.006165 0.000000 0.000000
-560.788737 224.170446 4.896224 0.193365 0.000596 -0.006165 0.000000 0.000000
-560.786940 224.160946 4.902389 0.193365 -0.000596 0.006165 0.000000 0.000000
-560.785143 224.151446 4.896224 0.193365 0.000596 -0.006165 0.000000 0.000000
-560.783347 224.141946 4.902389 0.193365 -0.000596 0.006165 0.000000 0.000000
-560.781550 224.132446 4.896224 0.193365 0.000596 -0.006165 0.000000 0.000000
-560.779753 224.122946 4.902389 0.193365 -0.000596 0.006165 0.000000 0.000000
-560.777957 224.113446 4.896224 0.193365 0.000596 -0.006165 0.000000 0.000000
-560.776160 224.103946 4.902389 0.193365 -0.000596 0.006165 0.000000 0.000000
-560.774363 224.094447 4.896224 0.193365 0.000596 -0.006165 0.000000 0.000000
-560.772567 224.084947 4.902389 0.193365 -0.000596 0.006165 0.000000 0.000000
-560.770770 224.075447 4.896224 0.193365 0.000596 -0.006165 0.000000 0.000000
-560.768973 224.065947 4.902389 0.193365 -0.000596 0.006165 0.000000 0.000000
-560.767177 224.056447 4.896224 0.193365 0.000596 -0.006165 0.000000 0.000000
-560.765380 224.046947 4.902389 0.193365 -0.000596 0.006165 0.000000 0.000000
-560.763583 224.037447 4.896224 0.193365 0.000596 -0.006165 0.000000 0.000000
-560.761787 224.027947 4.902389 0.193365 -0.000596 0.006165 0.000000 0.000000
-560.759990 224.018448 4.896224 0.193365 0.000596 -0.006165 0.000000 0.000000
-560.758193 224.008948 4.902389 0.193365 -0.000596 0.006165 0.000000 0.000000
-560.756397 223.999448 4.896224 0.193365 0.000596 -0.006165 0.000000 0.000000
-560.754600 223.989948 4.902389 0.193365 -0.000596 0.006165 0.000000 0.000000
-560.752803 223.980448 4.896224 0.193365 0.000596 -0.006165 0.000000 0.000000
-560.751007 223.970948 4.902389 0.193365 -0.000596 0.006165 0.000000 0.000000
-560.749210 223.961448 4.896224 0.193365 0.000596 -0.006165 0.000000 0.000000
-560.747413 223.951948 4.902389 0.193365 -0.000596 0.006165 0.000000 0.000000
-560.745617 223.942449 4.896224 0.193365 0.000596 -0.006165 0.000000 0.000000
-560.743820 223.932949 4.902389 0.193365 -0.000596 0.006165 0.000000 0.000000
-560.742023 223.923449 4.896224 0.193365 0.000596 -0.006165 0.000000 0.000000
-560.740227 223.913949 4.902389 0.193365 -0.000596 0.006165 0.000000 0.000000
-560.738430 223.904449 4.896224 0.193365 0.000596 -0.006165 0.000000 0.000000
-560.736633 223.894949 4.902389 0.193365 -0.000596 0.006165 0.000000 0.000000
-560.734837 223.885449 4.896224 0.193365 0.000596 -0.006165 0.000000 0.000000
-560.733040 223.875949 4.902389 0.193365 -0.000596 0.006165 0.000000 0.000000
-560.731243 223.866450 4.896224 0.193365 0.000596 -0.006165 0.000000 0.000000
-560.729447 223.856950 4.902389 0.193365 -0.000596 0.006165 0.000000 0.000000
-560.727650 223.847450 4.896224 0.193365 0.000596 -0.006165 0.000000 0.000000
-560.725853 223.837950 4.902389 0.193365 -0.000596 0.006165 0.000000 0.000000
-560.724057 223.828450 4.896224 0.193365 0.000596 -0.006165 0.000000 0.000000
-560.722260 223.818950 4.902389 0.193365 -0.000596 0.006165 0.000000 0.000000
-560.720463 223.809450 4.896224 0.193365 0.000596 -0.006165 0.000000 0.000000
-560.718667 223.799950 4.902389 0.193365 -0.000596 0.006165 0.000000 0.000000
-560.716870 223.790450 4.896224 0.193365 0.000596 -0.006165 0.000000 0.000000
-560.715073 223.780951 4.902389 0.193365 -0.000596 0.006165 0.000000 0.000000
-560.713277 223.771451 4.896224 0.193365 0.000596 -0.006165 0.000000 0.000000
-560.711480 223.761951 4.902389 0.193365 -0.000596 0.006165 0.000000 0.000000
-560.709683 223.752451 4.896224 0.193365 0.000596 -0.006165 0.000000 0.000000
-560.707887 223.742951 4.902389 0.193365 -0.000596 0.006165 0.000000 0.000000
-560.706090 223.733451 4.896224 0.193365 0.000596 -0.006165 0.000000 0.000000
-560.704293 223.723951 4.902389 0.193365 -0.000596 0.006165 0.000000 0.000000
-560.702497 223.714451 4.896224 0.193365 0.000596 -0.006165 0.000000 0.000000
-560.700700 223.704952 4.902389 0.193365 -0.000596 0.006165 0.000000 0.000000
-560.698903 223.695452 4.896224 0.193365 0.000596 -0.006165 0.000000 0.000000
-560.697107 223.685952 4.902389 0.193365 -0.000596 0.006165 0.000000 0.000000
-560.695310 223.676452 4.896224 0.193365 0.000596 -0.006165 0.000000 0.000000
-560.693513 223.666952 4.902389 0.193365 -0.000596 0.006165 0.000000 0.000000
-560.691717 223.657452 4.896224 0.193365 0.000596 -0.006165 0.000000 0.000000
-560.689920 223.647952 4.902389 0.193365 -0.000596 0.006165 0.000000 0.000000
-560.688123 223.638452 4.896224 0.193365 0.000596 -0.006165 0.000000 0.000000
-560.686327 223.628953 4.902389 0.193365 -0.000596 0.006165 0.000000 0.000000
-560.684530 223.619453 4.896224 0.193365 0.000596 -0.006165 0.000000 0.000000
-560.682733 223.609953 4.902389 0.193365 -0.000596 0.006165 0.000000 0.000000
-560.680937 223.600453 4.896224 0.193365 0.000596 -0.006165 0.000000 0.000000
-560.679140 223.590953 4.902389 0.193365 -0.000596 0.006165 0.000000 0.000000
-560.677343 223.581453 4.896224 0.193365 0.000596 -0.006165 0.000000 0.000000
-560.675547 223.571953 4.902389 0.193365 -0.000596 0.006165 0.000000 0.000000
-560.673750 223.562453 4.896224 0.193365 0.000596 -0.006165 0.000000 0.000000
-560.671953 223.552954 4.902389 0.193365 -0.000596 0.006165 0.000000 0.000000
-560.670157 223.543454 4.896224 0.193365 0.000596 -0.006165 0.000000 0.000000
-560.668360 223.533954 4.902389 0.193365 -0.000596 0.006165 0.000000 0.000000
-560.666563 223.524454 4.896224 0.193365 0.000596 -0.006165 0.000000 0.000000
-560.664767 223.514954 4.902389 0.193365 -0.000596 0.006165 0.000000 0.000000
-560.662970 223.505454 4.896224 0.193365 0.000596 -0.006165 0.000000 0.000000
-560.661173 223.495954 4.902389 0.193365 -0.000596 0.006165 0.000000 0.000000
-560.659377 223.486454 4.896224 0.193365 0.000596 -0.006165 0.000000 0.000000
-560.657580 223.476955 4.902389 0.193365 -0.000596 0.006165 0.000000 0.000000
-560.655783 223.467455 4.896224 0.193365 0.000596 -0.006165 0.000000 0.000000
-560.653987 223.457955 4.902389 0.193365 -0.000596 0.006165 0.000000 0.000000
-560.652190 223.448455 4.896224 0.193365 0.000596 -0.006165 0.000000 0.000000
-560.650393 223.438955 4.902389 0.193365 -0.000596 0.006165 0.000000 0.000000
-560.648597 223.429455 4.896224 0.193365 0.000596 -0.006165 0.000000 0.000000
-560.646800 223.419955 4.902389 0.193365 -0.000596 0.006165 0.000000 0.000000
-560.645003 223.410455 4.896224 0.193365 0.000596 -0.006165 0.000000 0.000000
-560.643207 223.400956 4.902389 0.193365 -0.000596 0.006165 0.000000 0.000000
-560.641410 223.391456 4.896224 0.193365 0.000596 -0.006165 0.000000 0.000000
-560.639613 223.381956 4.902389 0.193365 -0.000596 0.006165 0.000000 0.000000
-560.637817 223.372456 4.896224 0.193365 0.000596 -0.006165 0.000000 0.000000
-560.636020 223.362956 4.902389 0.193365 -0.000596 0.006165 0.000000 0.000000
-560.634223 223.353456 4.896224 0.193365 0.000596 -0.006165 0.000000 0.000000
-560.632427 223.343956 4.902389 0.193365 -0.000596 0.006165 0.000000 0.000000
-560.630630 223.334456 4.896224 0.193365 0.000596 -0.006165 0.000000 0.000000
-560.628833 223.324957 4.902389 0.193365 -0.000596 0.006165 0.000000 0.000000
-560.627037 223.315457 4.896224 0.193365 0.000596 -0.006165 0.000000 0.000000
-560.625240 223.305957 4.902389 0.193365 -0.000596 0.006165 0.000000 0.000000
-560.623443 223.296457 4.896224 0.193365 0.000596 -0.006165 0.000000 0.000000
-560.621647 223.286957 4.902389 0.193365 -0.000596 0.006165 0.000000 0.000000
-560.619850 223.277457 4.896224 0.193365 0.000596 -0.006165 0.000000 0.000000
-560.618053 223.267957 4.902389 0.193365 -0.000596 0.006165 0.000000 0.000000
-560.616257 223.258457 4.896224 0.193365 0.000596 -0.006165 0.000000 0.000000
-560.614460 223.248958 4.902389 0.193365 -0.000596 0.006165 0.000000 0.000000
-560.612663 223.239458 4.896224 0.193365 0.000596 -0.006165 0.000000 0.000000
-560.610867 223.229958 4.902389 0.193365 -0.000596 0.006165 0.000000 0.000000
-560.609070 223.220458 4.896224 0.193365 0.000596 -0.006165 0.000000 0.000000
-560.607273 223.210958 4.902389 0.193365 -0.000596 0.006165 0.000000 0.000000
-560.605477 223.201458 4.896224 0.193365 0.000596 -0.006165 0.000000 0.000000
-560.603680 223.191958 4.902389 0.193365 -0.000596 0.006165 0.000000 0.000000
-560.601883 223.182458 4.896224 0.193365 0.000596 -0.006165 0.000000 0.000000
-560.600087 223.172959 4.902389 0.193365 -0.000596 0.006165 0.000000 0.000000
-560.598290 223.163459 4.896224 0.193365 0.000596 -0.006165 0.000000 0.000000
-560.596493 223.153959 4.902389 0.193365 -0.000596 0.006165 0.000000 0.000000
-560.594697 223.144459 4.896224 0.193365 0.000596 -0.006165 0.000000 0.000000
-560.592900 223.134959 4.902389 0.193365 -0.000596 0.006165 0.000000 0.000000
-560.591103 223.125459 4.896224 0.193365 0.000596 -0.006165 0.000000 0.000000
-560.589307 223.115959 4.902389 0.193365 -0.000596 0.006165 0.000000 0.000000
-560.587510 223.106459 4.896224 0.193365 0.000596 -0.006165 0.000000 0.000000
-560.585713 223.096960 4.902389 0.193365 -0.000596 0.006165 0.000000 0.000000
-560.583917 223.087460 4.896224 0.193365 0.000596 -0.006165 0.000000 0.000000
-560.582120 223.077960 4.902389 0.193365 -0.000596 0.006165 0.000000 0.000000
-560.580323 223.068460 4.896224 0.193365 0.000596 -0.006165 0.000000 0.000000
-560.578527 223.058960 4.902389 0.193365 -0.000596 0.006165 0.000000 0.000000
-560.576730 223.049460 4.896224 0.193365 0.000596 -0.006165 0.000000 0.000000
-560.574933 223.039960 4.902389 0.193365 -0.000596 0.006165 0.000000 0.000000
-560.573137 223.030460 4.896224 0.193365 0.000596 -0.006165 0.000000 0.000000
-560.571340 223.020961 4.902389 0.193365 -0.000596 0.006165 0.000000 0.000000
-560.569543 223.011461 4.896224 0.193365 0.000596 -0.006165 0.000000 0.000000
-560.567747 223.001961 4.902389 0.193365 -0.000596 0.006165 0.000000 0.000000
-560.565950 222.992461 4.896224 0.193365 0.000596 -0.006165 0.000000 0.000000
-560.564153 222.982961 4.902389 0.193365 -0.000596 0.006165 0.000000 0.000000
-560.562357 222.973461 4.896224 0.193365 0.000596 -0.006165 0.000000 0.000000
-560.560560 222.963961 4.902389 0.193365 -0.000596 0.006165 0.000000 0.000000
-560.558763 222.954461 4.896224 0.193365 0.000596 -0.006165 0.000000 0.000000
-560.556967 222.944962 4.902389 0.193365 -0.000596 0.006165 0.000000 0.000000
-560.555170 222.935462 4.896224 0.193365 0.000596 -0.006165 0.000000 0.000000
-560.553373 222.925962 4.902389 0.193365 -0.000596 0.006165 0.000000 0.000000
-560.551577 222.916462 4.896224 0.193365 0.000596 -0.006165 0.000000 0.000000
-560.549780 222.906962 4.902389 0.193365 -0.000596 0.006165 0.000000 0.000000
-560.547983 222.897462 4.896224 0.193365 0.000596 -0.006165 0.000000 0.000000
-560.546187 222.887962 4.902389 0.193365 -0.000596 0.006165 0.000000 0.000000
-560.544390 222.878462 4.896224 0.193365 0.000596 -0.006165 0.000000 0.000000
-560.542593 222.868963 4.902389 0.193365 -0.000596 0.006165 0.000000 0.000000
-560.540797 222.859463 4.896224 0.193365 0.000596 -0.006165 0.000000 0.000000
-560.539000 222.849963 4.902389 0.193365 -0.000596 0.006165 0.000000 0.000000
-560.537203 222.840463 4.896224 0.193365 0.000596 -0.006165 0.000000 0.000000
-560.535407 222.830963 4.902389 0.193365 -0.000596 0.006165 0.000000 0.000000
-560.533610 222.821463 4.896224 0.193365 0.000596 -0.006165 0.000000 0.000000
-560.531813 222.811963 4.902389 0.193365 -0.000596 0.006165 0.000000 0.000000
-560.530017 222.802463 4.896224 0.193365 0.000596 -0.006165 0.000000 0.000000
-560.528220 222.792964 4.902389 0.193365 -0.000596 0.006165 0.000000 0.000000
-560.526423 222.783464 4.896224 0.193365 0.000596 -0.006165 0.000000 0.000000
-560.524627 222.773964 4.902389 0.193365 -0.000596 0.006165 0.000000 0.000000
-560.522830 222.764464 4.896224 0.193365 0.000596 -0.006165 0.000000 0.000000
-560.521033 222.754964 4.902389 0.193365 -0.000596 0.006165 0.000000 0.000000
-560.519237 222.745464 4.896224 0.193365 0.000596 -0.006165 0.000000 0.000000
-560.517440 222.735964 4.902389 0.193365 -0.000596 0.006165 0.000000 0.000000
-560.515643 222.726464 4.896224 0.193365 0.000596 -0.006165 0.000000 0.000000
-560.513847 222.716965 4.902389 0.193365 -0.000596 0.006165 0.000000 0.000000
-560.512050 222.707465 4.896224 0.193365 0.000596 -0.006165 0.000000 0.000000
-560.510253 222.697965 4.902389 0.193365 -0.000596 0.006165 0.000000 0.000000
-560.508457 222.688465 4.896224 0.193365 0.000596 -0.006165 0.000000 0.000000
-560.506660 222.678965 4.902389 0.193365 -0.000596 0.006165 0.000000 0.000000
-560.504863 222.669465 4.896224 0.193365 0.000596 -0.006165 0.000000 0.000000
-560.503067 222.659965 4.902389 0.193365 -0.000596 0.006165 0.000000 0.000000
-560.501270 222.650465 4.896224 0.193365 0.000596 -0.006165 0.000000 0.000000
-560.499473 222.640966 4.902389 0.193365 -0.000596 0.006165 0.000000 0.000000
-560.497677 222.631466 4.896224 0.193365 0.000596 -0.006165 0.000000 0.000000
-560.495880 222.621966 4.902389 0.193365 -0.000596 0.006165 0.000000 0.000000
-560.494083 222.612466 4.896224 0.193365 0.000596 -0.006165 0.000000 0.000000
-560.492287 222.602966 4.902389 0.193365 -0.000596 0.006165 0.000000 0.000000
-560.490490 222.593466 4.896224 0.193365 0.000596 -0.006165 0.000000 0.000000
-560.488693 222.583966 4.902389 0.193365 -0.000596 0.006165 0.000000 0.000000
-560.486897 222.574466 4.896224 0.193365 0.000596 -0.006165 0.000000 0.000000
-560.485100 222.564966 4.902389 0.193365 -0.000596 0.006165 0.000000 0.000000
-560.483303 222.555467 4.896224 0.193365 0.000596 -0.006165 0.000000 0.000000
-560.481507 222.545967 4.902389 0.193365 -0.000596 0.006165 0.000000 0.000000
-560.479710 222.536467 4.896224 0.193365 0.000596 -0.006165 0.000000 0.000000
-560.477913 222.526967 4.902389 0.193365 -0.000596 0.006165 0.000000 0.000000
-560.476117 222.517467 4.896224 0.193365 0.000596 -0.006165 0.000000 0.000000
-560.474320 222.507967 4.902389 0.193365 -0.000596 0.006165 0.000000 0.000000
-560.472523 222.498467 4.896224 0.193365 0.000596 -0.006165 0.000000 0.000000
-560.470727 222.488967 4.902389 0.193365 -0.000596 0.006165 0.000000 0.000000
-560.468930 222.479468 4.896224 0.193365 0.000596 -0.006165 0.000000 0.000000
-560.467133 222.469968 4.902389 0.193365 -0.000596 0.006165 0.000000 0.000000
-560.465337 222.460468 4.896224 0.193365 0.000596 -0.006165 0.000000 0.000000
-560.463540 222.450968 4.902389 0.193365 -0.000596 0.006165 0.000000 0.000000
-560.461743 222.441468 4.896224 0.193365 0.000596 -0.006165 0.000000 0.000000
-560.459947 222.431968 4.902389 0.193365 -0.000596 0.006165 0.000000 0.000000
-560.458150 222.422468 4.896224 0.193365 0.000596 -0.006165 0.000000 0.000000
-560.456353 222.412968 4.902389 0.193365 -0.000596 0.006165 0.000000 0.000000
-560.454557 222.403469 4.896224 0.193365 0.000596 -0.006165 0.000000 0.000000
-560.452760 222.393969 4.902389 0.193365 -0.000596 0.006165 0.000000 0.000000
-560.450963 222.384469 4.896224 0.193365 0.000596 -0.006165 0.000000 0.000000
-560.449167 222.374969 4.902389 0.193365 -0.000596 0.006165 0.000000 0.000000
-560.447370 222.365469 4.896224 0.193365 0.000596 -0.006165 0.000000 0.000000
-560.445573 222.355969 4.902389 0.193365 -0.000596 0.006165 0.000000 0.000000
-560.443777 222.346469 4.896224 0.193365 0.000596 -0.006165 0.000000 0.000000
-560.441980 222.336969 4.902389 0.193365 -0.000596 0.006165 0.000000 0.000000
-560.440183 222.327470 4.896224 0.193365 0.000596 -0.006165 0.000000 0.000000
-560.438387 222.317970 4.902389 0.193365 -0.000596 0.006165 0.000000 0.000000
-560.436590 222.308470 4.896224 0.193365 0.000596 -0.006165 0.000000 0.000000
-560.434793 222.298970 4.902389 0.193365 -0.000596 0.006165 0.000000 0.000000
-560.432997 222.289470 4.896224 0.193365 0.000596 -0.006165 0.000000 0.000000
-560.431200 222.279970 4.902389 0.193365 -0.000596 0.006165 0.000000 0.000000
-560.429403 222.270470 4.896224 0.193365 0.000596 -0.006165 0.000000 0.000000
-560.427607 222.260970 4.902389 0.193365 -0.000596 0.006165 0.000000 0.000000
-560.425810 222.251471 4.896224 0.193365 0.000596 -0.006165 0.000000 0.000000
-560.424013 222.241971 4.902389 0.193365 -0.000596 0.006165 0.000000 0.000000
-560.422217 222.232471 4.896224 0.193365 0.000596 -0.006165 0.000000 0.000000
-560.420420 222.222971 4.902389 0.193365 -0.000596 0.006165 0.000000 0.000000
-560.418623 222.213471 4.896224 0.193365 0.000596 -0.006165 0.000000 0.000000
-560.416827 222.203971 4.902389 0.193365 -0.000596 0.006165 0.000000 0.000000
-560.415030 222.194471 4.896224 0.193365 0.000596 -0.006165 0.000000 0.000000
-560.413233 222.184971 4.902389 0.193365 -0.000596 0.006165 0.000000 0.000000
-560.411437 222.175472 4.896224 0.193365 0.000596 -0.006165 0.000000 0.000000
-560.409640 222.165972 4.902389 0.193365 -0.000596 0.006165 0.000000 0.000000
-560.407843 222.156472 4.896224 0.193365 0.000596 -0.006165 0.000000 0.000000
-560.406047 222.146972 4.902389 0.193365 -0.000596 0.006165 0.000000 0.000000
-560.404250 222.137472 4.896224 0.193365 0.000596 -0.006165 0.000000 0.000000
-560.402453 222.127972 4.902389 0.193365 -0.000596 0.006165 0.000000 0.000000
-560.400657 222.118472 4.896224 0.193365 0.000596 -0.006165 0.000000 0.000000
-560.398860 222.108972 4.902389 0.193365 -0.000596 0.006165 0.000000 0.000000
-560.397063 222.099473 4.896224 0.193365 0.000596 -0.006165 0.000000 0.000000
-560.395267 222.089973 4.902389 0.193365 -0.000596 0.006165 0.000000 0.000000
-560.393470 222.080473 4.896224 0.193365 0.000596 -0.006165 0.000000 0.000000
-560.391673 222.070973 4.902389 0.193365 -0.000596 0.006165 0.000000 0.000000
-560.389877 222.061473 4.896224 0.193365 0.000596 -0.006165 0.000000 0.000000
-560.388080 222.051973 4.902389 0.193365 -0.000596 0.006165 0.000000 0.000000
-560.386283 222.042473 4.896224 0.193365 0.000596 -0.006165 0.000000 0.000000
-560.384487 222.032973 4.902389 0.193365 -0.000596 0.006165 0.000000 0.000000
-560.382690 222.023474 4.896224 0.193365 0.000596 -0.006165 0.000000 0.000000
-560.380893 222.013974 4.902389 0.193365 -0.000596 0.006165 0.000000 0.000000
-560.379097 222.004474 4.896224 0.193365 0.000596 -0.006165 0.000000 0.000000
-560.377300 221.994974 4.902389 0.193365 -0.000596 0.006165 0.000000 0.000000
-560.375503 221.985474 4.896224 0.193365 0.000596 -0.006165 0.000000 0.000000
-560.373707 221.975974 4.902389 0.193365 -0.000596 0.006165 0.000000 0.000000
-560.371910 221.966474 4.896224 0.193365 0.000596 -0.006165 0.000000 0.000000
-560.370113 221.956974 4.902389 0.193365 -0.000596 0.006165 0.000000 0.000000
-560.368317 221.947475 4.896224 0.193365 0.000596 -0.006165 0.000000 0.000000
-560.366520 221.937975 4.902389 0.193365 -0.000596 0.006165 0.000000 0.000000
-560.364723 221.928475 4.896224 0.193365 0.000596 -0.006165 0.000000 0.000000
-560.362927 221.918975 4.902389 0.193365 -0.000596 0.006165 0.000000 0.000000
-560.361130 221.909475 4.896224 0.193365 0.000596 -0.006165 0.000000 0.000000
-560.359333 221.899975 4.902389 0.193365 -0.000596 0.006165 0.000000 0.000000
-560.357537 221.890475 4.896224 0.193365 0.000596 -0.006165 0.000000 0.000000
-560.355740 221.880975 4.902389 0.193365 -0.000596 0.006165 0.000000 0.000000
-560.353943 221.871476 4.896224 0.193365 0.000596 -0.006165 0.000000 0.000000
-560.352147 221.861976 4.902389 0.193365 -0.000596 0.006165 0.000000 0.000000
-560.350350 221.852476 4.896224 0.193365 0.000596 -0.006165 0.000000 0.000000
-560.348553 221.842976 4.902389 0.193365 -0.000596 0.006165 0.000000 0.000000
-560.346757 221.833476 4.896224 0.193365 0.000596 -0.006165 0.000000 0.000000
-560.344960 221.823976 4.902389 0.193365 -0.000596 0.006165 0.000000 0.000000
-560.343163 221.814476 4.896224 0.193365 0.000596 -0.006165 0.000000 0.000000
-560.341367 221.804976 4.902389 0.193365 -0.000596 0.006165 0.000000 0.000000
-560.339570 221.795477 4.896224 0.193365 0.000596 -0.006165 0.000000 0.000000
-560.337773 221.785977 4.902389 0.193365 -0.000596 0.006165 0.000000 0.000000
-560.335977 221.776477 4.896224 0.193365 0.000596 -0.006165 0.000000 0.000000
-560.334180 221.766977 4.902389 0.193365 -0.000596 0.006165 0.000000 0.000000
-560.332383 221.757477 4.896224 0.193365 0.000596 -0.006165 0.000000 0.000000
-560.330587 221.747977 4.902389 0.193365 -0.000596 0.006165 0.000000 0.000000
-560.328790 221.738477 4.896224 0.193365 0.000596 -0.006165 0.000000 0.000000
-560.326993 221.728977 4.902389 0.193365 -0.000596 0.006165 0.000000 0.000000
-560.325197 221.719478 4.896224 0.193365 0.000596 -0.006165 0.000000 0.000000
-560.323400 221.709978 4.902389 0.193365 -0.000596 0.006165 0.000000 0.000000
-560.321603 221.700478 4.896224 0.193365 0.000596 -0.006165 0.000000 0.000000
-560.319807 221.690978 4.902389 0.193365 -0.000596 0.006165 0.000000 0.000000
-560.318010 221.681478 4.896224 0.193365 0.000596 -0.006165 0.000000 0.000000
-560.316213 221.671978 4.902389 0.193365 -0.000596 0.006165 0.000000 0.000000
-560.314417 221.662478 4.896224 0.193365 0.000596 -0.006165 0.000000 0.000000
-560.312620 221.652978 4.902389 0.193365 -0.000596 0.006165 0.000000 0.000000
-560.310823 221.643479 4.896224 0.193365 0.000596 -0.006165 0.000000 0.000000
-560.309027 221.633979 4.902389 0.193365 -0.000596 0.006165 0.000000 0.000000
-560.307230 221.624479 4.896224 0.193365 0.000596 -0.006165 0.000000 0.000000
-560.305433 221.614979 4.902389 0.193365 -0.000596 0.006165 0.000000 0.000000
-560.303637 221.605479 4.896224 0.193365 0.000596 -0.006165 0.000000 0.000000
-560.301840 221.595979 4.902389 0.193365 -0.000596 0.006165 0.000000 0.000000
-560.300043 221.586479 4.896224 0.193365 0.000596 -0.006165 0.000000 0.000000
-560.298247 221.576979 4.902389 0.193365 -0.000596 0.006165 0.000000 0.000000
-560.296450 221.567480 4.896224 0.193365 0.000596 -0.006165 0.000000 0.000000
-560.294653 221.557980 4.902389 0.193365 -0.000596 0.006165 0.000000 0.000000
-560.292857 221.548480 4.896224 0.193365 0.000596 -0.006165 0.000000 0.000000
-560.291060 221.538980 4.902389 0.193365 -0.000596 0.006165 0.000000 0.000000
-560.289263 221.529480 4.896224 0.193365 0.000596 -0.006165 0.000000 0.000000
-560.287467 221.519980 4.902389 0.193365 -0.000596 0.006165 0.000000 0.000000
-560.285670 221.510480 4.896224 0.193365 0.000596 -0.006165 0.000000 0.000000
-560.283873 221.500980 4.902389 0.193365 -0.000596 0.006165 0.000000 0.000000
-560.282077 221.491481 4.896224 0.193365 0.000596 -0.006165 0.000000 0.000000
-560.280280 221.481981 4.902389 0.193365 -0.000596 0.006165 0.000000 0.000000
-560.278483 221.472481 4.896224 0.193365 0.000596 -0.006165 0.000000 0.000000
-560.276687 221.462981 4.902389 0.193365 -0.000596 0.006165 0.000000 0.000000
-560.274890 221.453481 4.896224 0.193365 0.000596 -0.006165 0.000000 0.000000
-560.273093 221.443981 4.902389 0.193365 -0.000596 0.006165 0.000000 0.000000
-560.271297 221.434481 4.896224 0.193365 0.000596 -0.006165 0.000000 0.000000
-560.269500 221.424981 4.902389 0.193365 -0.000596 0.006165 0.000000 0.000000
-560.267703 221.415482 4.896224 0.193365 0.000596 -0.006165 0.000000 0.000000
-560.265907 221.405982 4.902389 0.193365 -0.000596 0.006165 0.000000 0.000000
-560.264110 221.396482 4.896224 0.193365 0.000596 -0.006165 0.000000 0.000000
-560.262313 221.386982 4.902389 0.193365 -0.000596 0.006165 0.000000 0.000000
-560.260517 221.377482 4.896224 0.193365 0.000596 -0.006165 0.000000 0.000000
-560.258720 221.367982 4.902389 0.193365 -0.000596 0.006165 0.000000 0.000000
-560.256923 221.358482 4.896224 0.193365 0.000596 -0.006165 0.000000 0.000000
-560.255127 221.348982 4.902389 0.193365 -0.000596 0.006165 0.000000 0.000000
-560.253330 221.339483 4.896224 0.193365 0.000596 -0.006165 0.000000 0.000000
-560.251533 221.329983 4.902389 0.193365 -0.000596 0.006165 0.000000 0.000000
-560.249737 221.320483 4.896224 0.193365 0.000596 -0.006165 0.000000 0.000000
-560.247940 221.310983 4.902389 0.193365 -0.000596 0.006165 0.000000 0.000000
-560.246143 221.301483 4.896224 0.193365 0.000596 -0.006165 0.000000 0.000000
-560.244347 221.291983 4.902389 0.193365 -0.000596 0.006165 0.000000 0.000000
-560.242550 221.282483 4.896224 0.193365 0.000596 -0.006165 0.000000 0.000000
-560.240753 221.272983 4.902389 0.193365 -0.000596 0.006165 0.000000 0.000000
-560.238957 221.263483 4.896224 0.193365 0.000596 -0.006165 0.000000 0.000000
-560.237160 221.253984 4.902389 0.193365 -0.000596 0.006165 0.000000 0.000000
-560.235363 221.244484 4.896224 0.193365 0.000596 -0.006165 0.000000 0.000000
-560.233567 221.234984 4.902389 0.193365 -0.000596 0.006165 0.000000 0.000000
-560.231770 221.225484 4.896224 0.193365 0.000596 -0.006165 0.000000 0.000000
-560.229973 221.215984 4.902389 0.193365 -0.000596 0.006165 0.000000 0.000000
-560.228177 221.206484 4.896224 0.193365 0.000596 -0.006165 0.000000 0.000000
-560.226380 221.196984 4.902389 0.193365 -0.000596 0.006165 0.000000 0.000000
-560.224583 221.187484 4.896224 0.193365 0.000596 -0.006165 0.000000 0.000000
-560.222787 221.177985 4.902389 0.193365 -0.000596 0.006165 0.000000 0.000000
-560.220990 221.168485 4.896224 0.193365 0.000596 -0.006165 0.000000 0.000000
-560.219193 221.158985 4.902389 0.193365 -0.000596 0.006165 0.000000 0.000000
-560.217397 221.149485 4.896224 0.193365 0.000596 -0.006165 0.000000 0.000000
-560.215600 221.139985 4.902389 0.193365 -0.000596 0.006165 0.000000 0.000000
-560.213803 221.130485 4.896224 0.193365 0.000596 -0.006165 0.000000 0.000000
-560.212007 221.120985 4.902389 0.193365 -0.000596 0.006165 0.000000 0.000000
-560.210210 221.111485 4.896224 0.193365 0.000596 -0.006165 0.000000 0.000000
-560.208413 221.101986 4.902389 0.193365 -0.000596 0.006165 0.000000 0.000000
-560.206617 221.092486 4.896224 0.193365 0.000596 -0.006165 0.000000 0.000000
-560.204820 221.082986 4.902389 0.193365 -0.000596 0.006165 0.000000 0.000000
-560.203023 221.073486 4.896224 0.193365 0.000596 -0.006165 0.000000 0.000000
-560.201227 221.063986 4.902389 0.193365 -0.000596 0.006165 0.000000 0.000000
-560.199430 221.054486 4.896224 0.193365 0.000596 -0.006165 0.000000 0.000000
-560.197633 221.044986 4.902389 0.193365 -0.000596 0.006165 0.000000 0.000000
-560.195837 221.035486 4.896224 0.193365 0.000596 -0.006165 0.000000 0.000000
-560.194040 221.025987 4.902389 0.193365 -0.000596 0.006165 0.000000 0.000000
-560.192243 221.016487 4.896224 0.193365 0.000596 -0.006165 0.000000 0.000000
-560.190447 221.006987 4.902389 0.193365 -0.000596 0.006165 0.000000 0.000000
-560.188650 220.997487 4.896224 0.193365 0.000596 -0.006165 0.000000 0.000000
-560.186853 220.987987 4.902389 0.193365 -0.000596 0.006165 0.000000 0.000000
-560.185057 220.978487 4.896224 0.193365 0.000596 -0.006165 0.000000 0.000000
-560.183260 220.968987 4.902389 0.193365 -0.000596 0.006165 0.000000 0.000000
-560.181463 220.959487 4.896224 0.193365 0.000596 -0.006165 0.000000 0.000000
-560.179667 220.949988 4.902389 0.193365 -0.000596 0.006165 0.000000 0.000000
-560.177870 220.940488 4.896224 0.193365 0.000596 -0.006165 0.000000 0.000000
-560.176073 220.930988 4.902389 0.193365 -0.000596 0.006165 0.000000 0.000000
-560.174277 220.921488 4.896224 0.193365 0.000596 -0.006165 0.000000 0.000000
-560.172480 220.911988 4.902389 0.193365 -0.000596 0.006165 0.000000 0.000000
-560.170683 220.902488 4.896224 0.193365 0.000596 -0.006165 0.000000 0.000000
-560.168887 220.892988 4.902389 0.193365 -0.000596 0.006165 0.000000 0.000000
-560.167090 220.883488 4.896224 0.193365 0.000596 -0.006165 0.000000 0.000000
-560.165293 220.873989 4.902389 0.193365 -0.000596 0.006165 0.000000 0.000000
-560.163497 220.864489 4.896224 0.193365 0.000596 -0.006165 0.000000 0.000000
-560.161700 220.854989 4.902389 0.193365 -0.000596 0.006165 0.000000 0.000000
-560.159903 220.845489 4.896224 0.193365 0.000596 -0.006165 0.000000 0.000000
-560.158107 220.835989 4.902389 0.193365 -0.000596 0.006165 0.000000 0.000000
-560.156310 220.826489 4.896224 0.193365 0.000596 -0.006165 0.000000 0.000000
-560.154513 220.816989 4.902389 0.193365 -0.000596 0.006165 0.000000 0.000000
-560.152717 220.807489 4.896224 0.193365 0.000596 -0.006165 0.000000 0.000000
-560.150920 220.797990 4.902389 0.193365 -0.000596 0.006165 0.000000 0.000000
-560.149123 220.788490 4.896224 0.193365 0.000596 -0.006165 0.000000 0.000000
-560.147327 220.778990 4.902389 0.193365 -0.000596 0.006165 0.000000 0.000000
-560.145530 220.769490 4.896224 0.193365 0.000596 -0.006165 0.000000 0.000000
-560.143733 220.759990 4.902389 0.193365 -0.000596 0.006165 0.000000 0.000000
-560.141937 220.750490 4.896224 0.193365 0.000596 -0.006165 0.000000 0.000000
-560.140140 220.740990 4.902389 0.193365 -0.000596 0.006165 0.000000 0.000000
-560.138343 220.731490 4.896224 0.193365 0.000596 -0.006165 0.000000 0.000000
-560.136547 220.721991 4.902389 0.193365 -0.000596 0.006165 0.000000 0.000000
-560.134750 220.712491 4.896224 0.193365 0.000596 -0.006165 0.000000 0.000000
-560.132953 220.702991 4.902389 0.193365 -0.000596 0.006165 0.000000 0.000000
-560.131157 220.693491 4.896224 0.193365 0.000596 -0.006165 0.000000 0.000000
-560.129360 220.683991 4.902389 0.193365 -0.000596 0.006165 0.000000 0.000000
-560.127563 220.674491 4.896224 0.193365 0.000596 -0.006165 0.000000 0.000000
-560.125767 220.664991 4.902389 0.193365 -0.000596 0.006165 0.000000 0.000000
-560.123970 220.655491 4.896224 0.193365 0.000596 -0.006165 0.000000 0.000000
-560.122173 220.645992 4.902389 0.193365 -0.000596 0.006165 0.000000 0.000000
-560.120377 220.636492 4.896224 0.193365 0.000596 -0.006165 0.000000 0.000000
-560.118580 220.626992 4.902389 0.193365 -0.000596 0.006165 0.000000 0.000000
-560.116783 220.617492 4.896224 0.193365 0.000596 -0.006165 0.000000 0.000000
-560.114987 220.607992 4.902389 0.193365 -0.000596 0.006165 0.000000 0.000000
-560.113190 220.598492 4.896224 0.193365 0.000596 -0.006165 0.000000 0.000000
-560.111393 220.588992 4.902389 0.193365 -0.000596 0.006165 0.000000 0.000000
-560.109597 220.579492 4.896224 0.193365 0.000596 -0.006165 0.000000 0.000000
-560.107800 220.569993 4.902389 0.193365 -0.000596 0.006165 0.000000 0.000000
-560.106003 220.560493 4.896224 0.193365 0.000596 -0.006165 0.000000 0.000000
-560.104207 220.550993 4.902389 0.193365 -0.000596 0.006165 0.000000 0.000000
-560.102410 220.541493 4.896224 0.193365 0.000596 -0.006165 0.000000 0.000000
-560.100613 220.531993 4.902389 0.193365 -0.000596 0.006165 0.000000 0.000000
-560.098817 220.522493 4.896224 0.193365 0.000596 -0.006165 0.000000 0.000000
-560.097020 220.512993 4.902389 0.193365 -0.000596 0.006165 0.000000 0.000000
-560.095223 220.503493 4.896224 0.193365 0.000596 -0.006165 0.000000 0.000000
-560.093427 220.493994 4.902389 0.193365 -0.000596 0.006165 0.000000 0.000000
-560.091630 220.484494 4.896224 0.193365 0.000596 -0.006165 0.000000 0.000000
-560.089833 220.474994 4.902389 0.193365 -0.000596 0.006165 0.000000 0.000000
-560.088037 220.465494 4.896224 0.193365 0.000596 -0.006165 0.000000 0.000000
-560.086240 220.455994 4.902389 0.193365 -0.000596 0.006165 0.000000 0.000000
-560.084443 220.446494 4.896224 0.193365 0.000596 -0.006165 0.000000 0.000000
-560.082647 220.436994 4.902389 0.193365 -0.000596 0.006165 0.000000 0.000000
-560.080850 220.427494 4.896224 0.193365 0.000596 -0.006165 0.000000 0.000000
-560.079053 220.417995 4.902389 0.193365 -0.000596 0.006165 0.000000 0.000000
-560.077257 220.408495 4.896224 0.193365 0.000596 -0.006165 0.000000 0.000000
-560.075460 220.398995 4.902389 0.193365 -0.000596 0.006165 0.000000 0.000000
-560.073663 220.389495 4.896224 0.193365 0.000596 -0.006165 0.000000 0.000000
-560.071867 220.379995 4.902389 0.193365 -0.000596 0.006165 0.000000 0.000000
-560.070070 220.370495 4.896224 0.193365 0.000596 -0.006165 0.000000 0.000000
-560.068273 220.360995 4.902389 0.193365 -0.000596 0.006165 0.000000 0.000000
-560.066477 220.351495 4.896224 0.193365 0.000596 -0.006165 0.000000 0.000000
-560.064680 220.341996 4.902389 0.193365 -0.000596 0.006165 0.000000 0.000000
-560.062883 220.332496 4.896224 0.193365 0.000596 -0.006165 0.000000 0.000000
-560.061087 220.322996 4.902389 0.193365 -0.000596 0.006165 0.000000 0.000000
-560.059290 220.313496 4.896224 0.193365 0.000596 -0.006165 0.000000 0.000000
-560.057493 220.303996 4.902389 0.193365 -0.000596 0.006165 0.000000 0.000000
-560.055697 220.294496 4.896224 0.193365 0.000596 -0.006165 0.000000 0.000000
-560.053900 220.284996 4.902389 0.193365 -0.000596 0.006165 0.000000 0.000000
-560.052103 220.275496 4.896224 0.193365 0.000596 -0.006165 0.000000 0.000000
-560.050307 220.265997 4.902389 0.193365 -0.000596 0.006165 0.000000 0.000000
-560.048510 220.256497 4.896224 0.193365 0.000596 -0.006165 0.000000 0.000000
-560.046713 220.246997 4.902389 0.193365 -0.000596 0.006165 0.000000 0.000000
-560.044917 220.237497 4.896224 0.193365 0.000596 -0.006165 0.000000 0.000000
-560.043120 220.227997 4.902389 0.193365 -0.000596 0.006165 0.000000 0.000000
-560.041323 220.218497 4.896224 0.193365 0.000596 -0.006165 0.000000 0.000000
-560.039527 220.208997 4.902389 0.193365 -0.000596 0.006165 0.000000 0.000000
-560.037730 220.199497 4.896224 0.193365 0.000596 -0.006165 0.000000 0.000000
-560.035933 220.189998 4.902389 0.193365 -0.000596 0.006165 0.000000 0.000000
-560.034137 220.180498 4.896224 0.193365 0.000596 -0.006165 0.000000 0.000000
-560.032340 220.170998 4.902389 0.193365 -0.000596 0.006165 0.000000 0.000000
-560.030543 220.161498 4.896224 0.193365 0.000596 -0.006165 0.000000 0.000000
-560.028747 220.151998 4.902389 0.193365 -0.000596 0.006165 0.000000 0.000000
-560.026950 220.142498 4.896224 0.193365 0.000596 -0.006165 0.000000 0.000000
-560.025153 220.132998 4.902389 0.193365 -0.000596 0.006165 0.000000 0.000000
-560.023357 220.123498 4.896224 0.193365 0.000596 -0.006165 0.000000 0.000000
-560.021560 220.113999 4.902389 0.193365 -0.000596 0.006165 0.000000 0.000000
-560.019763 220.104499 4.896224 0.193365 0.000596 -0.006165 0.000000 0.000000
-560.000000 220.000000 6.283185 0.000000 0.000000 0.000000 0.000000 0.000000
-560.000000 220.000000 6.283185 0.000000 0.000000 0.000000 0.000000 0.000000
-560.000000 220.000000 6.283185 0.000000 0.000000 0.000000 0.000000 0.000000
-560.000000 220.000000 6.283185 0.000000 0.000000 0.000000 0.000000 0.000000
-560.000000 220.000000 6.283185 0.000000 0.000000 0.000000 0.000000 0.000000
-560.000000 220.000000 6.283185 0.000000 0.000000 0.000000 0.000000 0.000000
-560.000000 220.000000 6.283185 0.000000 0.000000 0.000000 0.000000 0.000000
-560.000000 220.000000 6.283185 0.000000 0.000000 0.000000 0.000000 0.000000
-560.000000 220.000000 6.283185 0.000000 0.000000 0.000000 0.000000 0.000000
-560.000000 220.000000 6.283185 0.000000 0.000000 0.000000 0.000000 0.000000
